MonsoonIntensity,TopographyDrainage,RiverManagement,Deforestation,Urbanization,ClimateChange,DamsQuality,Siltation,AgriculturalPractices,Encroachments,IneffectiveDisasterPreparedness,DrainageSystems,CoastalVulnerability,Landslides,Watersheds,DeterioratingInfrastructure,PopulationScore,WetlandLoss,InadequatePlanning,PoliticalFactors,FloodProbability,flood_risk_label
2,1,5,4,4,3,2,9,2,10,7,1,1,2,4,4,9,10,1,9,0.5699,MEDIUM
4,9,7,4,8,10,5,1,3,7,6,5,3,4,6,2,2,7,2,6,0.3945,MEDIUM
6,10,5,1,8,9,2,7,2,9,5,10,6,10,4,2,1,4,5,2,0.4759,MEDIUM
4,2,7,5,8,6,3,6,6,4,5,2,10,3,9,4,3,8,7,5,0.5943,MEDIUM
9,4,6,1,4,1,6,7,5,2,4,10,6,4,8,7,8,3,5,3,0.3795,MEDIUM
4,9,9,5,10,7,10,7,6,4,3,9,8,2,1,2,3,3,7,10,0.424,MEDIUM
2,7,7,10,8,9,5,9,1,2,9,5,6,2,5,7,3,8,1,5,0.5521,MEDIUM
9,3,9,2,5,9,10,4,3,6,3,9,9,1,10,6,8,1,2,6,0.4085,MEDIUM
5,4,1,4,10,2,2,8,2,9,3,3,8,9,3,5,9,10,7,4,0.6312,HIGH
9,4,5,7,6,8,9,8,2,4,4,2,6,1,10,9,4,10,4,1,0.5106,MEDIUM
2,1,4,2,1,6,2,9,4,5,8,4,9,3,10,10,8,4,8,7,0.537,MEDIUM
4,2,2,7,6,7,7,8,1,2,1,7,6,2,4,4,4,9,8,3,0.4536,MEDIUM
7,3,5,8,4,2,8,9,2,1,9,1,2,4,3,7,8,8,4,7,0.5486,MEDIUM
1,3,7,1,7,5,8,5,7,9,8,3,4,5,4,1,10,9,1,6,0.4179,MEDIUM
1,1,10,8,9,9,3,1,9,2,3,2,10,2,4,7,2,10,4,10,0.4977,MEDIUM
10,1,10,2,7,10,10,9,6,5,4,6,4,5,7,3,5,8,6,2,0.4608,MEDIUM
1,8,10,10,2,2,9,4,9,5,3,6,2,4,6,5,3,8,9,5,0.3373,LOW
10,9,1,9,5,2,3,5,2,2,9,3,5,5,10,4,6,4,5,9,0.5181,MEDIUM
8,5,1,2,7,5,1,1,6,3,5,3,8,9,7,9,1,2,2,3,0.4581,MEDIUM
9,1,6,10,9,3,7,3,1,5,6,1,6,4,4,2,6,9,7,10,0.5324,MEDIUM
3,4,3,3,7,1,3,6,7,4,5,3,2,7,1,8,4,4,8,6,0.592,MEDIUM
5,4,4,1,4,7,6,5,2,5,6,9,7,9,6,1,2,5,3,10,0.4243,MEDIUM
5,1,2,10,7,6,6,7,10,9,2,7,10,4,5,1,7,1,9,9,0.6194,HIGH
4,6,7,2,6,10,6,2,5,9,5,7,6,7,5,9,3,4,7,7,0.443,MEDIUM
3,10,10,5,7,9,1,5,5,4,7,10,10,6,8,8,8,4,9,8,0.5004,MEDIUM
3,2,5,9,10,6,2,4,5,4,4,3,1,1,4,8,10,2,8,7,0.5655,MEDIUM
10,4,7,8,7,4,3,1,2,7,4,3,9,8,1,9,4,2,8,3,0.5262,MEDIUM
8,9,9,10,6,8,10,9,7,9,8,3,8,8,5,4,5,9,8,4,0.6261,HIGH
5,8,2,5,4,5,6,6,9,2,3,3,4,7,3,4,2,7,7,6,0.4704,MEDIUM
9,8,7,1,4,7,7,10,1,10,7,8,1,6,5,7,7,9,9,10,0.5328,MEDIUM
4,8,4,5,7,8,1,7,6,7,3,8,3,10,9,1,7,10,10,1,0.4982,MEDIUM
2,7,3,8,3,1,5,7,6,4,8,6,6,7,5,7,5,2,8,1,0.5408,MEDIUM
9,1,6,4,2,1,1,4,4,1,10,3,4,3,8,2,10,4,8,5,0.4828,MEDIUM
6,3,10,10,2,3,5,2,10,1,5,10,7,7,4,2,10,4,2,5,0.3966,MEDIUM
10,2,10,1,6,9,7,6,2,9,6,1,7,8,2,7,6,8,3,7,0.6329,HIGH
3,9,5,10,9,8,8,7,10,5,6,4,2,5,8,4,8,10,10,7,0.5345,MEDIUM
6,1,8,6,3,8,4,6,5,6,5,10,5,9,1,9,4,2,4,7,0.5417,MEDIUM
8,9,4,8,8,8,1,2,5,4,7,4,5,10,6,8,9,9,6,7,0.5605,MEDIUM
9,6,6,8,5,5,5,4,2,4,6,2,9,3,4,4,8,5,10,9,0.5191,MEDIUM
10,5,2,4,5,4,6,3,5,1,9,3,5,1,1,9,5,3,8,2,0.519,MEDIUM
1,10,5,8,8,8,6,3,1,5,8,2,2,7,8,2,10,1,3,3,0.4406,MEDIUM
10,5,2,4,2,9,7,10,10,10,4,9,7,8,8,5,10,7,5,10,0.6457,HIGH
10,1,10,2,4,4,5,2,3,4,3,9,2,3,1,7,8,10,8,5,0.462,MEDIUM
1,4,5,5,8,2,4,5,10,4,7,2,9,4,3,5,3,2,1,3,0.4657,MEDIUM
5,10,10,5,8,2,8,5,7,5,9,9,8,8,2,10,1,7,6,10,0.452,MEDIUM
5,1,2,4,10,10,1,5,10,1,3,8,9,8,5,3,10,7,8,2,0.599,MEDIUM
8,6,7,6,6,2,3,6,7,8,5,7,9,1,8,2,6,5,6,2,0.4427,MEDIUM
7,9,1,9,8,7,1,4,9,6,10,8,8,1,4,5,9,3,5,8,0.659,HIGH
8,2,1,10,4,3,5,9,1,9,7,2,4,2,8,2,3,8,5,9,0.5749,MEDIUM
5,7,8,8,4,8,9,3,7,4,10,9,3,2,5,7,6,9,5,1,0.3684,MEDIUM
5,5,10,10,8,3,8,9,8,6,6,9,9,7,8,6,4,4,10,7,0.5519,MEDIUM
4,7,1,6,8,7,7,3,8,1,3,9,10,6,2,8,2,9,8,1,0.5013,MEDIUM
3,7,3,2,8,5,6,10,7,2,6,9,7,6,8,9,1,10,2,4,0.4396,MEDIUM
5,4,2,7,2,2,8,3,5,1,1,6,1,5,6,6,7,3,4,9,0.4134,MEDIUM
7,10,3,3,3,2,10,7,10,4,8,10,3,4,8,5,8,5,1,8,0.4412,MEDIUM
5,9,3,2,8,6,10,5,7,5,8,5,4,7,8,2,4,7,10,6,0.515,MEDIUM
10,5,5,1,7,5,1,10,1,10,8,5,4,10,6,4,4,10,5,3,0.5498,MEDIUM
2,1,5,8,1,10,6,3,2,5,6,7,3,4,3,9,6,9,9,5,0.5154,MEDIUM
3,5,8,5,6,2,8,2,3,4,7,9,6,2,7,1,5,9,2,8,0.3633,MEDIUM
6,5,10,7,6,2,4,8,1,10,9,6,10,4,2,8,5,7,2,3,0.5724,MEDIUM
1,1,5,8,2,2,4,9,3,7,8,6,9,7,10,3,7,2,8,10,0.5086,MEDIUM
7,5,1,6,4,8,8,4,6,2,6,9,6,1,7,5,4,2,8,2,0.4148,MEDIUM
4,10,1,1,6,4,3,10,4,2,9,4,10,4,4,6,3,10,1,5,0.4669,MEDIUM
3,3,9,5,3,2,1,3,1,6,4,10,6,1,3,5,1,3,7,9,0.3299,LOW
2,2,8,8,6,9,10,2,8,9,4,10,1,9,5,8,1,1,8,7,0.4936,MEDIUM
7,2,8,8,2,2,6,10,3,2,3,5,10,10,9,6,7,10,9,5,0.6042,HIGH
8,9,10,7,2,2,9,4,7,8,4,7,6,8,7,7,2,6,7,6,0.4249,MEDIUM
5,6,3,8,2,2,2,2,7,2,6,3,9,1,10,9,9,6,2,7,0.529,MEDIUM
6,7,1,5,10,5,6,2,10,9,4,3,8,4,2,6,9,6,2,5,0.6089,HIGH
10,4,7,9,10,10,9,1,10,5,1,3,5,5,6,6,1,3,3,10,0.502,MEDIUM
7,2,3,1,2,9,4,7,7,8,6,3,6,5,6,10,10,2,1,3,0.5756,MEDIUM
3,10,1,2,5,8,7,8,10,8,7,5,4,9,2,6,7,2,5,10,0.6393,HIGH
8,9,5,1,4,7,10,1,1,4,5,4,3,5,5,6,2,1,8,7,0.3597,MEDIUM
3,3,7,9,4,9,9,6,2,7,1,7,1,8,2,6,10,7,10,7,0.6015,HIGH
7,5,2,7,1,6,3,10,8,6,2,7,2,4,7,10,7,9,2,7,0.4452,MEDIUM
5,6,4,6,3,2,9,2,9,9,4,6,6,3,4,2,3,5,4,3,0.4329,MEDIUM
10,3,2,3,8,8,10,10,8,10,10,6,6,3,8,2,8,8,5,5,0.6146,HIGH
10,1,6,9,2,5,8,8,1,1,6,5,2,2,10,10,9,7,8,10,0.5158,MEDIUM
9,1,8,10,4,6,10,8,9,3,1,8,2,6,2,9,3,1,4,8,0.4981,MEDIUM
8,9,9,10,3,6,6,5,7,7,6,10,1,6,2,6,2,9,7,5,0.4038,MEDIUM
5,10,3,6,2,10,3,6,5,7,3,10,2,5,9,7,6,3,9,2,0.4245,MEDIUM
7,9,6,1,6,5,3,4,6,8,4,4,3,3,2,5,2,9,9,9,0.5254,MEDIUM
1,6,10,3,10,7,3,3,3,10,3,8,1,7,6,4,8,10,5,8,0.5313,MEDIUM
4,9,4,5,8,4,6,10,8,8,5,7,9,9,7,3,4,10,3,5,0.5182,MEDIUM
1,8,6,9,2,9,2,5,2,3,5,8,9,3,7,2,4,8,6,1,0.3732,MEDIUM
7,1,7,9,6,4,7,2,6,4,1,6,2,6,3,3,1,5,8,3,0.4133,MEDIUM
8,8,10,1,2,1,5,4,3,9,10,9,7,2,5,4,5,2,1,4,0.3755,MEDIUM
7,10,8,2,2,8,10,9,1,9,10,4,3,5,7,1,10,6,4,10,0.4743,MEDIUM
7,3,2,9,6,2,9,9,9,9,9,1,7,8,1,7,6,5,1,6,0.6399,HIGH
2,6,4,2,10,6,3,1,6,9,6,3,8,8,3,3,2,8,1,5,0.5372,MEDIUM
4,1,4,1,6,5,9,7,9,8,5,1,4,5,6,1,6,5,2,6,0.4928,MEDIUM
7,7,8,7,6,3,8,8,6,9,5,2,7,2,7,10,3,9,5,6,0.5721,MEDIUM
2,2,6,5,5,8,10,7,3,8,6,8,1,6,10,7,5,1,2,7,0.3719,MEDIUM
6,9,3,1,3,10,8,1,3,2,4,6,6,7,10,1,10,3,8,6,0.3758,MEDIUM
6,8,2,10,3,9,6,7,6,5,4,2,1,3,8,9,7,9,2,5,0.5121,MEDIUM
5,8,4,10,5,8,4,2,3,2,8,3,8,2,6,6,2,9,9,5,0.4637,MEDIUM
5,3,3,6,9,4,2,4,3,4,8,1,6,9,10,6,8,9,3,10,0.623,HIGH
2,2,5,7,8,9,7,7,10,2,3,6,2,8,8,9,6,3,9,10,0.5771,MEDIUM
3,3,7,9,1,2,9,3,5,3,3,6,4,6,9,5,2,5,4,9,0.3613,MEDIUM
5,3,5,10,9,2,9,3,10,10,3,3,10,10,6,10,1,1,2,1,0.5239,MEDIUM
10,5,4,10,7,10,1,8,9,5,5,8,4,7,5,8,2,1,3,8,0.5489,MEDIUM
7,8,8,4,6,10,3,6,6,6,7,3,6,9,9,2,6,4,8,2,0.4998,MEDIUM
5,8,4,3,2,1,5,7,10,7,4,3,6,10,6,4,3,8,9,8,0.5196,MEDIUM
8,5,8,1,2,7,9,8,4,4,10,6,1,1,5,8,10,8,5,9,0.4568,MEDIUM
1,2,7,3,5,6,7,6,1,7,1,10,9,4,6,9,5,2,7,9,0.4269,MEDIUM
8,9,5,10,10,2,3,2,7,6,6,9,6,3,4,10,9,7,9,1,0.5773,MEDIUM
1,1,3,6,8,9,8,3,10,9,3,6,10,6,3,7,10,5,10,6,0.7254,HIGH
9,9,9,8,10,5,8,1,6,6,2,7,10,5,1,10,8,5,10,10,0.5959,MEDIUM
4,1,10,8,3,9,10,7,3,4,1,10,2,4,1,8,6,7,3,7,0.4492,MEDIUM
4,7,9,10,8,1,3,9,4,9,6,8,9,7,6,3,8,9,6,9,0.5748,MEDIUM
6,5,10,8,4,4,5,9,5,4,5,5,4,8,6,8,6,9,5,5,0.4455,MEDIUM
2,10,9,7,7,6,3,5,1,5,2,6,8,5,8,4,4,9,5,9,0.4323,MEDIUM
5,3,2,10,10,4,4,1,9,4,4,1,2,7,6,8,2,3,1,9,0.5469,MEDIUM
3,7,8,8,4,5,6,5,1,2,10,4,9,1,3,7,3,1,7,8,0.5485,MEDIUM
3,5,1,1,5,10,10,2,6,5,8,9,9,8,3,9,8,5,4,2,0.5034,MEDIUM
6,3,8,5,3,1,6,5,10,4,3,10,7,7,9,6,2,7,2,3,0.401,MEDIUM
3,8,6,4,1,5,7,4,8,5,6,5,10,10,1,5,6,4,1,2,0.4542,MEDIUM
8,5,3,7,9,5,2,5,6,10,4,4,3,8,3,8,10,6,7,9,0.6366,HIGH
8,9,4,4,10,2,9,8,9,6,2,10,2,1,9,9,4,10,9,3,0.4957,MEDIUM
3,6,9,8,2,4,10,8,2,9,8,1,8,3,9,7,8,10,1,9,0.5301,MEDIUM
8,5,1,7,5,1,4,10,2,1,7,6,2,9,1,2,8,1,5,7,0.5483,MEDIUM
3,3,7,6,7,8,7,7,2,9,3,6,2,3,9,7,9,3,4,1,0.3914,MEDIUM
1,5,8,9,7,9,7,4,4,8,6,3,5,4,2,1,7,10,1,4,0.5561,MEDIUM
4,2,2,10,1,8,10,1,4,1,7,8,4,9,4,1,3,9,5,4,0.3884,MEDIUM
10,6,10,10,6,4,5,3,9,4,7,5,5,1,9,10,3,7,9,8,0.5568,MEDIUM
1,6,7,9,6,7,7,3,5,7,3,9,8,4,4,5,3,8,1,9,0.5376,MEDIUM
7,7,9,9,3,7,4,5,4,6,2,8,6,2,9,4,1,5,7,10,0.3826,MEDIUM
10,1,2,4,10,9,4,8,4,6,5,1,4,4,2,8,4,10,4,7,0.6551,HIGH
4,9,6,5,7,8,9,6,5,5,6,9,8,8,2,8,6,4,6,6,0.5151,MEDIUM
7,1,10,4,3,1,5,9,10,10,7,5,3,4,6,4,7,10,4,8,0.5299,MEDIUM
9,6,5,8,8,8,3,6,3,3,9,8,3,9,1,9,1,2,1,1,0.4491,MEDIUM
7,3,4,2,3,1,4,9,8,6,1,10,10,8,8,1,1,9,9,7,0.4916,MEDIUM
1,1,9,5,9,5,1,9,7,3,2,2,9,3,4,4,10,9,5,6,0.5408,MEDIUM
5,7,2,6,7,8,10,4,4,5,2,1,2,7,7,7,9,8,1,1,0.4856,MEDIUM
3,2,8,7,6,10,2,9,1,4,4,10,8,5,1,2,5,9,10,1,0.4966,MEDIUM
3,6,1,4,10,3,7,2,5,3,10,4,10,7,9,6,7,3,2,9,0.5731,MEDIUM
6,1,2,7,4,2,6,10,10,10,7,6,1,5,8,8,4,6,9,7,0.5687,MEDIUM
7,3,10,7,2,10,5,4,2,2,5,3,7,3,7,6,6,2,2,1,0.3927,MEDIUM
5,8,6,5,2,3,2,3,7,8,9,9,9,7,2,1,2,6,9,2,0.5103,MEDIUM
10,10,6,7,1,5,7,7,2,9,4,10,9,3,7,3,3,5,5,5,0.3563,MEDIUM
8,3,2,3,7,5,7,5,8,2,6,5,4,8,10,10,4,8,2,3,0.5147,MEDIUM
5,1,7,6,10,7,6,8,6,7,10,3,5,6,10,4,8,6,3,7,0.6412,HIGH
6,5,8,10,4,6,7,5,7,6,2,10,4,10,9,3,9,1,8,4,0.3857,MEDIUM
8,5,2,7,8,3,5,4,5,3,7,7,2,8,10,8,10,7,9,9,0.5852,MEDIUM
7,9,1,6,9,10,2,2,4,6,3,10,1,10,7,6,7,2,1,2,0.466,MEDIUM
5,4,9,9,9,10,10,4,8,6,7,8,10,9,3,6,1,8,2,5,0.5868,MEDIUM
7,2,2,3,6,5,6,8,4,9,8,6,8,2,8,8,6,2,5,1,0.4672,MEDIUM
2,1,6,2,3,4,9,3,9,3,6,9,7,8,4,7,3,3,7,7,0.3916,MEDIUM
1,10,4,8,10,7,7,1,4,4,5,2,10,2,9,3,6,6,4,8,0.4764,MEDIUM
2,5,8,9,6,10,7,10,7,10,2,6,6,8,10,3,5,10,10,2,0.5619,MEDIUM
3,6,2,4,5,2,3,6,3,9,7,7,10,3,10,7,7,3,8,9,0.5267,MEDIUM
3,9,3,8,5,3,3,6,8,10,1,6,1,8,3,4,7,9,9,8,0.575,MEDIUM
7,8,7,8,8,3,2,10,1,4,5,1,5,4,9,5,3,8,10,8,0.5117,MEDIUM
9,9,2,10,2,5,9,6,9,1,8,9,4,7,2,4,5,1,8,5,0.4982,MEDIUM
6,2,8,2,4,4,10,6,10,7,3,10,3,4,4,1,10,6,9,5,0.4617,MEDIUM
10,9,3,6,5,5,10,5,9,2,3,7,1,5,3,3,4,3,6,4,0.3825,MEDIUM
7,8,3,10,5,7,7,8,2,2,7,9,5,6,8,8,6,10,1,2,0.5524,MEDIUM
8,6,2,9,7,4,7,4,8,5,6,5,6,9,10,3,10,8,6,1,0.569,MEDIUM
1,2,8,1,2,3,8,8,1,7,4,3,5,3,5,2,6,5,2,6,0.3135,LOW
3,1,7,5,4,7,2,2,1,4,8,2,3,10,4,9,8,1,1,6,0.5318,MEDIUM
2,7,3,8,2,4,7,2,2,2,6,6,5,3,7,3,3,2,9,10,0.3388,LOW
1,10,3,8,6,4,3,7,10,8,4,2,2,3,2,10,7,6,7,6,0.6093,HIGH
3,4,5,2,4,9,10,10,10,5,1,5,4,9,10,9,4,7,5,1,0.513,MEDIUM
4,8,7,2,4,8,10,2,9,1,6,6,3,7,10,7,6,9,3,8,0.3727,MEDIUM
2,1,10,2,1,5,4,1,1,7,9,5,9,7,7,7,2,9,9,10,0.533,MEDIUM
3,5,2,5,2,9,4,3,9,6,7,10,2,5,7,4,1,4,2,7,0.4387,MEDIUM
2,8,10,10,1,5,3,2,1,3,1,3,8,6,9,9,5,3,6,3,0.4051,MEDIUM
5,2,1,6,7,5,9,2,5,10,2,8,8,9,6,1,8,10,3,6,0.6092,HIGH
3,5,2,10,2,4,9,1,1,1,4,1,8,6,7,3,3,1,9,7,0.4013,MEDIUM
4,6,4,7,6,5,2,10,6,2,9,1,3,4,9,1,7,2,8,5,0.481,MEDIUM
5,6,2,9,8,1,6,4,5,10,5,10,4,8,6,10,8,4,9,4,0.5144,MEDIUM
3,1,7,1,4,9,6,1,6,1,7,5,2,4,9,4,7,8,1,3,0.3451,LOW
5,2,1,4,9,7,6,8,2,10,2,9,3,7,2,10,10,1,7,3,0.5691,MEDIUM
4,5,5,6,7,6,6,8,5,4,2,4,3,10,2,3,2,3,8,8,0.5248,MEDIUM
6,7,2,9,6,4,8,5,8,5,2,2,3,5,10,1,4,6,3,2,0.4277,MEDIUM
4,6,7,9,1,5,5,3,1,7,8,9,9,4,2,8,2,3,2,1,0.4386,MEDIUM
1,4,3,4,7,6,2,10,10,5,2,1,2,4,8,3,2,6,2,1,0.4561,MEDIUM
8,1,3,10,7,7,8,1,7,7,3,6,4,3,5,5,8,3,1,10,0.5915,MEDIUM
10,10,4,5,8,7,9,8,1,2,5,7,3,7,4,9,4,9,1,7,0.4727,MEDIUM
6,8,9,8,6,10,9,6,7,5,3,1,6,10,4,1,5,1,8,9,0.6366,HIGH
6,10,4,3,2,4,4,5,9,1,4,10,7,6,3,3,4,10,6,6,0.4695,MEDIUM
10,1,6,10,10,3,10,4,8,9,5,3,8,1,2,1,4,10,4,1,0.5268,MEDIUM
9,8,1,6,10,4,3,6,3,6,1,1,3,10,3,2,9,6,2,6,0.5238,MEDIUM
7,10,2,6,5,6,3,3,7,8,6,3,9,10,6,4,10,3,7,5,0.6137,HIGH
5,3,3,1,10,7,10,1,3,10,6,10,4,10,2,8,3,6,2,4,0.4744,MEDIUM
6,6,3,2,6,8,1,5,4,4,2,6,5,2,1,1,7,8,7,3,0.5174,MEDIUM
7,8,7,6,9,7,2,8,10,4,3,8,2,1,5,1,6,5,2,2,0.4523,MEDIUM
6,3,7,3,2,9,2,6,10,10,8,1,7,3,10,7,3,1,2,6,0.5249,MEDIUM
4,4,7,9,9,5,5,5,4,2,1,7,10,9,8,3,1,6,1,7,0.4106,MEDIUM
2,5,10,8,4,2,1,4,3,5,2,8,2,5,7,8,8,5,2,9,0.345,LOW
7,3,6,7,6,3,8,1,5,8,8,5,4,5,10,1,3,2,2,6,0.3766,MEDIUM
9,7,10,4,9,1,7,9,7,9,8,10,4,8,5,2,7,1,9,10,0.5509,MEDIUM
9,10,10,3,2,8,3,3,4,4,3,1,7,2,7,4,3,10,5,6,0.4363,MEDIUM
2,2,7,9,7,9,6,5,9,8,1,10,10,9,7,2,7,3,3,10,0.4891,MEDIUM
10,10,2,2,10,2,5,9,6,7,5,7,8,10,10,8,1,3,5,7,0.5291,MEDIUM
3,10,10,7,1,7,6,4,1,8,5,6,1,6,5,5,5,8,2,4,0.3765,MEDIUM
3,5,8,6,5,7,10,2,4,8,4,7,8,9,6,1,9,3,2,5,0.3813,MEDIUM
9,7,3,9,10,1,3,4,4,1,4,1,8,1,6,4,5,6,8,9,0.5506,MEDIUM
7,2,1,4,6,8,10,8,3,8,10,9,6,6,3,5,2,5,1,7,0.5357,MEDIUM
1,3,10,4,4,4,4,5,7,9,1,1,8,3,3,10,1,4,5,10,0.4543,MEDIUM
5,5,7,7,6,8,5,4,8,5,9,10,7,10,2,1,9,6,9,10,0.6254,HIGH
10,5,5,2,8,2,6,5,6,5,5,5,4,3,9,4,1,10,7,6,0.4835,MEDIUM
3,1,8,5,5,7,7,7,1,10,10,4,6,4,9,8,6,9,5,3,0.5711,MEDIUM
9,3,5,2,8,3,5,9,3,6,2,4,6,4,5,7,6,6,5,10,0.5922,MEDIUM
5,8,2,8,1,10,10,10,2,8,4,9,2,7,9,5,7,1,3,3,0.3504,MEDIUM
4,6,7,10,8,3,6,3,2,8,6,3,6,1,1,8,5,4,3,10,0.4792,MEDIUM
3,8,2,3,10,7,7,7,7,8,7,1,1,9,4,6,1,6,9,4,0.5817,MEDIUM
1,1,4,4,6,5,3,2,7,9,10,5,3,2,1,5,5,8,9,10,0.615,HIGH
9,6,7,3,6,8,6,4,3,7,1,4,4,3,4,1,10,9,3,2,0.4706,MEDIUM
6,1,7,5,9,10,1,10,1,2,1,1,2,7,8,7,2,9,5,8,0.7152,HIGH
3,4,1,5,7,2,9,5,10,10,3,7,2,9,10,2,5,2,2,8,0.4617,MEDIUM
4,10,4,5,9,4,6,7,5,3,1,9,8,4,8,6,4,1,1,2,0.3899,MEDIUM
2,10,8,3,2,9,2,2,5,4,8,5,5,8,1,2,3,1,5,6,0.4493,MEDIUM
6,7,2,2,1,1,3,3,6,6,8,10,5,2,6,6,3,2,7,7,0.4261,MEDIUM
8,5,7,8,7,3,2,3,1,3,2,7,10,8,10,8,3,10,7,6,0.4929,MEDIUM
10,1,3,8,8,2,7,8,1,2,5,6,1,9,10,10,4,6,9,9,0.5859,MEDIUM
10,2,7,4,8,6,7,3,9,10,1,1,3,9,8,8,3,2,8,6,0.5246,MEDIUM
4,6,5,1,9,4,9,7,7,4,2,8,8,10,8,2,8,8,6,2,0.4405,MEDIUM
8,1,2,7,7,1,9,9,1,2,10,10,5,9,9,4,8,6,6,1,0.4695,MEDIUM
4,8,6,9,10,10,8,6,8,2,2,4,1,6,6,5,9,9,6,2,0.5144,MEDIUM
1,3,8,3,7,2,5,10,4,4,2,7,4,8,4,6,2,7,1,10,0.5315,MEDIUM
2,8,8,10,9,3,8,1,9,1,9,7,10,8,9,3,10,3,3,2,0.3586,MEDIUM
7,10,10,6,9,7,7,10,4,5,7,6,5,8,3,3,7,10,9,5,0.5886,MEDIUM
9,6,9,4,4,4,10,5,6,3,3,9,9,6,2,6,9,8,10,10,0.4633,MEDIUM
7,9,5,7,1,9,2,1,7,3,1,1,4,5,3,5,5,3,1,5,0.42,MEDIUM
4,9,1,6,8,2,10,9,4,9,7,4,9,5,1,7,7,7,6,9,0.6491,HIGH
1,1,5,4,10,8,4,6,10,9,10,4,4,5,8,3,2,3,3,9,0.5581,MEDIUM
2,7,1,7,5,9,5,3,3,10,5,1,6,8,3,1,3,6,10,1,0.4958,MEDIUM
10,5,8,10,9,6,2,6,9,4,3,9,2,9,3,7,9,9,7,2,0.5825,MEDIUM
6,4,4,6,6,6,5,4,10,9,8,9,1,2,6,8,4,10,10,4,0.5883,MEDIUM
1,6,7,2,7,5,9,5,1,9,6,9,9,8,8,1,5,4,6,9,0.3819,MEDIUM
2,2,3,9,9,1,2,4,4,7,2,4,9,7,2,3,1,8,6,1,0.5364,MEDIUM
2,2,1,3,5,9,2,10,4,5,7,7,8,7,7,6,1,7,2,9,0.5629,MEDIUM
1,10,2,10,1,2,6,9,2,5,5,10,2,5,8,7,7,1,8,3,0.3462,LOW
9,4,3,7,9,5,3,5,6,1,9,9,3,2,1,1,10,10,7,9,0.6858,HIGH
9,2,5,4,6,4,7,9,3,3,3,4,10,5,4,2,3,10,1,9,0.5476,MEDIUM
8,9,2,5,2,5,2,4,10,8,6,6,3,4,2,5,10,2,4,6,0.4523,MEDIUM
8,8,6,10,5,10,3,10,10,6,6,7,3,1,6,4,4,7,5,6,0.563,MEDIUM
3,6,8,8,8,6,5,8,9,2,3,10,2,5,3,9,4,5,2,2,0.4124,MEDIUM
1,9,1,10,10,7,10,4,1,9,5,9,9,8,3,6,7,4,10,5,0.5841,MEDIUM
3,8,9,9,2,7,6,9,1,4,10,3,9,3,8,3,3,10,10,3,0.4516,MEDIUM
8,6,1,4,8,4,2,5,6,4,1,4,9,6,7,8,8,1,1,6,0.5176,MEDIUM
2,9,5,5,10,9,10,3,7,7,6,10,2,9,5,7,4,9,7,6,0.5146,MEDIUM
6,8,8,10,1,9,3,8,3,4,2,9,5,4,3,3,3,6,10,2,0.4791,MEDIUM
4,7,6,2,8,8,8,4,10,3,7,1,4,1,3,10,10,3,3,9,0.4853,MEDIUM
1,10,3,1,3,5,3,9,7,10,10,1,5,2,4,8,10,8,8,3,0.5644,MEDIUM
4,7,10,3,10,3,10,9,5,3,6,8,10,10,2,4,7,7,3,2,0.4477,MEDIUM
1,4,9,9,7,3,10,2,3,8,10,10,1,9,9,2,2,8,3,10,0.3683,MEDIUM
9,1,7,9,7,6,1,9,7,4,8,7,6,10,10,2,7,3,5,8,0.6762,HIGH
4,2,5,10,9,7,5,4,1,1,10,9,2,9,1,7,4,6,7,6,0.5718,MEDIUM
2,3,7,10,5,5,9,7,10,6,10,5,7,4,7,9,9,8,3,6,0.5329,MEDIUM
9,9,8,5,5,10,6,7,3,2,4,8,3,2,4,9,7,6,9,10,0.5423,MEDIUM
1,3,7,1,2,3,8,10,7,2,2,5,4,6,2,10,1,7,7,10,0.546,MEDIUM
9,5,10,1,3,8,8,1,4,9,5,4,1,10,9,9,4,10,3,1,0.4691,MEDIUM
6,4,1,3,2,5,7,6,7,7,10,4,9,1,2,2,9,5,9,10,0.5392,MEDIUM
6,6,5,4,10,4,8,7,10,1,5,3,7,9,2,9,2,9,5,6,0.564,MEDIUM
2,9,5,9,10,5,8,7,10,8,4,6,8,8,10,1,8,2,5,2,0.5285,MEDIUM
7,4,4,6,7,6,9,9,1,5,4,5,2,7,6,2,9,3,8,6,0.4661,MEDIUM
6,4,10,5,3,4,8,4,4,4,5,4,4,4,4,10,6,3,2,2,0.4122,MEDIUM
2,8,10,1,9,1,8,6,10,6,8,10,5,8,3,9,5,7,4,10,0.5143,MEDIUM
3,1,9,7,8,9,1,9,6,7,3,8,2,9,8,6,1,1,4,7,0.4629,MEDIUM
10,2,6,6,10,5,3,9,5,4,5,8,10,6,6,3,8,7,4,7,0.6032,HIGH
6,6,7,5,8,3,10,3,10,4,2,5,4,9,7,7,4,3,3,8,0.3092,LOW
1,3,7,8,3,9,9,6,8,5,5,9,10,1,7,2,3,1,4,5,0.3535,MEDIUM
8,2,8,6,5,6,6,9,9,5,6,1,7,2,6,10,4,10,10,9,0.6455,HIGH
3,5,6,6,9,8,8,2,7,10,5,8,3,3,6,7,10,10,7,2,0.4723,MEDIUM
2,3,6,4,6,6,5,5,10,7,5,8,6,10,9,8,7,3,3,1,0.5486,MEDIUM
3,4,5,2,4,3,7,2,2,2,8,9,1,1,7,9,2,2,5,10,0.2706,LOW
3,2,7,5,4,4,5,8,3,3,9,3,1,1,6,6,8,8,9,5,0.4768,MEDIUM
9,8,3,9,3,10,10,8,10,7,9,9,5,6,8,9,4,2,8,5,0.5663,MEDIUM
6,7,5,3,5,1,1,9,3,6,5,8,9,1,8,8,5,1,7,5,0.5021,MEDIUM
10,4,1,9,6,4,7,9,7,7,4,3,7,7,4,5,2,7,4,9,0.5703,MEDIUM
10,5,5,9,5,7,4,2,3,3,5,2,8,10,8,5,10,8,4,6,0.6354,HIGH
1,3,1,9,1,3,2,5,5,3,8,1,4,2,3,1,8,4,6,7,0.5115,MEDIUM
5,8,6,8,1,6,2,3,1,5,7,2,9,8,3,4,5,7,1,2,0.4385,MEDIUM
4,7,8,4,1,4,8,2,9,4,8,7,5,6,3,1,9,9,2,5,0.4352,MEDIUM
8,5,4,6,1,4,2,4,7,6,1,3,5,10,2,7,4,1,1,10,0.5302,MEDIUM
8,10,3,6,2,4,3,8,2,10,6,1,1,6,3,9,2,3,8,4,0.4982,MEDIUM
6,9,6,8,4,1,7,6,3,5,1,8,8,9,5,9,8,4,10,3,0.475,MEDIUM
9,6,6,8,5,10,9,3,2,9,3,8,5,5,9,6,8,1,9,7,0.4679,MEDIUM
3,1,10,6,10,4,6,2,9,7,4,9,8,9,3,10,5,6,7,6,0.5712,MEDIUM
2,2,9,2,1,3,3,1,4,2,8,4,2,1,10,7,8,9,10,10,0.4543,MEDIUM
5,1,6,4,10,2,1,4,8,2,8,1,6,9,7,6,1,10,5,9,0.6634,HIGH
1,2,5,2,4,9,2,2,4,9,7,4,4,9,4,10,3,9,9,7,0.5449,MEDIUM
2,10,6,8,7,2,3,3,9,7,9,6,3,9,10,8,6,6,9,6,0.6075,HIGH
6,7,7,6,10,4,10,9,4,7,9,5,6,8,8,7,1,1,5,10,0.4275,MEDIUM
1,9,3,5,1,5,4,4,6,1,5,9,9,9,10,10,3,2,1,8,0.3828,MEDIUM
6,3,3,5,6,10,4,4,5,5,2,10,7,10,4,2,6,8,3,8,0.568,MEDIUM
10,2,10,5,1,10,7,2,1,6,6,7,7,2,4,10,1,7,1,5,0.4501,MEDIUM
9,1,6,9,10,3,6,9,4,3,1,7,8,10,10,9,2,4,7,5,0.5195,MEDIUM
7,3,3,6,2,8,10,1,9,7,5,2,7,9,7,3,3,8,9,4,0.5361,MEDIUM
8,7,10,4,9,10,9,4,4,2,5,7,6,10,2,2,7,7,6,6,0.4803,MEDIUM
4,6,6,10,1,5,3,6,10,8,10,3,8,1,4,4,6,3,2,2,0.4931,MEDIUM
1,4,10,3,5,1,6,2,5,8,8,1,6,4,9,4,4,9,9,5,0.4729,MEDIUM
9,8,10,3,1,7,10,9,1,5,3,1,5,4,10,5,1,8,1,2,0.3476,LOW
7,5,6,2,1,5,7,4,7,9,2,6,8,10,9,2,3,4,9,8,0.4334,MEDIUM
9,1,1,4,9,5,6,8,7,3,1,6,6,6,5,4,9,5,1,5,0.5804,MEDIUM
7,1,9,5,4,3,6,7,3,2,7,9,10,4,7,4,10,3,7,5,0.479,MEDIUM
10,6,8,9,3,4,3,10,9,4,3,5,9,3,7,3,10,3,6,2,0.5547,MEDIUM
9,9,2,3,6,3,1,6,7,7,5,8,5,3,4,2,3,3,1,10,0.4919,MEDIUM
10,5,10,10,10,4,10,4,4,1,6,2,8,3,9,10,8,6,3,7,0.4835,MEDIUM
8,8,3,3,4,4,1,7,1,5,7,4,4,4,2,3,8,10,8,6,0.5276,MEDIUM
8,4,7,7,1,10,7,6,7,10,10,10,9,9,1,9,2,8,8,1,0.6466,HIGH
4,9,9,7,1,9,7,9,1,4,5,8,7,5,5,8,3,7,5,10,0.48,MEDIUM
1,9,3,8,8,2,9,2,3,10,9,3,7,7,6,8,1,3,8,10,0.5103,MEDIUM
4,8,2,5,6,3,2,2,2,8,6,2,9,7,9,10,3,7,9,7,0.5602,MEDIUM
1,3,6,10,3,3,3,3,1,7,5,5,8,5,3,2,3,4,1,10,0.5011,MEDIUM
5,1,8,8,8,9,1,10,8,4,4,10,8,8,7,8,2,10,10,1,0.593,MEDIUM
4,9,5,10,9,4,1,3,3,1,6,1,3,1,10,10,5,6,2,1,0.4497,MEDIUM
2,7,3,3,5,10,10,10,9,3,8,10,6,1,2,5,6,6,7,2,0.4697,MEDIUM
7,9,2,5,8,3,2,5,6,9,7,9,4,4,10,1,2,10,9,2,0.4635,MEDIUM
8,10,5,7,10,6,5,9,10,10,6,3,10,10,8,9,8,8,3,10,0.7551,HIGH
4,5,4,1,2,1,8,2,4,10,7,7,1,6,6,9,4,1,4,5,0.3997,MEDIUM
5,2,5,5,9,9,6,1,2,6,6,7,10,10,1,3,4,6,6,8,0.6103,HIGH
8,1,3,8,3,8,9,6,8,7,1,9,5,10,6,9,9,1,4,10,0.63,HIGH
6,6,2,3,5,1,6,7,9,3,10,10,7,3,10,2,5,6,1,5,0.412,MEDIUM
7,2,8,4,6,8,5,4,9,5,3,2,6,1,4,2,8,9,1,8,0.5551,MEDIUM
9,3,4,6,8,9,5,6,3,2,9,3,4,1,8,7,9,2,1,5,0.5043,MEDIUM
1,10,2,6,8,1,2,9,5,1,10,5,4,6,4,4,5,5,9,6,0.5241,MEDIUM
8,2,5,3,3,5,2,1,10,9,9,2,4,9,6,9,6,5,3,5,0.5892,MEDIUM
10,4,3,2,5,10,6,9,8,1,3,1,8,1,2,7,1,2,7,7,0.5594,MEDIUM
3,10,10,8,10,6,5,6,4,9,2,8,10,3,2,8,2,8,5,8,0.5349,MEDIUM
8,4,4,3,10,5,6,7,3,6,6,8,8,1,2,8,2,6,8,8,0.5228,MEDIUM
3,5,6,10,10,3,9,2,7,2,6,9,2,5,9,8,7,10,7,4,0.5448,MEDIUM
10,4,9,3,8,7,2,6,4,10,7,7,10,6,9,4,3,2,10,8,0.5264,MEDIUM
2,10,10,8,6,9,2,8,3,5,7,2,10,2,10,7,6,8,1,2,0.4237,MEDIUM
4,3,10,1,3,3,8,9,5,7,10,10,8,4,4,6,5,10,5,7,0.5297,MEDIUM
6,2,10,1,10,9,7,3,5,1,6,9,1,1,9,6,2,5,1,4,0.3594,MEDIUM
7,10,7,6,7,7,7,7,9,4,3,8,3,4,9,7,6,7,3,5,0.4639,MEDIUM
3,3,1,2,1,3,8,7,3,2,3,7,8,10,7,10,3,8,9,7,0.514,MEDIUM
9,8,7,6,4,3,7,10,1,10,8,4,9,5,7,9,10,6,1,1,0.5217,MEDIUM
10,8,6,2,10,8,2,3,9,5,8,9,2,9,10,2,4,8,2,9,0.4697,MEDIUM
10,5,10,1,6,9,1,8,8,9,8,10,6,7,6,5,5,3,1,10,0.553,MEDIUM
5,10,5,1,8,10,3,10,1,5,10,1,5,8,2,3,9,2,5,5,0.534,MEDIUM
3,10,5,5,5,1,2,10,3,10,3,8,6,3,5,4,8,3,9,1,0.4779,MEDIUM
6,2,3,10,3,8,7,7,4,8,3,4,10,6,1,5,2,1,3,8,0.5608,MEDIUM
7,8,5,8,9,4,7,7,8,5,3,9,7,1,5,8,7,6,9,1,0.4725,MEDIUM
2,9,6,7,10,5,6,5,5,2,5,10,7,8,4,10,4,9,6,3,0.476,MEDIUM
6,9,1,1,2,1,7,2,9,2,8,6,4,5,5,4,1,1,10,2,0.3776,MEDIUM
1,10,4,10,2,2,2,10,3,7,10,3,2,3,5,5,8,2,8,5,0.4719,MEDIUM
7,6,5,3,2,5,1,7,7,6,1,5,5,3,8,2,8,4,10,7,0.4504,MEDIUM
3,8,2,3,9,7,4,10,2,8,5,2,1,2,2,10,5,8,1,8,0.5597,MEDIUM
3,1,1,7,5,3,6,7,10,1,9,8,8,7,7,2,9,4,1,7,0.5376,MEDIUM
8,2,10,9,6,6,5,7,1,2,6,9,6,2,8,5,4,3,9,1,0.4019,MEDIUM
7,4,5,7,2,6,8,2,8,4,3,1,4,1,10,4,8,7,2,9,0.4312,MEDIUM
5,8,9,8,1,1,6,1,6,1,7,2,4,9,8,9,3,10,4,2,0.4148,MEDIUM
1,3,8,1,8,10,1,4,3,1,3,1,5,2,8,10,3,10,2,2,0.381,MEDIUM
2,8,10,10,4,2,4,7,6,7,6,2,10,9,3,6,4,1,10,3,0.4715,MEDIUM
6,2,2,5,3,7,3,6,9,3,8,4,10,1,3,2,10,7,3,1,0.5379,MEDIUM
8,2,1,1,3,2,10,5,7,8,3,4,3,5,9,8,7,4,3,10,0.4692,MEDIUM
1,10,3,8,10,2,5,6,7,1,9,4,4,2,9,2,10,6,9,9,0.5124,MEDIUM
4,8,4,5,1,4,2,3,8,8,3,3,1,1,6,5,4,7,5,6,0.4868,MEDIUM
10,8,1,2,1,9,3,3,1,8,9,2,2,4,8,10,10,6,7,4,0.5843,MEDIUM
6,4,2,6,4,2,4,7,4,7,4,2,8,10,8,1,7,3,4,10,0.538,MEDIUM
8,3,7,6,3,8,4,6,5,4,6,3,1,10,1,5,3,2,8,8,0.5548,MEDIUM
7,3,6,4,5,10,3,10,3,10,9,4,2,7,9,8,4,10,8,8,0.5988,MEDIUM
5,1,7,4,4,6,7,10,4,10,3,10,1,7,1,1,8,9,1,7,0.4937,MEDIUM
9,7,8,2,8,8,4,2,9,1,7,4,3,6,5,4,2,1,8,5,0.444,MEDIUM
3,8,10,10,1,8,8,3,7,3,6,8,1,2,7,6,9,1,5,7,0.3796,MEDIUM
5,10,9,10,4,2,10,6,1,9,6,1,2,7,6,8,10,1,6,6,0.4225,MEDIUM
3,9,2,9,4,3,6,4,9,2,8,10,4,4,6,6,5,9,7,5,0.4874,MEDIUM
1,2,6,6,8,8,9,9,2,8,9,9,5,8,10,6,2,4,8,2,0.5335,MEDIUM
2,7,3,5,2,2,3,5,2,3,8,3,4,9,1,5,7,9,3,8,0.5068,MEDIUM
6,7,8,1,5,4,2,1,4,9,6,7,10,6,6,8,10,9,9,8,0.5772,MEDIUM
8,5,10,3,5,3,5,4,8,6,5,1,3,6,5,8,3,10,3,9,0.5443,MEDIUM
5,3,3,3,3,4,2,1,6,10,3,8,5,6,3,4,9,1,6,6,0.4728,MEDIUM
3,6,8,9,3,9,5,2,1,7,8,3,8,6,3,1,9,9,6,5,0.5423,MEDIUM
8,5,10,3,10,8,6,2,8,1,3,9,2,5,1,7,10,4,8,6,0.4949,MEDIUM
2,6,1,10,4,10,9,4,5,4,1,2,9,8,2,9,7,4,8,6,0.5928,MEDIUM
10,10,9,1,6,7,3,7,6,7,6,1,5,6,6,5,8,9,2,4,0.4969,MEDIUM
8,7,8,5,3,7,7,3,10,10,2,3,4,5,8,9,6,2,10,7,0.5176,MEDIUM
2,1,7,5,7,3,9,8,10,3,4,3,7,5,9,8,1,5,10,5,0.5144,MEDIUM
8,9,8,4,1,1,3,5,5,8,2,5,7,3,8,4,1,2,5,8,0.4247,MEDIUM
2,10,6,10,8,10,7,5,8,2,6,9,10,1,5,3,10,1,3,6,0.4995,MEDIUM
8,3,6,3,1,5,6,7,6,1,5,5,9,2,9,4,3,2,10,3,0.5028,MEDIUM
9,6,6,5,5,6,2,9,10,6,3,1,3,9,5,6,8,7,6,3,0.5804,MEDIUM
2,4,3,9,4,4,9,10,9,9,9,2,7,8,2,2,3,1,8,6,0.6238,HIGH
5,6,3,8,10,9,6,3,5,1,2,4,3,3,4,5,3,4,3,2,0.4407,MEDIUM
7,2,2,1,8,7,1,4,2,1,9,10,1,8,2,5,1,2,5,1,0.532,MEDIUM
2,2,10,4,10,4,3,6,1,2,3,5,10,6,6,3,9,10,4,9,0.4788,MEDIUM
10,2,2,10,1,9,4,4,5,3,9,1,2,4,9,8,6,10,3,8,0.572,MEDIUM
2,3,6,7,7,4,9,4,7,2,6,2,8,2,9,3,8,6,5,9,0.4538,MEDIUM
1,2,6,8,2,7,5,8,10,5,8,4,9,7,5,7,4,2,8,6,0.4984,MEDIUM
3,1,8,2,7,8,9,2,2,3,7,7,10,2,3,2,6,4,6,4,0.3956,MEDIUM
10,7,2,4,7,8,5,10,10,5,7,6,8,10,7,8,9,5,3,8,0.6363,HIGH
2,2,5,8,8,4,3,1,2,1,2,8,1,3,7,10,6,3,5,10,0.4282,MEDIUM
10,2,2,9,8,8,4,5,8,8,9,5,9,6,9,9,1,1,7,2,0.6414,HIGH
7,8,6,7,8,8,1,1,3,9,5,3,8,7,3,5,7,8,2,10,0.6806,HIGH
8,9,9,10,8,8,9,3,9,1,7,5,8,10,7,10,6,5,6,1,0.5714,MEDIUM
1,10,1,3,6,6,10,1,6,7,2,7,6,6,7,6,1,4,4,4,0.3269,LOW
5,10,2,2,5,2,6,3,1,9,6,1,8,7,10,9,7,5,1,8,0.4307,MEDIUM
10,1,6,7,10,7,6,10,2,8,2,4,6,8,9,6,3,10,5,6,0.6252,HIGH
7,4,8,2,9,4,5,5,1,5,10,7,4,10,2,10,2,10,6,5,0.4972,MEDIUM
2,10,9,8,7,4,6,2,5,9,5,7,9,6,4,7,7,5,10,9,0.5955,MEDIUM
8,9,3,1,9,3,10,8,4,8,5,9,10,7,10,1,9,4,6,8,0.5194,MEDIUM
3,4,3,5,7,7,6,2,4,7,5,5,3,5,10,4,7,4,2,3,0.3979,MEDIUM
4,1,4,5,8,8,9,7,7,1,4,3,5,3,1,5,5,9,3,1,0.4426,MEDIUM
8,1,1,2,6,10,5,2,7,6,2,7,3,4,2,10,9,2,9,10,0.6597,HIGH
9,5,8,2,4,10,2,6,6,10,7,4,7,4,3,2,3,4,5,8,0.551,MEDIUM
7,5,10,1,8,9,6,2,6,9,7,8,4,5,3,6,8,6,5,1,0.5328,MEDIUM
10,1,1,4,5,9,7,5,6,2,9,4,8,7,1,7,5,5,2,4,0.5418,MEDIUM
5,4,3,8,6,7,1,5,2,8,8,7,6,7,2,3,5,9,2,6,0.5594,MEDIUM
7,10,9,6,8,1,1,3,8,3,1,7,4,5,6,10,2,2,3,4,0.3835,MEDIUM
9,3,10,7,6,8,8,3,5,3,10,6,5,4,2,7,6,3,7,7,0.5352,MEDIUM
10,4,1,1,9,10,4,2,8,4,5,3,1,7,10,7,10,5,3,2,0.5209,MEDIUM
6,3,10,2,1,9,7,8,8,2,4,4,4,5,5,8,7,3,7,4,0.4916,MEDIUM
10,4,5,4,7,3,7,3,1,5,5,4,10,8,4,6,10,8,2,1,0.4795,MEDIUM
8,3,6,7,4,7,7,10,5,2,2,9,1,1,6,4,8,6,10,10,0.4887,MEDIUM
1,1,5,9,10,7,5,7,6,3,9,1,10,3,5,3,9,8,6,8,0.6548,HIGH
3,2,6,9,7,3,5,2,6,1,3,8,5,6,7,5,5,10,5,9,0.4984,MEDIUM
6,7,3,6,8,3,9,8,1,4,3,1,4,3,1,8,5,3,8,7,0.534,MEDIUM
2,8,1,8,6,9,8,8,8,2,3,2,6,2,4,5,3,3,9,5,0.4606,MEDIUM
10,10,4,10,1,9,10,3,7,2,4,8,2,6,1,5,2,7,6,10,0.4164,MEDIUM
2,6,3,1,2,8,8,8,5,10,1,6,1,10,8,6,10,3,4,1,0.4733,MEDIUM
5,6,1,2,9,10,7,2,7,5,3,4,7,2,1,4,3,7,7,5,0.5355,MEDIUM
3,2,5,8,7,5,10,3,6,2,6,9,4,8,8,7,8,5,10,10,0.4867,MEDIUM
7,2,7,6,10,3,7,7,2,1,9,6,8,4,3,8,9,9,2,5,0.6176,HIGH
8,7,2,8,5,3,3,5,4,9,7,5,10,1,9,2,1,9,2,9,0.5157,MEDIUM
7,7,2,8,10,5,6,5,10,2,9,1,2,8,3,3,7,1,2,7,0.6138,HIGH
5,6,10,8,8,10,5,6,3,4,3,2,10,5,2,7,9,1,1,7,0.5416,MEDIUM
2,1,3,8,8,7,10,8,5,10,10,6,7,5,2,3,3,1,4,2,0.6158,HIGH
1,4,1,4,8,3,4,7,9,4,2,5,8,3,8,7,1,2,3,3,0.5035,MEDIUM
8,8,8,1,8,10,4,4,5,10,7,1,6,1,2,7,7,8,10,10,0.6234,HIGH
9,5,1,8,7,8,9,10,10,8,4,1,9,1,7,10,6,9,2,5,0.6944,HIGH
7,8,2,8,10,6,8,7,1,3,5,4,8,6,8,4,9,4,10,6,0.5758,MEDIUM
10,8,3,5,7,7,6,8,3,10,4,5,2,8,3,3,4,3,10,8,0.6214,HIGH
2,7,8,5,4,4,9,1,1,6,5,6,3,3,9,1,2,6,7,2,0.2281,LOW
10,4,2,9,4,8,5,6,6,1,9,5,3,9,10,2,1,8,8,2,0.5552,MEDIUM
2,10,10,2,9,1,9,2,3,2,4,6,3,5,8,9,8,2,3,6,0.3368,LOW
6,3,2,4,8,7,1,4,8,6,5,9,3,2,5,6,7,6,4,3,0.4519,MEDIUM
9,7,4,3,7,7,7,8,9,6,1,8,3,1,9,2,2,6,6,7,0.3804,MEDIUM
3,7,1,7,1,3,10,1,9,5,7,7,9,5,6,6,1,5,9,10,0.3907,MEDIUM
3,7,8,4,9,10,10,8,6,7,4,5,2,1,9,6,7,3,9,9,0.4559,MEDIUM
5,4,2,9,9,5,9,6,3,1,1,9,10,5,4,5,7,9,2,1,0.5009,MEDIUM
6,5,9,6,2,1,2,8,5,10,1,8,6,4,10,10,9,10,4,6,0.5545,MEDIUM
5,5,10,3,7,9,4,2,6,9,10,4,6,8,2,3,7,7,2,2,0.5363,MEDIUM
1,7,3,8,4,8,2,6,9,7,10,9,9,7,5,10,8,7,8,8,0.7263,HIGH
7,3,3,9,3,8,8,3,9,9,2,4,8,8,1,3,9,6,2,10,0.567,MEDIUM
7,2,2,6,10,5,1,9,3,2,6,5,6,5,5,8,1,3,3,10,0.5096,MEDIUM
7,1,5,5,4,3,8,1,2,9,6,2,1,7,8,10,5,10,8,6,0.5256,MEDIUM
7,8,10,3,3,9,8,8,8,3,6,2,10,10,7,7,4,7,6,9,0.5709,MEDIUM
1,8,5,2,3,1,10,5,9,2,9,2,4,10,9,10,1,10,9,4,0.4487,MEDIUM
8,9,1,2,9,3,1,5,4,4,10,8,2,9,10,6,7,10,1,8,0.4395,MEDIUM
1,6,7,3,7,1,9,6,7,5,2,2,2,9,3,5,3,3,5,2,0.3798,MEDIUM
3,5,7,3,1,10,6,3,1,1,5,7,2,6,3,7,6,5,7,2,0.3312,LOW
1,4,4,10,10,4,8,9,9,7,2,5,1,6,8,9,7,2,8,1,0.5379,MEDIUM
7,4,1,5,9,10,2,4,9,3,5,10,7,8,2,9,4,3,6,9,0.648,HIGH
3,4,9,7,9,8,1,1,8,10,5,3,1,1,8,5,10,5,7,6,0.4957,MEDIUM
4,10,9,5,1,3,9,10,2,5,2,7,2,3,9,5,7,4,10,9,0.3294,LOW
6,6,5,8,5,4,6,6,4,8,10,6,1,3,1,10,8,1,1,3,0.4521,MEDIUM
7,9,8,7,9,2,2,9,1,8,2,6,7,10,6,7,3,1,2,8,0.4808,MEDIUM
6,4,8,1,4,1,5,6,4,2,10,5,4,4,8,6,1,5,8,10,0.466,MEDIUM
4,1,4,7,2,5,10,9,8,3,9,4,10,10,10,3,2,10,3,2,0.4772,MEDIUM
3,5,10,4,9,5,4,1,9,10,5,9,8,1,7,1,6,7,7,5,0.4702,MEDIUM
2,9,8,8,6,9,1,4,1,5,7,9,8,6,1,7,4,6,2,10,0.4899,MEDIUM
1,4,7,2,4,4,3,6,5,2,2,1,8,7,1,10,6,5,4,2,0.4516,MEDIUM
8,4,6,1,6,9,4,2,10,10,8,2,8,10,2,2,1,1,7,6,0.5846,MEDIUM
2,3,1,8,1,5,10,7,2,2,1,9,1,5,7,7,2,10,7,4,0.3419,LOW
10,10,1,8,7,8,7,10,10,2,6,1,8,9,6,10,4,2,2,1,0.5723,MEDIUM
10,2,10,4,10,3,9,5,6,7,8,10,8,3,4,3,1,1,3,5,0.3799,MEDIUM
10,7,9,6,5,10,9,3,3,8,5,10,6,5,6,1,9,10,3,1,0.5175,MEDIUM
4,9,9,1,7,6,4,4,4,2,6,4,8,8,10,6,10,10,6,10,0.507,MEDIUM
5,7,6,3,2,8,1,8,4,1,4,4,8,10,4,4,8,6,7,4,0.4998,MEDIUM
7,3,1,6,1,2,6,1,9,2,3,5,8,4,10,6,1,1,4,4,0.3919,MEDIUM
5,3,4,5,3,6,9,4,3,4,1,3,5,2,1,3,7,2,6,4,0.4122,MEDIUM
5,8,4,6,6,3,9,10,7,2,2,3,3,4,4,9,7,6,6,10,0.5078,MEDIUM
7,4,1,10,10,4,9,5,3,6,4,1,5,3,9,10,8,4,2,8,0.5801,MEDIUM
10,2,3,9,7,9,6,8,9,8,3,6,6,9,8,8,8,5,10,7,0.7303,HIGH
10,1,4,4,4,8,4,7,4,5,7,7,10,3,6,5,9,2,3,2,0.5121,MEDIUM
5,8,9,6,4,10,1,8,9,10,6,7,8,8,7,7,6,8,6,5,0.5825,MEDIUM
7,1,3,8,4,5,2,6,2,5,9,9,9,2,5,4,2,2,2,6,0.4779,MEDIUM
1,9,4,6,4,6,5,5,5,4,10,3,9,5,1,5,5,6,7,7,0.4524,MEDIUM
10,1,8,9,3,7,4,4,4,8,4,9,10,9,8,8,6,2,6,4,0.4894,MEDIUM
7,7,4,8,8,9,1,6,3,10,3,5,1,8,6,6,4,7,7,7,0.6436,HIGH
9,5,6,10,1,10,1,3,3,6,10,10,10,10,7,7,4,7,2,9,0.6602,HIGH
7,4,8,2,6,10,8,5,2,3,2,9,3,1,10,8,1,3,4,2,0.2956,LOW
7,5,4,4,5,9,2,8,1,6,9,1,3,6,7,7,3,2,3,9,0.5675,MEDIUM
7,8,2,7,4,3,4,5,7,8,3,10,10,5,10,4,9,8,5,4,0.5125,MEDIUM
1,3,8,2,7,10,4,9,6,10,8,8,8,10,1,2,5,8,6,5,0.7232,HIGH
7,10,3,7,4,3,10,7,8,7,3,10,2,7,1,4,3,5,9,5,0.5003,MEDIUM
2,4,8,7,9,2,6,2,2,9,6,7,8,3,5,4,9,1,8,1,0.4282,MEDIUM
2,8,7,6,7,4,7,1,1,5,2,3,6,8,8,8,2,2,9,4,0.3451,LOW
8,3,8,5,3,3,1,10,2,3,5,2,9,7,3,2,1,5,3,8,0.4469,MEDIUM
6,3,4,1,9,4,8,1,9,2,7,5,8,1,10,1,1,7,4,4,0.397,MEDIUM
6,4,4,2,1,7,1,1,6,4,2,4,2,3,3,1,7,9,2,6,0.4031,MEDIUM
6,9,4,10,4,9,7,7,2,4,4,2,6,6,3,1,7,6,1,7,0.4431,MEDIUM
4,8,4,2,5,10,6,1,2,4,7,5,10,8,2,9,10,3,5,2,0.4852,MEDIUM
10,6,7,3,6,3,6,8,2,6,1,10,10,8,7,9,4,9,10,1,0.4512,MEDIUM
4,1,10,2,5,4,7,4,10,2,1,3,6,8,5,4,3,7,4,1,0.4786,MEDIUM
4,10,8,6,3,5,6,1,9,7,5,1,4,6,6,4,4,9,1,4,0.4575,MEDIUM
4,10,7,9,6,3,8,1,2,8,2,4,1,3,4,3,2,3,10,9,0.3775,MEDIUM
4,4,9,2,7,8,5,3,4,4,7,3,10,4,5,5,10,8,4,5,0.5814,MEDIUM
8,2,6,7,7,3,8,8,7,9,10,7,3,8,1,7,7,2,5,10,0.6253,HIGH
9,3,9,3,5,7,8,5,8,5,7,9,10,8,2,6,3,8,4,3,0.4933,MEDIUM
4,1,1,9,6,8,7,7,7,6,7,8,5,10,2,7,1,2,7,10,0.6831,HIGH
3,4,7,5,6,9,8,6,1,7,7,4,4,8,1,6,1,3,5,10,0.5327,MEDIUM
8,3,5,4,10,10,3,1,2,2,7,7,10,2,9,4,7,3,7,5,0.4585,MEDIUM
5,9,9,7,10,5,7,2,2,10,6,3,5,4,7,5,1,3,8,1,0.4035,MEDIUM
2,2,7,9,7,5,7,3,3,6,3,3,4,8,3,9,2,8,10,4,0.4983,MEDIUM
3,4,1,3,4,5,7,8,10,2,3,2,5,2,7,2,5,2,6,1,0.3614,MEDIUM
10,4,8,8,2,1,1,5,1,10,1,2,4,9,1,7,10,9,5,8,0.6426,HIGH
8,6,10,7,6,6,6,6,4,6,7,7,10,1,6,6,2,1,8,7,0.5486,MEDIUM
3,1,10,2,9,5,4,6,8,10,8,9,7,4,1,6,1,6,1,6,0.4552,MEDIUM
8,4,10,8,7,10,2,6,7,8,2,7,5,10,4,3,9,10,9,1,0.6392,HIGH
3,8,2,5,9,8,3,8,2,8,9,4,4,4,3,2,2,7,1,3,0.474,MEDIUM
6,7,5,4,5,8,2,3,9,8,2,6,4,10,10,2,6,7,7,9,0.5083,MEDIUM
7,4,4,5,2,5,2,2,2,6,10,4,2,10,6,3,6,7,10,1,0.493,MEDIUM
5,1,10,9,4,7,7,6,6,3,9,10,10,4,2,7,1,9,8,6,0.5154,MEDIUM
3,5,4,8,8,3,10,5,3,1,10,6,5,9,2,5,10,8,4,8,0.5464,MEDIUM
5,7,1,6,3,4,4,1,3,8,7,5,3,1,9,7,6,7,8,6,0.4334,MEDIUM
7,7,2,9,5,5,4,9,7,2,3,6,10,1,5,8,3,10,3,8,0.5719,MEDIUM
8,5,3,4,4,4,1,6,10,2,3,7,7,3,1,2,6,8,3,1,0.4924,MEDIUM
2,9,6,10,7,3,7,4,1,2,4,7,8,5,10,3,7,2,8,7,0.3738,MEDIUM
5,8,6,1,2,2,2,2,8,9,4,1,10,10,10,8,5,2,10,3,0.4581,MEDIUM
7,8,7,5,10,3,2,6,2,9,3,7,1,7,9,9,9,8,2,9,0.488,MEDIUM
10,9,2,4,2,3,10,3,1,9,8,6,2,1,3,10,4,3,2,9,0.4524,MEDIUM
5,1,2,2,9,5,6,9,3,7,1,4,5,1,9,5,9,8,3,10,0.5478,MEDIUM
8,6,9,6,10,9,9,4,2,1,4,1,4,3,5,4,3,10,9,4,0.4387,MEDIUM
10,6,5,3,10,7,2,9,5,5,7,3,7,8,2,5,7,3,9,4,0.6484,HIGH
2,5,4,6,10,9,10,3,7,3,6,7,7,1,10,4,2,5,2,9,0.4467,MEDIUM
2,9,7,2,6,2,6,6,5,3,4,5,1,2,7,4,7,2,2,3,0.2221,LOW
9,5,10,8,2,9,6,10,5,9,5,10,2,1,3,6,7,3,6,9,0.5328,MEDIUM
9,10,7,8,10,3,5,1,9,3,3,3,7,10,5,1,6,4,10,7,0.5068,MEDIUM
8,3,8,6,8,9,5,5,7,9,4,5,2,5,7,6,2,2,2,4,0.5006,MEDIUM
2,3,10,1,2,5,9,8,1,7,9,3,8,8,9,9,2,7,1,10,0.4195,MEDIUM
4,1,7,9,6,4,9,10,1,10,8,3,9,4,3,2,6,3,9,6,0.5,MEDIUM
1,7,8,7,3,6,2,6,4,9,2,5,5,8,5,5,4,1,10,7,0.4127,MEDIUM
4,5,9,1,8,10,8,1,6,1,10,8,6,5,6,2,1,6,3,7,0.3908,MEDIUM
6,1,2,7,8,4,2,9,9,3,7,2,8,1,3,5,4,8,7,6,0.6604,HIGH
5,6,7,3,9,5,2,8,8,3,3,6,7,1,6,4,2,4,5,1,0.386,MEDIUM
3,7,7,6,1,3,4,8,5,2,7,8,9,8,3,6,7,9,7,3,0.5255,MEDIUM
2,2,1,3,3,6,9,1,4,1,6,7,10,1,7,8,5,5,8,2,0.3447,LOW
7,4,10,3,9,3,4,5,2,5,4,7,4,8,2,9,10,3,4,10,0.5196,MEDIUM
3,4,2,3,7,1,5,4,3,7,1,10,4,2,1,7,7,9,5,4,0.396,MEDIUM
4,6,7,8,1,9,7,1,5,2,5,6,5,6,7,4,6,1,3,1,0.3239,LOW
1,1,6,4,5,8,5,10,2,7,3,5,8,6,6,5,2,2,1,9,0.4741,MEDIUM
3,6,6,6,10,9,10,6,4,5,4,10,7,2,2,3,10,2,1,10,0.4267,MEDIUM
4,4,8,2,2,9,10,6,5,8,4,9,3,1,3,4,7,9,5,9,0.4235,MEDIUM
6,6,8,2,7,2,8,7,9,9,1,3,10,5,3,5,1,10,1,4,0.518,MEDIUM
7,8,9,9,2,3,8,9,7,9,7,7,10,5,4,3,1,3,10,4,0.4658,MEDIUM
10,1,9,8,9,9,5,5,4,5,5,9,2,3,4,1,9,4,5,1,0.5168,MEDIUM
3,5,3,5,1,4,4,9,2,1,6,10,6,6,2,9,5,3,7,10,0.4437,MEDIUM
5,6,1,1,6,4,5,3,5,1,9,10,2,7,5,10,9,4,8,4,0.499,MEDIUM
6,5,4,10,7,3,8,4,7,6,3,8,2,8,3,8,3,3,4,10,0.5632,MEDIUM
8,3,5,1,5,3,3,7,10,4,2,3,2,7,4,8,7,2,9,3,0.4289,MEDIUM
1,10,2,7,7,1,2,1,1,3,4,2,5,3,10,1,1,2,9,6,0.307,LOW
2,4,3,8,10,8,3,5,6,8,3,4,1,9,5,9,2,1,1,2,0.5286,MEDIUM
9,5,2,9,7,3,1,4,1,4,7,7,3,6,5,4,7,2,8,3,0.503,MEDIUM
2,4,2,5,6,2,10,6,2,6,2,1,10,3,3,7,9,6,10,3,0.5371,MEDIUM
7,3,5,10,5,6,2,5,8,6,5,2,1,3,3,6,3,7,8,8,0.5758,MEDIUM
2,2,10,7,5,3,2,6,3,3,7,6,6,8,7,8,7,10,6,3,0.5146,MEDIUM
4,7,7,9,8,9,9,8,9,9,4,7,2,10,7,9,10,4,2,4,0.5438,MEDIUM
6,1,4,1,6,9,8,3,2,1,6,6,3,5,8,3,9,7,4,4,0.4745,MEDIUM
4,1,3,2,3,7,1,7,6,1,2,10,2,8,10,3,1,3,6,3,0.388,MEDIUM
2,4,2,1,10,7,3,3,8,3,9,5,8,7,6,8,1,5,2,3,0.5246,MEDIUM
1,1,10,3,9,3,1,7,7,8,9,5,10,9,5,4,7,3,5,2,0.5391,MEDIUM
9,7,3,4,7,10,1,4,7,3,9,10,2,8,8,6,7,7,3,1,0.4972,MEDIUM
6,7,4,5,2,2,2,6,10,6,1,4,5,3,9,2,2,4,10,1,0.3938,MEDIUM
5,4,9,4,1,4,5,2,10,10,1,10,8,1,1,6,2,5,1,6,0.4158,MEDIUM
5,7,9,4,6,7,6,3,2,6,7,9,2,9,3,1,10,7,8,10,0.472,MEDIUM
1,5,3,3,8,2,2,4,4,3,3,9,9,10,9,6,8,3,6,5,0.4671,MEDIUM
6,10,7,1,7,4,4,10,10,2,3,10,8,2,1,3,5,9,2,8,0.5441,MEDIUM
2,8,6,3,5,3,2,5,10,6,6,2,2,3,8,5,8,5,8,3,0.496,MEDIUM
2,10,8,1,6,5,7,7,10,3,8,6,9,10,6,6,2,7,9,8,0.4925,MEDIUM
5,1,10,1,4,9,1,3,2,5,7,3,10,7,2,4,7,8,2,6,0.5925,MEDIUM
8,8,9,8,2,2,3,2,7,7,4,7,6,2,6,6,10,8,4,8,0.4615,MEDIUM
2,5,8,1,9,3,8,3,4,6,10,1,10,7,1,6,7,8,4,1,0.4351,MEDIUM
4,1,7,5,5,3,2,3,2,5,7,2,5,8,7,9,4,5,3,1,0.4319,MEDIUM
2,7,6,5,3,4,6,7,8,8,9,3,7,6,10,7,1,9,10,4,0.4418,MEDIUM
2,10,10,3,6,6,1,3,8,3,8,6,2,7,5,9,1,8,3,8,0.4304,MEDIUM
10,2,1,4,4,7,9,3,10,7,4,6,4,4,10,1,6,6,1,5,0.4618,MEDIUM
5,9,2,8,8,7,7,6,6,9,7,9,6,2,3,8,7,6,3,9,0.6337,HIGH
10,3,9,7,7,5,7,5,10,2,2,2,2,1,10,7,2,8,10,9,0.5186,MEDIUM
2,8,9,10,1,5,7,4,4,8,9,7,2,4,8,2,6,8,7,7,0.4079,MEDIUM
1,6,4,9,5,5,5,5,7,4,1,7,1,1,1,3,6,9,10,6,0.5054,MEDIUM
6,3,10,7,4,9,7,4,10,7,1,10,7,3,7,3,7,6,9,3,0.3782,MEDIUM
7,4,2,3,9,2,10,7,5,9,3,6,4,2,2,1,7,1,10,3,0.4761,MEDIUM
1,10,9,2,10,7,1,3,8,6,3,4,4,5,4,9,4,7,5,1,0.4864,MEDIUM
5,2,3,1,10,2,2,8,10,2,2,3,5,5,3,2,2,8,6,4,0.4631,MEDIUM
7,2,8,1,7,2,8,2,4,7,7,6,8,3,3,5,1,3,10,10,0.518,MEDIUM
1,2,6,6,8,10,10,9,1,3,9,5,2,4,10,1,9,1,9,9,0.4802,MEDIUM
3,4,6,2,4,1,6,3,4,2,3,5,5,8,4,2,6,9,5,8,0.4001,MEDIUM
8,7,9,7,4,5,3,4,5,7,2,10,10,5,3,4,8,7,8,7,0.5475,MEDIUM
10,5,6,10,2,10,7,7,4,10,6,6,2,8,3,1,9,5,10,7,0.6964,HIGH
5,10,9,6,7,1,2,3,6,7,3,6,4,2,4,6,6,3,6,2,0.4017,MEDIUM
1,6,1,6,4,8,10,6,4,9,2,7,5,10,4,9,4,2,9,5,0.5155,MEDIUM
10,2,10,7,7,6,6,4,4,1,8,8,1,5,7,2,2,8,3,10,0.4261,MEDIUM
6,10,7,4,10,1,5,1,10,1,8,5,3,7,1,9,9,1,6,1,0.4327,MEDIUM
2,8,2,7,5,5,6,6,7,2,9,6,8,10,1,7,5,8,8,2,0.6054,HIGH
6,10,2,1,4,1,1,3,2,6,7,4,3,2,4,6,9,1,1,5,0.3602,MEDIUM
1,2,1,5,2,5,6,10,7,5,3,3,10,8,2,3,6,3,10,7,0.5918,MEDIUM
8,2,9,9,4,10,8,8,5,6,8,4,2,5,5,2,6,9,4,4,0.5198,MEDIUM
2,2,8,1,4,1,4,8,7,4,8,2,6,4,10,9,9,6,5,8,0.5247,MEDIUM
3,9,2,3,4,6,7,8,10,9,4,7,4,2,5,7,3,5,10,2,0.4856,MEDIUM
3,8,2,2,4,1,8,3,5,1,8,9,8,6,5,2,9,2,6,7,0.4304,MEDIUM
4,3,7,9,7,9,6,1,8,5,6,2,1,7,7,4,5,4,7,3,0.4796,MEDIUM
10,5,9,10,8,9,7,2,1,4,2,4,2,1,1,10,5,4,2,9,0.4781,MEDIUM
2,5,4,10,7,7,7,2,4,5,8,4,3,4,6,5,10,5,1,2,0.4275,MEDIUM
3,9,10,8,5,4,3,6,2,3,3,6,8,3,1,8,7,6,1,3,0.4045,MEDIUM
5,2,3,1,10,6,8,10,1,8,4,8,2,1,1,10,5,4,9,9,0.5595,MEDIUM
3,3,2,2,5,6,8,8,6,9,5,8,5,6,8,1,6,5,6,9,0.5192,MEDIUM
10,8,2,5,9,1,3,7,4,3,6,8,1,4,10,7,6,4,2,4,0.3909,MEDIUM
7,2,5,9,8,9,3,5,6,6,7,10,7,5,5,4,1,10,9,6,0.6403,HIGH
10,2,7,8,10,6,5,2,1,8,3,8,3,9,5,10,9,3,5,8,0.6264,HIGH
5,2,5,1,8,1,4,5,10,2,1,8,5,1,7,6,1,1,5,3,0.3721,MEDIUM
6,5,9,9,3,2,5,3,4,7,10,2,5,4,1,8,6,4,7,7,0.6195,HIGH
7,2,5,5,10,5,3,10,7,6,10,3,4,5,3,7,9,4,5,5,0.6246,HIGH
2,5,10,8,9,3,7,7,2,3,9,8,6,9,6,8,6,7,8,7,0.4669,MEDIUM
7,8,1,9,1,7,2,3,10,5,4,10,9,6,3,10,9,10,5,1,0.5233,MEDIUM
7,3,7,1,8,9,8,1,2,1,5,2,6,10,2,5,10,8,6,1,0.5765,MEDIUM
2,10,9,1,4,9,3,9,8,3,4,3,5,5,1,8,10,4,2,2,0.4984,MEDIUM
1,3,10,2,9,2,4,4,2,8,1,9,8,7,1,2,5,7,8,3,0.4256,MEDIUM
4,9,5,10,8,10,2,7,3,1,3,3,4,3,9,9,4,8,8,5,0.5334,MEDIUM
5,2,10,8,6,5,7,7,2,8,7,7,3,1,5,8,2,10,7,1,0.4216,MEDIUM
10,5,1,10,8,1,6,3,8,8,5,1,3,6,9,9,4,6,9,7,0.7089,HIGH
9,2,3,3,6,10,6,8,3,5,5,7,2,8,7,8,10,3,10,9,0.6107,HIGH
9,5,3,6,10,10,6,10,10,7,2,1,1,3,4,2,2,8,8,6,0.6155,HIGH
4,4,2,3,7,7,2,1,10,5,2,1,2,8,6,10,1,3,6,2,0.5346,MEDIUM
8,7,3,10,9,4,4,5,8,8,5,4,4,3,7,9,4,2,10,1,0.5748,MEDIUM
2,4,1,3,1,6,7,10,9,2,6,3,9,8,4,4,10,8,9,6,0.6145,HIGH
6,10,9,3,2,8,7,7,2,10,2,3,9,5,2,2,8,4,1,10,0.4295,MEDIUM
9,6,1,4,5,5,7,6,2,3,5,2,9,10,4,9,10,9,5,7,0.6466,HIGH
10,1,9,2,10,8,5,1,1,6,7,5,4,6,1,3,4,9,6,1,0.5864,MEDIUM
4,8,2,10,10,1,6,2,7,10,10,2,9,8,3,5,1,2,1,8,0.6205,HIGH
9,4,6,7,8,5,4,1,1,1,4,9,10,7,1,9,8,1,7,7,0.5971,MEDIUM
3,7,7,9,3,2,8,2,10,6,6,4,6,7,1,4,4,2,10,1,0.4407,MEDIUM
4,7,9,10,1,1,4,1,2,1,3,8,3,5,1,6,6,10,4,5,0.3382,LOW
3,10,7,8,2,2,2,5,9,4,8,6,4,8,5,6,9,5,4,9,0.5005,MEDIUM
5,6,9,9,2,1,6,7,10,8,5,2,4,3,9,4,5,9,4,2,0.4522,MEDIUM
6,3,1,4,8,8,2,1,8,1,5,5,10,7,5,2,1,5,10,7,0.6104,HIGH
8,1,7,7,8,1,4,4,7,3,7,9,1,5,1,9,6,1,10,6,0.4656,MEDIUM
5,10,4,1,6,10,7,7,1,2,9,7,5,9,8,7,10,10,9,5,0.589,MEDIUM
3,7,8,4,3,1,5,5,2,4,9,5,6,10,7,1,10,5,6,5,0.4215,MEDIUM
5,10,1,2,5,10,6,5,3,8,8,1,8,1,8,1,6,8,9,4,0.494,MEDIUM
7,1,10,2,5,10,9,6,2,8,3,5,5,5,8,3,4,3,3,10,0.3928,MEDIUM
1,4,2,1,3,9,8,10,6,1,9,4,1,5,5,1,6,9,1,10,0.406,MEDIUM
4,6,2,2,9,8,2,9,2,4,4,6,10,6,7,2,7,5,3,1,0.5218,MEDIUM
6,10,6,6,7,6,8,5,10,1,3,6,1,5,3,10,1,2,10,4,0.4418,MEDIUM
6,9,9,10,6,4,7,10,1,3,7,2,2,4,10,9,10,9,7,9,0.4762,MEDIUM
2,9,1,10,8,9,9,8,6,5,4,10,5,4,6,4,6,4,8,6,0.4426,MEDIUM
2,4,8,7,6,2,6,9,9,2,6,8,10,4,8,7,4,10,3,9,0.4921,MEDIUM
4,7,10,3,10,5,5,6,6,2,2,7,7,9,3,10,8,4,3,8,0.5668,MEDIUM
1,3,2,7,5,9,8,2,3,1,7,1,3,2,3,9,9,7,7,6,0.5229,MEDIUM
3,7,9,4,5,2,6,6,10,10,10,2,1,2,6,8,7,8,7,5,0.4565,MEDIUM
8,3,3,10,9,2,3,1,10,10,6,8,7,6,8,3,9,10,5,2,0.5902,MEDIUM
4,5,8,6,1,10,9,9,10,9,7,5,6,7,6,3,3,1,4,7,0.4835,MEDIUM
9,5,10,10,6,2,6,5,3,2,5,5,8,8,4,3,5,5,10,2,0.381,MEDIUM
4,5,3,2,4,9,9,3,1,10,1,9,9,4,1,8,1,6,4,5,0.4367,MEDIUM
10,7,8,9,3,8,5,2,2,8,7,8,5,2,3,5,2,6,2,4,0.4297,MEDIUM
2,6,3,9,6,5,8,9,2,6,1,7,2,9,6,4,9,1,1,4,0.4445,MEDIUM
3,10,7,4,4,5,8,3,8,3,8,5,3,4,2,9,4,1,7,2,0.4684,MEDIUM
8,9,10,4,3,1,7,5,10,7,10,4,6,8,9,3,5,4,5,8,0.5062,MEDIUM
8,7,10,6,9,8,5,2,4,2,5,7,8,6,4,7,2,3,8,6,0.467,MEDIUM
2,6,7,3,8,8,10,7,4,1,5,5,9,4,7,1,9,6,5,6,0.3891,MEDIUM
7,7,8,7,7,5,1,5,8,4,6,1,5,8,7,4,10,3,9,4,0.6752,HIGH
2,10,10,6,3,10,9,1,1,7,2,6,6,9,2,1,9,4,6,9,0.4135,MEDIUM
4,3,9,7,4,5,3,6,6,7,4,9,4,1,1,1,9,2,9,7,0.4783,MEDIUM
8,1,3,5,5,1,4,4,1,5,2,7,7,3,5,2,2,2,9,7,0.4324,MEDIUM
1,1,9,10,3,2,10,7,4,10,5,6,7,9,1,5,5,8,4,2,0.5079,MEDIUM
5,10,8,7,5,7,2,4,7,9,5,8,5,9,9,4,7,1,8,7,0.4831,MEDIUM
6,9,2,8,4,10,1,7,4,8,6,8,10,2,5,6,3,2,2,9,0.5159,MEDIUM
3,4,8,10,4,2,3,7,10,8,9,10,4,1,8,5,7,5,6,3,0.4559,MEDIUM
1,6,10,10,7,1,5,4,9,8,9,8,6,4,6,8,8,9,9,2,0.5265,MEDIUM
2,7,2,7,3,1,3,9,2,3,4,8,2,1,7,8,3,9,8,3,0.3838,MEDIUM
9,7,7,1,5,2,7,5,5,9,6,10,6,10,3,3,5,9,4,10,0.4715,MEDIUM
6,9,10,5,8,8,4,6,3,3,9,8,1,6,7,3,3,8,2,1,0.3876,MEDIUM
5,4,4,2,9,8,6,2,1,10,8,10,3,2,6,9,4,6,1,4,0.4287,MEDIUM
5,5,7,10,5,6,10,7,5,9,9,4,2,10,3,2,4,5,3,5,0.5768,MEDIUM
10,2,3,9,10,7,6,10,10,10,5,10,8,4,3,1,4,4,2,10,0.5329,MEDIUM
3,3,3,8,1,6,2,1,3,9,8,7,8,6,5,9,2,4,9,7,0.5937,MEDIUM
7,7,8,6,5,9,6,9,2,10,4,3,5,3,7,9,8,8,5,2,0.5832,MEDIUM
9,7,6,3,1,6,8,6,7,4,10,9,4,7,6,3,1,4,8,6,0.3504,MEDIUM
9,4,1,10,5,6,2,6,5,9,1,10,5,1,5,8,7,1,5,5,0.5196,MEDIUM
1,10,1,8,10,8,8,3,8,9,2,1,6,1,10,3,3,3,2,7,0.424,MEDIUM
2,1,8,1,6,2,9,5,4,10,1,6,6,3,10,6,9,1,7,7,0.3381,LOW
1,2,4,9,3,5,2,3,8,1,5,10,4,9,7,3,1,5,5,9,0.4189,MEDIUM
6,2,6,8,10,2,10,8,2,2,2,3,2,3,6,10,1,3,1,4,0.3556,MEDIUM
6,8,2,4,5,4,3,5,1,7,5,3,5,3,10,6,7,4,4,5,0.5145,MEDIUM
4,3,5,5,8,5,2,8,6,10,6,6,9,8,3,1,10,7,3,9,0.6763,HIGH
10,4,7,6,5,4,6,9,9,5,2,9,4,5,4,8,5,1,2,9,0.5453,MEDIUM
3,8,3,8,10,6,6,10,7,10,1,6,2,6,1,3,7,8,6,6,0.6066,HIGH
2,3,6,5,3,8,9,3,1,8,10,8,10,10,7,7,8,4,5,6,0.4659,MEDIUM
10,6,8,7,5,1,4,9,2,7,7,5,10,7,10,1,3,9,3,5,0.4679,MEDIUM
10,9,4,10,3,3,6,1,2,5,3,6,8,7,3,8,1,3,4,3,0.4529,MEDIUM
5,5,2,3,4,4,7,2,4,3,9,6,1,8,3,6,2,8,9,7,0.4344,MEDIUM
4,8,7,8,4,2,7,3,6,3,7,6,5,7,10,7,9,2,6,8,0.4619,MEDIUM
10,1,4,10,3,4,6,6,6,9,1,10,10,7,2,4,3,8,4,1,0.5348,MEDIUM
4,5,7,2,6,7,3,7,3,5,5,7,8,1,5,7,3,3,7,9,0.4572,MEDIUM
2,8,2,6,2,7,1,3,6,3,10,9,7,8,1,8,7,7,1,5,0.5618,MEDIUM
7,5,2,10,8,9,6,8,6,9,6,2,3,7,9,7,2,3,1,6,0.59,MEDIUM
10,5,4,9,10,8,7,1,8,5,1,2,8,8,6,1,10,6,5,7,0.5856,MEDIUM
6,5,1,9,5,3,5,6,7,1,8,6,5,1,10,2,6,1,9,7,0.513,MEDIUM
4,3,2,9,2,3,3,8,7,5,6,8,10,4,9,10,8,1,2,6,0.4845,MEDIUM
6,1,3,10,2,7,9,2,6,5,7,7,1,3,5,2,7,2,4,10,0.4913,MEDIUM
5,5,10,9,9,4,1,6,10,8,4,7,5,3,5,9,1,10,7,3,0.5793,MEDIUM
5,5,1,7,4,1,7,3,5,5,8,10,6,2,4,4,1,6,4,2,0.3821,MEDIUM
10,5,10,8,10,7,10,6,9,7,8,9,1,6,6,6,6,8,3,8,0.5575,MEDIUM
8,4,9,3,7,5,7,1,10,2,8,9,6,2,4,9,6,5,5,6,0.4222,MEDIUM
8,8,1,3,10,10,3,10,6,10,7,7,1,5,9,8,4,7,9,3,0.637,HIGH
7,10,2,2,7,4,4,2,10,5,3,3,7,9,7,6,4,7,10,5,0.5315,MEDIUM
6,6,2,6,9,9,9,7,4,7,8,8,5,8,3,3,7,5,1,9,0.5402,MEDIUM
6,8,3,2,7,10,7,7,7,4,1,10,4,3,10,10,9,2,10,10,0.5364,MEDIUM
7,1,6,10,4,3,10,8,2,6,1,10,7,9,9,4,3,8,6,4,0.4218,MEDIUM
3,8,4,6,3,5,2,1,4,10,8,8,4,10,8,4,3,8,9,2,0.4159,MEDIUM
10,6,3,4,8,2,1,1,7,9,8,7,2,7,5,9,2,10,9,1,0.5044,MEDIUM
8,8,1,5,7,1,6,7,9,8,7,2,2,3,5,10,2,3,6,7,0.5687,MEDIUM
6,3,4,8,4,5,2,6,2,8,8,4,5,6,5,8,6,8,5,10,0.571,MEDIUM
5,10,1,3,3,9,5,1,4,6,10,6,5,5,3,10,5,8,8,5,0.6091,HIGH
3,3,3,10,5,7,5,4,1,4,10,5,3,10,1,5,6,9,9,7,0.5334,MEDIUM
8,10,3,6,3,10,9,6,9,6,7,8,3,9,8,3,8,7,1,2,0.5401,MEDIUM
6,4,5,4,4,3,5,10,2,4,6,8,8,10,1,9,4,4,6,1,0.5251,MEDIUM
7,2,6,9,2,5,9,9,9,2,1,8,10,9,4,4,5,3,4,4,0.4906,MEDIUM
8,3,1,10,5,9,5,2,4,2,3,9,5,1,4,4,4,10,10,8,0.5226,MEDIUM
8,2,9,1,6,2,4,8,2,8,2,8,4,2,9,10,4,10,8,5,0.4771,MEDIUM
10,1,10,7,2,8,4,10,10,8,1,5,7,10,5,8,3,6,9,8,0.6485,HIGH
9,5,5,5,9,4,6,5,9,9,5,8,2,3,8,1,6,9,8,8,0.5719,MEDIUM
3,3,2,7,5,2,8,6,9,3,4,2,4,4,5,9,5,6,9,8,0.5546,MEDIUM
2,5,10,4,10,3,6,3,4,7,3,3,10,3,6,9,8,10,7,5,0.5227,MEDIUM
4,5,8,5,6,3,5,6,6,6,8,5,7,10,7,7,1,7,1,7,0.4799,MEDIUM
6,3,8,5,1,4,4,5,5,6,1,6,7,7,6,9,9,4,4,10,0.5033,MEDIUM
9,8,5,2,2,4,3,6,8,10,8,1,7,8,4,5,10,10,7,1,0.629,HIGH
2,1,6,5,9,6,8,5,2,8,3,2,6,7,3,3,10,5,10,4,0.4871,MEDIUM
9,2,8,4,6,10,9,5,9,9,5,1,3,2,6,6,8,4,3,6,0.4905,MEDIUM
8,4,8,6,6,4,5,5,10,1,3,2,7,7,7,8,1,9,1,9,0.552,MEDIUM
6,1,10,7,1,9,6,9,8,5,10,6,2,2,10,2,9,2,9,3,0.4846,MEDIUM
9,2,10,8,10,4,2,7,5,8,8,3,6,2,3,10,6,8,9,7,0.6704,HIGH
1,7,10,5,1,10,7,1,1,4,6,7,3,5,4,10,6,9,8,4,0.4118,MEDIUM
10,6,10,3,4,3,4,5,3,2,1,9,10,1,3,9,6,2,6,6,0.425,MEDIUM
4,4,4,5,3,7,5,4,4,6,1,3,8,2,7,1,8,4,7,1,0.4062,MEDIUM
8,8,7,4,4,7,10,2,2,3,9,10,9,2,3,4,2,8,10,6,0.3966,MEDIUM
6,7,4,4,2,9,6,8,5,9,2,8,1,1,7,7,7,2,6,6,0.4412,MEDIUM
5,2,7,5,4,2,7,8,1,5,6,1,3,4,3,10,1,3,9,3,0.4275,MEDIUM
3,8,1,1,10,4,5,6,10,7,3,7,3,3,9,3,3,6,2,3,0.4163,MEDIUM
1,8,4,5,7,6,5,10,6,1,1,6,1,8,1,3,7,1,9,7,0.3986,MEDIUM
10,9,3,3,2,1,6,4,2,7,2,2,8,8,7,9,8,3,10,1,0.5189,MEDIUM
5,8,8,5,3,6,9,6,10,2,8,8,10,4,3,4,9,3,3,4,0.4689,MEDIUM
2,2,7,5,10,2,4,4,5,3,5,6,8,10,9,9,10,5,3,6,0.5325,MEDIUM
7,6,3,10,1,7,1,4,3,1,3,1,4,3,7,6,1,10,8,8,0.556,MEDIUM
6,4,10,7,8,4,8,10,5,9,8,2,5,9,6,6,3,5,6,8,0.6444,HIGH
9,8,2,6,9,5,2,6,7,1,9,3,2,4,8,2,2,9,5,3,0.5461,MEDIUM
6,5,8,7,9,2,9,3,7,9,4,3,4,1,4,6,9,10,3,10,0.4597,MEDIUM
9,9,1,9,6,9,4,9,3,6,3,2,3,10,4,3,9,10,7,4,0.5877,MEDIUM
5,1,7,5,7,9,7,8,8,6,3,5,1,2,5,9,5,4,10,10,0.5417,MEDIUM
2,1,7,3,3,8,3,4,7,3,7,7,10,4,4,6,2,4,5,3,0.4677,MEDIUM
7,2,10,3,4,8,3,5,6,1,2,9,5,9,2,10,8,4,8,5,0.5429,MEDIUM
2,9,10,8,3,2,6,5,1,7,5,2,8,7,10,3,8,5,4,9,0.3876,MEDIUM
2,2,10,10,6,4,8,7,7,1,2,5,5,5,9,6,7,5,6,2,0.4297,MEDIUM
1,2,8,4,10,8,4,10,7,5,2,8,9,10,10,7,10,9,7,1,0.542,MEDIUM
10,2,10,2,10,2,2,4,6,10,10,7,7,1,6,8,8,10,9,1,0.5644,MEDIUM
7,7,1,4,10,3,1,6,2,5,7,1,8,5,6,6,6,4,5,8,0.5271,MEDIUM
1,6,8,5,3,4,9,9,6,7,6,3,8,2,6,6,10,9,4,6,0.4575,MEDIUM
5,2,2,7,6,10,8,3,7,4,5,8,6,6,8,6,3,3,6,1,0.4182,MEDIUM
2,4,10,5,9,9,5,9,9,3,7,10,2,4,2,2,10,7,5,3,0.461,MEDIUM
6,9,6,7,3,7,2,5,10,10,2,6,4,8,1,4,9,3,5,1,0.5699,MEDIUM
8,4,4,4,4,8,4,3,1,5,4,1,10,8,8,7,9,9,10,4,0.562,MEDIUM
7,3,9,10,7,10,7,5,6,5,7,6,6,4,6,9,6,2,3,6,0.6442,HIGH
4,9,10,3,2,9,8,9,6,2,10,4,6,9,4,8,5,10,1,8,0.5308,MEDIUM
10,8,8,10,7,2,3,1,9,8,9,1,6,8,3,2,6,2,5,10,0.6018,HIGH
5,1,10,8,7,3,7,4,8,5,9,5,6,4,10,9,7,3,9,10,0.5157,MEDIUM
6,1,10,1,6,10,2,2,10,2,9,7,3,4,4,10,3,3,1,8,0.5225,MEDIUM
2,6,2,2,7,10,7,7,7,8,3,6,3,2,5,6,3,7,5,8,0.4714,MEDIUM
2,3,5,7,4,4,6,2,6,8,2,9,5,1,10,1,9,1,6,2,0.3493,LOW
3,1,9,1,1,6,7,5,1,10,10,6,2,3,4,10,8,3,9,4,0.5691,MEDIUM
6,2,3,10,6,10,3,8,3,9,3,8,1,10,1,9,2,5,5,2,0.5906,MEDIUM
6,3,10,9,3,2,8,4,10,3,10,6,8,9,7,8,2,9,2,6,0.5571,MEDIUM
4,6,3,4,8,4,7,1,6,1,8,10,2,9,2,6,9,10,10,9,0.5163,MEDIUM
9,7,9,4,5,6,3,8,4,5,7,7,7,7,2,8,1,8,2,6,0.5208,MEDIUM
9,8,10,7,5,8,5,1,9,1,4,2,5,10,10,9,3,6,1,9,0.5542,MEDIUM
1,1,5,7,4,6,9,1,7,9,9,3,9,6,1,4,2,8,3,4,0.5083,MEDIUM
6,2,4,8,4,10,10,1,1,7,4,2,5,1,4,6,3,7,4,6,0.5503,MEDIUM
7,1,3,3,10,4,10,5,7,10,5,4,5,7,1,7,7,7,5,4,0.6339,HIGH
8,5,10,1,7,1,8,3,4,2,2,2,3,8,2,3,9,6,3,5,0.3831,MEDIUM
7,5,9,5,5,10,5,2,2,7,4,2,9,8,4,3,9,1,8,8,0.5697,MEDIUM
2,2,4,1,7,3,2,2,4,7,10,6,8,3,8,10,1,9,4,4,0.5278,MEDIUM
6,1,10,1,3,6,5,3,6,8,4,1,7,7,3,5,9,2,4,3,0.5193,MEDIUM
4,6,8,1,8,2,4,10,9,5,9,3,3,9,6,1,2,2,7,9,0.4316,MEDIUM
9,1,10,3,6,6,1,3,2,4,1,7,1,10,1,7,10,2,4,1,0.4376,MEDIUM
10,9,2,1,8,10,7,5,10,7,8,4,8,10,5,6,8,8,3,8,0.6457,HIGH
9,6,4,3,5,3,7,5,3,6,1,7,5,3,1,8,7,9,4,7,0.4859,MEDIUM
3,6,4,7,7,7,8,8,8,7,8,6,6,6,7,3,9,4,4,4,0.5526,MEDIUM
4,10,4,10,6,8,9,7,6,5,4,7,3,8,2,9,8,5,10,7,0.5793,MEDIUM
1,4,4,6,9,3,7,9,7,3,8,1,4,7,10,3,5,10,3,7,0.4688,MEDIUM
10,4,3,7,6,8,4,3,8,6,10,10,9,1,2,2,2,1,1,1,0.4985,MEDIUM
6,2,6,6,4,3,4,5,2,6,10,6,10,8,8,6,3,5,5,2,0.5244,MEDIUM
9,3,3,3,7,2,9,10,7,3,9,9,8,5,4,2,3,8,2,1,0.5002,MEDIUM
3,7,8,7,8,3,1,10,6,8,10,10,3,8,1,8,10,6,6,2,0.6321,HIGH
6,2,3,3,10,5,7,3,2,4,6,5,2,6,10,8,1,10,10,7,0.5389,MEDIUM
3,6,5,4,9,5,9,1,8,6,3,1,4,5,5,8,7,6,1,5,0.485,MEDIUM
8,2,6,9,1,3,10,1,10,1,5,7,4,8,7,7,1,5,7,6,0.4361,MEDIUM
6,9,7,7,6,3,6,5,9,4,8,5,5,2,8,2,6,9,2,1,0.3502,MEDIUM
3,2,4,2,3,6,2,3,10,4,2,2,1,1,6,10,2,3,10,8,0.5005,MEDIUM
6,2,10,2,1,3,4,2,3,2,2,1,7,4,4,1,2,7,6,9,0.4028,MEDIUM
4,8,4,8,10,3,8,5,10,1,8,3,9,1,2,3,4,5,3,9,0.5275,MEDIUM
10,4,2,2,4,3,6,4,3,7,10,5,10,7,9,5,4,7,5,6,0.4823,MEDIUM
4,9,1,5,5,3,2,1,2,8,6,1,10,7,2,8,1,2,6,10,0.5012,MEDIUM
6,10,2,10,5,6,8,6,8,6,8,5,8,6,9,4,4,10,3,1,0.5532,MEDIUM
6,7,8,8,6,7,8,8,8,3,3,7,7,1,3,6,7,3,7,6,0.4873,MEDIUM
1,7,3,3,10,3,4,2,1,7,8,3,5,6,4,1,8,7,3,5,0.4939,MEDIUM
9,5,4,4,8,10,8,7,7,3,8,1,6,2,2,6,8,10,5,3,0.6178,HIGH
4,9,8,4,7,8,1,5,3,6,5,10,7,10,2,10,3,9,5,6,0.5401,MEDIUM
6,3,6,10,8,2,1,8,6,7,4,4,6,4,6,8,5,9,6,10,0.6709,HIGH
6,4,3,6,10,4,10,10,4,4,8,10,8,1,6,9,2,7,3,10,0.5016,MEDIUM
6,2,9,8,8,10,5,2,8,7,4,5,3,6,1,8,4,4,1,6,0.5483,MEDIUM
6,10,8,9,3,5,6,8,6,10,9,4,4,10,10,2,5,1,4,9,0.4704,MEDIUM
9,5,4,7,7,1,5,5,4,3,5,1,1,7,2,6,8,3,8,7,0.5326,MEDIUM
9,3,10,8,6,2,5,8,5,4,10,8,5,3,10,3,6,1,2,1,0.3876,MEDIUM
6,9,8,6,3,6,7,9,1,7,6,7,3,6,10,1,5,6,10,10,0.4478,MEDIUM
1,9,1,3,8,2,2,3,3,2,9,3,4,2,6,6,6,2,7,6,0.4142,MEDIUM
2,8,7,9,1,9,7,7,3,9,2,4,8,3,2,5,4,4,1,9,0.5113,MEDIUM
1,1,4,8,1,1,4,4,3,3,9,6,6,7,7,1,9,5,8,1,0.4087,MEDIUM
7,9,2,1,4,10,1,4,4,10,8,1,6,2,10,6,9,3,7,4,0.5314,MEDIUM
3,9,1,10,5,5,9,6,9,7,3,4,10,5,6,4,6,5,7,2,0.4991,MEDIUM
5,8,1,8,10,9,7,4,3,2,1,7,2,4,4,10,5,4,10,5,0.5579,MEDIUM
6,8,1,4,10,5,4,9,1,5,1,4,3,6,4,8,7,6,8,7,0.5634,MEDIUM
10,3,8,8,9,10,5,4,2,10,2,1,1,10,1,1,5,1,5,8,0.6135,HIGH
7,10,3,2,1,6,4,4,7,6,2,5,7,1,5,1,2,5,3,5,0.3128,LOW
8,4,2,1,8,3,1,2,2,4,8,10,9,5,5,1,10,8,2,3,0.494,MEDIUM
4,2,7,7,1,1,8,7,8,7,3,1,10,1,2,5,5,8,4,5,0.5411,MEDIUM
1,5,4,4,8,1,1,10,7,9,8,4,1,5,6,2,10,6,8,8,0.5755,MEDIUM
9,3,6,6,9,9,3,6,6,7,3,10,7,6,8,6,5,3,8,9,0.6204,HIGH
7,6,7,2,10,5,3,6,6,8,8,9,3,1,6,9,3,10,6,9,0.5182,MEDIUM
3,10,3,4,7,2,7,2,9,9,1,9,2,10,1,5,9,3,4,6,0.5064,MEDIUM
8,2,6,6,9,7,9,7,4,10,6,7,2,4,8,3,4,1,9,2,0.5642,MEDIUM
8,3,2,5,4,7,5,4,9,2,4,1,1,1,5,2,4,3,2,2,0.4133,MEDIUM
5,8,2,7,6,7,1,10,5,6,7,6,4,5,7,10,10,8,10,10,0.6544,HIGH
1,8,1,8,6,6,1,5,8,7,9,2,7,10,10,6,8,1,7,1,0.6304,HIGH
8,2,8,5,9,2,2,4,2,8,7,6,4,10,8,1,6,5,9,8,0.6021,HIGH
4,10,7,2,1,3,10,1,9,8,2,9,3,8,5,10,7,9,1,5,0.3513,MEDIUM
10,2,9,8,3,8,5,3,1,5,10,6,7,2,3,2,4,8,8,4,0.4999,MEDIUM
1,7,3,7,1,5,3,4,6,10,8,4,8,2,2,3,3,3,10,10,0.5276,MEDIUM
1,8,8,6,7,1,9,6,9,2,7,8,1,5,7,9,7,2,2,2,0.2907,LOW
5,6,8,7,9,4,3,2,1,3,2,10,3,4,8,9,6,9,5,8,0.391,MEDIUM
2,3,10,7,2,9,1,4,4,3,5,3,7,1,6,1,9,1,2,9,0.3932,MEDIUM
5,10,9,1,5,3,6,4,8,4,4,8,8,8,4,2,3,7,9,9,0.4026,MEDIUM
2,3,3,9,3,2,8,9,2,10,3,4,7,6,4,5,7,1,7,1,0.4819,MEDIUM
6,7,1,4,6,7,8,10,4,3,8,10,9,7,3,4,10,9,5,8,0.5983,MEDIUM
2,7,10,1,7,2,9,2,3,1,6,5,7,5,8,6,5,9,10,6,0.4398,MEDIUM
5,8,9,8,7,10,9,10,10,10,3,8,6,2,8,6,9,9,10,2,0.5156,MEDIUM
5,5,5,5,10,9,4,6,6,4,10,4,6,5,4,6,9,7,5,5,0.656,HIGH
10,7,4,10,3,5,4,6,9,9,6,4,8,10,9,3,2,5,4,4,0.5526,MEDIUM
10,6,3,8,6,4,7,8,5,10,8,9,6,3,5,10,2,5,2,7,0.548,MEDIUM
9,7,1,2,4,5,8,8,9,10,5,9,10,7,4,5,1,7,8,10,0.6159,HIGH
2,8,7,7,6,2,3,3,2,6,1,1,2,5,2,9,9,5,3,2,0.3884,MEDIUM
7,4,1,10,1,1,2,6,10,5,5,7,4,4,4,10,10,10,5,9,0.6486,HIGH
6,4,3,1,9,10,6,4,3,7,4,9,10,1,3,2,10,10,5,8,0.5622,MEDIUM
2,2,4,7,4,4,8,10,3,3,4,5,2,1,4,5,7,10,10,7,0.5253,MEDIUM
8,4,4,2,2,7,8,8,3,7,10,7,1,9,5,4,8,7,9,6,0.556,MEDIUM
6,1,8,9,10,7,8,10,4,6,3,2,10,7,3,7,4,4,6,6,0.7204,HIGH
7,5,4,5,4,7,10,8,1,10,4,2,8,1,7,10,6,6,7,1,0.4856,MEDIUM
8,7,8,7,2,7,5,6,4,5,6,5,8,3,3,4,10,9,10,9,0.5621,MEDIUM
4,1,7,6,1,4,2,3,2,10,9,1,5,2,9,5,8,3,5,3,0.4473,MEDIUM
7,5,3,4,7,5,3,9,2,4,2,10,1,10,3,5,9,8,7,3,0.5,MEDIUM
4,1,4,10,2,2,2,5,3,9,2,8,9,6,3,3,9,3,4,1,0.4689,MEDIUM
6,3,5,9,1,9,9,1,7,3,3,1,8,3,3,4,10,6,10,5,0.5976,MEDIUM
8,4,8,3,2,4,3,10,1,2,7,3,1,5,8,9,8,7,9,9,0.579,MEDIUM
7,9,8,9,6,10,10,7,5,9,7,3,9,8,3,1,4,2,10,6,0.5438,MEDIUM
5,2,10,7,7,7,5,6,1,6,8,4,1,4,7,3,8,10,3,5,0.4556,MEDIUM
7,4,3,1,4,8,5,8,7,8,8,6,4,8,3,7,1,4,3,2,0.5411,MEDIUM
5,6,1,6,8,7,7,2,10,5,6,9,9,8,1,8,2,6,6,4,0.5501,MEDIUM
5,9,3,1,2,3,9,5,1,1,9,4,9,6,1,8,7,6,10,8,0.5253,MEDIUM
6,10,6,5,6,1,9,10,2,8,8,7,9,1,9,10,9,2,3,7,0.4581,MEDIUM
6,8,5,3,3,4,2,10,7,5,7,4,1,1,5,1,3,4,7,10,0.4005,MEDIUM
4,7,3,7,9,10,5,4,1,2,3,1,5,8,2,4,8,3,8,2,0.5897,MEDIUM
2,8,6,10,6,8,5,10,9,9,6,6,9,3,10,9,5,10,4,4,0.6496,HIGH
1,7,8,5,6,9,5,8,7,1,10,5,5,2,3,9,4,4,4,8,0.4755,MEDIUM
3,2,9,9,6,7,7,7,10,6,5,2,4,3,10,8,2,6,1,7,0.4789,MEDIUM
7,7,3,7,8,1,6,6,2,5,4,8,8,7,10,4,7,7,4,5,0.4725,MEDIUM
4,10,3,6,3,10,6,10,7,2,2,2,2,1,3,9,7,8,2,3,0.4967,MEDIUM
1,1,8,3,1,3,5,6,6,10,2,1,3,5,6,2,1,10,2,1,0.4152,MEDIUM
10,1,4,3,7,8,2,5,10,5,10,9,2,10,5,3,2,8,10,5,0.7026,HIGH
3,9,2,8,10,4,5,1,7,6,3,8,8,6,9,5,5,7,7,4,0.4707,MEDIUM
5,6,4,4,8,3,3,1,2,1,10,2,3,2,8,3,3,2,5,6,0.357,MEDIUM
6,10,4,8,7,7,2,9,10,5,4,8,1,6,3,7,4,6,2,1,0.4504,MEDIUM
1,5,7,3,8,8,7,6,8,3,6,7,6,10,3,1,3,5,7,2,0.4319,MEDIUM
8,6,3,1,3,4,9,10,8,5,4,3,7,1,1,6,6,10,6,6,0.5431,MEDIUM
1,2,8,9,4,4,3,6,9,5,9,7,9,10,10,10,4,7,1,8,0.6329,HIGH
10,9,5,9,8,1,5,6,1,7,10,2,8,7,8,10,10,4,6,10,0.6071,HIGH
4,8,5,5,1,4,10,5,7,5,1,9,4,1,4,8,4,7,1,7,0.359,MEDIUM
1,2,5,9,9,7,1,9,5,10,1,8,10,4,9,9,5,2,4,7,0.566,MEDIUM
9,6,3,9,4,1,7,2,6,4,8,1,2,3,5,3,5,5,7,3,0.5142,MEDIUM
7,4,3,6,2,5,5,9,9,2,2,3,2,1,4,2,5,3,2,8,0.5511,MEDIUM
6,2,9,9,8,9,2,8,10,5,2,6,2,6,3,7,4,9,5,1,0.5565,MEDIUM
10,2,2,3,3,6,3,9,9,4,8,6,1,6,7,7,2,9,7,4,0.5526,MEDIUM
3,4,10,8,10,2,4,8,9,8,7,6,6,4,1,1,8,4,1,10,0.5918,MEDIUM
6,1,6,6,7,1,6,8,2,3,2,10,9,9,2,10,3,8,8,9,0.5884,MEDIUM
9,6,2,10,1,6,4,5,9,7,5,1,2,1,5,3,5,7,3,5,0.6016,HIGH
6,7,2,9,6,2,8,5,5,7,1,1,5,6,3,2,3,9,10,10,0.5789,MEDIUM
2,6,2,2,5,6,6,2,3,10,4,10,2,4,1,5,5,9,9,2,0.4301,MEDIUM
9,10,9,5,9,5,2,7,1,5,7,2,6,5,1,3,2,2,10,1,0.5125,MEDIUM
2,8,1,8,6,7,9,2,5,3,10,9,4,2,6,3,3,10,2,1,0.4332,MEDIUM
8,4,3,3,9,4,7,1,9,5,10,4,8,9,4,1,7,4,10,7,0.6328,HIGH
4,9,5,6,3,7,10,7,10,5,5,4,10,2,7,5,10,8,1,2,0.4925,MEDIUM
7,10,4,5,3,10,3,10,2,4,3,1,4,4,1,2,7,3,4,5,0.5371,MEDIUM
2,10,1,4,2,1,7,2,6,4,8,3,3,2,6,6,7,7,9,5,0.469,MEDIUM
8,4,3,4,7,6,4,4,8,8,5,7,1,5,1,7,8,3,1,1,0.5664,MEDIUM
8,9,5,4,7,2,5,3,5,5,3,7,1,8,9,2,10,8,6,5,0.4537,MEDIUM
4,8,4,5,8,7,5,3,8,4,8,3,1,4,8,7,4,9,9,3,0.4989,MEDIUM
2,5,6,9,5,2,5,9,5,7,1,2,10,2,4,5,5,4,9,10,0.5503,MEDIUM
10,9,3,8,9,1,3,1,6,9,7,10,6,1,8,4,3,2,5,7,0.4983,MEDIUM
5,5,10,4,7,10,10,10,6,2,7,8,10,4,4,6,1,6,6,8,0.4673,MEDIUM
4,9,6,8,4,7,9,1,2,2,10,3,4,7,1,4,8,7,9,2,0.4925,MEDIUM
2,9,8,3,4,4,4,6,2,1,5,1,10,7,2,5,10,8,4,2,0.4509,MEDIUM
6,4,10,2,2,5,10,9,4,1,8,5,9,3,1,8,4,7,6,2,0.4511,MEDIUM
2,9,10,4,10,5,1,7,6,6,8,9,3,1,2,10,1,5,4,3,0.49,MEDIUM
3,4,1,3,4,4,4,3,5,8,1,8,4,10,3,1,2,4,6,5,0.441,MEDIUM
7,3,2,3,8,7,1,3,6,1,9,3,7,2,2,3,4,2,3,7,0.5352,MEDIUM
2,7,4,3,5,9,9,9,10,10,6,8,3,10,9,10,4,8,7,3,0.4845,MEDIUM
10,8,5,6,5,10,4,1,4,7,5,7,9,8,2,10,2,3,1,4,0.5521,MEDIUM
9,2,9,8,7,10,3,1,9,3,9,4,3,4,1,9,10,9,2,4,0.6536,HIGH
9,9,2,6,9,9,2,5,5,6,9,3,3,1,7,8,4,3,4,2,0.6143,HIGH
9,3,10,8,2,7,9,2,6,8,3,5,6,1,1,1,1,1,1,2,0.3488,LOW
6,3,10,2,2,4,8,2,8,9,6,1,10,1,3,6,6,7,2,9,0.5088,MEDIUM
5,5,5,3,2,9,3,10,10,9,8,5,8,9,2,3,3,5,9,10,0.6655,HIGH
1,6,7,8,1,9,7,8,1,1,10,1,1,5,4,7,6,6,2,6,0.5187,MEDIUM
9,5,9,3,7,7,10,2,4,7,3,5,9,4,6,6,1,6,5,3,0.4184,MEDIUM
10,7,1,9,1,8,1,7,4,4,7,10,10,9,8,10,6,1,10,9,0.6389,HIGH
3,3,2,1,5,1,2,7,5,9,2,9,9,1,5,5,3,9,8,8,0.5243,MEDIUM
4,9,4,7,4,9,2,7,5,4,3,2,3,7,10,5,3,9,10,5,0.5241,MEDIUM
7,5,3,1,4,7,3,6,9,7,4,2,5,5,2,8,1,7,5,7,0.5544,MEDIUM
3,6,6,5,1,3,7,4,6,6,9,3,5,4,1,2,8,7,5,7,0.4911,MEDIUM
5,5,9,10,9,9,1,4,2,6,4,9,9,9,3,5,6,3,8,10,0.6374,HIGH
1,6,1,5,1,5,4,4,4,4,6,4,9,5,10,6,2,7,4,3,0.3812,MEDIUM
2,2,2,10,8,9,8,2,9,1,10,4,4,10,2,4,8,4,3,7,0.6053,HIGH
6,4,1,7,1,2,2,10,9,8,6,7,2,8,9,7,9,9,1,1,0.5164,MEDIUM
3,4,1,1,10,2,6,7,2,9,3,10,9,1,4,7,6,8,8,5,0.5534,MEDIUM
5,10,2,7,1,10,4,7,6,10,6,3,1,2,5,10,2,2,9,10,0.4891,MEDIUM
5,2,9,5,4,4,7,9,8,6,1,10,3,7,4,3,3,4,10,10,0.4499,MEDIUM
9,3,2,4,8,5,6,6,7,2,2,5,1,5,3,9,9,7,1,6,0.554,MEDIUM
1,6,4,8,7,7,7,1,9,2,2,3,7,1,1,4,1,9,4,6,0.5237,MEDIUM
7,7,10,2,1,7,3,8,2,6,4,2,3,4,5,6,6,1,7,9,0.4474,MEDIUM
9,3,7,10,2,8,8,7,9,3,10,4,9,5,5,1,2,4,5,9,0.5389,MEDIUM
1,9,8,4,6,5,4,8,9,9,3,7,1,4,4,6,10,2,1,2,0.4864,MEDIUM
6,8,1,10,1,9,6,10,10,2,5,5,10,3,1,8,5,10,3,7,0.5699,MEDIUM
10,10,10,7,10,10,7,5,9,10,10,8,2,9,5,3,9,6,10,7,0.5343,MEDIUM
10,4,3,6,10,2,5,1,9,5,10,10,4,3,4,2,3,4,5,3,0.4954,MEDIUM
7,7,10,9,1,7,10,1,9,8,3,7,2,8,7,1,8,3,4,5,0.3688,MEDIUM
9,4,9,10,4,6,10,6,4,9,3,9,1,5,1,6,7,2,3,10,0.4425,MEDIUM
10,7,6,1,9,3,7,10,6,9,3,7,5,2,9,7,10,7,6,7,0.5506,MEDIUM
2,4,1,9,8,7,2,3,4,9,6,10,6,2,5,4,5,7,9,3,0.5486,MEDIUM
4,10,5,9,5,1,1,3,8,4,1,1,9,7,10,7,7,2,1,2,0.4108,MEDIUM
7,9,4,2,2,4,10,6,1,1,2,7,9,1,10,5,2,5,10,2,0.2488,LOW
6,1,8,7,3,9,4,10,8,7,3,1,6,4,5,5,1,8,8,8,0.6405,HIGH
10,5,7,3,1,8,3,7,7,3,10,3,6,1,9,2,8,8,7,1,0.526,MEDIUM
3,10,10,2,5,1,7,9,9,5,2,4,4,4,8,4,2,3,6,6,0.3349,LOW
3,4,6,7,2,8,9,2,8,1,4,3,2,2,10,3,1,7,2,4,0.4016,MEDIUM
7,4,9,6,3,8,8,9,10,6,7,2,4,4,8,2,9,5,5,5,0.4794,MEDIUM
10,1,3,10,6,1,3,7,5,9,1,2,7,5,5,1,4,8,4,5,0.5168,MEDIUM
2,7,8,9,2,3,8,8,9,3,3,2,1,3,2,8,10,9,3,2,0.4334,MEDIUM
4,5,9,7,3,10,9,6,8,10,8,4,7,4,9,4,2,9,3,9,0.5148,MEDIUM
6,7,1,6,4,10,8,1,8,10,9,7,7,2,8,8,1,7,8,4,0.5375,MEDIUM
7,9,3,1,6,1,7,9,3,2,3,3,4,6,6,3,2,7,6,1,0.3681,MEDIUM
6,9,8,2,5,7,10,3,2,9,3,2,10,3,6,10,7,8,10,1,0.4919,MEDIUM
9,10,9,5,4,7,10,10,9,5,9,1,3,3,1,6,1,10,4,9,0.4944,MEDIUM
7,10,5,9,5,3,5,10,6,10,9,9,2,2,5,6,8,9,9,8,0.6355,HIGH
1,8,2,6,3,4,9,7,8,7,8,4,9,3,1,10,8,5,7,2,0.5467,MEDIUM
10,2,8,8,10,9,8,7,9,3,10,10,7,9,8,3,3,6,9,10,0.6669,HIGH
4,8,1,9,6,9,1,7,3,4,6,1,5,1,6,7,7,10,6,8,0.6248,HIGH
10,1,1,2,3,5,9,3,6,6,5,5,3,9,7,8,10,7,4,3,0.5516,MEDIUM
6,10,5,3,4,3,9,10,5,7,4,4,9,10,2,6,7,3,5,2,0.5172,MEDIUM
6,3,9,6,8,3,6,7,3,10,3,7,10,4,4,6,9,10,6,2,0.5679,MEDIUM
4,9,2,9,7,6,6,1,8,9,5,7,9,6,1,10,6,8,5,5,0.6257,HIGH
4,1,4,5,10,2,9,10,2,2,8,10,8,3,1,4,9,6,10,4,0.5921,MEDIUM
5,1,2,6,4,7,5,2,6,5,8,2,6,6,4,2,4,3,6,10,0.569,MEDIUM
4,7,8,9,2,4,7,8,6,1,1,10,5,3,2,5,2,1,6,3,0.3672,MEDIUM
8,7,10,9,2,10,9,8,9,1,10,3,8,1,5,6,3,4,9,9,0.5409,MEDIUM
9,6,7,3,3,6,9,7,7,1,6,10,9,7,8,9,8,5,5,3,0.5187,MEDIUM
3,8,6,9,6,5,9,6,10,7,6,6,10,5,3,9,3,5,10,2,0.5229,MEDIUM
2,7,6,1,3,1,1,1,3,5,6,4,10,4,2,4,3,2,6,6,0.472,MEDIUM
2,4,1,6,6,8,1,9,4,7,9,3,2,5,5,5,9,9,10,7,0.6595,HIGH
7,10,10,8,3,8,4,7,8,8,5,7,3,1,3,6,9,3,6,5,0.4317,MEDIUM
4,2,9,4,3,9,2,3,4,2,3,4,10,3,1,5,10,2,1,7,0.4885,MEDIUM
1,2,9,4,7,5,8,3,4,9,8,6,1,9,3,8,7,9,2,8,0.4839,MEDIUM
3,3,6,8,8,6,5,6,9,5,8,3,7,3,10,1,6,3,10,2,0.5503,MEDIUM
9,8,7,9,4,2,7,1,9,3,8,2,8,3,2,8,4,4,8,4,0.4906,MEDIUM
10,10,3,1,6,3,3,3,10,10,10,4,7,3,2,7,6,10,2,5,0.571,MEDIUM
4,9,9,3,4,3,6,6,4,10,9,4,6,9,5,5,7,2,8,8,0.4244,MEDIUM
8,4,3,7,5,4,1,10,6,5,5,10,8,10,2,3,8,10,10,8,0.6597,HIGH
1,3,10,3,8,2,3,1,6,4,10,8,9,8,2,4,8,6,3,10,0.4142,MEDIUM
9,9,4,3,3,1,2,3,6,7,1,9,4,3,1,1,5,9,8,10,0.3978,MEDIUM
8,9,9,9,10,8,6,4,6,9,6,3,4,9,7,1,1,4,1,5,0.5082,MEDIUM
5,4,7,2,10,10,6,2,8,2,6,3,4,10,2,1,3,10,3,10,0.5814,MEDIUM
6,1,2,5,4,8,5,9,4,1,10,4,1,10,7,8,2,4,10,8,0.6059,HIGH
2,10,2,3,7,1,3,3,2,4,3,2,8,7,8,3,1,2,10,2,0.3391,LOW
2,2,7,7,2,3,3,1,2,10,1,8,3,6,9,8,4,4,10,4,0.4036,MEDIUM
1,5,10,4,7,7,6,4,9,1,3,8,5,9,2,3,5,3,2,2,0.3832,MEDIUM
5,1,9,7,9,3,6,1,10,6,3,3,10,5,7,3,1,10,4,6,0.4648,MEDIUM
6,7,2,1,4,10,10,6,3,10,8,1,2,4,8,2,3,5,4,7,0.5157,MEDIUM
6,9,6,9,6,7,5,3,4,1,5,2,3,1,3,8,1,7,2,6,0.474,MEDIUM
10,3,8,4,9,8,5,1,3,10,10,1,8,2,7,7,10,1,7,4,0.5745,MEDIUM
3,3,5,9,2,6,6,5,3,1,4,5,1,4,1,2,1,10,6,7,0.44,MEDIUM
8,10,8,6,7,5,10,2,6,8,10,6,6,5,7,3,4,5,8,2,0.4472,MEDIUM
3,5,8,7,1,2,1,9,1,2,9,2,1,4,1,7,9,4,2,8,0.4017,MEDIUM
7,5,2,8,3,7,9,1,9,1,9,2,6,8,2,3,10,1,2,6,0.5234,MEDIUM
1,8,2,4,9,1,7,8,2,4,1,8,4,6,2,1,5,6,9,5,0.3838,MEDIUM
8,5,4,7,3,2,4,1,1,10,7,3,6,9,9,6,8,7,7,10,0.5266,MEDIUM
5,8,1,4,2,9,1,6,4,4,10,7,3,8,5,7,7,7,3,2,0.511,MEDIUM
6,10,2,9,4,3,8,1,1,1,5,7,7,7,2,5,6,10,1,2,0.483,MEDIUM
2,1,8,10,8,8,2,5,1,1,5,10,4,9,9,2,10,5,10,1,0.5034,MEDIUM
6,4,2,6,3,1,5,10,10,9,1,10,5,10,8,7,10,9,8,4,0.5605,MEDIUM
2,4,8,10,8,2,7,7,10,9,5,2,7,7,2,3,4,8,5,1,0.5785,MEDIUM
8,8,10,5,4,4,3,6,7,3,4,9,10,10,5,10,10,2,10,8,0.6171,HIGH
1,2,5,3,7,3,1,4,8,1,9,8,9,3,2,2,7,1,3,1,0.4759,MEDIUM
5,2,9,2,4,6,10,10,9,10,9,10,8,3,2,2,8,1,9,9,0.5413,MEDIUM
10,5,9,1,2,9,7,5,5,9,3,3,2,8,6,9,9,4,10,8,0.5241,MEDIUM
9,6,8,1,9,3,1,1,5,9,1,7,8,6,8,2,3,4,7,10,0.489,MEDIUM
2,5,10,7,2,2,3,9,8,10,5,3,10,7,9,9,3,8,7,10,0.5935,MEDIUM
8,1,5,1,10,6,4,2,5,2,10,7,2,6,7,1,8,9,4,3,0.5247,MEDIUM
8,5,9,9,4,6,7,6,2,8,10,7,3,5,1,10,7,5,10,7,0.6143,HIGH
7,9,4,5,10,7,1,5,8,9,5,3,2,8,1,3,9,6,2,7,0.6531,HIGH
3,3,6,10,4,7,5,9,9,3,1,9,10,4,5,9,7,9,9,4,0.5619,MEDIUM
10,1,7,3,5,7,8,3,9,8,10,10,2,7,1,10,2,2,5,2,0.5694,MEDIUM
4,2,10,4,6,10,3,4,7,2,4,4,8,7,1,6,3,4,1,5,0.5079,MEDIUM
6,9,9,2,7,6,1,3,6,5,5,8,3,5,2,10,2,7,6,1,0.5275,MEDIUM
4,5,5,1,10,7,7,2,8,8,2,9,3,5,10,9,10,9,1,9,0.4558,MEDIUM
9,1,7,8,9,3,2,5,2,8,5,7,9,2,4,6,10,3,7,7,0.6639,HIGH
5,9,7,10,9,10,4,10,7,10,9,8,5,9,7,10,5,2,6,6,0.6357,HIGH
10,5,6,1,2,2,10,3,10,3,1,8,6,4,7,1,6,2,2,8,0.3073,LOW
2,7,1,4,10,9,9,7,4,7,6,4,7,3,2,9,10,5,6,6,0.5751,MEDIUM
10,1,7,8,1,1,1,10,10,5,3,5,9,10,5,3,1,5,7,7,0.5761,MEDIUM
5,9,10,7,7,8,7,1,6,7,5,3,1,5,6,7,6,8,8,6,0.5003,MEDIUM
9,1,10,8,5,6,4,4,9,10,1,7,3,4,6,5,7,7,3,3,0.5265,MEDIUM
7,6,5,1,2,7,6,10,10,6,4,1,1,7,3,3,2,3,3,5,0.4493,MEDIUM
3,8,7,8,8,5,7,3,6,10,2,7,1,2,2,3,5,2,2,6,0.3879,MEDIUM
9,5,9,9,7,1,1,9,1,2,8,10,9,7,8,8,9,3,4,2,0.5857,MEDIUM
3,10,10,6,8,1,5,8,3,7,5,3,7,2,3,2,3,1,4,9,0.4747,MEDIUM
5,4,8,6,4,7,6,10,7,9,1,8,9,6,3,6,5,9,3,5,0.5619,MEDIUM
3,2,9,4,9,6,5,6,5,1,1,7,5,5,6,5,8,6,3,4,0.4293,MEDIUM
2,2,3,4,3,8,5,9,10,8,10,2,8,8,7,4,4,5,3,8,0.6159,HIGH
3,1,4,9,9,7,3,2,8,6,1,9,1,2,10,7,4,1,5,6,0.4634,MEDIUM
4,1,7,10,4,6,9,9,3,5,10,4,6,4,5,1,1,2,9,2,0.4313,MEDIUM
7,8,8,9,5,9,2,7,6,3,5,5,5,6,5,5,7,1,9,4,0.5175,MEDIUM
9,6,2,8,10,10,4,8,9,2,1,6,4,10,2,3,9,8,9,9,0.6221,HIGH
5,9,7,10,10,10,7,10,9,9,3,10,1,5,6,8,10,3,8,2,0.566,MEDIUM
5,8,3,5,7,4,1,2,10,9,7,5,3,5,3,4,9,4,10,8,0.6203,HIGH
3,9,4,4,10,2,3,2,9,8,1,7,3,10,4,3,9,9,1,10,0.4918,MEDIUM
9,4,3,3,2,1,2,1,3,4,3,1,1,2,9,7,8,7,7,2,0.4852,MEDIUM
1,1,9,10,9,8,7,2,1,9,2,5,4,6,7,2,5,1,4,9,0.3899,MEDIUM
5,6,4,2,10,9,1,8,5,7,9,3,4,6,5,7,10,6,2,1,0.5359,MEDIUM
1,4,1,8,7,3,1,6,5,6,10,7,8,2,6,1,1,7,7,7,0.5368,MEDIUM
7,5,2,2,1,7,6,5,2,2,4,5,1,8,9,6,2,7,10,10,0.4974,MEDIUM
5,10,8,1,9,10,1,6,9,4,7,7,9,4,5,9,3,7,9,10,0.6562,HIGH
10,10,7,3,7,10,8,1,9,4,9,7,9,9,9,10,2,8,9,8,0.5483,MEDIUM
10,2,6,1,6,10,7,3,6,8,2,10,8,7,1,10,4,3,1,2,0.5431,MEDIUM
3,7,6,8,9,10,9,3,7,1,5,2,9,1,10,6,3,2,8,6,0.454,MEDIUM
6,9,6,2,8,8,8,5,2,3,8,5,7,10,3,2,2,9,9,3,0.482,MEDIUM
5,2,10,10,7,3,7,5,3,3,3,10,8,6,9,10,2,8,1,5,0.4576,MEDIUM
6,5,3,2,9,6,5,6,8,1,6,7,9,3,1,10,3,3,6,8,0.5816,MEDIUM
1,10,1,1,2,7,4,6,7,5,1,8,3,4,3,5,8,3,9,3,0.3481,LOW
9,10,6,5,1,1,2,8,9,9,3,3,5,8,4,2,3,7,2,7,0.5535,MEDIUM
9,6,1,8,2,1,6,9,1,2,2,10,6,1,10,3,8,2,2,6,0.4108,MEDIUM
3,7,2,1,6,4,8,1,10,3,4,1,1,8,2,7,10,6,1,1,0.425,MEDIUM
8,5,2,9,10,5,9,6,5,4,3,10,9,8,7,10,9,10,4,7,0.6214,HIGH
6,3,10,5,5,8,2,7,2,10,9,3,8,4,5,9,2,4,2,1,0.542,MEDIUM
5,6,1,3,6,9,10,7,4,3,2,8,5,4,6,8,5,9,4,6,0.4771,MEDIUM
3,7,9,1,7,5,9,7,1,7,8,4,10,9,4,5,5,9,9,4,0.4891,MEDIUM
9,5,3,6,4,7,5,7,3,9,1,6,6,1,8,8,5,1,7,6,0.462,MEDIUM
8,10,6,6,2,6,7,3,4,10,3,1,10,1,9,6,6,2,1,8,0.4323,MEDIUM
5,1,10,2,4,2,2,2,8,9,7,2,10,1,3,6,5,8,7,1,0.5691,MEDIUM
3,3,1,7,10,6,4,6,5,2,3,1,2,3,3,8,6,10,6,1,0.5829,MEDIUM
1,3,7,1,2,6,2,6,4,3,6,10,5,8,10,6,1,8,5,1,0.3518,MEDIUM
8,2,8,4,3,8,10,9,1,6,10,6,1,4,2,1,1,7,5,10,0.5031,MEDIUM
4,5,1,4,10,2,1,5,6,3,1,4,7,1,9,10,5,2,2,9,0.3638,MEDIUM
5,10,2,4,6,10,10,3,9,6,6,4,6,10,6,3,1,6,7,2,0.5293,MEDIUM
1,1,7,8,10,10,1,1,7,10,7,9,1,2,9,7,8,8,5,1,0.4526,MEDIUM
4,8,9,5,3,4,4,10,5,5,10,6,4,1,1,7,8,8,7,3,0.4911,MEDIUM
6,6,1,4,3,6,1,2,8,4,7,6,5,3,7,3,5,2,8,9,0.4497,MEDIUM
5,3,10,1,3,10,3,4,4,5,6,2,2,1,1,10,1,7,1,6,0.4038,MEDIUM
4,1,9,9,7,9,5,4,1,3,2,2,7,7,8,4,3,10,1,5,0.5242,MEDIUM
6,8,6,10,9,9,8,6,10,3,2,3,10,10,7,5,3,7,1,4,0.5257,MEDIUM
4,7,3,1,3,8,6,6,9,3,2,5,8,8,1,10,3,1,8,2,0.5083,MEDIUM
2,6,3,4,9,1,3,4,7,3,2,10,3,2,6,9,2,9,10,8,0.4537,MEDIUM
1,6,10,2,7,2,2,9,7,4,9,6,6,9,9,2,10,6,10,8,0.5413,MEDIUM
8,3,2,7,9,9,1,1,6,4,8,9,10,4,2,9,7,10,3,9,0.6809,HIGH
10,8,3,9,5,6,5,1,2,9,3,3,8,3,1,1,3,9,4,10,0.4931,MEDIUM
5,9,3,4,3,3,1,5,2,5,5,8,5,4,3,9,2,2,7,6,0.4732,MEDIUM
10,10,4,1,3,1,3,1,4,1,5,3,4,3,3,8,8,6,3,2,0.3802,MEDIUM
4,6,4,1,3,9,2,7,6,1,7,5,7,4,1,1,6,10,4,8,0.4655,MEDIUM
8,8,6,7,10,2,10,9,4,3,2,1,3,10,2,7,2,8,5,7,0.5107,MEDIUM
10,1,3,10,9,4,2,1,5,4,9,5,2,10,7,7,3,3,10,2,0.6489,HIGH
4,2,7,8,1,9,1,6,7,9,6,7,7,8,1,7,4,7,3,2,0.6173,HIGH
10,9,7,6,6,1,5,10,5,5,5,1,8,7,7,4,5,10,4,4,0.5194,MEDIUM
10,7,6,1,5,10,7,3,8,4,3,3,7,3,7,2,2,5,3,5,0.4083,MEDIUM
4,7,3,6,9,6,5,3,2,9,9,1,9,8,10,10,2,10,7,3,0.576,MEDIUM
4,5,2,10,10,7,5,4,4,9,6,4,3,5,8,3,6,1,6,9,0.6275,HIGH
4,4,4,5,4,1,4,2,2,6,9,8,7,1,6,5,6,8,7,10,0.4931,MEDIUM
5,8,6,8,7,10,5,6,4,6,4,7,6,10,8,5,7,7,10,9,0.6005,HIGH
7,2,7,4,5,3,2,3,6,5,6,1,9,1,10,6,10,5,9,2,0.5634,MEDIUM
6,3,7,10,3,6,6,10,7,7,5,8,3,2,4,1,8,5,3,4,0.4929,MEDIUM
6,10,2,5,3,7,2,5,1,5,9,10,4,4,3,7,2,5,6,5,0.4452,MEDIUM
4,1,8,10,7,4,8,4,2,1,1,9,2,8,9,6,3,3,2,2,0.3199,LOW
6,9,8,2,9,5,6,3,4,6,5,3,7,9,8,5,5,8,1,2,0.4305,MEDIUM
8,4,3,1,9,7,6,3,4,8,8,8,3,10,7,7,6,7,4,4,0.5318,MEDIUM
8,1,2,5,1,1,6,3,8,9,2,1,6,6,9,1,1,1,3,8,0.468,MEDIUM
3,3,2,5,3,6,8,4,2,7,1,10,5,4,10,2,4,7,9,2,0.3687,MEDIUM
8,3,1,4,2,4,7,10,6,6,3,9,7,3,1,10,3,10,8,4,0.596,MEDIUM
6,3,6,10,6,4,4,3,3,3,8,4,10,4,9,10,10,3,1,5,0.5245,MEDIUM
6,8,4,6,4,3,4,7,7,2,9,6,1,8,7,2,1,9,8,1,0.4476,MEDIUM
9,3,7,10,8,2,9,3,4,7,1,2,1,8,2,3,7,2,6,9,0.4312,MEDIUM
4,9,9,3,2,8,7,5,9,5,7,8,4,6,8,5,3,3,4,4,0.4033,MEDIUM
3,3,3,9,1,2,10,5,5,3,6,9,10,3,3,3,6,7,1,7,0.4472,MEDIUM
3,10,6,4,6,1,7,4,8,4,2,2,9,1,5,7,8,5,2,4,0.4455,MEDIUM
1,8,6,4,9,5,2,9,6,3,1,2,4,7,3,7,1,9,5,7,0.3953,MEDIUM
4,10,8,6,7,2,6,5,8,1,6,6,5,10,2,3,2,6,2,7,0.5113,MEDIUM
5,2,2,10,6,6,7,5,1,10,2,10,7,10,4,10,6,8,9,8,0.6222,HIGH
6,3,1,8,1,3,1,5,3,7,3,1,2,10,8,2,3,2,3,5,0.511,MEDIUM
2,4,10,4,7,10,7,8,9,10,8,7,1,10,9,8,4,2,3,7,0.464,MEDIUM
8,8,4,2,10,3,3,8,7,1,8,6,10,9,9,10,8,9,7,6,0.6412,HIGH
4,4,10,5,4,2,10,2,7,6,5,4,1,9,10,6,3,4,2,3,0.2912,LOW
1,3,2,10,2,6,1,6,8,7,5,5,10,8,5,8,1,1,1,3,0.5084,MEDIUM
7,9,8,7,5,5,9,7,8,7,5,10,8,10,8,5,2,7,4,7,0.5488,MEDIUM
6,7,1,5,6,1,1,7,4,6,6,4,8,4,1,10,7,5,10,7,0.6202,HIGH
10,3,8,8,2,2,10,6,3,10,7,4,6,4,1,6,10,8,1,3,0.5365,MEDIUM
6,6,2,3,9,3,8,7,4,7,5,4,2,6,10,5,9,10,9,10,0.5904,MEDIUM
6,10,7,6,5,7,7,4,5,6,5,5,4,5,5,2,5,10,2,7,0.4643,MEDIUM
10,10,10,4,10,4,5,5,10,8,5,4,10,5,7,5,1,9,9,3,0.5449,MEDIUM
3,4,1,10,6,9,7,3,10,8,4,10,9,9,10,5,2,4,3,2,0.5146,MEDIUM
1,10,8,3,1,3,2,8,1,8,6,5,9,6,4,5,7,6,6,8,0.5628,MEDIUM
10,3,3,1,4,1,1,5,5,10,7,5,7,2,3,10,4,10,1,1,0.5421,MEDIUM
3,6,2,3,2,4,8,6,7,6,9,10,7,4,6,10,6,8,1,9,0.4969,MEDIUM
7,2,10,10,4,2,5,6,9,5,4,5,6,7,7,4,2,2,4,9,0.5254,MEDIUM
9,6,1,4,5,3,4,7,3,3,1,4,4,5,8,5,3,5,7,4,0.4887,MEDIUM
2,1,5,4,8,10,7,9,7,9,1,1,9,6,3,10,5,7,10,1,0.6919,HIGH
3,2,8,8,5,2,8,5,4,1,5,4,6,1,3,4,9,6,1,3,0.4311,MEDIUM
3,9,10,5,7,7,6,3,8,6,3,4,4,3,9,3,10,4,1,3,0.3265,LOW
1,3,6,7,10,2,4,4,1,4,1,4,4,5,7,8,8,2,2,7,0.4931,MEDIUM
8,6,1,8,7,3,8,10,10,6,6,4,1,3,5,6,4,1,2,3,0.4486,MEDIUM
4,10,9,5,8,3,4,1,4,5,3,1,3,9,5,8,2,10,1,2,0.4232,MEDIUM
8,3,3,3,5,1,6,1,8,7,5,9,8,2,8,8,6,5,7,2,0.4254,MEDIUM
10,10,3,5,1,7,6,9,4,9,8,3,8,3,6,9,2,3,3,6,0.5197,MEDIUM
10,1,10,6,7,7,9,5,5,9,3,4,8,4,4,8,10,2,3,2,0.5465,MEDIUM
3,2,2,1,2,9,8,9,1,4,6,9,7,10,1,2,8,1,8,5,0.5073,MEDIUM
1,4,10,3,6,2,10,10,10,5,6,3,10,6,2,8,2,3,3,3,0.4835,MEDIUM
8,7,5,4,4,9,8,3,3,1,6,5,3,3,2,7,3,7,6,5,0.509,MEDIUM
10,7,4,4,1,9,4,4,5,5,5,8,1,5,9,9,8,9,10,10,0.5626,MEDIUM
6,1,5,8,1,3,1,6,10,7,9,6,2,10,6,4,8,8,5,10,0.618,HIGH
3,7,7,4,3,10,6,7,4,5,3,8,8,8,6,3,3,6,10,3,0.4886,MEDIUM
1,7,2,7,6,9,2,3,10,3,1,6,10,3,3,10,5,2,2,6,0.5642,MEDIUM
7,4,1,3,10,6,6,10,7,4,7,4,8,3,7,3,10,5,3,1,0.5065,MEDIUM
7,7,2,6,5,10,9,1,9,6,2,4,4,2,4,9,1,1,5,10,0.5072,MEDIUM
9,4,3,2,2,3,3,2,3,2,6,5,9,2,6,9,3,7,9,7,0.5225,MEDIUM
9,8,7,5,1,2,10,2,9,6,5,9,9,1,7,5,5,3,1,1,0.3103,LOW
7,3,10,9,8,8,9,8,4,6,9,6,7,7,5,7,5,2,10,7,0.6439,HIGH
3,4,5,3,2,10,3,7,3,3,2,4,3,1,5,2,1,5,3,10,0.394,MEDIUM
5,9,4,2,5,8,9,10,2,2,8,10,8,3,7,10,10,10,10,5,0.5272,MEDIUM
10,9,2,3,9,4,2,9,1,1,4,7,7,7,1,3,1,1,1,6,0.4431,MEDIUM
4,3,9,6,4,9,7,4,2,1,6,1,6,3,5,4,9,4,9,1,0.4562,MEDIUM
6,9,3,7,10,3,10,10,1,1,8,7,9,7,3,8,7,4,4,3,0.4617,MEDIUM
9,4,9,10,7,4,4,8,7,2,9,6,2,9,7,3,7,8,2,4,0.4757,MEDIUM
7,9,5,2,1,2,4,3,9,3,4,4,10,3,2,9,9,4,6,3,0.5416,MEDIUM
8,10,2,9,8,6,1,7,8,8,7,2,1,7,6,10,3,1,9,9,0.605,HIGH
2,5,4,2,10,3,8,10,8,7,2,8,9,2,6,10,7,10,9,4,0.5103,MEDIUM
9,5,6,8,3,1,3,7,7,6,7,9,7,3,10,6,10,2,3,6,0.3972,MEDIUM
8,4,5,10,9,10,10,3,6,6,4,10,5,7,1,8,5,3,10,10,0.58,MEDIUM
1,8,5,8,3,10,7,7,10,5,2,8,10,10,7,8,1,9,1,9,0.4693,MEDIUM
10,8,5,8,5,9,6,10,10,5,7,5,2,9,4,10,9,5,2,7,0.7046,HIGH
8,4,5,8,9,6,4,7,10,9,9,2,7,5,10,9,1,5,5,6,0.6737,HIGH
1,10,3,9,7,1,6,3,2,1,3,7,3,8,1,7,7,5,9,10,0.4391,MEDIUM
1,1,9,3,5,9,5,6,9,2,4,1,9,9,10,9,4,1,6,8,0.6123,HIGH
5,9,9,4,10,10,8,5,2,9,6,7,4,1,3,8,6,1,1,1,0.4393,MEDIUM
4,1,6,7,7,2,10,10,6,4,1,6,7,5,2,9,5,10,4,8,0.537,MEDIUM
9,5,7,8,10,1,9,8,1,2,9,8,3,7,1,1,2,4,7,6,0.3611,MEDIUM
2,1,4,5,5,5,5,3,10,10,1,7,8,5,6,7,9,7,6,3,0.6361,HIGH
5,1,7,3,3,2,6,6,10,10,7,8,3,6,7,3,3,3,2,10,0.4,MEDIUM
1,6,4,4,5,8,1,5,8,5,8,7,5,9,5,6,6,10,4,10,0.5231,MEDIUM
7,6,3,2,4,9,4,6,1,8,2,3,5,6,6,4,2,3,10,1,0.502,MEDIUM
1,4,7,3,3,2,2,8,4,3,8,8,3,7,5,9,9,4,10,6,0.592,MEDIUM
9,6,6,9,6,3,3,10,5,3,6,3,6,2,7,2,9,6,8,6,0.6109,HIGH
10,2,8,2,1,6,1,9,1,6,5,10,2,5,8,8,5,5,8,4,0.4837,MEDIUM
6,4,6,3,5,8,9,5,2,8,2,6,10,5,10,8,4,5,5,10,0.5016,MEDIUM
4,1,6,4,8,9,9,1,4,4,2,9,4,7,2,2,4,4,9,10,0.5008,MEDIUM
3,7,1,9,8,9,9,3,9,2,6,3,8,9,8,4,1,5,9,7,0.5804,MEDIUM
3,6,2,6,3,2,8,5,7,6,4,6,4,8,9,1,2,9,10,2,0.4335,MEDIUM
6,7,8,4,5,5,7,8,2,8,8,7,3,10,7,10,2,5,4,4,0.4653,MEDIUM
7,3,10,10,10,5,7,7,5,6,1,10,10,10,10,1,1,2,1,9,0.4419,MEDIUM
10,9,6,8,4,10,1,9,4,6,3,2,2,9,10,7,9,5,5,3,0.531,MEDIUM
5,7,5,9,9,5,10,10,8,10,6,8,3,9,6,8,6,10,6,9,0.611,HIGH
3,9,2,10,1,3,3,2,8,10,8,9,10,2,3,5,9,9,4,10,0.5045,MEDIUM
8,2,8,1,6,10,9,5,5,6,2,5,4,7,8,3,9,7,9,2,0.4794,MEDIUM
2,3,4,1,4,9,9,6,7,9,2,2,10,4,10,8,9,2,5,6,0.466,MEDIUM
10,1,1,10,10,3,2,8,8,10,1,6,6,3,9,7,7,10,4,4,0.6059,HIGH
6,2,6,9,9,1,8,1,6,4,3,7,1,2,2,10,4,10,2,1,0.4461,MEDIUM
4,9,3,10,8,5,3,6,6,2,4,7,1,10,1,9,6,9,2,9,0.6279,HIGH
2,1,5,6,1,3,5,4,8,4,7,2,6,9,8,4,7,7,3,8,0.5534,MEDIUM
2,4,6,9,10,7,10,4,4,6,4,10,1,1,6,9,6,7,2,6,0.365,MEDIUM
5,8,4,2,6,7,7,4,10,8,10,3,6,6,2,2,7,5,4,7,0.516,MEDIUM
10,1,3,9,4,8,8,3,8,1,3,9,10,7,7,7,1,6,4,5,0.5543,MEDIUM
3,9,2,7,5,5,2,7,2,1,2,10,8,6,4,6,9,5,7,5,0.4385,MEDIUM
1,6,2,1,4,9,9,1,3,8,4,1,5,3,8,7,4,7,3,9,0.4243,MEDIUM
2,5,5,5,8,2,9,10,4,10,6,4,1,10,7,10,1,7,8,7,0.5553,MEDIUM
5,10,1,10,3,3,9,9,5,10,9,8,5,6,6,2,4,6,9,8,0.489,MEDIUM
3,8,2,8,5,4,1,7,9,9,2,2,7,5,1,4,5,4,10,9,0.6264,HIGH
9,2,9,8,4,9,8,8,6,9,4,4,4,7,5,8,8,1,5,2,0.4966,MEDIUM
4,1,10,1,10,2,6,4,9,7,1,3,9,3,7,3,6,5,3,1,0.3982,MEDIUM
5,2,3,4,2,10,1,6,8,8,3,1,5,5,2,1,1,8,10,5,0.6072,HIGH
2,10,4,3,5,6,4,9,2,1,10,8,10,5,2,3,3,5,9,8,0.4252,MEDIUM
1,10,9,8,3,7,5,10,7,4,3,3,6,2,8,5,3,3,5,1,0.3954,MEDIUM
5,4,3,7,2,2,9,10,1,1,4,5,7,9,7,2,7,4,1,8,0.427,MEDIUM
1,3,9,7,8,3,1,3,1,1,10,6,4,7,7,3,2,10,6,4,0.461,MEDIUM
7,9,10,1,1,6,8,8,10,6,1,1,2,8,4,3,6,10,1,1,0.4201,MEDIUM
8,4,10,8,2,4,1,8,3,3,2,2,4,9,7,10,1,9,8,2,0.5657,MEDIUM
7,8,3,3,2,1,5,6,5,7,2,8,2,10,3,9,2,8,1,8,0.455,MEDIUM
5,5,4,7,1,3,4,5,5,3,3,6,3,2,7,1,3,6,3,4,0.3328,LOW
10,5,2,3,1,10,5,5,8,8,3,7,10,1,4,3,7,6,6,2,0.5327,MEDIUM
4,3,8,7,2,8,10,5,9,1,3,5,6,6,10,9,6,2,7,1,0.4384,MEDIUM
3,2,2,10,2,6,9,10,2,3,7,9,7,5,10,9,7,5,8,9,0.5353,MEDIUM
7,9,7,3,4,8,7,1,1,9,9,5,5,8,5,1,9,4,8,9,0.4905,MEDIUM
2,10,2,10,1,8,5,10,10,3,2,7,5,1,1,7,10,9,4,7,0.5219,MEDIUM
10,3,4,6,4,5,9,5,9,7,5,8,1,9,3,2,4,10,9,7,0.5346,MEDIUM
6,5,7,3,3,1,3,2,3,4,8,3,1,6,6,1,4,4,1,1,0.2717,LOW
1,1,9,9,7,4,5,7,8,4,10,2,10,1,1,9,9,10,10,2,0.7255,HIGH
2,5,2,7,1,1,10,2,7,10,3,4,3,8,4,8,10,9,10,8,0.5002,MEDIUM
10,1,7,1,9,6,5,9,2,9,7,8,5,7,4,1,1,1,10,10,0.5167,MEDIUM
9,5,4,4,7,2,2,4,8,2,2,9,2,6,2,10,9,6,5,6,0.499,MEDIUM
9,3,10,5,3,1,4,5,1,2,6,4,6,4,5,7,7,1,8,6,0.4802,MEDIUM
7,10,10,10,5,5,10,5,7,7,8,3,1,2,1,9,3,5,1,3,0.4271,MEDIUM
9,2,9,3,3,4,9,8,10,5,1,3,7,3,1,9,6,9,2,8,0.5944,MEDIUM
5,6,3,8,4,6,4,7,5,3,4,6,8,1,1,5,2,3,10,2,0.4619,MEDIUM
9,3,9,6,2,9,2,7,2,3,6,6,10,1,5,7,2,1,1,8,0.4778,MEDIUM
10,3,4,1,5,7,7,1,1,2,3,9,4,9,3,8,2,1,2,3,0.3444,LOW
4,3,10,7,2,6,2,3,1,5,9,6,1,8,7,7,6,4,5,5,0.5303,MEDIUM
7,1,5,3,3,8,7,4,5,7,1,2,10,2,6,4,1,6,8,4,0.4358,MEDIUM
5,8,3,5,4,6,9,7,2,8,7,9,3,3,6,2,3,8,3,7,0.4179,MEDIUM
8,1,9,7,7,7,6,7,3,3,5,2,10,8,7,9,8,9,5,10,0.6698,HIGH
5,8,8,2,3,10,1,4,6,1,1,7,2,9,5,9,10,8,5,3,0.4832,MEDIUM
3,4,6,5,4,5,1,5,7,7,9,3,2,3,2,6,7,5,10,6,0.5648,MEDIUM
3,6,5,10,3,1,7,5,5,2,2,2,10,8,4,9,9,2,9,3,0.5059,MEDIUM
8,4,1,7,4,5,4,6,10,5,9,9,3,2,9,9,5,10,7,9,0.5962,MEDIUM
1,7,7,5,1,6,2,2,1,3,2,3,6,5,4,5,2,3,4,1,0.3219,LOW
2,7,1,5,10,9,7,1,4,8,3,2,9,7,1,1,4,3,1,4,0.5274,MEDIUM
2,10,8,9,10,10,10,1,2,2,5,1,1,4,5,8,2,4,2,8,0.4829,MEDIUM
2,10,8,9,7,1,2,7,3,6,10,1,9,5,2,10,5,8,9,6,0.5833,MEDIUM
6,1,2,2,4,8,6,4,6,9,3,2,1,8,3,9,9,8,9,1,0.5452,MEDIUM
8,3,8,10,1,4,8,2,7,2,7,1,9,9,2,10,8,3,3,4,0.552,MEDIUM
10,10,7,5,8,8,2,9,4,8,6,4,1,8,7,9,2,1,3,5,0.6143,HIGH
9,1,9,6,6,8,9,1,1,3,5,5,4,3,4,7,3,3,2,7,0.3845,MEDIUM
10,1,7,10,7,9,6,8,5,7,8,1,7,8,6,2,7,10,2,4,0.7211,HIGH
10,6,3,2,6,1,2,7,5,3,7,2,1,8,1,4,4,6,1,9,0.5949,MEDIUM
5,3,5,4,2,10,9,4,10,3,5,9,5,9,2,4,1,1,5,2,0.4056,MEDIUM
7,10,2,1,6,4,1,3,2,6,2,7,8,6,9,7,5,7,4,4,0.4561,MEDIUM
10,6,4,5,9,2,2,1,6,1,2,5,8,7,5,3,8,9,10,7,0.6262,HIGH
2,6,8,4,9,6,6,2,3,9,2,8,8,6,2,3,4,10,6,10,0.4793,MEDIUM
8,9,2,6,6,5,3,7,1,10,8,3,4,7,1,3,5,5,7,6,0.5752,MEDIUM
5,7,8,8,3,1,6,2,8,2,1,8,4,1,9,8,2,6,7,5,0.3101,LOW
8,9,4,8,1,4,2,8,6,5,4,9,1,3,8,5,2,5,9,6,0.3927,MEDIUM
8,3,7,1,3,10,3,6,5,7,9,7,3,8,3,9,9,5,1,8,0.5518,MEDIUM
7,7,5,3,1,8,7,4,3,8,2,4,6,4,9,7,8,7,3,6,0.3955,MEDIUM
10,3,4,9,7,9,8,10,1,7,1,5,9,9,7,10,4,3,1,6,0.5791,MEDIUM
6,4,5,1,6,1,9,10,3,8,4,10,7,2,6,10,8,7,5,1,0.4136,MEDIUM
6,4,6,7,8,1,8,9,10,8,8,6,6,5,3,7,2,10,1,4,0.5649,MEDIUM
9,5,3,3,8,4,7,3,8,4,3,1,3,3,3,8,2,2,2,8,0.4155,MEDIUM
6,8,7,10,2,8,2,7,3,1,5,3,10,9,6,2,5,5,9,7,0.5577,MEDIUM
10,9,4,1,6,3,2,7,10,1,4,10,3,3,1,3,7,10,9,1,0.5167,MEDIUM
2,5,3,7,5,8,2,1,7,9,1,2,8,8,1,4,2,7,4,8,0.4925,MEDIUM
1,6,1,1,5,10,4,4,3,7,8,3,5,5,7,10,4,2,8,3,0.515,MEDIUM
10,5,8,7,4,9,1,9,4,10,1,7,6,5,1,3,6,10,10,9,0.6936,HIGH
6,2,10,4,10,4,3,8,3,8,3,9,2,3,10,2,7,4,6,1,0.3516,MEDIUM
5,10,7,1,3,7,7,8,7,6,3,8,3,9,5,6,4,10,8,5,0.528,MEDIUM
10,10,6,1,8,1,9,9,7,5,1,7,8,6,7,1,3,1,9,1,0.389,MEDIUM
2,10,3,10,1,3,3,2,6,5,4,10,1,5,5,9,10,1,10,4,0.3996,MEDIUM
3,3,6,4,4,4,3,1,3,4,6,2,1,3,6,6,6,1,2,10,0.4033,MEDIUM
4,6,5,6,1,4,7,10,9,9,9,5,4,10,4,4,4,3,5,4,0.5446,MEDIUM
7,3,10,7,3,1,9,1,6,10,9,4,2,3,5,5,2,3,10,1,0.4142,MEDIUM
8,6,10,7,6,10,10,10,3,1,2,3,4,8,7,4,2,8,8,5,0.4938,MEDIUM
10,6,5,3,2,1,7,3,10,5,2,10,4,8,6,10,2,10,3,3,0.391,MEDIUM
7,8,2,4,2,8,6,4,7,3,7,5,8,6,3,9,7,5,7,2,0.5457,MEDIUM
3,1,10,7,2,8,4,1,1,10,10,3,9,5,6,3,5,1,4,3,0.4046,MEDIUM
2,2,6,4,6,6,1,6,2,5,4,3,2,10,2,5,4,1,9,8,0.5233,MEDIUM
8,10,8,3,5,8,10,3,6,5,3,3,2,9,9,4,5,6,9,2,0.3694,MEDIUM
10,3,1,5,9,8,8,1,7,8,7,10,4,4,4,3,10,10,9,7,0.5872,MEDIUM
6,2,6,10,1,3,6,8,9,5,7,5,1,9,6,9,6,9,9,4,0.6383,HIGH
9,3,6,7,8,3,7,3,1,9,5,7,8,3,10,3,6,5,4,6,0.4992,MEDIUM
6,2,10,7,3,9,3,3,3,6,1,2,9,3,6,7,3,5,8,3,0.5133,MEDIUM
9,7,4,10,5,3,1,2,3,3,4,5,2,5,10,10,3,10,1,1,0.3952,MEDIUM
10,7,7,3,8,1,3,7,7,1,5,6,1,10,6,7,4,3,2,8,0.4485,MEDIUM
5,1,1,4,10,2,1,2,10,4,4,6,4,9,10,3,3,3,5,8,0.5596,MEDIUM
2,2,10,4,7,1,1,7,1,9,3,8,8,1,6,7,5,7,2,7,0.4446,MEDIUM
1,8,7,3,7,5,4,9,6,1,1,10,6,4,8,3,4,5,7,2,0.4372,MEDIUM
8,7,3,4,2,4,4,7,2,1,10,5,5,2,7,5,3,4,2,7,0.4324,MEDIUM
6,5,5,2,4,8,3,8,8,7,9,6,8,7,1,7,4,5,10,5,0.6355,HIGH
3,10,1,5,7,2,8,6,6,2,9,9,8,1,2,8,10,10,10,4,0.521,MEDIUM
3,5,3,1,3,5,9,4,8,5,5,5,2,8,3,4,5,6,7,6,0.4609,MEDIUM
4,9,7,10,5,8,10,1,3,6,5,9,6,4,7,3,7,9,10,1,0.4106,MEDIUM
5,8,3,4,9,7,5,2,1,1,10,6,4,9,6,6,8,5,3,2,0.4894,MEDIUM
7,5,4,6,10,10,1,1,10,4,8,9,2,5,7,1,5,8,7,2,0.566,MEDIUM
5,4,8,9,9,5,5,4,8,1,7,7,2,9,8,6,7,5,7,8,0.4963,MEDIUM
3,7,4,7,9,2,6,5,2,9,6,9,10,10,1,1,3,8,8,3,0.469,MEDIUM
10,2,1,9,5,6,1,8,9,7,1,5,4,6,7,7,1,6,1,4,0.4988,MEDIUM
4,8,5,7,10,9,4,4,1,7,8,8,4,1,7,8,2,9,3,3,0.4814,MEDIUM
3,7,7,8,10,5,2,10,1,9,8,9,9,7,6,4,9,6,10,1,0.5336,MEDIUM
7,8,4,10,7,4,5,3,9,10,9,8,7,1,6,6,1,5,10,3,0.4472,MEDIUM
3,2,8,1,5,9,7,2,9,7,8,1,7,7,4,3,1,2,7,3,0.4989,MEDIUM
10,1,8,4,10,10,3,9,10,2,10,9,3,8,2,9,3,7,6,4,0.7497,HIGH
4,8,2,8,1,9,7,5,10,5,3,7,10,5,3,1,4,10,9,4,0.5331,MEDIUM
2,4,6,5,10,1,2,5,6,10,10,7,8,1,7,10,3,2,10,6,0.578,MEDIUM
9,8,4,1,6,5,10,9,3,5,4,9,9,5,4,1,3,2,8,9,0.4422,MEDIUM
2,7,8,9,1,7,7,5,4,2,6,9,10,1,2,7,5,10,3,9,0.4572,MEDIUM
2,6,1,4,8,1,2,8,1,10,3,7,5,1,8,1,4,1,9,9,0.4701,MEDIUM
1,9,2,8,3,7,3,9,3,10,7,9,3,5,5,9,6,1,1,8,0.4773,MEDIUM
3,9,9,10,6,10,3,8,5,2,2,7,9,1,7,10,2,10,7,2,0.494,MEDIUM
3,8,7,7,3,1,9,1,9,3,1,4,10,2,8,1,3,7,4,5,0.3406,LOW
5,5,4,6,10,7,3,5,6,9,8,1,2,3,1,5,3,5,3,6,0.5511,MEDIUM
4,7,10,1,10,2,3,4,8,6,4,1,3,9,5,10,8,7,1,4,0.5397,MEDIUM
10,7,8,1,3,5,4,7,6,3,5,1,6,6,4,7,5,9,2,9,0.5208,MEDIUM
8,6,5,1,4,7,5,9,9,3,2,6,10,8,8,4,9,6,5,7,0.5087,MEDIUM
7,3,4,3,4,7,1,7,7,8,10,10,9,7,5,10,2,3,6,10,0.6437,HIGH
5,10,8,3,3,1,5,3,10,9,7,3,3,7,10,10,3,1,7,7,0.3974,MEDIUM
7,2,8,10,10,7,3,4,6,7,10,10,10,3,10,10,9,4,4,6,0.6067,HIGH
9,8,7,9,9,8,8,8,10,3,6,7,1,5,2,4,5,9,3,1,0.5163,MEDIUM
9,5,10,4,2,6,4,10,9,4,10,2,3,3,7,1,1,1,2,5,0.4712,MEDIUM
5,1,8,7,3,10,2,5,4,1,5,10,2,4,5,2,1,4,9,10,0.469,MEDIUM
8,6,3,9,8,3,1,10,10,9,7,6,7,5,3,3,5,1,6,10,0.649,HIGH
3,1,9,3,4,6,4,1,10,8,7,7,10,2,10,5,9,10,7,3,0.5438,MEDIUM
10,9,1,6,7,9,3,1,2,8,6,4,1,8,10,7,7,2,9,7,0.6001,HIGH
10,6,8,3,5,1,5,4,5,8,5,2,3,6,4,2,4,8,10,6,0.5223,MEDIUM
7,2,1,1,8,8,8,4,3,2,8,6,1,4,7,2,10,3,1,3,0.4226,MEDIUM
6,10,10,10,2,10,4,9,8,4,4,8,1,4,5,3,5,5,5,8,0.4031,MEDIUM
5,9,10,1,5,8,7,1,8,9,7,3,4,6,2,1,8,7,6,2,0.413,MEDIUM
10,2,8,1,9,6,2,8,4,3,9,10,6,2,5,6,7,4,5,1,0.4822,MEDIUM
10,2,9,6,9,1,6,6,9,2,2,6,8,5,5,10,7,6,4,10,0.5423,MEDIUM
2,7,1,8,8,1,1,5,1,10,4,1,5,6,5,2,9,5,1,4,0.4981,MEDIUM
10,9,3,3,2,9,1,4,10,7,7,3,1,4,9,6,9,9,7,5,0.5745,MEDIUM
1,8,9,9,1,3,7,6,3,10,6,2,7,5,7,10,4,4,4,6,0.4712,MEDIUM
7,3,4,1,4,10,8,5,5,1,9,9,1,7,8,1,9,10,9,8,0.4972,MEDIUM
1,10,3,1,2,10,10,2,9,5,4,2,2,4,3,7,7,2,2,6,0.4139,MEDIUM
9,5,9,6,9,1,6,3,7,4,3,2,2,10,7,1,5,8,3,3,0.447,MEDIUM
1,6,4,10,8,1,8,8,5,6,5,5,8,1,9,3,4,2,8,2,0.3376,LOW
5,7,2,10,10,6,4,10,5,7,8,7,7,3,7,3,4,6,10,7,0.568,MEDIUM
1,6,4,1,3,7,2,9,5,1,3,6,8,9,8,1,4,7,9,7,0.4609,MEDIUM
1,6,1,7,4,1,7,7,4,7,1,6,1,3,9,2,7,5,1,10,0.3238,LOW
9,10,2,1,4,10,1,10,2,3,1,4,1,3,6,3,1,10,5,6,0.474,MEDIUM
3,4,8,6,10,8,10,6,4,2,10,3,7,1,1,10,9,7,1,3,0.5946,MEDIUM
8,6,8,5,6,5,5,10,3,1,6,5,9,10,5,5,6,4,9,2,0.5765,MEDIUM
2,9,1,9,2,9,10,7,6,6,9,4,5,5,6,7,7,3,3,10,0.5192,MEDIUM
6,3,2,8,10,8,1,6,7,7,1,4,7,2,7,3,5,9,7,1,0.643,HIGH
8,1,5,8,3,7,7,1,3,4,6,2,6,9,6,1,2,6,4,1,0.4671,MEDIUM
2,8,4,2,7,8,2,6,7,1,6,9,8,10,1,6,3,3,5,5,0.4865,MEDIUM
2,4,4,10,6,5,8,10,5,1,7,5,6,4,2,6,8,10,1,6,0.5255,MEDIUM
8,2,10,2,9,10,9,7,7,5,7,10,4,7,6,7,2,9,4,4,0.4879,MEDIUM
6,10,8,5,9,8,7,9,1,6,8,1,3,4,8,8,2,9,5,4,0.4734,MEDIUM
1,2,10,3,3,1,10,6,7,8,4,4,4,3,10,8,4,3,4,10,0.3846,MEDIUM
7,5,5,1,3,9,3,6,4,3,7,8,7,10,10,3,5,3,8,8,0.4953,MEDIUM
4,10,3,4,9,6,3,1,3,4,3,1,10,2,5,1,2,7,10,4,0.4612,MEDIUM
4,3,9,5,5,3,4,5,8,2,10,10,9,3,10,1,8,6,6,2,0.4397,MEDIUM
6,5,6,3,7,1,8,6,7,10,10,10,2,4,9,4,2,1,1,7,0.4254,MEDIUM
5,4,4,3,3,7,3,3,8,8,8,8,4,4,2,7,9,1,7,7,0.5824,MEDIUM
5,8,1,8,1,4,9,6,1,4,7,1,6,10,6,3,10,9,5,3,0.4517,MEDIUM
5,2,1,8,5,1,3,8,5,1,7,8,6,9,3,7,8,7,3,6,0.4756,MEDIUM
10,1,7,3,1,1,4,7,4,9,6,7,5,7,2,5,10,8,5,6,0.5985,MEDIUM
10,8,10,4,2,9,4,10,10,8,10,9,5,10,2,5,10,9,7,1,0.5675,MEDIUM
10,10,6,6,1,5,10,4,3,7,7,5,4,3,3,4,10,5,7,2,0.4299,MEDIUM
3,2,3,9,10,9,2,2,6,10,5,9,6,4,5,1,1,2,3,8,0.4699,MEDIUM
7,3,3,4,10,9,5,8,5,3,3,6,7,8,9,8,2,9,9,9,0.539,MEDIUM
3,3,4,8,9,9,8,1,6,9,5,2,7,9,1,7,2,4,5,10,0.6383,HIGH
6,7,5,8,10,10,9,5,7,1,6,9,7,8,10,5,10,7,4,9,0.5748,MEDIUM
4,1,10,8,3,4,7,2,1,9,1,10,3,7,2,7,7,3,1,2,0.3492,LOW
7,6,6,6,8,9,7,5,6,8,9,7,6,6,6,8,6,2,3,5,0.4352,MEDIUM
8,7,5,1,1,1,7,9,8,6,9,7,9,3,5,1,6,2,7,7,0.4337,MEDIUM
6,5,6,2,3,3,5,5,5,2,9,10,10,8,5,1,3,4,4,9,0.449,MEDIUM
7,9,7,1,9,4,6,8,1,2,8,1,4,7,4,1,10,5,5,3,0.402,MEDIUM
4,9,7,1,3,1,6,1,9,10,9,4,1,10,5,2,4,5,10,1,0.424,MEDIUM
10,7,2,10,8,10,8,10,8,3,5,6,3,9,5,2,4,6,7,10,0.6216,HIGH
5,9,1,5,6,1,8,4,6,7,8,5,9,1,10,6,8,4,10,5,0.5065,MEDIUM
1,6,10,9,1,3,7,1,3,10,5,5,3,1,4,2,6,9,10,3,0.3937,MEDIUM
6,9,5,10,1,8,4,5,3,1,4,2,10,8,8,8,5,9,7,8,0.5166,MEDIUM
6,10,6,2,5,2,9,7,5,9,3,4,1,9,9,3,10,6,9,7,0.4979,MEDIUM
9,5,2,10,7,3,4,4,3,7,1,6,9,7,10,5,3,8,7,8,0.5437,MEDIUM
5,9,4,2,8,4,1,7,7,3,10,4,2,6,2,9,2,8,9,9,0.5878,MEDIUM
3,5,3,7,6,6,10,5,7,10,9,10,1,7,3,4,3,8,3,4,0.446,MEDIUM
8,2,8,10,9,10,1,3,3,4,8,10,1,1,7,6,5,9,8,1,0.4989,MEDIUM
9,5,8,8,10,6,5,2,8,7,8,6,6,4,10,9,2,9,9,10,0.5646,MEDIUM
1,8,4,8,9,2,6,10,2,6,8,10,1,9,10,5,6,9,10,7,0.4931,MEDIUM
3,7,9,4,9,5,9,9,8,7,4,9,1,3,1,8,7,2,3,4,0.4962,MEDIUM
10,7,2,3,2,10,1,6,2,9,9,2,3,10,9,9,7,2,9,3,0.5451,MEDIUM
1,8,1,7,7,10,1,2,1,8,10,3,4,8,3,10,9,3,7,9,0.5743,MEDIUM
10,4,4,5,9,7,5,10,8,1,4,6,1,7,8,6,8,9,10,7,0.67,HIGH
9,4,4,6,6,8,1,8,8,4,2,3,4,2,6,6,6,1,6,8,0.5527,MEDIUM
1,6,3,2,9,8,10,10,4,9,5,5,5,1,5,6,9,9,4,2,0.4732,MEDIUM
2,5,2,5,8,1,2,3,4,6,1,4,7,9,8,2,6,7,9,10,0.5638,MEDIUM
2,1,10,8,8,10,8,9,1,3,4,5,5,6,7,9,5,5,7,8,0.498,MEDIUM
10,5,1,4,7,7,5,1,2,7,4,3,10,6,8,4,8,9,4,2,0.6175,HIGH
6,10,8,6,8,3,10,3,8,4,2,9,7,9,4,1,3,10,2,6,0.4271,MEDIUM
9,6,5,3,4,4,3,5,2,7,6,2,9,6,5,9,4,10,7,7,0.5694,MEDIUM
1,8,4,5,5,7,8,5,7,3,2,6,10,6,9,5,2,8,5,10,0.5363,MEDIUM
2,7,2,8,1,6,1,3,3,2,9,2,7,10,9,2,5,2,4,5,0.4369,MEDIUM
5,8,7,1,10,5,9,4,8,8,5,1,3,10,3,9,7,5,4,4,0.5575,MEDIUM
1,3,7,6,1,10,10,7,3,2,9,4,7,7,8,8,2,10,7,7,0.512,MEDIUM
7,7,2,1,3,6,7,4,5,3,1,3,3,3,4,5,10,10,9,1,0.5132,MEDIUM
2,4,8,7,9,4,7,8,6,10,1,2,8,8,10,2,6,3,5,5,0.5513,MEDIUM
7,2,5,5,1,10,3,4,4,6,2,8,5,7,6,7,5,3,7,1,0.4735,MEDIUM
2,9,7,4,8,3,7,4,2,10,10,6,7,10,6,6,10,3,3,8,0.4699,MEDIUM
8,7,5,2,5,10,1,1,4,9,6,1,3,6,6,2,4,5,5,5,0.5184,MEDIUM
9,7,8,3,3,9,9,4,10,1,5,8,4,4,2,5,6,5,7,2,0.4062,MEDIUM
6,8,5,10,4,3,6,2,2,5,10,8,9,9,8,10,6,4,2,3,0.5528,MEDIUM
1,5,1,10,6,5,4,8,8,7,7,2,9,4,1,9,6,9,1,1,0.6332,HIGH
2,9,8,4,2,5,4,10,2,6,2,2,5,4,7,8,9,7,3,2,0.4076,MEDIUM
1,8,9,2,9,8,2,1,10,7,9,6,7,5,3,6,8,1,7,9,0.5463,MEDIUM
1,3,7,10,4,4,2,6,5,3,4,1,7,1,1,3,4,1,3,9,0.4239,MEDIUM
7,6,6,1,6,3,3,5,2,2,5,3,1,7,7,8,1,2,6,2,0.3389,LOW
5,6,10,10,3,1,2,7,7,4,4,9,3,3,3,3,5,1,1,6,0.4258,MEDIUM
4,10,3,3,3,1,6,7,3,1,2,10,1,2,2,4,5,9,5,4,0.2959,LOW
4,10,2,4,4,3,6,3,9,7,2,4,3,4,10,5,6,7,5,6,0.3748,MEDIUM
3,4,5,3,9,7,5,5,10,8,7,1,3,5,10,9,7,7,4,5,0.5881,MEDIUM
3,1,10,6,4,7,8,8,4,5,10,9,6,3,10,8,4,6,7,2,0.4919,MEDIUM
6,3,7,7,6,6,10,2,5,8,7,3,6,4,9,1,10,7,7,5,0.5288,MEDIUM
2,5,8,6,4,4,7,10,6,3,5,8,5,7,7,6,4,6,4,9,0.4898,MEDIUM
10,7,3,10,9,6,4,3,5,4,7,8,10,3,5,2,6,8,2,3,0.5031,MEDIUM
8,7,4,9,4,6,5,4,5,7,9,6,9,7,4,10,1,7,2,7,0.5209,MEDIUM
9,3,5,10,8,10,4,10,10,9,2,7,2,6,4,9,2,2,7,9,0.7101,HIGH
4,8,2,1,4,1,8,4,8,3,7,1,8,3,1,2,5,9,10,7,0.4926,MEDIUM
8,9,1,9,3,7,5,10,4,2,3,2,5,7,4,10,5,8,7,3,0.5733,MEDIUM
6,5,3,10,3,7,5,6,7,4,4,10,2,8,3,10,10,5,1,4,0.5865,MEDIUM
7,10,5,9,2,2,3,7,7,5,10,8,2,10,7,8,1,7,9,4,0.5334,MEDIUM
4,6,4,10,2,1,2,7,2,3,6,10,1,2,7,4,10,10,5,10,0.4793,MEDIUM
1,2,4,4,4,5,5,4,8,7,8,4,5,9,2,5,1,10,9,5,0.6588,HIGH
2,1,2,7,8,10,4,1,2,5,9,2,2,7,1,5,10,10,2,1,0.5631,MEDIUM
1,5,3,1,3,9,9,7,7,2,7,9,1,2,10,10,1,4,5,3,0.3816,MEDIUM
2,4,5,9,6,5,9,5,3,1,4,6,4,2,7,1,8,10,2,8,0.4134,MEDIUM
10,2,4,9,7,1,2,6,8,2,2,8,2,4,3,2,10,5,1,3,0.4996,MEDIUM
5,8,1,3,9,9,2,5,2,2,3,9,8,5,6,3,8,2,10,4,0.5445,MEDIUM
7,8,9,6,8,7,5,7,4,10,2,4,9,2,1,8,5,10,2,7,0.587,MEDIUM
2,10,5,3,4,3,2,6,5,1,2,4,2,6,4,6,1,7,10,7,0.4382,MEDIUM
3,7,2,7,9,5,6,6,3,6,3,8,5,2,1,3,6,5,8,2,0.5096,MEDIUM
8,10,9,10,10,5,9,9,6,7,7,10,5,9,10,10,4,1,1,6,0.4576,MEDIUM
2,10,6,7,8,6,7,4,6,6,9,5,3,3,8,2,8,3,7,7,0.4109,MEDIUM
3,6,7,6,1,5,7,1,8,1,1,2,5,5,2,4,1,7,9,7,0.3749,MEDIUM
3,5,1,9,8,2,1,1,7,7,9,10,1,5,2,8,3,9,3,1,0.4325,MEDIUM
8,7,3,4,9,2,2,6,3,3,4,3,9,3,3,3,9,3,5,1,0.5767,MEDIUM
9,5,8,6,3,9,4,6,10,10,10,5,1,1,5,2,1,9,5,8,0.5003,MEDIUM
10,2,4,6,2,2,4,6,1,6,4,6,8,3,3,9,10,3,1,7,0.5134,MEDIUM
5,2,6,8,9,1,10,8,9,4,1,3,9,1,2,1,5,2,10,5,0.4889,MEDIUM
6,4,5,2,10,6,3,9,2,5,5,8,9,7,8,5,3,9,1,3,0.5067,MEDIUM
2,9,9,10,4,1,7,4,6,8,9,1,4,8,9,10,2,3,2,4,0.4604,MEDIUM
10,8,5,4,7,10,10,1,6,6,9,6,6,8,6,10,10,5,1,9,0.6011,HIGH
5,3,10,1,7,10,7,10,1,5,6,3,9,10,9,7,1,7,2,1,0.4489,MEDIUM
7,6,7,8,4,4,8,5,6,8,1,2,7,6,3,8,7,2,4,7,0.51,MEDIUM
9,2,5,10,9,1,3,6,4,1,9,5,4,8,7,10,10,3,10,7,0.6446,HIGH
5,5,5,8,8,3,6,1,9,5,3,4,3,5,3,4,5,9,1,1,0.4456,MEDIUM
5,2,8,3,5,2,6,6,4,7,10,2,6,9,6,6,8,5,10,1,0.6087,HIGH
7,3,8,10,7,1,3,5,3,6,8,1,4,4,4,3,10,6,10,5,0.603,HIGH
6,3,4,2,6,9,3,9,7,4,1,5,1,3,10,7,7,3,10,10,0.5572,MEDIUM
2,8,3,2,8,5,3,10,3,3,1,5,2,7,8,9,3,2,6,4,0.4432,MEDIUM
10,3,7,7,10,4,8,1,7,4,3,6,1,4,2,4,10,3,9,1,0.5303,MEDIUM
5,9,6,1,3,3,1,7,2,10,1,2,10,4,4,4,6,10,4,8,0.5128,MEDIUM
10,8,2,10,1,1,1,1,3,10,6,7,2,7,3,3,6,7,5,8,0.4703,MEDIUM
2,9,6,6,10,5,1,8,10,10,3,4,1,5,6,4,3,4,2,7,0.5104,MEDIUM
8,8,9,2,5,6,7,5,8,5,4,8,1,2,10,5,6,4,10,2,0.3406,LOW
2,8,8,7,7,7,6,1,6,3,8,7,2,3,1,10,3,9,2,6,0.4289,MEDIUM
8,9,1,7,2,10,1,3,3,4,2,2,7,8,9,8,1,7,8,7,0.5679,MEDIUM
4,6,4,3,3,4,8,2,9,6,10,3,2,3,7,9,5,9,6,7,0.544,MEDIUM
4,8,2,2,5,3,10,5,4,1,1,1,4,8,6,4,10,9,10,3,0.4509,MEDIUM
4,2,4,3,5,7,6,10,9,7,7,10,4,3,8,9,5,2,8,9,0.5512,MEDIUM
4,8,7,6,10,2,6,4,9,3,1,2,2,5,1,7,6,3,7,7,0.5514,MEDIUM
5,3,7,8,4,6,2,3,8,3,5,6,6,4,4,8,6,7,6,7,0.5596,MEDIUM
10,8,7,5,9,8,9,5,10,7,3,3,5,10,5,6,2,1,5,7,0.6374,HIGH
3,6,1,7,10,3,10,7,6,7,9,6,2,3,1,7,3,8,7,8,0.5837,MEDIUM
3,10,4,6,1,10,8,10,4,5,5,3,2,3,10,2,5,7,6,1,0.3185,LOW
3,3,4,5,8,8,9,1,5,6,8,10,8,3,6,2,9,5,1,8,0.4912,MEDIUM
1,4,4,10,9,3,2,5,8,9,3,4,4,8,3,1,10,5,6,2,0.5819,MEDIUM
7,8,7,8,1,7,4,7,4,3,9,7,4,1,2,2,3,3,1,1,0.4294,MEDIUM
9,5,9,5,3,7,5,9,4,4,4,7,8,10,7,1,9,3,9,10,0.5658,MEDIUM
7,8,2,4,7,1,6,5,10,5,7,10,3,1,9,6,7,5,10,1,0.4334,MEDIUM
2,4,3,5,10,6,2,10,4,6,1,1,2,2,6,5,7,2,8,6,0.4788,MEDIUM
9,1,9,1,4,9,9,10,1,5,5,2,1,5,1,5,4,2,6,7,0.475,MEDIUM
7,9,6,2,4,6,4,9,2,5,9,4,8,5,8,6,6,9,1,4,0.4493,MEDIUM
1,10,1,2,7,9,6,7,5,8,2,8,8,9,5,1,2,10,1,3,0.4212,MEDIUM
8,2,7,10,9,9,4,8,2,7,2,2,6,9,7,7,9,7,2,2,0.6347,HIGH
10,10,8,7,8,6,10,9,4,4,3,7,2,8,1,6,1,6,9,4,0.5446,MEDIUM
6,4,5,6,9,2,10,6,7,6,8,3,9,6,4,6,4,4,10,10,0.6158,HIGH
9,3,5,3,7,7,3,2,8,8,6,9,1,2,6,9,5,7,7,9,0.5022,MEDIUM
8,10,4,1,4,1,3,9,6,4,3,8,3,8,7,7,10,9,4,5,0.49,MEDIUM
6,2,6,1,3,6,3,9,6,5,7,2,4,1,9,8,4,1,9,10,0.5645,MEDIUM
8,3,1,8,4,9,3,8,8,8,8,2,2,9,5,3,6,3,8,9,0.6534,HIGH
7,4,1,10,1,1,8,2,3,2,1,3,5,3,4,5,5,8,4,1,0.4002,MEDIUM
6,8,8,8,2,10,7,2,10,10,8,2,7,6,10,7,6,7,7,8,0.5784,MEDIUM
7,5,1,10,10,7,9,4,4,5,5,1,1,10,6,3,3,5,3,7,0.5075,MEDIUM
6,4,8,10,4,3,3,2,10,2,5,4,10,1,8,1,6,5,8,4,0.4982,MEDIUM
7,1,2,6,8,10,2,2,6,1,2,1,2,7,3,7,1,1,9,1,0.5285,MEDIUM
3,7,6,9,10,4,5,8,6,10,8,9,4,4,6,5,9,9,4,6,0.5779,MEDIUM
8,2,10,3,2,5,10,7,8,10,2,5,7,4,9,7,7,5,4,3,0.4145,MEDIUM
1,4,2,8,3,7,7,6,3,9,3,5,7,9,6,5,10,3,8,3,0.5158,MEDIUM
5,1,1,1,3,1,9,7,1,2,5,7,1,6,2,10,1,9,6,5,0.4622,MEDIUM
4,3,8,2,7,4,1,4,4,6,7,4,7,10,4,1,2,1,1,1,0.4073,MEDIUM
10,1,9,10,10,4,2,9,8,9,2,1,5,9,1,3,9,4,6,5,0.758,HIGH
2,6,9,10,3,10,1,10,4,1,5,4,8,7,7,2,4,7,7,3,0.4896,MEDIUM
9,1,9,2,3,3,7,9,2,6,10,5,8,5,8,1,6,4,2,2,0.4368,MEDIUM
1,6,9,4,4,1,10,7,8,4,10,8,10,9,5,3,2,9,10,2,0.4873,MEDIUM
5,3,7,10,4,8,7,6,1,2,7,8,7,8,2,9,8,8,7,3,0.5044,MEDIUM
9,9,4,7,4,7,9,9,6,1,2,7,3,8,7,3,10,3,3,7,0.3796,MEDIUM
7,7,8,9,9,1,10,4,8,7,2,7,6,3,3,9,10,9,10,1,0.4668,MEDIUM
8,5,10,10,4,6,10,9,2,3,6,6,10,8,8,8,3,7,6,10,0.5838,MEDIUM
8,7,5,1,9,4,9,6,9,1,6,1,2,5,2,8,2,7,6,8,0.4946,MEDIUM
9,10,4,10,2,3,10,6,7,6,2,9,9,8,2,2,5,9,7,1,0.5801,MEDIUM
1,6,1,1,10,3,5,5,10,3,9,8,9,8,6,8,1,4,1,3,0.4497,MEDIUM
10,4,1,2,2,3,6,1,2,9,7,1,8,5,3,10,1,7,10,6,0.5796,MEDIUM
3,3,3,4,4,7,10,4,2,9,1,7,3,1,1,8,4,1,3,5,0.4506,MEDIUM
3,7,7,3,5,10,8,6,4,8,5,1,6,8,2,5,5,7,10,6,0.6414,HIGH
7,8,5,1,7,9,8,4,6,5,5,6,4,5,6,2,5,7,7,9,0.5547,MEDIUM
9,7,6,9,4,5,9,4,5,9,4,6,9,7,3,7,8,4,7,7,0.615,HIGH
5,9,6,4,3,1,8,8,6,9,8,1,9,10,5,4,3,7,10,9,0.6076,HIGH
4,5,5,4,7,10,6,9,1,6,1,5,6,1,6,1,10,3,9,5,0.4959,MEDIUM
7,8,3,1,1,8,4,5,3,10,4,10,1,8,8,4,8,3,10,6,0.4811,MEDIUM
5,6,1,4,9,1,2,7,3,6,9,6,2,6,1,3,1,5,6,1,0.4613,MEDIUM
3,9,2,5,4,6,4,2,3,8,10,5,4,4,8,10,6,4,2,2,0.4117,MEDIUM
2,3,4,6,10,1,5,3,7,6,3,8,5,3,9,7,7,3,6,2,0.4276,MEDIUM
1,9,6,8,4,9,4,9,6,6,5,6,2,5,7,1,10,2,10,4,0.4654,MEDIUM
6,2,2,8,5,6,6,6,4,8,1,7,3,8,3,9,2,7,8,4,0.5374,MEDIUM
4,8,5,7,2,3,2,6,8,6,7,3,7,5,2,3,7,1,9,5,0.5556,MEDIUM
9,2,9,8,7,3,1,10,10,1,7,10,4,2,10,7,4,1,4,10,0.5382,MEDIUM
10,6,2,7,8,1,5,6,1,6,10,10,9,3,3,7,8,4,2,3,0.5258,MEDIUM
4,5,4,9,9,9,1,5,9,6,2,5,3,1,3,6,10,4,7,5,0.648,HIGH
6,1,3,9,3,4,2,4,5,3,8,6,6,8,7,8,3,10,10,2,0.5377,MEDIUM
2,6,5,10,1,5,5,4,2,9,4,5,4,7,10,6,4,2,1,3,0.37,MEDIUM
10,8,8,2,2,6,1,7,3,10,2,8,10,3,7,6,2,8,4,3,0.4213,MEDIUM
9,2,7,3,10,2,1,9,8,4,10,3,3,2,10,9,4,7,10,2,0.5031,MEDIUM
6,8,4,8,7,8,2,1,6,3,10,9,8,8,1,8,5,6,10,10,0.6356,HIGH
2,6,4,1,5,5,6,1,1,3,1,3,7,9,4,9,8,9,10,1,0.4618,MEDIUM
4,5,6,1,3,10,6,9,7,8,7,1,4,1,5,1,10,4,5,7,0.5772,MEDIUM
8,6,5,2,9,3,4,7,9,9,2,1,2,4,9,3,8,3,2,1,0.4808,MEDIUM
6,2,4,4,5,7,1,2,9,5,3,3,1,2,4,9,9,3,6,4,0.4924,MEDIUM
3,1,9,4,2,7,9,2,7,4,7,1,4,9,10,2,8,4,7,10,0.5464,MEDIUM
1,8,9,10,5,8,7,8,3,1,1,1,6,3,2,5,2,1,8,1,0.4433,MEDIUM
8,2,7,4,5,9,6,1,9,10,6,2,3,4,8,1,9,6,2,2,0.5177,MEDIUM
10,2,10,5,5,6,5,6,7,10,8,3,10,7,6,6,7,2,10,3,0.6076,HIGH
8,7,8,2,4,8,8,2,9,9,7,3,7,4,10,6,7,2,3,7,0.4283,MEDIUM
7,8,9,4,1,6,6,8,4,8,2,4,9,9,8,5,1,3,3,4,0.3962,MEDIUM
5,7,2,5,5,7,7,3,8,7,4,4,1,5,2,2,8,7,2,5,0.5269,MEDIUM
3,2,6,3,5,9,4,2,10,7,9,7,4,7,5,8,1,5,7,6,0.6143,HIGH
7,9,10,7,10,9,8,1,4,7,9,9,4,1,1,5,9,4,8,10,0.5784,MEDIUM
4,7,4,2,6,10,3,3,10,2,3,8,1,7,6,10,4,5,2,1,0.4082,MEDIUM
5,1,7,3,10,2,2,9,8,3,3,9,3,5,8,2,9,4,1,2,0.383,MEDIUM
9,2,8,10,7,1,8,6,8,9,10,9,5,10,8,5,10,10,8,10,0.6612,HIGH
10,1,6,3,3,2,8,2,2,5,9,7,6,7,6,9,2,9,10,9,0.457,MEDIUM
2,1,7,2,8,4,6,7,4,2,7,4,2,3,10,8,6,6,8,3,0.4518,MEDIUM
7,2,7,10,5,10,7,4,8,9,9,2,2,10,4,9,10,10,10,1,0.6997,HIGH
7,9,3,1,2,4,1,8,2,7,8,6,4,3,2,7,4,4,7,2,0.448,MEDIUM
4,2,8,10,9,6,5,10,1,1,5,10,1,4,8,3,10,6,5,6,0.3973,MEDIUM
9,6,9,4,6,7,4,10,10,9,2,3,8,5,4,10,3,3,6,6,0.615,HIGH
2,8,5,2,10,3,6,9,2,5,8,7,3,2,3,4,7,1,2,9,0.3954,MEDIUM
7,4,10,10,5,6,5,2,4,9,5,6,4,2,6,7,4,1,10,4,0.4199,MEDIUM
1,8,10,7,9,6,10,1,10,7,5,6,10,9,8,3,5,1,9,10,0.3629,MEDIUM
10,3,2,8,8,4,6,2,7,7,9,2,2,4,4,10,8,4,7,8,0.6433,HIGH
1,8,3,2,8,4,5,1,3,5,3,3,3,5,2,10,9,4,1,7,0.5153,MEDIUM
4,3,4,7,6,5,1,2,9,2,5,5,5,3,5,9,5,3,1,3,0.5442,MEDIUM
5,4,6,1,10,5,8,7,6,2,2,9,7,2,6,7,5,1,10,10,0.4373,MEDIUM
5,2,5,8,6,4,10,9,10,2,4,8,1,6,5,3,5,6,2,10,0.4537,MEDIUM
1,9,3,7,2,2,1,4,6,7,6,10,5,3,10,10,3,1,3,4,0.3854,MEDIUM
8,7,7,7,10,7,10,3,3,10,6,4,4,9,7,2,10,5,2,2,0.449,MEDIUM
9,4,10,1,10,4,5,3,5,3,5,1,7,7,3,9,4,5,7,4,0.5398,MEDIUM
4,5,9,9,10,4,4,5,4,8,6,2,9,7,7,10,5,1,9,7,0.6195,HIGH
6,5,3,5,4,9,3,7,10,3,9,6,6,1,8,5,4,6,1,10,0.5824,MEDIUM
6,3,9,9,10,6,10,5,8,1,4,10,7,10,7,5,6,4,6,10,0.5127,MEDIUM
2,8,7,6,1,5,8,2,9,9,4,1,1,10,10,6,5,3,9,9,0.4474,MEDIUM
8,4,5,5,10,7,7,9,7,7,8,10,9,10,10,5,8,1,7,2,0.5315,MEDIUM
8,1,7,10,1,2,5,10,8,2,2,1,4,9,5,8,2,6,7,8,0.5391,MEDIUM
6,7,7,6,1,6,2,9,9,7,1,2,7,8,5,5,10,3,4,5,0.5409,MEDIUM
4,6,10,7,10,9,6,1,5,6,1,6,7,7,10,4,8,6,5,1,0.448,MEDIUM
3,5,3,9,7,2,8,9,10,3,6,8,2,5,1,3,6,1,4,9,0.531,MEDIUM
6,8,7,3,7,5,9,2,7,4,9,5,10,4,7,9,1,7,4,6,0.429,MEDIUM
9,6,4,1,2,1,2,3,8,9,10,7,10,6,2,10,4,1,5,9,0.6264,HIGH
6,3,8,8,6,9,7,8,1,4,7,6,7,3,1,4,7,4,5,5,0.5114,MEDIUM
5,4,10,5,7,9,10,7,4,4,2,9,2,3,4,4,6,8,7,2,0.4047,MEDIUM
8,1,8,4,2,8,5,5,6,8,8,7,3,7,3,7,4,7,8,9,0.5534,MEDIUM
6,1,9,10,9,10,8,8,5,8,6,10,5,5,4,5,9,6,3,10,0.503,MEDIUM
6,4,8,8,5,1,4,8,7,8,7,9,8,5,1,5,3,1,8,7,0.5687,MEDIUM
8,6,2,5,10,8,6,4,5,2,2,6,8,4,4,1,10,10,1,1,0.5295,MEDIUM
1,10,5,1,7,6,7,6,9,3,4,5,5,6,4,9,6,7,6,4,0.4554,MEDIUM
6,3,4,3,7,7,1,1,1,5,8,1,10,2,2,1,4,5,10,6,0.5582,MEDIUM
7,2,2,10,10,9,10,10,7,6,2,2,9,2,6,9,4,8,5,7,0.6762,HIGH
7,2,5,5,8,8,7,2,9,7,9,8,1,5,8,10,7,7,7,9,0.5264,MEDIUM
3,10,1,6,3,6,7,6,10,10,6,1,9,10,2,5,3,4,4,1,0.5344,MEDIUM
3,10,3,8,7,5,1,6,5,8,4,10,9,7,3,3,2,5,1,6,0.5151,MEDIUM
2,4,2,9,7,7,1,5,8,5,8,4,4,9,10,2,5,8,9,6,0.5498,MEDIUM
3,5,8,5,5,3,1,4,6,10,5,5,2,1,3,4,9,8,4,6,0.5006,MEDIUM
2,9,7,7,5,8,8,5,2,4,2,4,6,2,9,4,1,3,6,9,0.3013,LOW
6,4,5,7,6,9,2,6,4,10,9,9,6,3,2,8,9,10,6,6,0.6742,HIGH
10,10,1,10,9,5,2,3,9,7,6,6,9,2,7,8,6,10,3,4,0.6097,HIGH
9,4,2,10,4,5,9,10,2,9,1,1,4,9,2,5,7,4,5,3,0.5132,MEDIUM
10,3,5,3,2,10,6,10,8,4,1,10,2,3,2,9,6,3,8,4,0.5577,MEDIUM
5,2,2,5,7,2,4,4,2,6,6,6,4,1,2,6,4,1,4,1,0.3984,MEDIUM
5,5,1,8,8,9,2,2,1,10,7,6,10,9,5,6,6,8,7,7,0.6287,HIGH
4,5,6,5,2,9,3,10,10,2,3,7,10,10,5,6,3,1,7,5,0.5414,MEDIUM
2,10,2,1,7,2,7,7,10,2,1,1,9,3,3,5,3,2,7,9,0.5015,MEDIUM
3,7,9,3,3,2,8,6,7,3,7,10,10,7,3,1,9,4,5,8,0.3816,MEDIUM
10,2,1,1,6,10,4,3,6,8,3,3,9,8,1,4,3,3,1,1,0.558,MEDIUM
8,5,9,6,10,8,3,5,4,9,8,2,3,10,6,2,5,6,3,1,0.5616,MEDIUM
6,9,1,3,9,7,1,7,1,5,9,1,3,3,5,1,7,6,5,8,0.5722,MEDIUM
5,8,7,10,6,1,10,1,5,2,9,10,9,6,7,7,5,4,1,2,0.3737,MEDIUM
7,6,6,7,3,4,9,9,8,9,9,9,8,7,6,7,10,10,4,2,0.5575,MEDIUM
4,7,1,7,3,3,10,1,2,2,4,9,7,1,5,8,10,5,8,2,0.3558,MEDIUM
10,10,1,4,9,1,4,6,2,5,9,10,6,4,9,3,10,5,5,2,0.459,MEDIUM
10,2,5,8,10,1,6,4,5,8,3,9,4,10,6,2,7,8,4,1,0.4682,MEDIUM
10,6,4,3,7,8,1,9,5,9,9,7,9,7,6,7,3,10,3,6,0.5276,MEDIUM
9,3,3,9,3,9,1,2,9,4,3,4,6,4,1,7,9,9,6,7,0.6786,HIGH
9,5,7,8,7,8,9,1,10,7,5,6,9,4,8,5,5,10,6,10,0.6139,HIGH
8,6,3,2,4,6,4,2,8,6,6,6,10,3,9,10,8,5,9,8,0.4721,MEDIUM
5,2,2,5,9,7,3,7,8,6,2,2,10,10,8,7,5,6,4,5,0.5929,MEDIUM
10,7,6,6,2,6,7,5,2,10,7,8,9,10,7,4,1,1,10,4,0.5081,MEDIUM
6,9,3,1,2,7,4,1,2,6,10,8,3,3,5,3,3,9,5,9,0.5045,MEDIUM
4,5,10,3,8,7,7,9,1,10,9,5,7,1,2,9,1,5,1,4,0.4731,MEDIUM
4,5,9,1,2,6,4,8,4,6,9,7,7,8,2,6,6,5,5,7,0.482,MEDIUM
1,6,4,10,3,7,1,10,7,8,5,7,3,8,3,1,6,4,7,5,0.5427,MEDIUM
10,10,2,2,10,3,9,6,7,8,3,9,6,1,3,2,6,6,4,9,0.5272,MEDIUM
4,1,8,8,6,6,9,3,2,3,7,3,7,5,4,10,6,7,8,9,0.5353,MEDIUM
5,5,7,1,8,9,10,1,8,6,2,10,10,2,10,9,2,8,8,6,0.4014,MEDIUM
6,2,3,10,5,5,2,5,10,3,6,4,2,7,5,10,9,3,9,4,0.6085,HIGH
9,6,10,8,5,8,8,7,6,7,6,10,1,8,1,6,6,5,10,5,0.5008,MEDIUM
4,5,4,7,9,8,8,2,6,7,10,3,3,1,10,5,10,1,8,7,0.5216,MEDIUM
4,5,2,6,4,6,10,8,8,2,1,1,2,2,6,5,8,8,4,5,0.5317,MEDIUM
10,5,4,2,5,9,8,3,3,6,6,8,9,6,7,5,2,4,6,5,0.4796,MEDIUM
8,5,2,7,9,6,6,8,4,10,6,3,4,3,9,6,6,6,9,1,0.5621,MEDIUM
10,6,8,10,5,8,6,9,2,7,7,1,3,9,5,2,4,7,3,4,0.5383,MEDIUM
4,5,8,1,5,1,8,2,5,7,10,8,2,5,8,10,8,4,5,2,0.3208,LOW
9,6,6,10,6,1,9,4,8,5,6,7,1,2,8,1,4,10,7,2,0.452,MEDIUM
1,2,8,6,10,1,1,2,8,1,7,8,10,5,10,1,8,9,7,10,0.508,MEDIUM
3,9,6,6,2,7,3,2,6,10,4,9,10,7,8,7,4,6,4,7,0.465,MEDIUM
8,4,6,6,9,10,7,1,8,1,8,3,3,9,9,4,5,2,4,4,0.6166,HIGH
6,2,4,10,1,2,5,4,1,10,8,5,3,8,5,10,4,7,7,4,0.562,MEDIUM
6,8,10,7,8,2,5,9,1,4,1,1,8,4,6,7,6,9,3,7,0.4533,MEDIUM
1,9,3,6,3,7,4,8,10,5,2,3,9,9,7,7,10,2,2,3,0.4996,MEDIUM
3,4,3,2,5,3,6,3,7,2,2,10,8,9,10,3,6,10,5,7,0.4737,MEDIUM
6,8,5,5,7,6,4,3,6,6,5,5,2,2,9,2,9,6,2,4,0.4212,MEDIUM
7,8,4,9,1,6,3,1,4,9,9,2,10,4,8,7,9,5,2,9,0.5091,MEDIUM
5,8,2,5,7,3,3,1,2,5,9,4,4,4,6,5,1,2,2,3,0.4257,MEDIUM
8,3,9,4,7,1,4,1,9,8,7,5,8,8,1,10,1,7,8,7,0.5677,MEDIUM
2,9,4,8,7,3,10,6,1,8,7,8,2,7,3,2,8,3,1,5,0.4694,MEDIUM
9,9,9,7,9,1,5,2,9,7,10,4,1,4,3,7,5,6,7,5,0.5654,MEDIUM
10,7,8,5,2,10,10,2,7,1,6,4,10,1,7,5,10,1,10,8,0.4654,MEDIUM
1,4,5,3,6,2,10,8,1,2,9,2,6,9,10,2,4,7,9,3,0.4735,MEDIUM
10,7,8,1,8,5,3,2,6,4,2,10,4,7,3,6,3,7,1,3,0.4083,MEDIUM
3,2,7,10,1,9,9,8,6,5,9,1,3,10,4,4,6,9,4,9,0.6341,HIGH
5,4,10,2,1,7,6,8,4,6,2,8,5,6,5,7,10,4,6,2,0.4472,MEDIUM
1,3,2,5,1,2,3,9,4,4,2,10,6,6,9,10,8,10,10,1,0.4495,MEDIUM
4,6,10,8,2,8,8,2,8,1,4,1,6,7,9,8,1,10,5,2,0.402,MEDIUM
3,5,7,1,6,2,7,5,9,4,9,10,6,4,4,8,7,9,5,2,0.4968,MEDIUM
9,8,7,8,8,7,1,1,7,5,4,5,6,10,8,4,2,8,4,1,0.4866,MEDIUM
4,4,3,5,10,7,8,6,8,5,6,2,1,5,9,5,9,1,10,5,0.5172,MEDIUM
8,4,2,9,2,6,7,1,6,5,3,8,1,8,10,10,6,10,5,8,0.4729,MEDIUM
7,2,2,2,1,8,10,8,7,5,8,6,5,6,7,6,8,3,9,10,0.5781,MEDIUM
8,3,3,7,10,4,5,9,6,5,1,4,10,1,10,9,5,7,9,6,0.6769,HIGH
7,1,7,7,10,10,3,7,2,4,9,3,7,9,8,1,10,8,8,8,0.624,HIGH
8,10,6,8,1,4,10,10,7,3,7,4,8,8,10,3,8,2,2,1,0.4176,MEDIUM
8,4,6,2,3,9,10,7,3,3,1,7,9,3,5,4,3,4,4,4,0.4454,MEDIUM
1,3,4,10,10,4,5,5,7,1,7,1,7,10,5,4,1,7,10,6,0.5913,MEDIUM
3,4,6,8,9,7,6,3,10,5,2,3,9,6,4,8,1,1,7,5,0.5514,MEDIUM
5,9,9,6,5,9,8,6,4,2,2,10,9,1,5,3,6,6,5,3,0.3242,LOW
9,1,6,4,8,7,5,3,6,6,1,8,9,7,9,9,8,9,7,1,0.5727,MEDIUM
3,1,4,10,3,3,2,4,2,8,1,2,10,6,9,7,7,4,10,10,0.5758,MEDIUM
3,9,8,10,9,8,3,9,8,4,2,5,3,5,10,6,7,3,10,2,0.5339,MEDIUM
8,10,7,5,5,2,7,1,4,4,3,9,9,9,1,8,1,1,6,2,0.4308,MEDIUM
1,3,9,8,5,6,2,3,1,3,3,1,2,8,6,5,6,5,2,7,0.5425,MEDIUM
5,9,8,10,3,2,1,5,7,7,3,8,6,1,2,6,3,7,10,8,0.5232,MEDIUM
5,5,3,1,4,7,1,8,9,6,5,9,4,4,1,10,6,9,8,3,0.5964,MEDIUM
4,9,4,7,9,1,7,1,2,5,6,8,10,3,4,3,7,8,2,5,0.43,MEDIUM
9,6,9,2,10,8,1,2,6,1,2,10,7,8,10,8,3,1,10,3,0.4248,MEDIUM
6,2,10,3,1,2,9,3,9,6,3,4,4,3,10,8,1,5,10,4,0.3913,MEDIUM
8,10,6,9,3,10,2,6,9,6,6,2,2,7,4,10,8,2,5,10,0.6104,HIGH
3,1,8,6,8,5,2,5,3,5,9,8,4,10,7,3,7,3,6,10,0.5401,MEDIUM
2,9,9,4,2,3,5,10,8,8,4,7,8,8,3,5,5,4,5,4,0.5083,MEDIUM
6,5,10,8,9,8,3,10,7,6,8,2,6,7,5,4,9,1,3,10,0.582,MEDIUM
10,1,4,5,9,1,5,3,5,8,10,7,1,1,1,10,5,1,10,2,0.59,MEDIUM
7,6,8,4,8,7,3,5,3,7,7,3,3,6,5,10,3,1,4,7,0.5638,MEDIUM
10,4,1,10,2,5,1,2,6,3,8,4,2,2,8,3,3,7,5,2,0.4786,MEDIUM
5,8,6,7,10,1,1,2,9,5,3,10,4,4,6,10,9,5,8,5,0.4207,MEDIUM
3,3,10,9,4,6,10,7,7,8,8,2,6,4,10,1,3,3,7,3,0.4146,MEDIUM
5,8,4,7,6,1,1,4,3,10,10,1,10,1,1,7,5,8,7,2,0.6408,HIGH
5,5,3,8,9,8,4,6,6,5,1,5,3,4,2,7,10,8,10,3,0.6046,HIGH
1,7,8,6,5,10,4,10,4,5,4,10,7,10,1,5,6,4,10,3,0.4878,MEDIUM
6,3,9,8,9,4,6,8,4,4,9,2,4,4,1,8,4,5,6,4,0.5409,MEDIUM
4,1,3,4,7,5,2,3,3,5,8,5,1,10,9,6,4,8,3,1,0.517,MEDIUM
4,4,6,1,6,2,7,1,3,4,3,6,2,1,8,2,6,6,6,9,0.3552,MEDIUM
8,1,10,5,1,5,3,3,5,6,7,5,2,2,10,10,3,6,6,2,0.4182,MEDIUM
3,6,4,9,1,8,9,2,10,2,4,6,1,6,4,5,10,5,2,10,0.452,MEDIUM
8,2,6,8,6,6,8,2,7,7,4,3,9,3,5,7,4,1,7,2,0.4954,MEDIUM
7,3,2,9,6,7,4,6,3,1,1,8,7,2,6,1,5,3,1,6,0.3909,MEDIUM
10,9,7,9,6,7,10,8,8,2,5,4,4,7,1,9,1,10,1,2,0.5813,MEDIUM
1,2,5,7,2,1,4,10,3,8,9,9,9,9,2,9,10,4,1,5,0.5482,MEDIUM
7,2,7,4,9,9,2,7,9,8,9,6,2,9,6,7,10,1,6,1,0.6598,HIGH
10,7,6,7,9,9,3,7,8,3,9,1,1,8,3,8,3,1,9,2,0.6664,HIGH
5,8,3,4,8,4,6,7,5,1,8,9,4,1,9,4,1,7,10,8,0.4677,MEDIUM
9,10,10,10,6,2,5,6,5,10,9,4,7,8,2,5,7,8,5,10,0.5994,MEDIUM
1,7,7,9,9,7,8,6,2,9,6,8,2,2,7,5,6,7,1,6,0.4384,MEDIUM
10,6,7,4,5,4,2,9,1,8,4,10,3,1,1,3,6,9,6,7,0.4935,MEDIUM
6,4,4,8,8,8,4,1,4,2,7,8,9,8,2,10,3,7,2,6,0.5305,MEDIUM
5,9,8,3,1,2,3,5,1,3,6,5,6,6,1,1,6,5,10,1,0.4019,MEDIUM
9,1,10,10,9,4,10,8,7,8,4,9,9,8,3,5,7,2,7,4,0.5251,MEDIUM
1,4,5,4,9,4,1,1,1,10,2,5,4,6,3,10,5,10,4,1,0.542,MEDIUM
8,5,2,8,10,10,7,6,5,7,7,3,9,10,8,4,6,2,9,10,0.6536,HIGH
7,3,3,6,3,8,6,7,1,1,3,3,4,1,3,4,5,1,6,7,0.458,MEDIUM
8,8,2,3,6,2,6,9,10,1,5,2,9,3,9,1,6,2,7,7,0.4947,MEDIUM
7,1,9,2,3,4,10,3,8,9,9,5,5,8,10,1,10,9,7,4,0.4841,MEDIUM
7,2,6,3,8,7,10,6,9,5,5,5,3,1,3,3,5,9,3,5,0.5124,MEDIUM
9,9,7,4,2,4,8,4,8,2,5,6,1,4,2,2,9,1,3,7,0.3588,MEDIUM
7,10,2,5,2,10,4,10,7,1,7,2,1,5,8,2,9,10,2,2,0.5293,MEDIUM
10,10,3,6,7,10,3,5,8,7,9,9,4,5,2,1,4,5,2,5,0.4795,MEDIUM
2,4,2,9,2,2,9,2,5,1,6,2,4,3,6,2,8,10,1,5,0.4162,MEDIUM
5,8,1,9,6,7,1,10,5,1,7,8,2,5,9,8,9,4,2,1,0.572,MEDIUM
4,2,5,6,7,5,6,8,3,3,8,6,8,10,5,1,8,5,1,4,0.4711,MEDIUM
4,8,5,5,10,10,10,9,8,1,10,4,4,10,2,4,7,10,5,2,0.5562,MEDIUM
3,7,5,2,1,7,1,4,3,7,8,6,4,2,9,1,6,8,7,4,0.4317,MEDIUM
2,1,2,1,9,10,7,6,5,7,2,3,6,4,7,1,7,5,1,1,0.4627,MEDIUM
5,8,5,9,7,8,10,5,9,7,10,9,10,5,9,5,9,2,8,1,0.5362,MEDIUM
4,7,2,1,1,8,8,1,2,8,8,4,8,6,10,5,10,4,4,1,0.4362,MEDIUM
8,9,2,2,2,8,2,10,7,1,1,5,10,1,3,2,5,5,5,2,0.4865,MEDIUM
6,6,10,7,8,5,4,4,4,9,5,10,7,6,6,3,4,10,2,8,0.5277,MEDIUM
1,4,4,6,4,1,1,5,10,10,10,3,7,7,6,4,7,2,10,8,0.6219,HIGH
8,4,2,8,4,10,5,7,3,5,9,8,3,4,9,6,9,7,6,4,0.5459,MEDIUM
10,3,8,7,9,8,2,5,2,4,5,10,4,2,8,10,7,8,1,7,0.5436,MEDIUM
1,6,6,9,2,8,4,6,8,10,3,2,2,7,3,6,1,7,10,9,0.6482,HIGH
10,4,6,5,7,5,7,4,10,9,10,8,1,2,5,6,6,8,1,4,0.5114,MEDIUM
10,4,5,3,8,2,9,7,7,10,3,6,6,3,10,1,6,1,10,3,0.411,MEDIUM
7,1,1,1,2,2,1,2,6,7,2,7,2,10,8,4,9,5,5,10,0.5498,MEDIUM
9,2,3,2,4,1,1,9,9,3,4,9,5,7,10,10,1,9,7,8,0.5396,MEDIUM
3,4,4,2,1,5,5,9,2,8,8,4,7,6,6,7,2,10,3,3,0.402,MEDIUM
2,9,9,3,3,1,7,4,2,9,7,5,2,8,7,2,4,1,3,4,0.3283,LOW
7,5,2,7,10,4,7,9,4,6,10,10,2,7,8,7,5,1,4,3,0.473,MEDIUM
4,10,2,10,4,3,6,3,9,3,7,8,2,3,7,10,4,8,10,5,0.4797,MEDIUM
10,10,10,6,3,3,6,3,10,7,5,5,5,9,5,4,7,9,7,9,0.5466,MEDIUM
2,2,2,5,4,4,1,7,5,1,10,9,1,6,9,8,8,2,6,6,0.491,MEDIUM
6,10,1,7,3,8,9,8,10,1,3,6,10,2,3,1,5,7,4,8,0.5228,MEDIUM
3,2,7,3,7,7,1,4,3,4,6,9,5,2,9,1,3,10,6,6,0.4104,MEDIUM
10,10,10,8,8,4,8,10,4,10,6,8,10,6,6,2,10,3,5,8,0.5594,MEDIUM
5,2,2,2,8,4,7,8,1,4,9,7,3,6,7,8,7,2,2,3,0.4452,MEDIUM
6,9,5,3,4,4,1,1,9,1,6,7,4,1,9,3,10,3,5,9,0.4351,MEDIUM
3,9,8,4,3,2,1,8,9,9,4,2,3,8,4,7,6,5,9,6,0.5635,MEDIUM
3,3,1,8,3,1,2,10,8,1,9,5,3,9,8,5,2,7,3,8,0.4959,MEDIUM
10,7,4,7,6,2,3,10,6,6,6,2,1,1,6,2,1,9,2,10,0.5546,MEDIUM
5,9,5,3,3,7,3,4,1,1,4,7,1,8,3,3,4,6,1,3,0.323,LOW
9,4,1,4,5,3,5,4,8,6,4,10,2,7,10,3,9,1,10,2,0.4879,MEDIUM
7,7,4,2,7,7,10,7,9,8,5,1,4,4,1,5,6,5,5,2,0.5425,MEDIUM
1,7,2,7,7,5,10,8,1,1,9,5,5,6,9,1,2,6,2,8,0.468,MEDIUM
7,5,3,10,7,3,9,1,10,3,5,2,2,6,1,6,1,10,7,10,0.5633,MEDIUM
10,7,2,4,2,6,3,6,6,3,4,3,3,9,1,6,9,9,4,8,0.586,MEDIUM
8,5,4,6,5,1,5,8,7,3,6,4,10,6,1,2,2,2,6,3,0.5048,MEDIUM
6,6,9,7,3,8,8,9,9,9,3,7,1,4,2,8,5,9,10,1,0.5157,MEDIUM
4,1,5,6,9,9,1,10,8,2,9,7,2,5,3,3,10,4,6,6,0.6487,HIGH
5,6,10,3,1,6,6,10,7,8,6,8,8,10,10,2,2,4,8,10,0.4076,MEDIUM
9,4,1,5,6,8,7,3,8,5,6,2,2,7,1,9,10,6,9,10,0.6412,HIGH
8,1,2,6,3,3,2,4,4,7,9,10,7,1,1,9,4,5,8,7,0.5351,MEDIUM
2,3,9,10,9,10,10,4,1,8,5,7,2,2,4,10,10,8,10,10,0.6102,HIGH
3,8,2,6,7,1,4,4,9,8,9,9,6,3,9,6,9,10,9,7,0.624,HIGH
9,2,9,5,4,10,8,7,4,1,10,1,1,8,4,8,10,5,10,10,0.6236,HIGH
10,5,5,6,8,5,5,5,2,1,8,7,10,3,7,3,7,6,5,4,0.4877,MEDIUM
5,8,6,10,2,7,1,5,4,6,10,9,4,10,9,6,10,1,8,10,0.5584,MEDIUM
10,7,6,9,6,8,9,4,8,6,7,9,2,7,8,9,5,4,5,1,0.5298,MEDIUM
8,4,1,8,2,8,8,7,2,4,6,1,1,8,9,9,4,7,10,3,0.5129,MEDIUM
3,4,4,9,6,5,1,4,4,7,10,10,10,6,3,9,6,1,3,4,0.5651,MEDIUM
2,3,7,6,4,3,8,4,6,6,2,5,10,8,3,5,10,1,4,3,0.5001,MEDIUM
3,4,5,8,8,2,5,7,10,6,1,10,4,6,6,6,6,8,1,3,0.4867,MEDIUM
1,1,7,2,8,5,2,4,7,5,5,6,10,5,8,7,2,3,2,9,0.4854,MEDIUM
10,4,10,2,3,8,1,7,6,1,8,7,2,3,3,3,9,4,1,6,0.5012,MEDIUM
7,5,5,7,9,6,4,1,5,6,6,6,6,10,6,1,3,7,4,6,0.4085,MEDIUM
7,1,8,8,8,9,10,5,4,4,3,8,7,4,10,10,1,5,7,1,0.4771,MEDIUM
1,9,3,4,7,10,7,3,7,10,1,3,3,3,1,10,8,6,6,1,0.4849,MEDIUM
7,2,8,10,1,7,8,1,2,6,2,3,1,1,4,10,4,5,5,10,0.3823,MEDIUM
1,8,7,10,8,3,2,7,3,2,9,4,4,4,10,2,10,3,10,7,0.5038,MEDIUM
10,3,2,1,6,4,1,8,2,3,3,7,1,1,9,3,3,9,4,8,0.4938,MEDIUM
8,5,3,8,1,6,5,10,9,6,8,9,9,8,3,9,3,1,7,4,0.5889,MEDIUM
3,3,9,1,2,3,7,10,9,1,5,5,7,7,6,9,10,6,3,5,0.5159,MEDIUM
8,7,1,10,7,1,7,5,8,3,5,6,3,6,8,4,8,9,8,5,0.5978,MEDIUM
8,8,9,9,5,1,8,1,10,5,7,6,8,8,8,1,7,2,3,10,0.5026,MEDIUM
9,9,10,8,3,9,5,3,7,9,1,10,3,9,3,7,2,7,5,2,0.5212,MEDIUM
8,1,1,6,4,8,2,9,7,1,6,7,7,9,9,1,4,2,7,7,0.5908,MEDIUM
5,8,10,6,2,3,8,10,9,4,2,3,5,3,9,6,4,6,5,2,0.3864,MEDIUM
7,1,2,10,10,2,10,9,5,9,1,9,8,1,2,8,1,9,7,8,0.5248,MEDIUM
2,6,3,1,8,8,2,1,8,5,1,5,4,4,7,9,10,6,8,10,0.529,MEDIUM
7,8,3,5,7,2,1,6,2,2,1,10,1,1,8,1,2,8,9,6,0.3274,LOW
1,3,1,6,1,3,6,5,10,8,3,4,10,3,1,2,1,3,10,8,0.6091,HIGH
6,10,10,8,5,8,6,4,10,7,6,10,8,5,5,3,6,3,7,10,0.493,MEDIUM
5,3,1,5,2,7,5,2,6,4,8,5,1,6,2,4,4,8,10,4,0.5327,MEDIUM
8,7,7,10,10,8,7,9,2,7,1,9,6,6,8,2,8,5,10,1,0.5221,MEDIUM
6,9,5,10,7,9,9,2,5,5,10,10,1,9,1,4,6,9,7,3,0.524,MEDIUM
5,1,6,8,5,5,6,1,10,10,10,9,7,4,3,5,6,4,6,3,0.6178,HIGH
8,10,2,2,2,2,1,9,6,2,9,5,7,7,9,10,9,6,10,4,0.5362,MEDIUM
3,2,4,6,10,7,2,9,4,1,8,4,5,9,1,1,3,3,7,5,0.58,MEDIUM
3,6,10,8,3,1,6,6,5,9,3,10,9,8,9,2,10,3,2,5,0.3647,MEDIUM
8,5,10,9,5,8,5,7,1,5,3,10,4,8,2,8,9,5,8,3,0.4694,MEDIUM
2,5,7,2,8,3,8,6,9,1,5,6,3,10,3,7,8,7,10,9,0.5089,MEDIUM
9,10,8,10,9,9,8,8,6,5,5,6,9,5,8,5,2,4,5,1,0.4819,MEDIUM
2,10,3,10,4,7,1,6,10,7,3,8,6,2,10,4,5,7,4,9,0.4773,MEDIUM
10,1,2,3,5,9,5,5,8,10,4,7,6,7,2,2,6,7,9,7,0.6167,HIGH
3,3,4,1,8,1,7,6,10,5,9,1,6,4,2,7,1,3,3,8,0.4604,MEDIUM
5,4,4,1,4,8,3,8,2,9,7,3,5,5,8,6,7,4,2,2,0.4856,MEDIUM
3,2,4,9,1,8,9,3,9,8,9,1,7,7,2,6,5,6,10,9,0.5898,MEDIUM
6,9,7,7,4,6,7,6,5,2,9,1,3,9,9,3,6,3,2,3,0.4526,MEDIUM
9,9,7,7,10,1,6,10,5,7,10,10,9,5,3,9,9,3,9,5,0.6033,HIGH
8,1,6,3,1,4,2,4,3,10,9,9,8,2,3,4,3,1,4,7,0.4139,MEDIUM
7,9,7,5,3,8,8,9,7,3,7,9,6,3,8,3,9,8,7,1,0.4321,MEDIUM
4,3,1,9,8,8,9,4,5,8,2,1,7,3,9,4,4,5,6,6,0.4977,MEDIUM
8,4,6,7,3,4,3,8,8,1,1,5,6,4,6,9,6,10,8,4,0.5572,MEDIUM
1,3,8,4,3,3,9,6,8,1,5,3,5,1,3,6,6,6,5,7,0.4758,MEDIUM
9,10,4,10,8,8,1,5,2,2,7,8,9,9,2,6,10,7,5,7,0.5583,MEDIUM
8,4,9,7,6,7,10,1,5,5,9,5,7,8,4,4,3,3,10,2,0.4935,MEDIUM
3,5,9,10,6,6,9,8,8,1,1,7,3,4,10,5,6,10,10,5,0.4436,MEDIUM
3,7,5,1,8,7,1,9,10,6,4,1,2,3,1,4,4,10,9,1,0.588,MEDIUM
2,4,9,8,2,7,3,9,4,4,6,7,9,10,1,6,9,2,1,9,0.5585,MEDIUM
1,2,6,4,4,8,5,4,6,7,8,1,3,8,8,3,9,8,2,6,0.4921,MEDIUM
7,6,10,7,10,6,8,10,5,6,8,6,10,6,10,10,6,6,1,6,0.5372,MEDIUM
6,4,7,3,10,2,8,2,5,9,6,5,2,9,4,10,6,3,6,3,0.4626,MEDIUM
6,3,1,8,9,9,3,2,7,6,2,2,10,3,2,5,6,8,5,5,0.6819,HIGH
6,3,1,4,1,3,8,7,10,5,8,4,1,9,9,3,5,1,4,6,0.462,MEDIUM
4,3,2,3,5,5,1,3,10,4,7,4,5,1,10,5,2,3,2,9,0.5372,MEDIUM
1,6,3,6,8,10,6,10,10,1,1,5,8,10,5,2,3,4,3,6,0.5142,MEDIUM
5,7,1,2,9,10,2,2,4,5,4,5,9,6,8,2,4,4,10,10,0.5161,MEDIUM
7,3,8,7,9,7,2,3,8,4,5,3,2,2,3,1,3,10,2,4,0.4395,MEDIUM
9,2,4,1,2,5,10,5,9,1,3,10,9,10,1,9,9,9,2,10,0.489,MEDIUM
7,7,5,6,3,4,2,10,2,10,10,1,9,3,2,4,4,6,7,9,0.5589,MEDIUM
4,2,8,3,4,7,7,8,1,5,2,8,2,1,4,9,10,2,10,2,0.4329,MEDIUM
9,8,5,1,6,1,2,4,4,3,1,4,5,5,10,6,7,1,8,2,0.4037,MEDIUM
5,9,8,7,6,1,8,8,6,3,6,8,3,4,2,7,4,2,7,1,0.3256,LOW
4,8,9,2,2,1,6,8,1,4,10,10,7,4,1,7,7,8,1,1,0.4136,MEDIUM
6,10,10,5,7,10,7,7,10,4,3,4,4,8,1,1,8,2,6,9,0.4973,MEDIUM
1,1,10,8,2,5,1,9,7,4,4,3,4,5,4,1,7,6,9,8,0.5392,MEDIUM
5,5,9,9,9,4,10,3,4,8,6,10,1,10,8,3,3,9,6,9,0.52,MEDIUM
3,6,9,6,5,6,6,2,4,10,2,10,7,1,4,5,9,3,4,7,0.447,MEDIUM
8,9,9,4,9,8,4,7,10,4,3,4,9,1,1,5,4,7,5,8,0.5448,MEDIUM
6,9,5,7,7,5,9,7,8,5,2,7,4,8,2,3,1,7,4,2,0.4032,MEDIUM
8,6,6,3,10,8,8,7,1,2,5,6,9,5,1,9,2,2,5,5,0.4084,MEDIUM
2,6,8,3,9,2,5,4,7,2,2,7,9,7,2,2,5,7,1,4,0.3768,MEDIUM
7,2,2,9,10,3,7,1,6,6,6,5,7,6,5,3,7,9,4,7,0.5749,MEDIUM
9,5,4,8,8,2,5,1,4,5,5,6,5,6,10,6,7,7,1,1,0.405,MEDIUM
4,1,2,2,10,7,3,3,8,3,4,9,7,10,8,5,3,2,8,4,0.5059,MEDIUM
7,9,4,9,6,1,10,6,8,1,10,4,5,1,10,10,2,7,6,1,0.4364,MEDIUM
9,2,2,4,7,5,1,4,5,9,5,9,5,4,8,8,1,1,7,3,0.491,MEDIUM
8,10,6,10,6,2,5,3,10,6,5,5,10,7,7,10,6,5,3,2,0.5018,MEDIUM
8,6,7,3,8,6,3,9,1,1,2,7,2,8,4,5,5,8,10,5,0.5012,MEDIUM
6,10,3,4,6,2,7,4,9,4,3,7,5,9,10,8,2,1,1,2,0.3732,MEDIUM
8,1,8,9,2,3,10,5,6,8,7,2,4,1,5,10,5,9,5,2,0.4731,MEDIUM
5,3,4,6,6,3,9,4,4,8,3,9,8,6,7,8,10,9,2,4,0.5509,MEDIUM
1,3,7,6,7,5,8,8,2,2,6,9,9,3,2,9,8,1,9,10,0.5072,MEDIUM
5,2,1,8,10,2,2,7,2,2,5,7,5,5,7,2,2,10,9,4,0.523,MEDIUM
1,10,8,6,5,3,5,8,4,9,9,6,3,4,8,8,5,9,8,8,0.5172,MEDIUM
1,1,8,9,9,2,3,6,4,3,6,2,3,2,9,1,9,3,3,7,0.4538,MEDIUM
8,10,10,1,10,7,7,7,1,3,9,7,6,4,9,4,10,6,8,2,0.4715,MEDIUM
7,5,7,9,3,2,1,1,4,8,1,10,1,8,1,4,8,9,1,9,0.4893,MEDIUM
9,7,7,10,4,3,1,8,1,10,9,4,5,9,5,10,3,7,8,5,0.5977,MEDIUM
9,8,7,3,10,7,6,1,8,5,5,6,7,6,8,3,7,8,7,6,0.5256,MEDIUM
5,2,10,9,3,9,2,8,10,5,8,8,10,6,1,1,4,5,6,3,0.532,MEDIUM
3,1,3,7,3,7,10,4,1,4,3,7,5,6,3,6,8,4,4,1,0.4321,MEDIUM
10,1,8,5,1,7,4,6,2,7,9,6,3,3,5,8,7,8,6,2,0.5264,MEDIUM
3,6,9,4,8,10,10,1,1,6,4,7,7,10,4,4,3,8,7,4,0.4306,MEDIUM
4,5,3,3,9,6,7,3,9,4,8,3,4,8,3,3,6,10,4,2,0.5337,MEDIUM
1,4,4,8,1,1,9,10,5,3,4,5,1,4,8,1,5,4,4,4,0.2636,LOW
4,2,9,9,4,9,5,6,7,2,3,6,8,9,1,5,8,4,8,2,0.5336,MEDIUM
10,9,6,2,8,7,10,7,9,1,7,5,6,6,5,5,3,2,6,8,0.487,MEDIUM
9,4,8,10,3,7,5,1,6,4,3,8,4,10,7,9,9,6,10,4,0.5508,MEDIUM
5,3,9,9,4,10,1,4,10,8,10,10,8,9,4,4,2,6,1,4,0.5256,MEDIUM
3,2,10,9,6,10,7,6,6,2,1,3,6,1,7,7,7,9,7,1,0.534,MEDIUM
7,8,4,5,8,7,8,2,5,10,10,9,7,4,3,9,10,6,10,2,0.5487,MEDIUM
1,4,9,6,3,5,3,8,7,3,3,2,6,6,10,7,4,8,5,4,0.4999,MEDIUM
10,7,4,10,10,5,10,6,10,5,1,4,9,10,6,6,5,7,6,7,0.6338,HIGH
6,4,2,8,1,9,8,4,1,1,3,2,1,3,8,4,7,7,4,3,0.3797,MEDIUM
6,7,8,4,3,3,4,5,9,8,5,10,4,10,2,7,7,1,2,10,0.5599,MEDIUM
2,1,10,1,5,9,9,7,7,1,8,4,3,7,5,5,8,9,10,4,0.4634,MEDIUM
8,9,6,10,6,5,2,8,7,1,10,1,10,4,8,2,7,5,6,9,0.6312,HIGH
2,1,5,6,8,4,5,7,7,10,5,5,8,4,4,9,8,9,1,6,0.6456,HIGH
3,9,10,1,6,7,7,6,2,9,4,8,9,5,8,8,2,10,9,9,0.4343,MEDIUM
9,4,8,5,4,5,6,1,10,7,9,6,10,4,9,1,7,3,6,1,0.5224,MEDIUM
3,4,1,9,10,10,7,5,7,10,3,5,4,5,4,6,5,9,7,10,0.64,HIGH
6,3,2,3,2,6,7,1,4,9,8,2,1,9,9,1,4,6,5,7,0.4782,MEDIUM
10,5,7,7,1,5,10,1,4,8,7,5,8,5,8,7,10,2,2,7,0.4771,MEDIUM
2,3,3,2,6,1,4,10,7,6,6,9,7,9,2,10,1,1,5,2,0.4891,MEDIUM
6,9,10,4,4,4,6,3,9,7,7,1,2,4,9,6,6,1,1,3,0.4047,MEDIUM
10,6,8,4,9,1,2,1,2,3,5,6,8,2,9,2,6,9,1,7,0.4429,MEDIUM
2,10,5,10,10,10,2,4,7,6,1,6,6,2,10,2,10,4,10,7,0.4467,MEDIUM
9,8,2,9,7,8,2,8,1,9,1,5,10,3,10,4,3,9,6,1,0.5855,MEDIUM
8,2,10,7,2,3,10,4,4,3,2,4,5,10,6,3,3,1,10,5,0.3391,LOW
1,1,4,8,2,8,8,6,9,9,6,7,3,8,5,9,1,7,7,2,0.5746,MEDIUM
2,3,7,3,1,4,1,7,10,6,2,7,6,8,2,3,2,2,9,7,0.5284,MEDIUM
1,2,9,2,2,3,4,10,10,4,4,1,3,6,6,10,9,8,10,3,0.5008,MEDIUM
1,7,3,4,2,5,6,10,7,9,9,10,2,1,10,7,2,10,7,9,0.4502,MEDIUM
1,5,6,1,6,3,2,2,3,1,4,7,1,9,2,7,5,2,9,1,0.3335,LOW
5,5,7,1,9,2,10,8,2,5,1,9,4,5,7,10,6,5,5,10,0.4081,MEDIUM
6,1,7,1,10,6,9,1,7,3,8,5,6,7,7,10,9,4,10,9,0.5599,MEDIUM
6,10,1,8,5,3,10,5,2,5,3,10,1,5,10,6,8,8,7,3,0.4145,MEDIUM
6,4,9,5,8,7,7,10,2,10,6,4,1,2,7,5,8,3,9,7,0.5691,MEDIUM
2,8,5,7,9,6,10,1,3,7,3,10,8,7,2,2,7,7,3,9,0.5058,MEDIUM
7,7,1,4,5,10,9,3,5,7,9,10,7,8,1,2,7,6,7,3,0.5164,MEDIUM
8,8,5,1,3,2,6,8,3,4,2,3,6,3,5,3,4,6,3,6,0.3805,MEDIUM
7,1,1,9,6,9,10,5,10,7,2,8,3,2,6,1,6,3,1,6,0.4104,MEDIUM
4,6,4,2,4,2,9,5,6,7,1,6,10,10,4,5,3,4,3,3,0.3844,MEDIUM
2,1,10,2,3,10,5,5,4,2,5,2,5,1,9,8,9,4,5,4,0.4664,MEDIUM
8,8,10,9,3,5,1,3,2,2,7,9,3,4,2,4,8,10,10,9,0.5757,MEDIUM
2,9,2,1,1,10,7,3,5,3,7,6,8,9,10,7,4,6,6,9,0.4062,MEDIUM
8,8,5,6,3,7,4,5,9,9,9,3,4,8,3,6,5,5,3,3,0.543,MEDIUM
6,4,6,2,2,8,9,9,3,9,1,6,1,4,5,6,6,4,9,9,0.4656,MEDIUM
3,9,8,3,1,5,8,7,8,7,7,7,1,9,3,9,9,8,5,6,0.5001,MEDIUM
9,8,2,3,1,8,6,4,2,4,7,9,6,10,4,2,6,3,7,3,0.4176,MEDIUM
2,1,8,5,2,5,5,4,1,2,1,7,2,5,5,6,3,10,10,7,0.4281,MEDIUM
5,6,8,5,5,4,4,2,10,10,8,2,2,6,4,4,4,5,10,8,0.531,MEDIUM
3,10,7,10,8,1,2,1,1,4,5,4,5,5,10,10,8,6,9,6,0.4661,MEDIUM
9,7,2,9,9,9,2,8,9,7,1,3,2,6,10,10,3,8,10,5,0.6663,HIGH
4,8,7,4,9,3,8,5,10,1,4,4,2,3,3,3,4,10,6,5,0.4336,MEDIUM
9,1,8,1,5,8,4,2,5,9,4,7,9,8,5,8,8,8,5,1,0.5381,MEDIUM
8,1,4,7,7,7,6,7,1,1,8,7,3,3,9,3,2,3,9,3,0.4401,MEDIUM
2,10,4,9,7,9,3,8,9,5,8,3,7,5,4,10,4,4,1,5,0.5742,MEDIUM
6,10,7,10,3,1,7,7,7,1,5,9,6,4,2,3,4,5,5,4,0.3796,MEDIUM
6,9,5,10,9,2,2,9,5,7,6,2,3,5,3,2,1,7,4,8,0.5341,MEDIUM
9,2,8,1,5,9,4,7,5,9,2,2,7,6,10,6,6,9,6,10,0.6528,HIGH
5,3,2,10,4,8,10,4,2,4,7,4,7,6,10,8,3,8,7,8,0.5613,MEDIUM
7,9,8,8,8,6,10,4,6,9,7,2,4,5,2,8,5,10,2,10,0.5604,MEDIUM
6,4,9,1,9,9,5,3,7,8,3,4,4,10,10,1,8,7,2,6,0.5112,MEDIUM
1,1,2,2,2,4,10,2,6,5,9,1,5,5,3,4,7,5,8,10,0.5033,MEDIUM
3,2,5,10,10,1,2,1,9,7,2,7,5,8,10,1,5,10,10,2,0.5636,MEDIUM
6,8,4,9,1,7,8,10,10,7,8,4,7,8,3,1,10,7,2,1,0.5815,MEDIUM
3,4,8,3,7,5,4,3,1,6,9,7,10,10,8,3,5,6,10,8,0.5124,MEDIUM
2,6,6,8,10,4,3,8,8,1,2,2,6,5,10,2,8,8,4,3,0.5012,MEDIUM
7,1,10,7,9,6,7,9,9,9,9,7,2,1,9,6,10,8,4,6,0.5094,MEDIUM
9,7,8,10,5,4,4,7,5,5,8,1,3,7,4,3,8,7,8,7,0.5494,MEDIUM
6,10,7,5,6,9,8,7,7,10,5,10,5,8,2,6,6,4,5,8,0.48,MEDIUM
5,6,1,3,5,1,6,4,8,8,3,10,1,9,5,9,10,7,6,4,0.5057,MEDIUM
10,5,6,1,4,8,6,5,9,1,8,9,1,6,4,9,4,4,9,6,0.5693,MEDIUM
7,10,4,3,10,2,4,7,10,7,5,9,1,5,1,8,4,8,4,1,0.5837,MEDIUM
5,2,6,1,7,4,3,5,1,6,2,1,3,7,6,9,4,9,8,10,0.57,MEDIUM
7,4,4,5,7,8,5,7,5,7,7,1,4,4,3,8,4,10,10,8,0.6811,HIGH
5,2,6,10,3,1,10,5,2,1,2,1,3,8,7,1,8,9,2,10,0.3668,MEDIUM
6,2,7,5,9,5,10,8,8,10,8,4,9,4,4,1,7,2,5,5,0.5338,MEDIUM
4,6,8,6,5,8,9,10,4,6,1,6,3,7,1,3,8,1,7,9,0.4518,MEDIUM
8,6,7,8,1,8,2,9,2,3,10,3,4,7,2,4,10,2,3,4,0.5196,MEDIUM
8,8,5,6,10,10,9,5,2,4,4,8,7,9,8,1,6,9,1,8,0.4766,MEDIUM
10,2,1,7,6,2,1,7,5,1,8,1,8,9,4,9,5,8,9,5,0.6756,HIGH
9,4,1,4,5,9,6,8,4,7,6,5,1,5,5,10,3,8,3,9,0.5042,MEDIUM
1,10,1,4,2,8,9,9,4,7,5,4,2,7,8,9,6,10,9,5,0.5355,MEDIUM
5,5,1,9,9,10,6,10,4,1,4,3,1,8,6,7,1,6,3,7,0.5071,MEDIUM
10,10,1,2,6,3,4,1,3,10,10,10,7,7,4,4,1,10,3,4,0.4929,MEDIUM
6,7,6,5,1,4,1,8,10,10,2,6,5,1,3,8,4,3,1,2,0.5385,MEDIUM
3,10,6,4,2,9,6,1,1,5,3,4,2,9,3,1,7,9,3,1,0.3299,LOW
5,9,2,1,10,4,1,6,5,9,5,8,4,9,6,8,8,10,8,4,0.4821,MEDIUM
10,9,3,5,6,6,4,9,2,6,2,9,3,8,3,4,9,3,7,5,0.4997,MEDIUM
3,10,6,2,9,6,3,6,6,8,7,9,9,2,6,6,10,1,4,1,0.494,MEDIUM
9,2,10,7,10,6,5,5,9,8,7,2,6,1,5,9,9,5,10,2,0.7117,HIGH
6,1,9,10,3,5,5,7,5,1,4,6,1,8,7,10,6,6,6,10,0.4786,MEDIUM
4,6,6,9,9,2,1,9,3,3,8,8,6,5,8,8,8,8,5,6,0.5699,MEDIUM
10,3,6,5,2,3,4,9,8,3,5,10,4,8,10,8,10,1,1,8,0.4647,MEDIUM
1,5,6,6,10,5,9,5,10,7,8,5,2,7,7,3,4,10,6,7,0.518,MEDIUM
8,2,3,6,6,10,4,6,1,3,8,7,8,5,10,1,7,5,2,3,0.5947,MEDIUM
3,8,3,8,7,6,4,2,5,6,2,4,5,2,8,1,1,6,5,6,0.3454,LOW
6,9,4,5,6,6,10,6,6,7,3,2,7,9,4,4,6,8,7,7,0.5601,MEDIUM
9,1,9,10,6,1,5,10,2,1,9,7,1,5,4,2,8,2,6,6,0.502,MEDIUM
8,9,6,3,2,10,8,10,4,4,7,9,7,1,10,4,2,7,1,9,0.4434,MEDIUM
10,9,9,9,6,1,2,1,6,6,9,4,10,2,2,2,6,4,3,1,0.4761,MEDIUM
3,7,5,1,1,10,4,4,4,10,7,4,8,10,1,3,1,4,9,9,0.5568,MEDIUM
8,9,3,2,9,9,10,4,9,5,5,8,9,2,7,8,7,7,4,5,0.4899,MEDIUM
3,1,9,4,5,9,2,3,5,3,7,7,5,8,5,3,7,5,5,1,0.4774,MEDIUM
5,8,9,4,3,8,10,7,7,4,8,10,6,9,2,9,8,8,5,5,0.4974,MEDIUM
10,10,3,5,7,9,8,2,5,5,7,10,4,10,10,6,4,2,6,6,0.4804,MEDIUM
7,7,5,3,4,10,5,1,3,7,10,1,9,10,7,5,10,7,7,7,0.5963,MEDIUM
9,2,2,9,3,3,10,3,4,3,5,7,9,8,3,3,1,4,8,4,0.4984,MEDIUM
4,8,9,5,1,7,2,4,9,7,8,5,9,6,8,9,4,1,5,6,0.4877,MEDIUM
6,10,7,6,8,7,6,8,9,7,9,1,1,6,6,2,3,7,8,7,0.595,MEDIUM
5,5,10,5,4,7,4,3,8,1,6,7,2,5,7,6,4,5,5,3,0.3924,MEDIUM
1,1,5,3,2,9,7,8,5,8,2,6,3,1,4,6,2,10,2,10,0.3957,MEDIUM
9,6,1,6,7,6,2,4,4,6,9,6,1,9,2,5,4,3,3,10,0.6283,HIGH
9,8,7,7,4,3,8,10,1,5,3,4,4,9,2,1,7,1,9,10,0.4582,MEDIUM
2,8,1,1,6,3,3,10,2,9,5,6,8,5,10,7,6,10,10,1,0.485,MEDIUM
6,3,8,1,3,6,10,10,7,2,2,5,4,6,9,4,1,5,1,8,0.3428,LOW
8,6,2,4,1,7,2,1,10,3,3,2,7,9,10,8,5,6,4,8,0.5939,MEDIUM
2,5,8,4,3,1,5,4,2,10,3,8,5,4,2,3,7,7,7,6,0.3312,LOW
7,1,3,4,4,7,2,7,6,6,9,1,7,3,5,8,6,6,6,3,0.7477,HIGH
7,8,3,1,4,7,8,1,3,8,6,2,1,1,6,7,9,8,1,7,0.4811,MEDIUM
10,1,6,8,2,2,3,2,9,2,7,8,10,4,3,4,6,4,10,4,0.5534,MEDIUM
4,1,6,5,9,5,10,6,2,7,6,8,1,8,10,5,4,3,2,9,0.42,MEDIUM
4,1,3,5,3,7,5,7,9,6,6,2,10,1,3,1,5,2,2,6,0.5392,MEDIUM
5,9,9,1,6,2,1,10,4,4,5,7,6,4,4,7,4,4,1,6,0.432,MEDIUM
8,6,5,4,8,1,1,10,9,5,2,7,5,4,8,8,1,3,2,8,0.5036,MEDIUM
1,5,8,1,2,3,6,10,3,9,4,4,10,8,2,8,9,6,7,9,0.5778,MEDIUM
2,8,7,10,8,6,1,6,10,2,8,4,10,4,1,2,1,6,6,10,0.5869,MEDIUM
2,7,10,9,4,4,2,8,10,4,7,5,8,1,9,10,5,5,1,7,0.4754,MEDIUM
6,5,6,3,6,10,4,6,8,1,8,7,6,1,10,5,7,3,1,8,0.4495,MEDIUM
9,6,7,3,3,8,2,10,3,7,1,3,7,2,2,9,7,9,1,2,0.5255,MEDIUM
1,10,4,7,1,10,2,10,5,10,1,9,2,8,1,1,4,3,8,7,0.5287,MEDIUM
3,9,1,6,9,8,8,8,8,1,2,5,10,8,3,7,9,3,2,2,0.5515,MEDIUM
10,6,7,10,7,5,7,1,8,8,4,6,10,6,7,10,2,10,3,3,0.4324,MEDIUM
1,6,2,4,6,7,4,10,8,5,9,10,3,6,1,1,8,6,2,7,0.554,MEDIUM
8,5,9,7,8,4,6,9,2,9,3,2,8,8,5,9,8,5,8,8,0.63,HIGH
10,4,6,10,10,6,9,5,4,9,4,6,7,10,10,10,8,2,3,6,0.577,MEDIUM
3,1,2,10,4,1,7,5,7,10,2,3,7,8,2,10,2,10,7,10,0.6289,HIGH
10,4,4,6,4,1,4,2,4,9,8,9,4,1,6,7,9,3,9,8,0.5616,MEDIUM
6,4,4,6,6,3,7,3,1,3,10,5,9,8,5,8,9,2,2,3,0.5323,MEDIUM
9,3,7,10,10,4,5,6,2,8,4,10,3,3,3,10,4,2,8,8,0.5135,MEDIUM
9,7,6,1,4,10,5,8,6,1,6,6,8,8,8,10,2,8,5,4,0.5329,MEDIUM
2,3,5,4,5,6,4,6,4,9,2,2,6,8,6,1,10,3,8,3,0.4722,MEDIUM
1,10,5,9,1,4,7,10,6,8,6,7,3,10,5,4,4,10,2,7,0.4226,MEDIUM
9,7,8,1,9,9,6,6,1,7,10,5,4,10,5,5,2,1,2,1,0.4249,MEDIUM
5,3,8,10,8,5,10,4,6,5,10,3,2,1,2,9,2,9,9,10,0.6123,HIGH
7,10,10,2,4,3,10,4,6,8,6,4,9,5,9,2,2,2,6,8,0.4048,MEDIUM
1,4,5,8,6,7,1,2,7,5,3,7,3,5,6,6,5,7,3,1,0.4705,MEDIUM
3,2,4,6,5,7,10,3,3,4,10,5,1,8,2,8,4,5,4,5,0.5179,MEDIUM
7,7,1,10,6,5,8,1,1,7,1,4,10,9,2,1,8,10,6,2,0.5595,MEDIUM
7,4,6,3,2,5,2,3,1,3,3,5,2,8,6,7,2,7,9,1,0.391,MEDIUM
10,6,7,5,2,9,6,5,2,4,4,4,7,7,6,1,3,9,6,10,0.5173,MEDIUM
2,6,7,6,9,2,8,10,2,6,8,9,3,10,1,6,3,5,10,3,0.5265,MEDIUM
3,2,10,2,2,5,3,10,10,10,5,9,2,5,2,5,1,2,4,9,0.4968,MEDIUM
6,7,10,10,4,10,2,5,3,7,6,3,1,2,3,1,2,8,5,1,0.4976,MEDIUM
3,1,10,9,5,5,7,10,9,9,9,7,7,6,10,5,9,2,9,3,0.5839,MEDIUM
8,3,10,2,4,7,8,6,10,2,7,5,5,10,2,6,4,3,2,9,0.5252,MEDIUM
1,2,2,4,1,9,6,3,4,2,6,7,9,3,4,5,3,9,5,1,0.4817,MEDIUM
3,3,5,7,3,7,8,2,4,3,1,3,6,4,5,3,4,9,7,8,0.4545,MEDIUM
1,8,8,7,1,5,3,10,4,10,9,8,7,7,8,5,1,9,8,8,0.4758,MEDIUM
3,2,1,8,6,3,5,1,1,4,4,1,6,2,1,10,8,3,5,8,0.5324,MEDIUM
3,6,5,3,7,6,5,2,7,9,10,4,10,3,8,7,4,10,9,6,0.5424,MEDIUM
3,4,9,2,9,3,9,10,4,7,4,3,8,9,7,9,1,8,1,5,0.4508,MEDIUM
3,4,6,8,4,2,9,10,10,6,10,4,2,2,7,10,10,3,2,4,0.4998,MEDIUM
6,4,5,8,1,6,1,8,1,8,8,6,1,9,9,5,10,5,10,10,0.5572,MEDIUM
10,7,4,6,8,7,9,7,7,3,2,4,9,1,6,10,6,2,10,5,0.5321,MEDIUM
9,5,6,5,3,3,6,10,6,6,2,4,4,1,6,10,2,6,5,2,0.3798,MEDIUM
10,7,4,6,2,2,1,10,7,8,5,6,2,4,7,4,7,6,10,1,0.5308,MEDIUM
6,1,5,2,8,4,8,3,3,4,5,3,7,8,9,8,1,4,3,4,0.4389,MEDIUM
9,2,3,9,2,8,2,9,10,10,4,6,5,8,6,3,2,2,3,8,0.5673,MEDIUM
6,10,7,4,8,4,2,2,5,10,4,4,2,1,9,9,7,3,4,1,0.4319,MEDIUM
7,6,10,5,1,1,4,9,2,9,1,4,7,5,9,6,2,1,1,3,0.3819,MEDIUM
2,9,3,5,2,5,1,9,2,8,1,3,9,5,7,2,7,9,8,9,0.4635,MEDIUM
8,4,3,2,5,10,10,10,8,1,4,3,1,5,4,5,8,5,4,4,0.475,MEDIUM
5,5,3,2,1,7,6,2,1,1,5,7,1,2,1,5,2,4,2,4,0.2859,LOW
6,6,6,8,10,5,3,1,8,3,3,4,10,6,7,8,3,2,8,7,0.5013,MEDIUM
2,9,10,9,10,9,8,9,8,8,7,8,8,6,2,4,9,8,8,2,0.6165,HIGH
3,4,10,9,2,9,10,4,10,8,3,1,5,9,8,4,1,5,6,2,0.4478,MEDIUM
10,5,6,6,9,7,9,2,8,4,5,2,9,9,1,8,10,7,5,1,0.6116,HIGH
4,2,6,8,6,9,6,10,4,10,2,9,6,4,7,3,1,6,5,5,0.4087,MEDIUM
10,4,4,10,3,8,2,10,6,5,1,7,4,9,6,7,8,1,3,1,0.5699,MEDIUM
8,2,6,4,8,9,5,3,1,6,6,6,6,4,6,5,5,1,8,9,0.4671,MEDIUM
10,7,8,8,9,9,9,10,3,3,2,1,1,8,3,1,5,1,10,5,0.5135,MEDIUM
8,2,2,3,5,7,2,8,6,8,9,1,5,2,1,5,9,7,7,8,0.7,HIGH
2,9,7,5,5,3,7,3,5,5,8,1,5,10,9,7,8,2,2,1,0.46,MEDIUM
2,9,8,8,1,4,4,3,6,8,1,5,5,4,1,8,4,3,5,7,0.3754,MEDIUM
7,9,10,10,8,5,10,1,4,1,5,4,9,2,8,8,10,10,9,10,0.3959,MEDIUM
10,3,5,7,10,3,5,8,1,5,9,2,2,4,1,2,9,7,5,4,0.5907,MEDIUM
3,4,2,5,6,7,6,2,9,2,3,8,6,10,2,8,1,1,4,5,0.5442,MEDIUM
4,8,5,4,3,6,7,8,5,1,6,4,7,3,6,2,3,4,2,2,0.4107,MEDIUM
6,5,2,2,2,10,1,3,1,7,1,8,2,4,7,10,4,1,1,6,0.4084,MEDIUM
3,3,2,5,5,3,7,8,4,6,4,9,5,3,6,7,2,2,7,2,0.3914,MEDIUM
6,10,10,10,5,5,3,7,2,9,5,6,6,4,8,6,9,3,7,9,0.5378,MEDIUM
3,10,6,1,9,2,5,10,10,5,1,3,4,3,4,6,9,6,10,4,0.4611,MEDIUM
6,9,1,4,6,3,9,9,1,6,1,8,6,1,8,9,2,10,8,4,0.4413,MEDIUM
6,5,5,3,6,3,5,8,8,8,8,5,5,5,10,7,5,10,4,1,0.5313,MEDIUM
5,7,5,1,1,7,1,7,10,9,9,3,7,5,9,7,3,8,6,6,0.6035,HIGH
4,8,8,10,4,9,6,5,7,1,10,2,3,2,1,5,1,8,3,6,0.5993,MEDIUM
5,6,4,10,7,1,2,7,1,10,10,4,3,5,8,1,8,10,3,7,0.5657,MEDIUM
3,6,2,8,5,4,2,7,1,4,3,6,1,4,10,5,4,10,9,9,0.4574,MEDIUM
5,5,3,8,9,10,6,3,4,7,2,8,10,5,10,7,5,6,5,10,0.549,MEDIUM
6,10,6,8,9,2,3,8,4,2,8,5,3,8,2,9,4,3,3,5,0.4348,MEDIUM
1,3,4,10,4,7,3,8,7,2,8,7,5,1,5,1,5,7,6,6,0.4778,MEDIUM
2,2,3,9,7,4,9,2,2,1,6,1,3,3,9,10,3,1,8,5,0.4114,MEDIUM
6,10,6,3,9,3,8,7,8,8,5,3,4,10,4,6,5,4,4,8,0.5013,MEDIUM
4,3,8,9,4,10,7,10,3,2,6,2,1,1,3,7,1,8,8,3,0.5005,MEDIUM
2,5,4,5,9,7,10,7,6,4,8,2,6,6,8,4,2,1,6,3,0.4227,MEDIUM
1,9,10,9,4,2,9,8,4,1,10,6,1,8,10,4,4,8,8,4,0.4171,MEDIUM
2,3,10,8,4,5,2,5,9,6,1,3,8,6,10,1,9,3,7,9,0.5,MEDIUM
1,1,10,1,8,3,3,1,9,8,2,3,2,9,10,5,6,3,4,10,0.4441,MEDIUM
6,10,7,1,3,4,4,2,6,10,10,9,8,6,2,8,6,8,10,1,0.498,MEDIUM
4,3,4,1,9,9,9,1,7,1,10,5,2,8,6,1,3,5,2,4,0.4229,MEDIUM
1,1,8,9,9,7,8,6,9,8,6,6,9,6,1,10,6,10,2,5,0.6663,HIGH
6,1,5,10,8,3,4,7,7,10,5,7,3,8,3,9,7,6,2,9,0.6042,HIGH
2,5,3,1,5,4,9,5,6,1,5,7,3,2,8,7,5,4,5,10,0.3515,MEDIUM
4,10,5,2,7,7,8,5,1,8,9,9,7,10,9,6,9,6,8,5,0.4767,MEDIUM
10,2,2,1,7,7,8,3,7,5,2,9,8,10,4,10,8,9,10,6,0.5739,MEDIUM
4,8,8,1,2,3,5,10,4,2,7,5,6,10,9,3,5,4,8,9,0.4006,MEDIUM
1,5,8,1,5,1,8,10,4,7,6,2,9,8,6,7,10,3,7,10,0.5087,MEDIUM
3,1,4,3,8,4,6,8,2,3,6,7,8,3,2,3,4,1,1,9,0.485,MEDIUM
6,8,9,10,6,10,2,6,4,3,5,3,6,7,7,1,1,10,9,1,0.5161,MEDIUM
6,8,9,4,7,10,1,4,1,4,5,2,4,7,6,4,3,10,9,6,0.5244,MEDIUM
7,9,5,10,10,8,8,1,8,1,7,1,1,8,5,7,2,5,4,4,0.534,MEDIUM
8,1,1,5,10,2,8,5,5,4,7,9,8,2,7,4,9,8,7,3,0.5278,MEDIUM
2,6,8,8,5,1,6,5,6,9,7,7,2,9,3,5,9,8,5,2,0.5045,MEDIUM
5,3,8,9,6,4,2,5,2,10,9,9,8,3,7,4,5,10,3,2,0.5014,MEDIUM
3,3,4,4,10,10,9,3,2,6,10,1,1,8,2,4,3,1,5,5,0.5162,MEDIUM
9,5,6,7,8,8,2,6,5,2,8,7,7,1,5,6,7,9,10,4,0.5711,MEDIUM
10,2,2,7,5,6,8,7,8,8,7,6,8,7,7,7,5,8,7,1,0.5191,MEDIUM
9,6,3,1,9,6,3,10,7,5,6,6,3,2,8,6,1,5,10,10,0.5446,MEDIUM
9,9,8,9,3,10,9,9,8,3,8,6,5,5,3,3,1,7,2,9,0.5625,MEDIUM
6,1,7,10,3,10,9,8,4,9,7,5,1,1,7,8,3,5,7,7,0.5648,MEDIUM
4,10,1,4,3,2,5,4,1,4,2,9,4,10,4,4,1,2,2,2,0.3442,LOW
9,5,1,7,6,5,9,9,6,6,9,8,6,6,3,5,6,3,10,7,0.655,HIGH
2,6,2,5,4,7,10,8,5,6,8,9,4,6,2,8,10,9,4,9,0.5647,MEDIUM
8,2,4,6,6,7,7,10,7,4,4,9,10,6,9,7,5,2,8,9,0.5801,MEDIUM
3,6,7,1,2,10,10,10,2,7,3,5,7,10,5,8,7,3,10,4,0.4697,MEDIUM
7,9,5,3,7,9,6,2,8,10,8,4,7,8,10,10,1,2,1,3,0.4707,MEDIUM
8,2,10,1,10,6,3,1,4,9,8,3,2,3,2,6,2,10,1,5,0.5302,MEDIUM
6,7,3,5,5,7,3,3,1,2,7,6,7,7,4,4,10,4,6,1,0.5315,MEDIUM
9,3,5,4,3,7,3,6,4,9,2,5,1,4,1,8,6,6,10,9,0.5833,MEDIUM
5,2,5,3,1,3,5,9,5,4,6,1,8,5,6,1,10,4,4,3,0.4653,MEDIUM
9,1,10,10,10,8,1,3,5,5,1,5,4,2,1,10,1,8,8,2,0.5722,MEDIUM
9,3,4,6,4,3,8,8,4,8,7,6,6,5,8,7,2,8,3,8,0.5463,MEDIUM
6,8,4,6,6,5,9,2,5,8,2,3,7,7,7,2,6,4,10,4,0.4089,MEDIUM
10,3,10,5,3,8,1,3,2,6,1,2,4,5,4,4,10,1,7,3,0.3915,MEDIUM
8,10,9,10,6,9,3,5,8,8,4,4,10,2,3,10,10,1,4,8,0.5835,MEDIUM
2,10,2,3,8,6,10,4,10,6,6,8,2,5,3,2,2,7,3,3,0.3456,LOW
1,7,6,10,2,1,1,5,5,4,7,5,4,7,5,5,5,4,3,10,0.4463,MEDIUM
7,10,2,5,3,3,1,1,8,3,3,8,7,9,4,6,3,8,9,1,0.4719,MEDIUM
9,8,9,6,8,2,1,10,4,4,9,6,4,1,1,1,10,1,1,7,0.4652,MEDIUM
4,3,6,9,7,8,8,6,5,7,6,9,7,2,8,3,9,5,8,1,0.547,MEDIUM
4,5,5,7,4,4,3,5,7,6,7,9,5,2,6,5,7,4,6,2,0.4686,MEDIUM
8,6,8,4,6,2,9,6,2,8,7,10,7,6,10,6,10,7,6,7,0.4787,MEDIUM
1,1,4,4,8,6,3,3,10,7,5,9,5,3,2,1,10,3,3,3,0.5138,MEDIUM
6,2,5,6,6,8,10,6,4,8,3,4,8,7,7,1,5,2,5,3,0.4267,MEDIUM
7,5,4,1,3,10,8,1,9,2,4,8,3,3,10,9,3,2,1,10,0.4193,MEDIUM
4,6,3,5,4,10,3,3,10,6,1,2,5,10,7,3,9,5,1,8,0.5414,MEDIUM
7,10,6,4,10,1,9,8,9,4,5,8,7,8,10,1,1,8,9,3,0.4546,MEDIUM
5,5,7,7,7,7,10,5,9,4,7,1,10,5,4,9,7,9,3,6,0.5571,MEDIUM
1,9,6,6,10,3,6,7,3,10,8,3,7,7,10,3,4,3,6,8,0.4212,MEDIUM
3,8,4,5,7,9,10,3,8,1,5,8,3,4,4,5,5,7,7,7,0.4772,MEDIUM
2,1,6,2,5,10,7,2,9,1,7,9,7,3,9,9,7,9,9,8,0.5317,MEDIUM
10,3,5,5,10,5,1,4,10,6,2,9,7,10,6,7,2,4,5,5,0.5361,MEDIUM
1,9,9,4,4,2,9,4,9,1,2,7,10,4,5,8,7,10,2,3,0.3374,LOW
4,8,8,10,4,10,9,1,2,3,3,1,2,7,4,2,9,6,3,1,0.445,MEDIUM
1,3,4,10,2,6,3,4,2,4,4,7,4,2,5,1,10,9,3,2,0.3802,MEDIUM
3,8,1,3,4,2,9,10,7,8,3,1,2,3,10,6,10,1,4,2,0.4768,MEDIUM
8,8,6,7,10,1,1,1,2,10,2,8,7,6,4,3,5,5,9,4,0.4529,MEDIUM
5,4,9,8,2,6,2,6,5,8,5,7,10,2,2,8,1,9,8,1,0.5533,MEDIUM
3,8,3,9,3,1,5,1,1,10,4,9,1,9,4,5,10,2,3,4,0.3869,MEDIUM
3,2,7,1,1,6,10,4,3,5,2,9,4,3,6,3,8,7,3,6,0.3575,MEDIUM
3,1,3,2,4,2,2,7,8,10,6,5,3,9,4,3,7,8,1,2,0.506,MEDIUM
2,7,8,9,2,2,7,8,9,7,3,10,1,3,6,2,6,4,9,7,0.3879,MEDIUM
5,3,7,8,4,1,3,3,1,10,10,5,2,8,6,4,1,5,1,6,0.4461,MEDIUM
4,2,10,9,5,2,1,6,1,8,6,6,1,9,5,9,6,3,9,5,0.4821,MEDIUM
7,8,8,1,4,8,9,5,7,8,10,8,1,1,9,4,1,8,7,5,0.4185,MEDIUM
5,1,6,9,4,6,6,1,2,8,3,8,3,8,10,8,4,3,9,3,0.4239,MEDIUM
10,1,2,9,4,3,1,6,2,2,3,2,4,5,1,7,4,7,9,1,0.5686,MEDIUM
2,10,10,1,6,1,3,5,1,7,6,2,2,8,5,8,2,2,8,1,0.3213,LOW
7,5,9,6,8,10,7,9,9,7,4,2,3,5,1,8,10,1,5,5,0.4975,MEDIUM
9,2,4,9,9,2,10,1,2,2,5,6,7,8,7,8,8,7,2,10,0.5201,MEDIUM
6,3,5,10,7,1,2,8,1,10,3,2,8,7,5,6,2,8,8,1,0.6743,HIGH
3,3,4,9,1,5,6,4,5,8,9,3,8,8,3,6,4,3,1,10,0.5869,MEDIUM
6,10,3,9,5,9,10,9,8,4,6,9,8,3,8,3,10,10,4,4,0.5159,MEDIUM
6,8,1,3,5,1,10,4,10,9,7,7,4,10,9,5,7,5,9,5,0.4895,MEDIUM
5,3,8,4,10,9,4,6,7,6,3,4,10,2,9,9,7,8,7,3,0.5731,MEDIUM
3,8,4,6,4,4,5,1,7,3,1,2,7,7,4,4,5,1,2,5,0.4219,MEDIUM
3,2,6,7,4,5,6,3,7,4,7,3,9,9,7,3,4,4,6,8,0.475,MEDIUM
1,5,5,5,6,6,2,5,4,5,5,3,2,2,2,8,6,5,10,5,0.5612,MEDIUM
5,10,6,8,5,3,2,9,9,5,3,5,7,4,9,2,6,2,3,10,0.4953,MEDIUM
2,2,7,5,8,10,3,5,7,5,3,10,10,9,8,3,5,8,4,6,0.5565,MEDIUM
4,10,10,9,8,6,10,2,6,4,1,1,8,6,2,5,6,2,9,4,0.4731,MEDIUM
5,8,10,3,4,1,6,8,9,3,5,6,4,2,1,9,2,3,5,7,0.4119,MEDIUM
5,4,8,9,7,3,5,4,1,2,5,7,1,7,7,10,7,2,1,7,0.4436,MEDIUM
10,7,4,8,5,10,2,3,2,9,8,10,1,7,6,1,7,2,5,8,0.5348,MEDIUM
2,6,10,1,2,2,3,6,1,3,4,2,7,1,1,5,1,3,8,3,0.3303,LOW
9,10,9,7,9,4,3,2,3,1,9,7,2,5,10,9,5,3,6,1,0.3715,MEDIUM
8,10,7,7,10,10,8,9,5,3,1,1,2,5,2,5,5,3,5,7,0.5152,MEDIUM
1,8,4,8,3,4,9,7,2,6,10,6,3,9,6,10,10,5,8,6,0.5842,MEDIUM
8,7,4,8,10,9,3,10,4,1,6,6,8,8,10,8,10,9,4,7,0.5893,MEDIUM
8,7,1,8,5,2,1,6,10,4,10,5,9,2,6,1,5,4,10,1,0.4969,MEDIUM
4,6,7,1,3,9,6,9,7,10,7,7,1,10,7,4,6,5,8,7,0.5233,MEDIUM
1,8,6,2,3,2,1,2,9,5,3,7,3,3,7,5,5,2,9,1,0.3409,LOW
3,5,6,10,5,1,9,6,10,4,6,7,6,4,6,3,5,4,8,8,0.4792,MEDIUM
10,6,1,8,7,6,6,8,4,8,5,9,6,3,6,2,3,3,6,9,0.5375,MEDIUM
5,7,8,10,1,2,8,6,3,3,8,10,3,10,5,10,7,6,3,4,0.4244,MEDIUM
10,7,8,5,10,10,10,1,3,1,4,9,6,5,1,8,1,1,9,5,0.4985,MEDIUM
2,6,10,2,3,5,3,7,10,6,8,6,4,9,6,2,4,10,8,7,0.4415,MEDIUM
4,6,3,10,5,7,2,5,3,7,3,1,5,1,9,6,3,1,7,4,0.4391,MEDIUM
4,5,7,2,2,9,10,8,9,8,4,8,3,9,3,7,6,10,4,4,0.5014,MEDIUM
9,1,5,2,10,2,8,2,7,1,4,4,4,1,9,6,5,5,2,9,0.3621,MEDIUM
5,4,7,7,1,3,1,10,4,2,4,8,9,9,1,3,2,1,10,4,0.4819,MEDIUM
7,8,7,8,8,8,8,4,7,6,8,7,5,6,6,5,6,10,1,4,0.5776,MEDIUM
5,9,2,10,6,5,4,6,2,2,1,3,7,10,4,10,6,6,4,4,0.5397,MEDIUM
1,9,10,3,4,4,4,2,4,6,2,5,9,6,6,1,8,1,3,7,0.3537,MEDIUM
5,1,7,3,7,1,7,8,5,2,6,2,5,5,9,8,7,3,2,7,0.4107,MEDIUM
5,9,4,5,3,8,10,8,4,1,3,10,5,1,7,10,6,8,3,6,0.3698,MEDIUM
3,1,3,4,6,9,10,4,8,8,2,3,6,9,3,9,5,9,9,10,0.6294,HIGH
2,10,10,5,10,6,2,7,6,10,10,2,10,5,6,7,5,5,7,5,0.5706,MEDIUM
6,3,4,10,1,1,5,2,6,3,5,3,9,7,8,9,6,6,5,8,0.5846,MEDIUM
1,2,9,10,8,8,10,6,1,2,5,7,8,1,10,4,7,8,3,6,0.439,MEDIUM
1,3,9,1,1,5,2,8,8,1,8,4,5,7,1,4,2,7,2,4,0.4,MEDIUM
5,1,8,10,10,3,2,7,5,6,8,6,3,8,6,5,3,9,4,3,0.571,MEDIUM
9,7,8,9,6,2,6,1,7,7,9,9,2,6,6,8,2,6,6,7,0.4977,MEDIUM
7,2,7,7,9,10,5,1,10,4,7,4,7,5,7,1,6,10,6,6,0.6345,HIGH
2,7,2,2,4,4,10,6,7,4,3,3,5,6,2,9,3,6,7,10,0.5577,MEDIUM
7,2,10,3,2,3,7,10,8,5,9,7,10,8,9,5,9,8,10,9,0.5483,MEDIUM
10,7,4,2,10,7,4,1,6,3,8,1,5,4,7,10,3,3,6,10,0.5231,MEDIUM
2,7,5,3,4,1,2,3,8,5,7,10,1,2,8,7,4,2,10,2,0.3053,LOW
10,9,7,4,8,1,9,6,6,4,7,1,7,3,3,4,1,7,4,6,0.4573,MEDIUM
7,8,4,6,8,8,6,7,10,5,3,10,9,5,2,1,5,1,1,4,0.4909,MEDIUM
3,8,4,1,4,3,5,9,3,8,5,7,4,6,3,4,6,7,2,2,0.4562,MEDIUM
9,9,3,1,4,9,1,7,10,6,9,7,3,2,9,6,4,2,2,2,0.4525,MEDIUM
3,9,2,8,8,10,1,4,7,7,7,7,4,7,10,5,8,3,9,2,0.5317,MEDIUM
4,3,7,6,10,9,5,6,1,4,4,8,10,1,3,10,5,1,4,8,0.5172,MEDIUM
6,4,6,4,2,4,3,5,6,3,8,6,7,8,2,10,6,1,4,1,0.461,MEDIUM
6,7,9,8,9,1,8,2,3,7,6,3,5,10,5,9,10,2,9,6,0.6169,HIGH
3,10,9,4,9,9,3,1,2,6,2,5,10,8,8,8,7,5,10,2,0.4135,MEDIUM
4,7,2,7,6,8,7,6,3,9,3,3,7,2,10,6,5,10,1,3,0.4852,MEDIUM
10,5,9,5,10,5,4,5,6,8,8,7,7,2,4,9,9,7,6,6,0.6865,HIGH
1,1,10,2,6,10,6,7,8,9,4,3,4,10,6,10,4,7,1,2,0.5225,MEDIUM
10,5,2,3,8,1,7,7,2,9,6,4,7,1,9,8,9,1,8,3,0.498,MEDIUM
1,3,1,4,4,9,9,2,2,3,1,10,10,7,7,8,7,4,8,3,0.419,MEDIUM
1,4,8,4,5,5,9,4,7,6,7,8,1,8,2,10,1,6,7,6,0.4483,MEDIUM
8,5,4,10,7,8,8,1,6,5,7,8,4,10,4,2,7,5,10,1,0.5938,MEDIUM
10,6,5,7,9,9,8,4,1,6,9,9,7,9,2,1,3,6,4,2,0.4226,MEDIUM
3,10,3,7,7,3,6,5,8,9,1,1,10,6,9,1,5,1,2,5,0.5002,MEDIUM
7,2,6,10,8,1,1,1,2,10,1,1,8,4,9,9,6,5,7,8,0.5153,MEDIUM
4,5,8,5,4,7,10,4,10,1,9,10,5,2,4,2,10,9,6,10,0.4671,MEDIUM
7,8,2,9,4,3,2,4,1,6,5,3,9,5,3,6,2,2,2,10,0.4939,MEDIUM
1,4,6,10,5,1,10,5,3,10,5,2,3,6,10,8,10,10,10,1,0.5291,MEDIUM
4,3,4,9,9,8,7,8,7,7,1,7,3,9,10,6,2,4,5,1,0.4194,MEDIUM
4,10,10,8,9,4,9,8,5,5,4,1,9,2,9,4,7,4,3,10,0.474,MEDIUM
4,10,8,1,3,7,7,4,9,3,1,8,2,6,5,9,2,9,6,2,0.4421,MEDIUM
4,4,2,2,8,9,7,1,6,8,8,7,8,8,2,10,3,9,9,10,0.5899,MEDIUM
3,1,4,1,3,9,8,6,8,5,1,6,9,10,3,4,1,4,7,1,0.4798,MEDIUM
7,8,8,9,8,2,10,3,5,10,8,3,7,6,6,8,2,4,7,5,0.4791,MEDIUM
10,7,8,5,6,2,5,6,4,8,6,3,6,8,5,5,9,9,3,6,0.5726,MEDIUM
3,7,10,10,1,2,9,6,2,2,2,6,7,8,4,4,9,6,2,6,0.3841,MEDIUM
8,7,5,7,8,1,6,1,7,9,1,10,9,4,9,4,2,10,4,5,0.4077,MEDIUM
7,6,1,3,8,6,9,7,1,4,5,6,7,4,4,4,9,10,3,4,0.5251,MEDIUM
5,10,6,3,5,6,8,1,6,2,6,6,8,9,3,7,4,9,9,1,0.5333,MEDIUM
4,3,5,3,8,2,7,2,9,7,3,9,7,10,8,5,8,7,3,4,0.4646,MEDIUM
8,1,4,9,6,5,8,9,8,3,7,9,2,10,4,2,10,3,3,10,0.6066,HIGH
5,2,3,4,3,9,1,7,3,6,4,10,5,2,9,6,5,6,6,5,0.426,MEDIUM
2,9,10,3,6,9,9,4,2,5,1,1,4,6,7,4,1,4,3,9,0.3062,LOW
3,7,8,4,6,5,10,1,5,8,10,9,7,6,8,2,7,9,10,7,0.48,MEDIUM
3,2,4,3,6,1,9,7,3,9,7,9,6,7,5,4,5,8,7,1,0.5205,MEDIUM
9,9,3,4,1,10,3,6,9,8,3,9,10,5,7,8,4,7,4,2,0.5364,MEDIUM
7,4,4,1,9,5,7,1,2,8,3,7,3,9,1,4,4,7,5,10,0.4875,MEDIUM
1,9,5,8,5,10,2,2,7,4,5,4,1,4,2,1,2,7,7,4,0.45,MEDIUM
7,7,3,3,9,5,6,6,5,2,5,1,9,6,8,10,7,3,3,10,0.5055,MEDIUM
6,2,2,1,9,5,9,7,2,1,7,7,1,1,3,7,1,5,7,10,0.4797,MEDIUM
1,2,8,5,10,6,4,9,10,2,7,3,5,5,2,1,7,7,8,9,0.6353,HIGH
9,5,6,8,4,3,2,7,6,1,3,5,3,4,9,10,4,6,5,5,0.4597,MEDIUM
1,8,2,2,1,8,3,10,9,6,1,3,4,1,6,1,7,7,8,2,0.4312,MEDIUM
5,9,6,4,4,4,2,8,2,5,8,10,6,6,5,2,3,10,9,3,0.4662,MEDIUM
5,10,3,3,1,3,9,9,2,6,3,1,9,10,6,3,2,8,7,9,0.4603,MEDIUM
1,2,3,7,10,7,3,6,1,6,1,8,4,3,5,10,2,4,10,5,0.5029,MEDIUM
4,1,4,3,6,1,3,8,5,10,7,3,4,9,4,9,5,5,1,4,0.6451,HIGH
8,7,6,5,4,10,10,10,5,3,9,6,9,1,4,4,1,9,7,5,0.5012,MEDIUM
2,5,9,7,4,3,10,1,9,6,1,6,1,5,9,8,2,6,10,1,0.3301,LOW
6,2,9,3,4,8,8,3,2,1,10,1,8,5,5,5,8,10,4,10,0.513,MEDIUM
2,2,8,2,8,5,1,1,4,5,6,7,9,9,5,9,7,6,8,4,0.5687,MEDIUM
8,5,5,10,7,7,7,1,8,3,4,7,7,1,5,8,5,2,3,1,0.4428,MEDIUM
9,2,9,1,4,7,9,10,4,9,3,6,3,9,10,5,1,5,4,10,0.4351,MEDIUM
4,6,2,7,1,3,7,10,6,8,8,6,3,7,7,9,5,9,1,4,0.564,MEDIUM
2,7,4,7,8,9,2,8,6,3,5,9,2,4,6,4,8,7,5,3,0.5457,MEDIUM
10,9,4,10,4,1,4,10,6,4,10,6,3,7,1,9,9,6,4,3,0.5704,MEDIUM
10,9,8,4,5,1,2,2,5,10,10,8,5,8,6,5,8,4,8,8,0.4531,MEDIUM
1,5,10,10,1,10,7,8,9,2,10,5,6,7,6,10,8,8,4,10,0.6292,HIGH
7,2,1,4,5,1,6,8,4,7,9,10,2,1,9,1,5,2,8,6,0.4004,MEDIUM
7,10,5,4,1,8,3,2,9,9,8,8,2,7,10,10,2,7,6,9,0.5316,MEDIUM
8,3,4,7,4,5,2,2,1,5,9,6,8,9,7,8,2,3,7,6,0.4601,MEDIUM
8,3,9,2,9,3,10,2,3,8,9,10,9,9,6,3,5,10,10,2,0.5301,MEDIUM
10,7,1,9,5,2,6,9,6,6,4,8,4,1,5,4,8,7,4,2,0.446,MEDIUM
9,6,6,10,7,8,1,8,2,7,10,5,5,9,2,5,5,1,1,1,0.6015,HIGH
5,1,8,6,7,1,3,4,2,1,7,5,1,8,10,8,3,10,7,9,0.4839,MEDIUM
3,3,9,9,6,5,3,8,4,5,5,10,8,10,10,3,6,2,10,8,0.473,MEDIUM
4,7,7,6,5,8,6,9,8,9,4,8,2,1,6,4,10,3,6,10,0.4837,MEDIUM
1,7,8,8,2,9,6,4,7,1,2,8,5,4,1,5,1,3,6,7,0.4163,MEDIUM
1,1,5,2,4,2,7,7,8,8,6,3,8,1,8,2,3,8,10,8,0.4987,MEDIUM
2,8,7,4,6,1,7,5,3,8,3,10,10,1,5,4,9,9,2,8,0.4289,MEDIUM
7,8,7,3,3,8,1,3,6,5,4,2,7,4,10,2,6,9,5,7,0.5568,MEDIUM
5,8,3,6,7,1,5,7,8,9,3,1,4,7,10,1,7,2,6,6,0.4208,MEDIUM
1,3,7,2,4,5,1,10,8,4,2,3,3,1,7,7,8,7,7,6,0.5591,MEDIUM
5,1,6,4,3,5,3,2,7,10,5,4,6,4,3,9,7,2,8,9,0.582,MEDIUM
1,6,9,2,4,9,1,6,8,4,3,2,4,7,8,9,9,7,5,6,0.4807,MEDIUM
6,6,3,7,2,6,2,1,8,1,6,6,8,1,6,3,10,6,1,9,0.4301,MEDIUM
7,9,8,5,5,2,3,4,6,10,10,9,10,7,3,6,9,7,10,3,0.5702,MEDIUM
7,4,6,7,1,1,7,3,6,6,2,6,2,8,10,8,6,2,10,4,0.4535,MEDIUM
8,9,5,10,6,4,2,3,8,4,5,5,6,9,1,2,10,8,7,3,0.5838,MEDIUM
2,4,5,7,2,7,5,7,2,6,3,7,6,4,3,3,3,5,8,1,0.4882,MEDIUM
9,2,1,2,5,9,2,3,10,8,2,10,9,9,5,1,9,10,5,4,0.5531,MEDIUM
8,5,9,2,3,7,9,2,8,10,4,1,1,9,1,6,9,9,10,10,0.5995,MEDIUM
1,6,9,1,9,2,5,1,4,4,5,1,6,1,9,2,1,6,7,4,0.2777,LOW
6,9,7,10,10,1,3,2,4,2,2,7,7,10,5,7,1,3,2,3,0.4257,MEDIUM
5,7,8,7,5,3,9,2,3,6,10,9,4,7,3,1,8,5,10,9,0.5021,MEDIUM
9,5,10,6,10,2,3,7,1,10,3,1,4,4,2,5,7,6,7,6,0.5443,MEDIUM
8,2,7,7,6,8,9,2,4,1,5,10,10,6,1,5,4,9,10,7,0.4403,MEDIUM
5,2,7,5,6,1,9,7,3,10,6,4,3,3,4,1,8,3,5,9,0.4746,MEDIUM
8,7,5,2,3,7,2,4,10,6,6,8,5,6,9,7,2,9,1,6,0.4952,MEDIUM
9,4,10,4,5,1,9,4,6,5,5,3,8,9,9,6,10,9,9,2,0.5273,MEDIUM
10,3,1,7,10,7,6,7,10,4,3,6,10,7,3,8,7,3,3,4,0.6939,HIGH
7,9,4,2,3,8,6,4,5,2,9,4,10,10,6,6,8,9,1,3,0.4738,MEDIUM
3,9,1,2,8,8,2,1,7,3,10,5,6,1,3,7,10,5,5,8,0.5772,MEDIUM
4,6,4,5,2,5,4,10,2,1,4,3,4,2,9,7,7,8,10,1,0.4977,MEDIUM
7,7,8,5,8,8,3,1,2,2,1,5,1,9,4,9,5,4,8,9,0.4122,MEDIUM
3,7,1,2,9,8,8,8,10,6,4,4,5,3,3,6,4,10,4,10,0.5906,MEDIUM
3,3,5,3,6,8,8,8,3,8,8,5,6,8,6,1,3,2,9,9,0.4965,MEDIUM
6,3,2,2,5,9,5,7,1,4,7,4,9,4,10,7,9,8,9,9,0.5912,MEDIUM
5,3,1,5,8,6,10,9,4,6,9,10,5,8,8,1,7,10,4,10,0.5695,MEDIUM
3,9,6,4,3,1,3,6,5,7,2,7,8,10,5,7,8,8,9,2,0.4694,MEDIUM
9,10,9,7,4,7,2,4,10,6,10,5,6,10,3,2,2,9,6,8,0.5619,MEDIUM
3,4,6,1,2,10,5,8,4,8,8,10,7,3,7,4,9,10,7,6,0.518,MEDIUM
5,10,10,8,8,10,2,8,9,3,3,1,1,9,2,1,1,2,5,3,0.4343,MEDIUM
9,7,7,10,1,7,3,6,2,6,8,6,10,6,2,5,10,1,10,7,0.5566,MEDIUM
8,2,1,9,1,1,5,6,9,8,3,5,3,3,8,5,10,7,7,6,0.5827,MEDIUM
3,10,5,9,4,1,6,2,8,2,10,8,3,6,2,3,4,5,4,4,0.354,MEDIUM
6,4,7,8,6,8,8,8,8,4,5,3,7,6,9,8,6,1,4,2,0.5322,MEDIUM
1,5,10,8,10,2,5,1,8,8,2,3,9,1,7,2,10,10,1,8,0.4963,MEDIUM
5,7,7,7,10,8,5,8,3,2,8,2,3,5,4,6,7,7,9,4,0.4976,MEDIUM
1,4,3,6,4,7,10,6,3,6,6,9,8,7,8,4,6,1,8,9,0.434,MEDIUM
2,1,8,3,9,4,10,5,8,7,5,7,2,3,7,2,5,10,10,4,0.4978,MEDIUM
7,4,2,10,7,3,8,6,7,5,5,4,10,1,10,6,2,10,6,7,0.5108,MEDIUM
7,4,1,1,7,4,7,3,2,1,6,2,7,5,1,8,9,8,1,5,0.5036,MEDIUM
9,2,2,4,6,4,8,4,10,7,6,3,8,3,10,6,10,9,7,8,0.6351,HIGH
8,8,1,6,6,5,9,10,10,1,8,2,3,10,10,7,10,10,2,6,0.6258,HIGH
5,9,3,8,1,1,3,10,4,4,2,4,3,7,9,10,4,8,5,7,0.4677,MEDIUM
1,3,2,4,7,9,9,5,2,6,8,8,2,3,10,2,9,5,3,6,0.3928,MEDIUM
2,10,6,7,2,8,7,6,6,9,10,3,3,4,6,6,3,9,6,9,0.5736,MEDIUM
8,1,7,4,1,3,3,9,3,10,4,4,6,3,9,8,9,10,8,2,0.6196,HIGH
6,4,6,10,7,5,8,3,7,9,5,8,5,7,5,6,6,1,8,3,0.5503,MEDIUM
9,4,2,1,2,9,6,1,9,9,1,9,8,6,7,5,6,1,6,9,0.4979,MEDIUM
2,1,6,9,1,2,1,9,9,7,8,10,8,5,5,8,7,2,10,4,0.5399,MEDIUM
8,9,9,7,7,4,7,5,7,6,4,4,4,5,8,8,5,10,7,4,0.4612,MEDIUM
4,8,10,3,3,7,3,9,2,10,2,6,1,3,4,8,5,4,9,8,0.4765,MEDIUM
4,5,6,1,6,3,2,10,5,1,6,1,5,8,3,7,1,10,8,10,0.589,MEDIUM
7,3,10,2,5,6,10,8,8,4,7,7,1,10,9,6,10,2,10,9,0.5616,MEDIUM
2,8,5,8,4,7,7,6,4,10,8,9,9,6,9,8,5,9,10,6,0.576,MEDIUM
6,8,2,4,2,10,9,5,5,5,10,7,2,7,4,10,6,3,6,8,0.4621,MEDIUM
5,8,8,8,5,4,8,3,2,3,4,9,5,9,8,8,6,7,2,10,0.4587,MEDIUM
2,9,10,9,8,6,6,8,10,9,4,3,3,10,1,1,1,6,10,1,0.4823,MEDIUM
6,5,6,2,8,4,7,6,9,6,5,1,6,10,2,10,4,5,5,3,0.5569,MEDIUM
5,7,3,8,2,3,4,10,4,4,1,7,6,4,4,6,4,6,10,8,0.5156,MEDIUM
6,10,9,1,10,7,3,9,3,2,10,7,1,9,8,9,8,6,8,9,0.6132,HIGH
9,3,8,4,8,7,4,1,10,8,8,4,10,9,4,7,7,7,1,10,0.78,HIGH
8,10,8,9,6,6,1,1,5,5,6,1,8,3,10,7,3,10,1,2,0.4965,MEDIUM
1,8,10,4,3,3,7,6,3,8,9,3,6,5,7,4,1,6,10,5,0.4038,MEDIUM
2,6,7,8,2,2,8,8,6,4,10,9,8,3,5,6,9,2,10,9,0.5158,MEDIUM
8,1,9,9,5,1,8,6,6,4,9,1,6,4,7,6,10,8,3,7,0.5966,MEDIUM
9,4,10,6,1,8,1,6,2,4,1,7,10,7,8,3,2,3,9,2,0.4205,MEDIUM
6,7,9,4,9,8,1,3,8,9,6,4,8,10,9,3,2,5,10,3,0.6218,HIGH
5,2,4,8,2,8,4,1,7,4,10,1,9,6,9,4,1,7,9,5,0.5703,MEDIUM
9,4,7,9,2,7,8,3,4,9,7,7,6,7,1,7,8,8,6,6,0.6088,HIGH
10,6,8,4,6,5,2,1,6,8,8,3,6,1,5,1,3,6,9,10,0.5544,MEDIUM
9,9,2,1,9,6,6,9,8,3,4,6,8,9,5,6,8,3,1,9,0.5724,MEDIUM
1,3,5,2,1,5,2,6,1,8,5,10,4,2,7,7,1,9,2,7,0.4169,MEDIUM
2,2,6,6,7,7,2,4,5,1,5,8,6,1,1,1,5,6,9,5,0.4531,MEDIUM
1,9,10,3,3,8,1,7,10,10,1,7,5,10,5,10,4,6,7,6,0.4999,MEDIUM
9,1,4,7,4,9,4,7,5,8,3,3,5,6,6,9,2,8,1,9,0.5615,MEDIUM
4,4,6,2,5,3,5,5,10,7,7,4,10,1,1,1,5,6,4,10,0.5454,MEDIUM
9,1,5,9,9,7,8,3,6,2,5,1,10,7,2,8,1,10,10,9,0.7145,HIGH
8,4,2,8,1,10,9,2,7,7,9,9,2,4,1,4,9,5,7,10,0.5905,MEDIUM
2,3,9,2,6,1,2,7,5,6,5,7,7,3,6,8,4,2,3,6,0.4836,MEDIUM
4,7,2,3,8,7,10,9,8,7,3,3,10,6,8,10,5,8,5,6,0.5776,MEDIUM
1,9,1,10,9,10,8,2,8,4,4,2,6,8,2,7,1,5,3,7,0.5712,MEDIUM
2,5,5,8,2,7,6,1,5,5,2,6,3,7,5,5,6,9,3,10,0.4174,MEDIUM
7,10,5,6,5,2,10,2,4,8,9,1,5,10,9,8,7,3,1,10,0.4678,MEDIUM
4,9,4,8,4,10,7,6,3,5,3,8,7,1,8,5,2,5,7,5,0.4389,MEDIUM
5,1,3,7,2,4,6,4,5,3,6,6,6,7,2,9,4,3,7,3,0.5451,MEDIUM
2,4,9,5,2,6,6,2,1,10,6,5,3,6,3,8,6,1,6,7,0.4271,MEDIUM
9,9,1,9,5,9,3,1,8,3,8,2,3,7,4,4,5,1,3,10,0.5582,MEDIUM
4,8,9,2,4,3,7,8,3,8,4,4,3,7,3,8,8,7,8,5,0.4171,MEDIUM
7,10,6,9,9,2,10,5,7,9,8,8,5,10,3,10,5,5,10,10,0.5913,MEDIUM
4,2,4,7,8,6,8,3,7,7,9,5,10,1,6,4,7,7,8,9,0.6301,HIGH
4,3,1,4,2,7,2,4,2,8,8,10,1,6,4,5,1,4,9,9,0.5175,MEDIUM
4,4,4,2,6,2,9,1,2,7,7,5,9,1,3,4,7,3,9,1,0.4367,MEDIUM
2,10,4,9,9,10,6,4,2,2,6,5,4,10,8,9,2,6,8,4,0.4964,MEDIUM
5,2,6,10,2,1,7,7,1,9,7,3,4,7,6,1,5,7,1,3,0.4503,MEDIUM
7,3,3,5,8,9,10,3,3,6,2,9,3,7,2,4,6,1,7,3,0.4291,MEDIUM
2,1,9,5,1,2,6,8,10,10,8,1,7,3,10,9,2,1,10,10,0.5613,MEDIUM
8,6,3,7,9,7,7,6,1,9,4,7,9,2,7,9,3,2,5,1,0.5002,MEDIUM
8,4,8,4,1,9,8,2,5,4,10,1,4,10,1,10,3,1,1,6,0.5252,MEDIUM
7,3,7,1,8,1,3,5,8,5,9,6,8,10,9,9,9,10,3,2,0.5456,MEDIUM
4,3,8,4,9,2,6,3,3,10,4,3,3,10,8,3,6,5,1,2,0.3361,LOW
5,10,4,9,5,8,6,5,4,2,9,9,7,5,6,10,5,8,9,1,0.555,MEDIUM
1,8,10,3,5,7,4,7,7,10,9,4,8,6,6,6,1,5,6,9,0.4975,MEDIUM
4,9,8,6,1,1,8,8,1,10,10,1,4,2,8,3,2,2,4,6,0.3266,LOW
10,9,1,5,4,4,4,2,6,7,10,7,5,1,2,1,2,5,7,1,0.4833,MEDIUM
2,10,4,4,6,3,1,7,3,3,7,1,10,4,2,7,5,3,7,7,0.5121,MEDIUM
4,4,2,7,2,5,1,9,3,4,2,1,2,8,2,8,2,10,10,5,0.6313,HIGH
6,8,5,1,6,2,10,10,6,1,9,2,10,1,1,6,7,8,4,6,0.5358,MEDIUM
3,7,4,6,10,6,2,8,7,4,6,3,5,2,4,1,3,3,9,7,0.5551,MEDIUM
8,2,1,7,7,6,7,1,3,5,10,3,4,6,8,8,8,5,2,5,0.4954,MEDIUM
10,1,6,8,2,8,6,4,3,3,8,10,10,8,6,3,7,2,6,9,0.5874,MEDIUM
8,9,10,9,10,2,7,9,4,2,8,2,6,2,2,2,5,3,5,2,0.466,MEDIUM
3,5,9,5,6,5,7,8,4,2,4,8,2,8,5,2,10,1,7,7,0.4019,MEDIUM
10,6,5,6,1,9,6,8,1,4,5,1,2,2,8,7,2,8,1,7,0.4613,MEDIUM
2,4,1,2,2,3,8,4,9,4,2,9,2,8,3,1,4,6,8,10,0.3567,MEDIUM
7,6,7,5,1,1,2,10,2,6,5,3,7,1,8,9,3,5,2,2,0.433,MEDIUM
7,5,4,5,3,5,2,2,5,8,6,5,7,7,3,5,9,3,3,4,0.4866,MEDIUM
1,7,5,3,2,2,7,9,5,7,1,4,9,10,6,2,6,10,3,4,0.3903,MEDIUM
5,7,7,6,3,2,8,5,7,5,6,4,4,2,7,5,10,6,1,7,0.3613,MEDIUM
1,6,5,2,2,4,8,2,4,5,7,4,2,1,8,9,10,1,8,9,0.439,MEDIUM
7,10,6,8,7,1,2,9,9,4,1,5,2,6,5,5,8,5,8,4,0.4804,MEDIUM
4,5,4,6,10,8,4,7,10,8,1,2,7,9,6,3,6,4,2,8,0.6558,HIGH
6,1,5,1,10,4,8,1,2,2,9,6,10,7,9,10,8,5,1,10,0.4897,MEDIUM
6,3,10,1,6,6,1,10,6,8,10,3,9,2,9,5,8,3,7,7,0.5039,MEDIUM
9,1,7,4,10,10,3,5,2,7,2,2,10,6,5,1,7,3,8,9,0.5665,MEDIUM
10,1,9,9,1,7,9,4,2,2,3,2,8,10,6,10,3,9,3,3,0.5605,MEDIUM
4,4,2,3,6,7,8,8,3,6,1,4,9,6,7,2,7,3,8,2,0.466,MEDIUM
5,2,4,5,3,8,8,4,3,4,6,8,4,8,5,3,2,5,3,1,0.3781,MEDIUM
10,5,3,1,8,10,4,8,5,2,6,9,8,2,10,10,5,3,6,1,0.5008,MEDIUM
6,10,3,6,4,1,10,6,6,9,8,8,10,10,4,7,5,3,8,4,0.5367,MEDIUM
8,10,6,8,3,4,9,2,7,2,3,10,3,2,4,6,2,2,2,4,0.3447,LOW
4,1,2,1,8,6,4,6,1,3,5,7,10,5,9,5,2,3,4,3,0.4913,MEDIUM
3,3,4,3,1,9,8,4,9,6,8,1,10,5,4,10,2,4,8,1,0.5301,MEDIUM
9,6,9,8,9,4,8,10,3,2,4,2,7,9,3,3,7,1,9,1,0.4636,MEDIUM
10,10,4,8,2,6,2,10,4,2,8,9,5,5,10,9,9,4,9,1,0.4946,MEDIUM
4,8,5,8,4,9,2,2,4,4,8,1,5,10,5,7,3,5,6,6,0.5604,MEDIUM
5,1,8,8,1,1,6,4,6,6,9,9,3,4,5,9,2,2,9,1,0.3837,MEDIUM
9,3,10,4,9,6,1,3,9,5,8,8,10,9,3,6,9,8,6,4,0.6006,HIGH
8,2,6,7,5,2,6,4,4,1,8,1,7,7,7,8,1,7,4,4,0.5138,MEDIUM
2,2,10,2,7,2,2,10,6,6,4,1,10,4,8,4,2,4,5,1,0.4481,MEDIUM
4,8,8,10,2,8,1,4,8,10,4,1,7,2,9,10,3,1,1,5,0.4846,MEDIUM
6,9,3,1,8,3,2,7,3,5,8,5,3,5,7,9,5,8,4,3,0.453,MEDIUM
6,6,1,7,6,3,10,10,1,6,4,7,8,10,2,3,1,8,3,1,0.4686,MEDIUM
10,6,8,9,10,1,4,6,6,1,9,2,10,10,7,9,5,5,6,7,0.5853,MEDIUM
6,8,9,2,8,5,5,3,1,6,5,1,6,2,6,6,7,8,5,1,0.4634,MEDIUM
10,3,1,2,7,8,6,10,10,4,1,1,2,4,5,2,5,1,6,9,0.597,MEDIUM
1,7,8,1,10,2,5,5,7,6,5,9,5,1,1,1,1,5,1,1,0.2428,LOW
5,7,5,6,5,10,8,7,9,4,5,9,8,6,3,6,7,1,5,9,0.4962,MEDIUM
10,10,3,5,7,7,3,6,8,7,1,2,4,9,1,8,10,6,2,2,0.5401,MEDIUM
9,2,3,2,7,6,3,6,1,9,2,6,10,6,10,1,5,4,2,6,0.4573,MEDIUM
1,8,2,8,5,2,7,5,8,8,7,4,2,1,4,3,4,2,10,8,0.4633,MEDIUM
7,8,1,3,6,5,7,2,7,9,5,5,5,7,10,7,5,6,9,10,0.4809,MEDIUM
3,5,5,2,9,4,3,9,2,2,4,8,3,5,5,8,10,3,10,8,0.4687,MEDIUM
6,10,2,5,5,9,10,5,1,1,10,5,7,6,9,5,7,4,10,3,0.421,MEDIUM
5,9,9,8,9,1,8,4,8,7,8,7,5,10,8,4,8,9,1,6,0.4916,MEDIUM
4,5,3,6,2,10,2,9,8,2,7,3,9,10,8,5,8,7,8,7,0.6472,HIGH
7,7,1,10,2,10,2,10,4,6,3,7,5,3,6,10,10,4,2,8,0.56,MEDIUM
7,10,8,1,9,6,7,8,6,10,2,1,6,7,4,10,7,8,1,5,0.5515,MEDIUM
5,8,8,8,2,5,1,6,8,8,1,3,6,1,2,6,6,5,5,10,0.5059,MEDIUM
5,1,10,10,9,6,8,6,3,6,7,4,8,5,5,9,5,6,6,6,0.5669,MEDIUM
8,7,7,4,4,6,5,3,1,6,1,10,6,4,1,8,3,8,8,3,0.5003,MEDIUM
9,3,8,7,10,6,9,9,8,1,9,10,5,3,7,7,1,4,7,7,0.5592,MEDIUM
10,9,1,3,8,7,5,5,9,3,10,5,4,6,1,1,8,10,7,2,0.5425,MEDIUM
7,6,4,8,8,8,9,5,3,5,8,2,7,5,10,2,10,2,7,4,0.5499,MEDIUM
7,10,6,1,8,3,6,10,3,6,1,2,7,10,2,6,7,10,8,9,0.6158,HIGH
1,8,10,9,3,4,1,8,1,1,9,2,4,4,5,10,1,3,4,8,0.393,MEDIUM
5,4,3,7,10,3,5,10,5,2,9,1,2,7,10,6,10,10,2,2,0.5994,MEDIUM
3,10,5,7,5,1,4,2,2,9,3,9,8,10,2,5,7,6,10,6,0.556,MEDIUM
2,2,3,1,4,4,10,1,6,10,7,7,7,10,5,3,4,10,5,4,0.4329,MEDIUM
9,4,8,6,5,3,9,9,5,7,4,8,8,4,5,9,6,1,4,1,0.4189,MEDIUM
3,8,8,3,2,8,10,4,2,7,3,6,1,6,6,4,3,7,8,10,0.4185,MEDIUM
10,3,5,5,9,4,8,3,7,9,8,8,10,4,9,9,10,5,10,2,0.6053,HIGH
3,9,7,8,3,9,8,8,5,8,9,7,10,2,1,5,1,8,7,3,0.5332,MEDIUM
10,7,10,7,6,3,5,2,6,8,4,2,9,1,3,1,5,1,5,2,0.447,MEDIUM
1,8,2,10,2,3,10,5,4,4,8,1,3,7,6,8,9,2,5,10,0.5101,MEDIUM
7,4,6,6,1,2,10,4,6,4,2,2,1,2,6,9,5,6,7,8,0.3747,MEDIUM
4,2,4,8,1,1,2,8,5,10,4,2,8,6,7,1,8,4,1,3,0.5419,MEDIUM
2,8,4,8,4,4,10,8,1,2,1,2,5,10,3,7,3,2,9,10,0.5135,MEDIUM
3,3,5,1,1,7,2,4,9,7,6,5,10,7,7,1,3,6,2,5,0.463,MEDIUM
4,6,9,1,5,8,2,2,9,1,1,5,6,1,2,6,4,2,2,10,0.4038,MEDIUM
6,10,7,1,3,8,7,10,4,5,8,8,10,7,7,1,6,5,9,6,0.411,MEDIUM
7,3,6,8,6,1,5,3,3,5,7,5,1,7,10,5,9,7,2,8,0.4928,MEDIUM
6,5,2,9,3,8,8,2,2,5,9,9,2,7,1,6,9,1,2,10,0.5284,MEDIUM
8,6,6,8,1,9,3,7,8,9,7,6,1,5,5,5,2,5,5,3,0.5086,MEDIUM
10,5,3,7,8,1,9,9,1,6,1,2,6,2,4,8,9,7,3,7,0.5839,MEDIUM
9,5,10,8,1,5,3,5,2,7,10,9,2,5,3,1,8,7,9,2,0.4644,MEDIUM
8,1,1,7,9,2,5,4,7,6,10,8,3,4,10,8,7,7,2,1,0.5504,MEDIUM
6,5,2,8,2,6,1,1,8,7,1,2,8,6,2,9,1,1,8,8,0.5314,MEDIUM
9,5,3,9,5,6,6,8,7,2,9,7,8,8,1,7,7,8,3,2,0.6157,HIGH
10,3,3,9,4,5,10,2,5,4,1,10,3,2,6,3,8,3,6,10,0.4264,MEDIUM
8,9,4,4,7,8,5,1,9,10,2,3,1,6,10,10,5,5,8,7,0.5368,MEDIUM
10,9,9,1,2,3,3,6,7,3,1,9,4,7,2,1,9,9,1,3,0.3741,MEDIUM
6,8,1,2,7,3,1,7,4,8,1,4,6,6,10,6,10,2,6,2,0.4781,MEDIUM
7,8,7,2,7,7,3,10,7,6,9,7,4,7,1,3,6,4,7,9,0.6108,HIGH
8,4,3,1,10,3,3,6,5,6,1,9,1,7,10,5,1,10,8,9,0.4659,MEDIUM
8,4,9,8,2,9,4,5,2,1,1,1,7,7,6,9,5,9,5,4,0.4524,MEDIUM
10,4,1,1,5,7,1,4,6,7,1,9,10,8,1,7,5,10,4,8,0.6922,HIGH
6,10,1,5,5,8,10,1,6,9,4,1,5,8,1,3,8,9,10,1,0.6108,HIGH
3,8,7,5,6,2,4,1,1,6,1,2,10,9,6,8,6,5,8,4,0.4094,MEDIUM
9,9,1,9,5,3,8,5,1,7,3,9,3,9,6,1,8,3,6,6,0.472,MEDIUM
4,3,1,6,3,9,6,2,6,6,1,2,4,6,3,5,8,2,2,8,0.491,MEDIUM
9,9,8,6,1,6,2,4,10,2,9,5,2,9,1,6,2,5,2,3,0.4883,MEDIUM
1,1,8,5,1,5,6,2,6,7,10,10,4,4,3,8,7,10,3,7,0.4951,MEDIUM
9,10,10,5,8,4,9,8,10,4,1,10,3,6,3,4,10,1,7,1,0.4017,MEDIUM
6,7,4,7,1,8,2,3,5,2,4,8,4,10,5,10,2,3,6,9,0.4631,MEDIUM
2,10,4,7,7,10,5,4,7,5,4,7,6,4,2,5,6,10,5,6,0.5002,MEDIUM
7,9,2,6,1,9,10,6,2,5,7,4,2,9,8,10,9,10,8,7,0.5189,MEDIUM
4,4,1,3,4,1,5,3,4,4,4,9,9,4,2,10,7,1,3,6,0.4167,MEDIUM
1,10,3,8,1,5,1,1,5,4,9,7,7,7,9,5,8,1,8,3,0.4306,MEDIUM
7,1,3,8,6,8,9,10,7,7,4,7,9,1,6,4,8,4,9,1,0.538,MEDIUM
9,9,3,4,4,1,10,8,1,2,10,10,9,3,5,8,8,1,8,6,0.4717,MEDIUM
2,9,7,3,2,1,10,9,7,4,7,8,9,3,9,2,7,9,10,7,0.4706,MEDIUM
1,1,7,7,9,9,2,3,8,10,1,5,3,6,3,9,5,7,6,9,0.5879,MEDIUM
1,7,9,2,8,10,3,3,5,2,10,10,8,10,8,1,4,2,1,9,0.4207,MEDIUM
1,9,4,5,9,1,10,9,6,5,5,9,8,9,10,1,5,9,4,4,0.4311,MEDIUM
5,7,6,9,7,8,3,7,1,3,2,4,2,9,1,7,7,7,5,1,0.5411,MEDIUM
6,10,10,8,5,4,1,9,8,9,1,4,8,9,3,6,4,8,2,3,0.5419,MEDIUM
7,9,9,8,1,5,2,6,6,8,9,2,4,8,4,2,5,3,2,8,0.5353,MEDIUM
6,7,3,5,8,10,10,5,5,4,4,2,8,9,3,8,4,1,6,10,0.5915,MEDIUM
8,7,7,3,1,9,5,1,8,9,5,7,5,1,2,6,8,8,5,7,0.456,MEDIUM
7,3,2,10,10,8,9,6,7,6,3,6,6,5,3,5,6,9,7,7,0.6681,HIGH
8,3,10,3,10,10,1,8,3,3,7,8,10,5,1,7,1,2,6,5,0.591,MEDIUM
2,4,9,3,8,4,9,7,9,9,4,4,10,3,4,9,10,9,7,3,0.5361,MEDIUM
3,6,5,7,9,7,3,10,7,7,2,1,4,6,7,6,8,5,9,1,0.5793,MEDIUM
9,5,4,8,2,5,10,3,7,3,8,4,6,1,7,1,1,2,3,7,0.4218,MEDIUM
7,5,7,1,10,7,2,5,10,1,10,2,1,1,10,2,7,7,6,10,0.5138,MEDIUM
6,5,6,5,4,1,1,2,8,9,5,7,3,8,5,3,1,6,3,3,0.4763,MEDIUM
6,9,10,9,8,4,1,8,4,3,2,7,7,6,7,10,2,1,8,1,0.539,MEDIUM
9,7,2,2,8,2,4,5,1,3,6,1,1,7,5,3,3,8,7,5,0.4463,MEDIUM
4,5,10,5,7,6,3,7,6,1,6,4,5,8,8,5,2,2,7,1,0.3725,MEDIUM
3,9,6,10,6,4,9,9,8,6,6,10,9,8,6,10,3,1,5,2,0.4844,MEDIUM
6,6,3,9,3,4,1,2,7,5,4,1,4,3,10,8,8,5,5,5,0.54,MEDIUM
4,4,3,10,5,6,8,9,7,8,5,1,5,8,8,3,5,7,5,10,0.5908,MEDIUM
8,3,9,4,5,2,10,1,7,8,2,1,1,10,10,8,9,5,5,3,0.5026,MEDIUM
10,9,3,10,10,4,2,7,5,3,2,3,9,3,7,6,9,6,10,8,0.5742,MEDIUM
1,3,5,9,10,2,1,6,6,8,10,10,10,2,6,9,5,4,5,6,0.5999,MEDIUM
7,6,2,3,4,5,4,5,5,1,8,1,9,1,7,4,2,4,10,6,0.4702,MEDIUM
10,5,4,6,8,9,5,6,10,1,8,4,2,3,9,3,2,2,2,3,0.5299,MEDIUM
7,5,3,2,9,2,6,5,5,8,9,9,10,4,8,8,1,8,1,6,0.5741,MEDIUM
1,8,1,10,6,1,7,3,7,4,3,8,7,3,5,4,3,7,6,8,0.4082,MEDIUM
3,1,8,10,9,1,5,8,1,8,9,10,4,8,10,9,8,8,6,3,0.5114,MEDIUM
4,10,10,10,7,4,7,10,2,9,5,6,5,5,2,10,9,4,9,6,0.5844,MEDIUM
8,10,3,9,3,7,3,10,1,2,7,6,2,6,10,10,6,3,8,5,0.4845,MEDIUM
8,9,8,2,6,6,4,4,4,2,8,10,4,2,4,5,8,6,7,2,0.4093,MEDIUM
10,7,2,8,7,6,1,3,2,1,1,1,3,8,9,7,5,10,10,6,0.5677,MEDIUM
9,8,1,1,6,2,3,6,4,9,1,7,4,2,10,1,6,4,8,7,0.3454,LOW
10,4,3,9,8,10,3,8,5,7,3,3,7,9,10,8,6,4,2,2,0.6106,HIGH
6,3,5,4,9,8,3,1,8,6,8,10,4,2,5,5,5,10,5,2,0.4835,MEDIUM
10,10,7,5,6,10,7,3,5,4,9,5,1,10,3,8,8,2,6,8,0.5247,MEDIUM
4,7,9,6,1,8,1,6,2,9,3,6,2,2,1,4,2,9,7,8,0.5244,MEDIUM
3,1,8,6,10,2,5,5,6,7,7,2,10,7,7,8,7,1,2,6,0.4997,MEDIUM
1,5,4,5,1,2,1,3,7,6,6,8,7,5,8,6,7,7,6,8,0.5103,MEDIUM
4,3,10,8,8,5,2,1,6,1,7,9,6,10,1,3,4,4,1,10,0.4777,MEDIUM
5,7,3,2,5,8,1,7,2,7,6,4,8,4,1,6,4,5,3,9,0.5444,MEDIUM
10,1,8,9,2,7,3,10,4,1,10,7,2,6,1,8,2,1,7,7,0.5927,MEDIUM
2,7,10,1,4,7,8,1,6,10,1,5,2,2,8,10,8,8,10,7,0.4358,MEDIUM
4,2,10,10,5,7,8,1,10,10,7,1,9,8,5,10,7,2,3,3,0.6062,HIGH
10,9,4,1,9,8,9,9,5,8,8,10,9,9,9,3,5,4,8,6,0.5721,MEDIUM
10,7,9,7,9,7,3,8,5,9,3,4,1,1,10,8,2,6,5,8,0.4923,MEDIUM
6,10,6,1,2,4,4,7,8,3,2,2,6,7,8,9,2,5,1,9,0.4033,MEDIUM
3,9,3,5,7,5,10,2,4,8,2,7,6,1,10,5,3,4,2,6,0.2844,LOW
10,7,4,8,9,2,4,2,10,2,6,2,9,2,4,7,10,1,1,5,0.5114,MEDIUM
8,10,1,5,7,5,5,10,5,1,6,9,2,6,2,10,4,10,5,3,0.6457,HIGH
8,9,10,2,2,10,3,7,9,10,1,1,10,9,7,1,7,9,2,5,0.5887,MEDIUM
5,2,7,7,7,2,2,8,8,3,10,5,3,1,7,8,1,9,1,6,0.4515,MEDIUM
9,6,9,3,5,1,5,10,8,8,10,6,8,3,5,1,1,4,1,4,0.3915,MEDIUM
2,6,2,9,7,2,8,6,10,9,10,7,3,3,5,10,5,8,7,5,0.5915,MEDIUM
2,10,5,10,6,9,4,3,6,2,10,10,1,2,1,3,7,4,4,5,0.4608,MEDIUM
10,3,3,8,8,8,1,9,6,10,5,3,7,9,3,4,10,6,6,5,0.7608,HIGH
4,5,5,9,3,2,4,9,1,2,2,6,6,8,7,10,5,2,6,2,0.4287,MEDIUM
4,10,9,6,6,4,3,4,8,6,1,9,4,10,8,4,2,8,6,3,0.395,MEDIUM
6,3,4,3,5,4,5,3,2,4,10,6,8,10,7,6,7,3,9,1,0.5187,MEDIUM
8,4,4,6,1,1,7,5,6,6,9,1,5,9,3,10,5,1,8,9,0.5868,MEDIUM
3,9,7,3,6,6,9,8,3,10,4,8,1,7,3,6,9,8,4,7,0.3779,MEDIUM
1,9,1,6,6,9,3,3,7,3,4,2,7,8,6,1,2,2,6,4,0.4519,MEDIUM
3,8,1,4,5,2,5,8,8,6,7,9,9,7,4,8,2,4,8,10,0.5159,MEDIUM
10,9,8,1,9,1,6,4,9,3,9,10,9,2,3,3,4,10,7,6,0.4848,MEDIUM
8,6,4,8,7,5,5,6,2,3,6,7,3,3,3,1,9,4,5,7,0.6027,HIGH
5,5,3,10,10,7,2,4,9,1,8,2,9,7,1,7,10,10,4,10,0.7536,HIGH
10,5,6,2,1,7,9,4,9,3,10,3,2,7,3,10,9,7,1,5,0.5208,MEDIUM
3,8,9,6,8,2,1,4,7,4,1,6,7,10,6,7,3,6,1,10,0.5035,MEDIUM
7,10,5,2,3,4,6,3,9,9,9,10,10,1,9,9,9,7,1,9,0.5026,MEDIUM
2,2,1,8,2,5,10,3,4,7,1,4,7,9,1,9,6,9,9,5,0.589,MEDIUM
5,5,4,8,3,2,4,3,7,8,8,7,4,9,4,2,10,2,9,1,0.5354,MEDIUM
5,4,9,5,4,1,10,8,10,8,6,7,9,5,3,2,9,2,9,1,0.56,MEDIUM
2,9,8,5,8,3,10,2,4,2,2,3,7,6,10,8,5,7,1,4,0.2937,LOW
1,3,4,2,3,2,8,9,2,8,1,5,3,4,3,8,6,9,9,9,0.5078,MEDIUM
2,2,9,6,10,3,1,7,4,1,5,2,7,6,3,8,3,7,2,9,0.5074,MEDIUM
10,2,1,10,6,4,2,1,1,2,8,10,3,6,2,4,7,3,3,4,0.5222,MEDIUM
9,1,2,4,8,1,3,1,10,9,2,10,5,1,2,5,7,10,7,2,0.5077,MEDIUM
4,7,1,8,8,3,8,3,1,5,6,1,10,9,1,7,4,6,4,4,0.5333,MEDIUM
4,6,1,2,7,3,7,3,6,2,1,5,10,5,7,2,8,4,1,6,0.3938,MEDIUM
2,6,2,4,4,3,1,10,7,8,4,1,10,3,5,1,8,5,2,4,0.5668,MEDIUM
6,10,7,7,6,4,4,10,1,4,7,4,9,6,8,5,4,4,10,2,0.5201,MEDIUM
10,6,9,1,1,1,9,5,2,7,3,7,8,6,1,2,5,7,9,4,0.3613,MEDIUM
2,5,7,6,1,1,4,10,5,6,6,9,5,7,5,3,1,2,9,2,0.3966,MEDIUM
10,1,3,4,3,1,2,7,6,2,10,9,9,10,1,7,1,10,2,8,0.5772,MEDIUM
6,1,8,6,2,10,3,7,8,8,6,1,5,7,2,7,3,3,9,5,0.5719,MEDIUM
4,10,7,6,7,9,9,8,3,1,3,1,5,9,8,2,1,4,7,6,0.408,MEDIUM
4,5,8,7,5,2,5,5,3,8,2,10,8,5,6,4,2,5,6,10,0.4154,MEDIUM
6,6,1,9,1,1,3,10,1,7,10,6,5,8,4,6,7,5,3,8,0.6637,HIGH
3,10,5,4,7,2,1,10,1,10,9,3,5,6,1,9,2,5,7,5,0.5729,MEDIUM
8,1,3,4,7,1,8,5,2,8,1,7,1,3,3,6,3,6,6,4,0.3782,MEDIUM
2,4,5,2,8,7,3,3,9,1,10,6,5,2,8,6,5,1,2,7,0.4163,MEDIUM
4,8,10,1,6,9,5,9,3,9,2,8,4,10,4,4,10,7,10,2,0.5409,MEDIUM
1,9,3,10,7,6,7,2,3,1,7,5,7,5,7,8,7,5,8,9,0.5835,MEDIUM
6,7,3,6,1,9,5,6,1,2,5,4,10,10,10,3,6,8,1,10,0.4366,MEDIUM
10,3,9,7,2,1,3,9,6,6,2,5,4,9,3,6,6,3,1,4,0.4137,MEDIUM
3,9,7,6,10,2,9,2,10,9,1,6,3,9,4,10,1,6,4,1,0.5026,MEDIUM
7,8,4,1,9,4,1,4,9,9,5,1,2,7,8,8,7,10,3,2,0.5711,MEDIUM
10,2,1,6,1,8,2,10,8,1,10,6,8,5,5,6,5,1,7,10,0.6042,HIGH
2,5,4,9,8,7,8,4,9,5,4,2,6,6,7,8,7,10,6,10,0.6325,HIGH
8,10,3,10,7,3,7,4,3,8,4,3,5,4,8,1,4,10,2,10,0.3779,MEDIUM
1,6,7,7,6,2,5,2,4,5,4,1,8,7,9,4,3,10,9,8,0.4835,MEDIUM
7,9,2,7,1,6,2,10,2,8,1,3,5,3,4,7,4,8,5,4,0.5298,MEDIUM
8,4,9,1,2,4,2,9,5,4,5,2,4,6,8,2,7,9,3,7,0.5147,MEDIUM
2,2,2,5,8,7,3,1,8,4,5,8,9,8,4,6,5,2,5,6,0.4983,MEDIUM
6,7,5,8,4,2,2,7,9,9,6,10,3,7,7,4,8,1,1,9,0.4923,MEDIUM
9,10,5,4,9,4,1,2,5,9,6,8,9,2,7,6,7,1,9,9,0.4908,MEDIUM
1,5,2,9,10,1,3,5,5,7,3,9,9,3,7,2,8,4,5,7,0.4991,MEDIUM
1,9,8,4,7,4,2,5,10,4,2,9,2,4,8,3,3,10,4,9,0.3586,MEDIUM
1,5,6,1,4,1,9,4,5,10,2,2,7,5,8,7,5,10,3,8,0.417,MEDIUM
4,9,7,9,2,4,4,8,3,3,8,9,2,9,2,6,6,4,10,3,0.4324,MEDIUM
6,9,9,4,1,3,2,4,7,8,2,7,1,4,4,9,5,2,8,9,0.4538,MEDIUM
8,7,1,3,9,8,5,10,1,8,3,7,5,9,9,2,1,6,1,4,0.501,MEDIUM
10,2,7,8,9,2,3,9,9,4,8,10,4,10,9,6,10,4,1,9,0.5851,MEDIUM
3,3,8,9,2,5,7,10,6,4,10,6,4,7,10,9,3,4,3,1,0.4515,MEDIUM
8,3,5,9,7,2,2,6,7,3,4,1,7,8,9,1,2,10,5,7,0.5032,MEDIUM
8,1,2,5,2,3,9,1,5,5,8,2,3,1,9,4,7,3,5,9,0.438,MEDIUM
8,5,9,6,7,3,4,8,9,9,7,2,8,4,3,8,8,7,1,7,0.6202,HIGH
4,10,6,2,4,7,9,10,10,1,7,6,8,5,2,7,10,9,5,4,0.6326,HIGH
7,7,4,4,8,6,7,2,9,5,6,4,6,8,8,8,8,9,6,10,0.55,MEDIUM
3,10,5,6,9,4,7,2,9,9,4,8,5,5,9,10,3,4,10,7,0.5363,MEDIUM
1,5,3,5,5,6,1,3,6,7,8,1,3,2,8,9,3,10,6,10,0.601,HIGH
9,9,2,7,2,1,4,8,7,4,3,10,5,1,4,9,1,5,4,8,0.4557,MEDIUM
5,2,3,7,10,9,1,9,7,6,6,2,1,9,7,2,10,10,8,1,0.737,HIGH
8,9,4,10,4,2,4,3,10,5,1,3,8,6,10,5,3,6,1,2,0.4538,MEDIUM
7,6,8,6,6,6,8,5,9,7,4,3,9,2,1,8,1,6,7,1,0.5322,MEDIUM
6,6,8,4,9,5,2,1,10,7,1,1,7,7,2,7,2,6,4,2,0.5201,MEDIUM
8,7,7,1,3,5,5,6,7,10,8,10,2,9,2,5,4,4,7,10,0.5656,MEDIUM
8,6,8,6,6,5,7,1,7,9,4,5,3,7,1,6,4,4,9,9,0.5772,MEDIUM
3,5,10,10,7,10,7,7,1,9,2,9,8,6,9,9,1,5,2,5,0.4194,MEDIUM
1,4,7,4,5,9,8,5,6,2,3,7,2,10,4,8,10,1,3,3,0.375,MEDIUM
10,4,1,10,5,5,4,2,3,2,4,5,6,6,8,10,10,10,1,1,0.5363,MEDIUM
8,3,6,7,7,9,8,3,4,1,7,4,7,6,8,9,4,8,2,6,0.4902,MEDIUM
2,1,5,2,4,7,8,8,8,7,8,10,6,10,4,3,3,5,10,7,0.5363,MEDIUM
8,4,8,2,10,7,8,6,6,8,10,2,3,1,10,5,6,5,1,3,0.5162,MEDIUM
9,10,5,5,4,9,9,3,7,10,8,7,10,5,2,4,7,7,8,5,0.5539,MEDIUM
9,9,7,9,10,10,7,10,1,9,8,9,7,4,10,2,5,2,9,4,0.5094,MEDIUM
6,10,1,10,5,10,1,5,5,5,8,5,3,8,1,8,3,6,5,5,0.6079,HIGH
6,3,8,9,7,2,1,10,6,5,8,3,9,8,5,1,8,6,2,10,0.6562,HIGH
4,10,2,5,7,1,4,8,9,3,9,1,4,6,7,9,10,10,2,1,0.4601,MEDIUM
9,6,9,8,8,8,1,8,6,1,2,4,10,10,4,10,3,6,7,8,0.6146,HIGH
10,8,5,7,4,2,8,8,2,9,7,3,7,7,8,9,7,2,7,4,0.5362,MEDIUM
4,9,7,4,9,2,4,1,4,3,7,3,5,10,9,7,5,1,10,5,0.4924,MEDIUM
7,7,6,5,10,8,8,1,6,4,7,5,5,4,5,10,6,5,2,3,0.4637,MEDIUM
2,8,7,3,1,9,1,2,3,9,10,4,5,9,3,9,1,1,10,3,0.4194,MEDIUM
1,6,4,7,6,1,5,6,7,9,7,10,7,10,1,1,2,10,3,4,0.5248,MEDIUM
4,2,6,3,5,1,5,2,6,8,6,9,5,3,8,7,9,7,2,3,0.3968,MEDIUM
8,8,10,4,4,4,4,6,7,10,5,3,1,2,9,5,5,6,8,7,0.4135,MEDIUM
7,2,7,3,10,6,1,7,5,2,1,4,2,9,5,2,8,4,3,7,0.4861,MEDIUM
6,3,4,5,7,6,6,5,7,2,3,1,4,9,5,7,8,3,7,5,0.5482,MEDIUM
5,1,2,10,9,10,3,9,10,2,5,4,6,4,6,5,3,6,7,3,0.6036,HIGH
9,7,1,8,9,2,4,9,5,8,6,2,4,5,1,8,5,10,2,9,0.5729,MEDIUM
6,1,6,9,3,5,1,6,6,5,7,6,2,3,1,7,10,1,7,2,0.5859,MEDIUM
2,10,6,10,8,4,8,3,6,4,1,4,2,6,9,5,7,5,4,10,0.4677,MEDIUM
5,5,3,9,1,6,5,1,1,10,3,4,2,10,6,1,8,9,8,4,0.5261,MEDIUM
1,6,4,10,1,1,4,5,4,3,10,3,7,3,1,6,6,6,6,7,0.4712,MEDIUM
3,9,5,10,8,6,7,6,8,9,4,4,10,4,10,10,5,4,2,1,0.4919,MEDIUM
10,6,2,9,9,9,6,8,9,8,9,3,9,1,10,6,8,3,9,4,0.6609,HIGH
10,8,9,4,1,2,9,10,9,7,6,10,9,5,7,1,8,5,6,7,0.4795,MEDIUM
3,6,7,8,1,4,3,8,2,9,9,8,6,9,8,6,1,10,9,1,0.5212,MEDIUM
3,1,8,6,3,1,5,7,10,1,8,5,4,10,1,7,5,9,5,8,0.5373,MEDIUM
8,4,10,3,1,3,5,5,5,1,8,4,2,10,8,2,9,10,1,2,0.4144,MEDIUM
2,3,1,4,7,8,3,10,2,7,10,5,3,7,2,7,7,7,5,8,0.6572,HIGH
2,1,8,10,4,6,3,8,6,7,6,3,1,9,4,2,4,1,1,2,0.5305,MEDIUM
7,2,9,4,3,2,6,3,10,1,1,8,5,2,7,7,5,4,1,9,0.4004,MEDIUM
7,1,5,3,9,4,2,7,8,3,4,3,5,7,5,5,8,2,1,7,0.5816,MEDIUM
1,7,1,7,8,4,8,8,9,9,10,3,2,5,2,9,2,1,1,8,0.5478,MEDIUM
3,10,1,9,5,8,10,9,1,2,2,8,1,6,7,5,8,7,6,9,0.5009,MEDIUM
6,8,6,8,10,1,4,4,7,8,6,10,5,8,10,2,1,10,10,10,0.5331,MEDIUM
10,4,8,9,5,9,7,6,3,4,1,9,1,5,6,4,4,5,4,1,0.3656,MEDIUM
5,10,9,3,1,8,1,1,1,3,7,8,6,6,5,8,6,4,10,7,0.4895,MEDIUM
5,2,7,4,9,3,6,2,2,8,3,4,1,4,6,9,3,2,8,3,0.4501,MEDIUM
7,4,4,1,9,1,5,9,1,9,9,7,2,2,3,6,9,1,5,5,0.4712,MEDIUM
4,1,7,6,8,8,3,2,2,3,8,2,7,9,2,1,10,9,2,8,0.5753,MEDIUM
7,7,4,6,3,2,6,3,7,8,4,8,2,2,1,8,1,7,9,7,0.4841,MEDIUM
9,7,5,7,5,2,5,8,4,6,10,5,7,9,10,6,4,8,5,3,0.5519,MEDIUM
6,3,6,8,8,7,9,10,10,8,8,4,10,6,2,7,7,1,4,3,0.6412,HIGH
4,8,1,2,5,1,10,6,1,8,2,6,2,10,10,7,4,3,4,1,0.3458,LOW
5,8,8,3,6,10,7,2,2,6,10,6,4,4,9,5,2,7,3,10,0.4902,MEDIUM
1,7,3,9,9,2,6,7,7,1,4,1,10,9,1,6,2,9,4,5,0.6095,HIGH
4,5,10,4,7,4,6,7,9,1,9,8,8,10,4,5,8,3,5,5,0.5132,MEDIUM
2,7,8,7,3,2,9,8,5,4,1,10,7,5,8,5,3,10,4,3,0.3821,MEDIUM
7,9,4,5,9,8,1,10,3,10,6,2,7,3,9,10,1,9,5,6,0.5643,MEDIUM
5,9,3,7,3,8,8,4,4,2,3,6,9,2,3,9,8,7,7,4,0.5048,MEDIUM
5,1,5,2,10,8,5,5,8,7,6,3,3,5,7,10,7,9,6,2,0.6668,HIGH
7,10,3,2,8,6,2,8,2,4,6,3,9,5,6,5,8,1,6,1,0.4857,MEDIUM
1,6,8,5,6,9,1,8,7,7,5,9,8,9,5,2,4,9,4,2,0.4772,MEDIUM
3,8,7,1,8,9,4,4,6,10,5,9,3,3,5,6,3,5,9,9,0.4517,MEDIUM
2,7,1,4,6,4,5,2,8,7,6,5,7,2,5,2,2,10,2,1,0.3842,MEDIUM
2,5,8,4,10,2,3,10,9,4,6,9,5,5,9,1,2,3,8,8,0.4131,MEDIUM
2,3,8,8,2,6,7,9,6,4,10,1,10,2,8,5,5,8,10,5,0.5407,MEDIUM
1,9,1,4,1,9,10,3,3,10,1,7,5,2,10,10,7,6,9,5,0.3549,MEDIUM
1,3,10,4,8,7,5,6,3,7,6,9,8,3,9,1,3,4,9,7,0.4228,MEDIUM
6,7,3,7,1,1,9,1,6,10,9,1,2,9,9,9,1,1,4,1,0.4472,MEDIUM
1,6,4,8,9,3,9,7,9,8,3,3,1,4,1,8,2,1,9,2,0.447,MEDIUM
7,10,3,3,4,10,8,7,7,3,2,6,5,2,6,2,10,9,1,8,0.5163,MEDIUM
1,3,8,3,10,3,10,5,3,9,7,4,6,9,4,5,10,3,7,4,0.526,MEDIUM
9,10,9,8,5,10,6,6,10,2,1,10,3,4,4,6,6,9,9,6,0.5412,MEDIUM
8,3,9,4,5,7,4,9,10,2,7,2,10,1,6,6,9,8,6,4,0.5681,MEDIUM
1,3,10,7,2,5,10,10,1,10,5,2,7,8,10,6,3,1,3,8,0.462,MEDIUM
10,9,10,2,5,6,5,9,2,2,9,10,2,8,3,9,5,6,9,5,0.4397,MEDIUM
9,8,5,10,5,1,1,10,3,7,3,9,9,7,6,9,1,8,3,1,0.5467,MEDIUM
1,9,1,6,8,1,2,10,8,5,4,6,8,6,3,10,3,6,6,6,0.5735,MEDIUM
7,9,1,9,5,7,10,1,1,2,6,9,2,3,4,7,3,5,3,5,0.3999,MEDIUM
10,5,8,1,1,3,6,2,10,1,7,8,3,5,5,7,1,10,6,8,0.3863,MEDIUM
8,3,5,9,8,8,5,8,7,4,1,9,4,6,8,3,9,10,1,10,0.5253,MEDIUM
2,1,1,7,4,5,8,5,2,9,1,5,3,1,3,3,4,1,6,10,0.4683,MEDIUM
8,6,8,4,4,7,9,3,9,8,7,6,8,6,6,6,3,6,9,7,0.4898,MEDIUM
9,6,7,9,6,1,7,7,5,9,8,9,3,7,5,9,8,2,4,1,0.513,MEDIUM
1,1,3,6,6,5,7,5,6,4,4,5,8,10,9,6,3,10,5,9,0.4898,MEDIUM
5,5,8,1,5,2,5,6,1,6,7,4,4,8,1,7,10,6,2,2,0.5006,MEDIUM
9,2,10,7,2,4,9,8,6,10,6,6,10,5,3,3,10,9,2,4,0.5063,MEDIUM
4,3,5,2,10,10,8,8,2,2,9,1,2,7,8,8,5,4,7,1,0.5276,MEDIUM
5,9,10,1,10,9,6,10,3,8,2,5,4,7,10,5,8,5,10,4,0.5028,MEDIUM
5,8,7,9,9,10,4,9,7,2,7,2,9,8,8,7,5,6,9,1,0.5777,MEDIUM
9,5,4,2,10,7,6,3,2,8,10,1,1,6,4,2,3,7,1,6,0.5344,MEDIUM
6,8,5,1,3,9,5,6,10,6,9,8,7,10,6,6,10,2,3,7,0.5549,MEDIUM
9,2,4,1,8,9,4,8,4,2,9,4,6,10,5,2,3,4,5,6,0.5451,MEDIUM
10,3,4,3,6,9,1,3,5,6,6,8,2,2,7,3,8,5,4,6,0.4597,MEDIUM
2,5,10,3,9,7,4,3,8,1,3,4,2,8,5,1,3,9,2,1,0.3048,LOW
7,1,8,7,4,5,5,4,4,5,7,1,3,7,4,4,6,7,5,2,0.5307,MEDIUM
7,3,10,9,8,1,3,6,3,2,6,2,5,4,6,2,8,3,4,7,0.4152,MEDIUM
9,6,1,5,5,9,6,3,7,1,3,4,6,5,8,3,3,5,1,6,0.4538,MEDIUM
6,4,1,7,2,2,4,10,1,1,5,6,9,10,3,8,6,3,4,5,0.5228,MEDIUM
1,9,8,1,6,7,9,4,4,6,6,6,7,4,9,6,10,9,2,9,0.4494,MEDIUM
3,9,5,4,10,10,8,5,9,7,10,9,1,1,6,6,8,4,4,9,0.4824,MEDIUM
1,8,10,3,7,7,1,10,5,1,5,5,8,6,1,2,8,6,1,6,0.4646,MEDIUM
7,7,6,6,9,10,10,1,7,6,9,7,10,8,3,3,4,3,5,3,0.5459,MEDIUM
1,5,4,1,1,7,4,2,10,2,1,7,10,8,2,4,7,4,6,10,0.4967,MEDIUM
2,2,5,3,1,3,9,7,2,3,3,4,3,9,7,2,5,1,3,5,0.346,LOW
6,5,3,3,5,10,3,3,5,4,1,3,4,3,1,1,1,2,4,3,0.4354,MEDIUM
8,9,10,3,9,3,5,4,6,1,10,8,10,2,4,6,4,3,10,6,0.4052,MEDIUM
7,2,8,7,3,10,5,9,5,7,8,7,5,1,9,10,8,8,10,6,0.6303,HIGH
4,7,2,5,1,9,4,1,8,1,10,1,7,4,4,7,1,3,8,4,0.5245,MEDIUM
2,6,7,8,3,7,2,8,4,7,3,10,3,5,6,10,9,10,8,8,0.5093,MEDIUM
8,4,9,3,5,4,9,3,2,5,7,3,10,3,3,3,3,9,4,4,0.4347,MEDIUM
9,2,4,9,6,3,3,4,6,10,1,7,3,8,1,10,5,1,2,5,0.554,MEDIUM
5,2,3,5,6,3,3,10,3,5,6,7,8,1,9,10,4,10,4,6,0.5335,MEDIUM
1,5,7,3,10,4,4,8,5,2,6,4,6,9,4,4,9,8,9,10,0.5967,MEDIUM
6,10,2,10,1,6,4,1,10,5,6,9,8,6,10,6,1,9,3,6,0.5239,MEDIUM
8,3,4,3,4,1,1,8,1,9,7,2,9,7,10,5,9,5,7,8,0.6322,HIGH
5,8,6,3,10,2,5,9,4,6,7,6,1,9,7,10,3,3,8,1,0.4142,MEDIUM
3,6,3,6,5,2,2,1,6,6,7,3,5,2,3,7,7,8,7,9,0.5749,MEDIUM
1,10,5,1,6,10,7,5,8,1,4,4,7,5,3,5,6,4,3,1,0.4587,MEDIUM
7,6,5,4,3,7,2,5,4,5,1,4,8,2,6,3,5,4,2,1,0.421,MEDIUM
10,2,6,7,9,4,1,10,6,4,2,3,3,6,3,7,5,10,8,5,0.6881,HIGH
8,9,8,1,7,8,7,5,5,3,9,7,4,1,8,1,8,9,2,1,0.4583,MEDIUM
2,1,2,3,5,5,9,1,6,7,10,5,3,2,2,9,8,5,10,1,0.5576,MEDIUM
1,5,5,10,2,1,1,8,3,4,2,5,10,3,1,5,10,10,4,1,0.5211,MEDIUM
7,5,1,5,2,3,2,1,8,1,5,4,2,1,6,6,1,4,2,6,0.4362,MEDIUM
9,9,8,9,6,1,7,7,1,7,8,6,2,5,2,5,9,4,6,2,0.4725,MEDIUM
6,7,1,10,6,2,5,3,8,8,1,3,2,6,4,9,7,2,2,6,0.5176,MEDIUM
2,2,2,7,3,8,2,5,4,6,10,4,5,2,1,7,2,7,6,1,0.5359,MEDIUM
5,8,3,6,6,4,2,1,8,4,8,2,3,3,1,8,3,6,1,9,0.5848,MEDIUM
5,6,3,5,1,9,9,7,1,10,7,10,3,6,4,4,7,1,2,1,0.3673,MEDIUM
10,10,10,4,2,10,2,5,1,1,10,10,9,2,3,10,8,2,10,3,0.5446,MEDIUM
3,9,9,8,5,2,6,10,5,10,3,6,5,4,5,6,1,3,7,7,0.4589,MEDIUM
5,3,8,4,9,7,10,7,7,5,9,2,2,1,6,2,3,10,3,8,0.4329,MEDIUM
3,5,4,1,7,8,8,8,10,9,4,7,8,8,9,2,1,8,1,9,0.5092,MEDIUM
3,5,1,9,10,4,6,2,4,4,2,6,8,10,3,1,9,3,4,7,0.4382,MEDIUM
7,2,7,3,1,2,8,3,10,6,2,3,7,7,1,9,7,10,7,2,0.5639,MEDIUM
2,1,9,5,1,4,10,1,10,3,8,7,8,4,7,1,9,7,4,4,0.4354,MEDIUM
4,10,10,6,1,7,7,7,8,7,1,6,6,1,9,1,1,6,1,10,0.3096,LOW
1,9,4,1,7,10,3,6,1,10,9,1,6,6,7,5,5,2,10,10,0.5605,MEDIUM
5,2,3,5,4,7,2,7,1,6,1,3,10,10,10,1,8,7,2,10,0.6282,HIGH
2,9,2,5,10,9,4,7,8,9,5,10,1,4,3,2,8,8,5,10,0.5353,MEDIUM
2,2,8,7,8,6,6,1,1,5,4,8,6,4,2,6,8,6,3,3,0.3965,MEDIUM
10,6,1,9,4,9,7,1,4,10,1,4,7,8,5,9,7,8,6,7,0.6815,HIGH
8,6,4,6,2,6,4,5,8,5,4,10,3,8,1,9,2,3,1,8,0.5674,MEDIUM
9,1,1,4,8,9,2,1,2,1,4,3,1,9,3,4,5,2,7,1,0.5113,MEDIUM
10,10,1,10,8,6,8,9,9,6,2,7,7,2,10,1,8,7,5,5,0.5627,MEDIUM
5,10,1,5,4,10,5,7,2,7,3,3,3,8,8,3,7,2,1,6,0.5037,MEDIUM
5,1,3,7,1,3,9,5,7,6,6,10,3,2,9,10,6,7,9,9,0.4647,MEDIUM
7,5,10,10,4,4,10,8,5,6,4,10,2,9,1,3,4,9,5,9,0.4695,MEDIUM
8,7,2,5,5,5,4,4,8,4,7,1,10,1,9,6,8,6,4,8,0.6103,HIGH
10,5,8,7,4,2,9,4,5,3,10,1,1,3,5,10,3,8,9,6,0.5785,MEDIUM
3,4,5,7,2,6,2,3,2,7,8,7,1,9,10,7,1,2,1,7,0.4281,MEDIUM
7,6,9,10,8,9,3,5,3,6,7,6,9,3,10,4,9,6,5,1,0.4815,MEDIUM
5,5,6,1,4,10,9,7,4,9,4,5,7,7,10,1,9,2,5,5,0.5239,MEDIUM
10,9,7,1,3,10,7,6,4,3,9,4,2,6,4,1,8,1,8,10,0.4565,MEDIUM
2,10,1,5,9,8,9,7,1,2,6,1,9,4,4,5,6,2,3,10,0.481,MEDIUM
9,3,10,5,6,5,2,9,4,4,8,9,9,2,5,8,5,3,6,1,0.5137,MEDIUM
8,5,4,9,3,1,4,10,6,1,1,8,9,7,8,8,6,6,1,1,0.5233,MEDIUM
6,4,6,8,7,1,4,7,8,4,4,7,2,5,3,5,8,5,2,6,0.5286,MEDIUM
2,7,4,3,10,6,7,7,2,5,9,3,5,4,7,5,9,6,2,8,0.5166,MEDIUM
9,3,8,6,8,8,4,1,7,2,5,7,1,2,8,5,2,10,7,5,0.4796,MEDIUM
1,1,1,10,3,6,7,9,4,6,10,7,3,8,9,4,9,8,8,8,0.5962,MEDIUM
7,6,5,1,3,4,5,8,2,5,6,2,4,8,5,1,3,9,3,7,0.4834,MEDIUM
6,7,6,3,10,4,7,8,6,7,3,8,6,5,6,5,1,4,5,10,0.3655,MEDIUM
9,10,4,10,8,6,10,6,6,4,7,5,3,3,1,10,5,8,1,6,0.527,MEDIUM
5,5,8,7,6,9,4,10,1,2,9,8,7,10,3,8,1,5,4,9,0.5652,MEDIUM
9,6,3,9,8,2,6,9,4,5,5,4,1,3,10,10,8,4,9,6,0.4984,MEDIUM
5,5,3,5,1,3,10,5,9,1,5,7,9,9,7,10,9,10,1,9,0.5377,MEDIUM
8,7,4,5,3,8,3,5,8,8,2,2,6,8,9,8,4,8,9,2,0.5585,MEDIUM
6,7,2,7,3,2,8,4,7,8,2,4,9,8,4,2,5,1,4,2,0.5147,MEDIUM
10,2,7,7,7,2,7,3,5,7,10,9,9,10,7,8,7,3,2,9,0.6296,HIGH
3,3,5,8,10,3,3,5,8,7,9,7,8,1,8,2,7,8,2,5,0.5091,MEDIUM
9,10,6,8,10,3,6,8,9,6,3,4,6,3,10,9,1,1,10,4,0.4884,MEDIUM
5,2,4,8,4,5,6,5,3,5,8,2,2,6,6,9,3,3,2,9,0.5082,MEDIUM
2,10,6,2,8,2,10,1,8,1,7,8,8,7,10,4,2,4,2,7,0.293,LOW
5,6,4,9,4,4,7,5,3,6,6,1,4,6,4,4,3,2,1,2,0.4356,MEDIUM
3,6,5,7,8,6,10,2,5,10,10,10,6,10,8,8,1,4,2,8,0.4474,MEDIUM
1,6,7,9,3,6,9,4,3,1,2,5,4,6,5,6,7,4,7,8,0.3659,MEDIUM
10,9,9,4,7,9,7,4,7,5,5,5,10,9,2,1,7,4,3,7,0.5527,MEDIUM
8,4,10,3,1,7,1,5,3,10,5,3,10,10,3,2,2,10,3,5,0.5696,MEDIUM
8,5,4,6,1,7,10,8,9,3,1,10,10,4,9,8,3,2,2,3,0.3678,MEDIUM
1,4,9,3,10,10,9,4,10,10,1,2,6,1,6,10,6,5,8,7,0.5747,MEDIUM
2,7,9,1,7,9,1,4,1,5,1,1,6,5,7,9,1,2,4,2,0.3581,MEDIUM
5,4,4,7,1,6,8,5,4,3,2,2,2,6,5,10,6,10,10,3,0.5212,MEDIUM
10,2,8,10,2,10,7,10,1,10,2,4,7,5,2,8,7,6,10,3,0.6606,HIGH
1,6,10,5,9,4,7,1,10,1,2,7,9,1,2,2,6,4,7,1,0.3653,MEDIUM
10,7,5,4,10,5,6,4,5,10,8,4,3,1,1,10,7,1,2,6,0.5626,MEDIUM
4,6,4,1,6,4,3,6,7,3,5,9,9,9,9,1,5,10,8,1,0.4405,MEDIUM
5,7,5,9,6,6,6,2,7,10,4,3,5,1,6,8,5,2,2,10,0.4921,MEDIUM
4,6,4,10,2,1,4,9,10,2,7,7,8,8,1,10,6,3,2,9,0.5695,MEDIUM
6,9,7,9,1,5,4,10,5,3,10,1,1,9,9,10,3,6,9,6,0.5146,MEDIUM
8,9,4,10,9,1,4,8,1,4,8,8,4,2,3,1,6,9,9,7,0.5152,MEDIUM
10,5,9,6,4,1,8,5,9,8,9,2,4,5,1,10,6,2,5,1,0.4658,MEDIUM
6,1,2,9,2,4,7,2,8,1,1,1,5,9,6,5,2,3,4,5,0.447,MEDIUM
9,2,1,10,5,6,3,6,6,4,10,7,3,6,6,7,2,5,5,2,0.5553,MEDIUM
3,10,9,8,1,2,1,10,4,3,2,6,3,10,5,2,8,7,2,2,0.3842,MEDIUM
2,5,9,4,3,5,1,10,7,6,3,7,2,3,2,7,7,10,5,9,0.5126,MEDIUM
2,1,1,2,2,3,4,4,1,2,7,8,10,7,6,6,7,8,4,3,0.4586,MEDIUM
4,9,4,7,9,5,2,5,4,5,5,7,3,3,9,1,8,5,10,1,0.4581,MEDIUM
6,4,9,10,1,6,10,6,1,10,5,3,9,2,7,9,4,7,3,6,0.5183,MEDIUM
8,8,3,2,1,9,8,3,8,5,2,1,6,10,2,6,8,10,9,2,0.5407,MEDIUM
6,6,6,2,9,5,10,6,6,3,10,7,5,4,6,3,3,2,8,4,0.3741,MEDIUM
3,9,5,3,5,9,8,3,10,9,1,3,1,3,10,2,8,3,7,6,0.3639,MEDIUM
2,4,5,3,1,5,6,8,9,2,4,2,5,6,7,3,6,4,1,4,0.3916,MEDIUM
1,3,5,2,4,1,1,2,2,4,2,5,7,5,5,3,2,5,4,8,0.3637,MEDIUM
8,9,1,6,6,10,3,3,8,8,1,3,7,1,5,10,8,7,10,8,0.6081,HIGH
10,10,9,8,3,6,7,10,7,5,2,2,4,6,1,8,7,5,10,10,0.5426,MEDIUM
7,8,3,8,7,4,4,10,7,9,1,1,8,2,2,10,5,8,6,1,0.5929,MEDIUM
6,3,3,1,2,2,3,8,1,5,3,3,6,10,4,4,3,4,9,2,0.4795,MEDIUM
5,4,4,2,7,2,7,7,10,8,5,5,7,10,8,1,8,2,2,10,0.5405,MEDIUM
9,10,6,2,2,2,6,8,9,8,3,4,10,1,4,8,2,6,6,9,0.4777,MEDIUM
7,1,3,7,5,3,4,7,3,5,6,9,9,5,7,10,4,8,2,5,0.5224,MEDIUM
8,9,8,6,1,9,1,6,8,2,2,8,9,5,5,5,1,1,3,8,0.3963,MEDIUM
5,9,10,5,3,5,5,4,8,10,4,7,7,7,1,5,5,9,7,8,0.5265,MEDIUM
2,2,9,9,2,7,2,9,3,8,8,4,5,8,8,5,10,7,8,9,0.5772,MEDIUM
5,6,3,8,4,4,2,9,9,2,6,7,8,6,5,2,4,6,5,6,0.5563,MEDIUM
6,8,10,8,1,8,10,1,8,8,1,5,6,6,4,1,1,2,8,4,0.3008,LOW
2,5,2,3,8,3,6,10,3,2,3,10,9,6,7,8,3,5,1,6,0.4134,MEDIUM
6,6,3,6,2,8,8,5,9,6,7,6,3,7,5,3,5,4,8,5,0.5176,MEDIUM
3,9,3,3,1,3,3,1,5,2,1,7,5,10,7,1,8,3,7,6,0.3685,MEDIUM
3,1,2,5,9,8,7,1,10,7,8,4,8,3,6,1,1,10,4,3,0.6411,HIGH
2,10,6,7,10,4,3,1,6,1,7,6,1,7,10,7,2,6,9,9,0.4529,MEDIUM
5,5,6,3,4,7,5,10,5,2,2,1,1,3,1,9,10,7,8,7,0.5154,MEDIUM
1,5,1,7,3,4,3,2,6,2,8,6,2,10,7,8,10,3,10,7,0.5295,MEDIUM
1,6,9,7,6,4,2,5,4,5,3,3,1,8,1,5,4,2,1,8,0.3623,MEDIUM
8,3,3,3,9,8,5,10,10,6,9,10,4,7,8,5,3,9,7,1,0.5801,MEDIUM
2,8,7,8,9,8,4,9,9,1,2,2,2,4,1,6,3,10,3,4,0.4833,MEDIUM
9,4,6,3,3,4,8,8,6,1,5,5,9,1,7,4,3,5,5,9,0.4811,MEDIUM
10,7,9,5,7,1,5,2,3,7,2,7,6,6,5,3,8,10,4,4,0.4225,MEDIUM
10,10,8,1,3,2,5,7,2,7,10,1,5,8,7,2,1,3,10,7,0.4509,MEDIUM
6,5,5,2,10,1,5,4,8,8,1,3,10,7,8,1,6,1,4,6,0.4412,MEDIUM
7,3,4,8,3,5,7,5,6,7,1,5,9,6,2,2,10,10,1,7,0.6307,HIGH
6,7,4,3,3,7,8,10,2,2,2,8,9,6,2,3,6,10,3,8,0.4649,MEDIUM
3,10,2,7,10,5,3,3,3,10,3,6,4,9,5,2,9,8,6,8,0.6233,HIGH
7,2,8,7,6,8,3,3,5,6,9,9,4,7,7,1,8,10,9,4,0.5881,MEDIUM
4,5,1,9,4,4,8,9,4,7,2,6,10,3,7,7,9,7,7,9,0.5915,MEDIUM
1,9,1,8,10,6,7,6,4,1,1,1,3,3,8,6,1,10,4,7,0.4592,MEDIUM
1,5,8,1,10,3,9,1,4,4,8,2,5,3,2,4,8,5,8,3,0.4435,MEDIUM
8,10,4,10,3,3,7,9,10,5,10,6,5,3,8,7,3,10,4,4,0.4451,MEDIUM
7,10,9,4,3,5,1,8,3,9,2,10,6,10,9,2,7,2,9,1,0.4,MEDIUM
10,9,1,10,9,9,1,5,1,10,4,4,7,3,8,3,5,5,6,3,0.6005,HIGH
3,8,6,10,5,3,7,8,4,3,8,3,3,3,2,6,6,4,3,6,0.4647,MEDIUM
1,2,7,10,10,4,3,10,8,5,6,2,2,7,6,2,7,1,9,7,0.5216,MEDIUM
3,5,10,6,2,4,4,10,7,7,1,6,8,6,3,10,7,7,5,8,0.5423,MEDIUM
2,2,9,2,4,3,1,8,3,4,10,2,10,2,9,5,7,6,6,1,0.5404,MEDIUM
7,4,7,10,9,6,2,7,8,7,6,6,10,10,10,2,10,7,7,10,0.7277,HIGH
8,7,1,3,3,4,7,5,5,10,10,6,2,5,4,8,1,5,4,5,0.4864,MEDIUM
3,5,10,2,7,3,7,4,2,8,8,8,5,5,3,3,3,2,3,5,0.3992,MEDIUM
3,2,10,8,4,9,2,10,1,4,5,8,4,2,8,6,2,1,3,10,0.4131,MEDIUM
6,9,4,9,6,1,9,4,4,3,8,2,1,5,6,4,6,2,4,6,0.343,LOW
7,4,5,4,2,8,2,10,2,7,4,4,6,5,8,2,6,5,4,4,0.4519,MEDIUM
9,3,6,5,2,8,7,9,10,3,3,1,7,9,3,10,10,5,6,9,0.7292,HIGH
1,3,9,5,6,8,2,9,7,10,2,10,9,2,7,3,6,5,10,10,0.5279,MEDIUM
4,2,5,6,4,7,6,2,4,4,9,7,2,4,7,8,5,7,2,7,0.4514,MEDIUM
2,7,1,6,5,4,4,8,1,8,4,7,8,2,3,8,5,8,1,7,0.488,MEDIUM
10,6,4,2,3,2,8,9,10,5,1,7,10,8,3,10,7,8,3,1,0.6095,HIGH
5,2,9,7,3,10,4,2,10,2,7,8,9,8,6,9,7,5,8,5,0.6373,HIGH
1,2,10,3,6,6,4,2,8,6,6,1,5,7,2,7,2,5,4,9,0.6054,HIGH
5,1,4,10,8,3,7,8,6,5,6,8,7,10,1,10,5,2,5,3,0.5881,MEDIUM
6,1,10,6,7,4,7,1,4,9,6,6,3,9,9,3,4,2,4,3,0.4174,MEDIUM
10,10,7,8,9,4,5,4,6,9,6,10,10,2,10,8,8,7,4,9,0.4782,MEDIUM
6,9,7,10,3,3,6,5,4,8,7,4,7,7,3,9,8,2,2,8,0.5869,MEDIUM
2,7,6,4,6,10,6,6,4,10,5,6,1,7,10,9,10,6,9,3,0.4644,MEDIUM
10,5,9,7,4,1,10,10,8,3,9,6,6,5,2,8,10,4,10,5,0.5809,MEDIUM
4,2,5,10,2,5,3,2,6,5,5,1,10,7,8,7,3,5,3,9,0.5061,MEDIUM
6,8,5,1,5,1,6,3,8,8,1,4,6,5,8,7,7,4,1,8,0.3931,MEDIUM
8,10,10,8,6,2,1,10,1,7,6,2,10,5,1,8,3,4,5,7,0.5276,MEDIUM
2,6,1,5,2,2,8,1,9,3,10,3,3,1,10,3,6,2,4,10,0.3646,MEDIUM
1,1,3,10,6,1,2,2,5,8,5,8,3,10,10,1,6,6,6,3,0.4451,MEDIUM
4,8,9,4,10,1,5,10,8,6,8,5,6,7,9,5,5,3,7,4,0.4614,MEDIUM
4,4,4,9,9,5,7,6,2,10,1,4,5,9,4,1,9,3,5,2,0.5444,MEDIUM
4,1,2,7,1,7,5,5,10,1,4,6,10,4,5,2,8,8,4,4,0.4836,MEDIUM
5,4,1,8,2,9,3,2,9,3,2,7,1,7,4,10,3,4,2,9,0.5199,MEDIUM
7,8,9,2,2,1,9,1,3,4,9,9,4,7,10,8,1,3,6,8,0.3598,MEDIUM
10,6,4,6,7,5,5,2,2,10,4,6,5,8,3,9,7,4,10,10,0.5906,MEDIUM
7,3,5,1,3,4,9,5,10,3,1,4,2,8,6,10,2,5,6,1,0.3935,MEDIUM
10,1,10,1,4,10,6,8,3,9,7,10,4,10,6,4,10,2,1,7,0.5019,MEDIUM
8,4,4,4,9,3,8,7,6,4,5,9,1,3,5,10,7,7,9,10,0.5916,MEDIUM
10,3,4,9,6,9,6,6,3,1,2,1,2,6,5,5,5,9,5,8,0.5744,MEDIUM
10,3,1,8,5,1,6,2,9,8,1,4,3,3,2,8,8,6,10,10,0.5954,MEDIUM
1,3,6,5,10,9,4,10,2,1,4,3,1,5,2,1,4,8,3,9,0.5194,MEDIUM
2,1,3,10,8,3,10,6,8,6,6,2,3,7,4,8,1,1,8,10,0.5226,MEDIUM
7,4,4,1,3,3,6,2,8,7,7,7,9,10,10,3,2,3,8,5,0.4828,MEDIUM
7,3,2,4,4,5,6,10,6,9,3,10,6,7,6,7,3,2,10,3,0.5386,MEDIUM
10,6,10,1,10,10,5,5,2,5,8,6,4,8,7,4,8,9,3,6,0.5099,MEDIUM
7,5,9,6,9,7,5,8,7,7,10,6,6,8,8,1,6,2,9,7,0.5331,MEDIUM
6,1,7,8,10,10,7,5,6,2,2,6,10,1,6,10,3,6,7,9,0.5368,MEDIUM
8,1,5,3,7,5,7,10,8,10,6,1,9,1,5,7,7,1,7,4,0.6269,HIGH
9,3,9,6,1,5,2,7,3,8,6,1,3,1,10,3,3,6,3,2,0.4714,MEDIUM
3,4,9,1,3,10,5,5,7,3,8,7,4,6,2,5,9,8,5,10,0.5023,MEDIUM
8,2,6,2,3,10,6,5,6,9,10,4,9,6,4,4,6,9,5,10,0.6572,HIGH
10,10,10,2,7,10,6,4,6,10,6,3,3,9,8,6,2,3,1,10,0.3999,MEDIUM
1,2,9,2,8,5,10,8,4,2,2,2,5,10,7,4,4,7,1,10,0.4099,MEDIUM
9,10,2,1,6,1,5,6,10,7,2,10,8,5,1,1,6,10,8,6,0.5154,MEDIUM
9,4,5,5,6,10,5,3,2,1,5,3,1,9,5,2,9,3,9,7,0.4858,MEDIUM
6,5,10,1,8,9,8,3,6,6,1,6,5,2,6,2,10,1,10,4,0.3737,MEDIUM
8,6,8,8,1,8,10,7,1,7,2,7,10,5,2,4,6,2,3,9,0.4344,MEDIUM
5,9,4,7,10,6,6,10,6,9,3,8,8,1,7,10,10,3,3,7,0.5617,MEDIUM
10,2,6,7,10,5,10,1,7,1,9,3,8,7,2,1,1,3,4,6,0.5036,MEDIUM
2,3,1,10,5,6,10,7,10,2,6,8,4,5,10,5,4,9,6,7,0.416,MEDIUM
4,4,8,6,10,9,5,10,2,4,9,8,9,8,1,2,9,9,2,2,0.4929,MEDIUM
2,4,4,8,10,6,3,4,4,2,5,4,3,5,2,8,1,8,2,3,0.4702,MEDIUM
8,9,8,10,7,4,4,9,8,10,1,9,2,4,3,3,1,9,3,3,0.485,MEDIUM
1,5,5,9,5,4,6,2,10,8,9,9,2,7,5,10,6,8,2,1,0.3845,MEDIUM
5,3,6,10,10,1,1,3,9,5,3,3,5,2,8,1,2,9,4,2,0.4522,MEDIUM
4,8,8,5,4,5,1,4,1,6,8,10,3,6,2,8,4,4,4,6,0.4123,MEDIUM
9,2,4,7,9,3,3,1,2,6,3,10,8,10,7,9,6,5,7,3,0.5944,MEDIUM
2,2,7,8,1,1,7,3,1,9,3,2,3,5,1,8,7,7,5,6,0.4568,MEDIUM
4,7,3,10,3,2,4,6,1,2,2,4,5,5,10,7,9,10,6,1,0.4598,MEDIUM
10,3,10,2,9,5,9,10,10,5,6,5,10,5,10,8,3,6,5,8,0.5612,MEDIUM
3,1,5,8,5,5,3,2,8,6,7,4,10,5,10,1,5,7,6,2,0.4259,MEDIUM
5,5,5,5,7,6,8,5,9,2,5,6,3,6,3,9,9,9,7,5,0.5863,MEDIUM
7,6,1,9,10,4,1,5,4,2,8,9,5,3,2,4,10,2,4,7,0.5642,MEDIUM
10,10,8,6,5,9,4,10,4,8,8,8,3,8,2,6,5,3,3,5,0.5537,MEDIUM
2,3,6,1,4,9,4,5,2,3,5,8,3,3,4,8,3,1,8,5,0.557,MEDIUM
2,10,8,6,4,8,1,1,7,4,3,4,10,10,9,9,8,8,4,4,0.4222,MEDIUM
6,3,2,1,9,6,9,4,8,6,6,9,3,7,4,3,2,9,10,5,0.5857,MEDIUM
6,2,1,9,9,6,9,10,10,9,2,9,2,2,10,10,5,3,9,2,0.5329,MEDIUM
8,9,4,5,3,1,7,5,4,4,10,6,6,4,5,4,4,5,10,8,0.4837,MEDIUM
2,10,8,3,1,5,1,10,4,3,5,3,5,4,1,1,10,2,8,4,0.4371,MEDIUM
2,7,4,4,3,5,4,1,9,8,3,5,5,8,9,4,10,1,8,2,0.4219,MEDIUM
3,2,3,6,8,10,9,10,7,10,2,1,3,5,2,10,9,3,8,3,0.6161,HIGH
5,5,10,6,3,1,8,7,10,10,2,6,3,9,4,2,2,10,8,8,0.5021,MEDIUM
9,10,6,2,7,7,6,1,2,9,1,1,6,5,5,1,3,8,8,7,0.4004,MEDIUM
1,2,3,4,2,7,3,6,8,6,2,1,1,1,4,7,7,9,6,8,0.5689,MEDIUM
5,4,10,8,4,9,5,8,2,9,5,6,9,2,7,4,1,3,2,3,0.4111,MEDIUM
10,2,9,3,4,7,4,8,3,6,2,2,3,10,9,1,4,2,1,3,0.377,MEDIUM
7,3,4,8,1,6,1,7,8,5,9,3,6,3,3,10,3,6,5,7,0.6042,HIGH
6,5,8,7,4,2,7,10,2,5,6,6,10,1,4,7,6,4,6,5,0.5281,MEDIUM
3,4,8,3,5,7,7,8,7,3,3,7,8,7,2,8,5,8,10,1,0.4953,MEDIUM
5,6,6,3,3,5,3,1,6,10,7,5,3,6,5,10,8,9,1,7,0.5366,MEDIUM
5,4,8,2,10,7,1,4,5,9,10,8,4,2,2,7,1,2,6,7,0.4874,MEDIUM
6,4,10,10,6,3,2,2,6,5,3,5,1,2,6,1,5,4,8,10,0.4748,MEDIUM
1,9,7,9,1,9,9,4,6,9,6,6,9,4,7,5,6,5,9,8,0.5163,MEDIUM
6,10,8,10,10,8,5,3,6,5,3,10,1,5,4,7,9,3,8,6,0.5628,MEDIUM
7,9,5,10,8,9,6,1,8,9,7,8,3,6,4,1,9,2,6,9,0.5374,MEDIUM
1,9,7,8,9,10,5,6,2,2,10,4,3,5,7,8,2,10,10,10,0.5767,MEDIUM
3,8,6,3,4,8,2,1,1,3,10,6,10,7,4,6,2,9,8,6,0.5039,MEDIUM
8,1,6,4,3,1,10,4,7,2,4,1,2,5,5,7,5,2,10,8,0.5185,MEDIUM
3,10,5,2,1,4,7,8,6,9,1,7,10,4,3,9,10,5,1,2,0.4046,MEDIUM
2,8,2,4,1,4,8,1,10,8,2,9,5,7,8,10,1,9,8,8,0.4742,MEDIUM
4,8,4,2,7,10,3,8,6,10,3,8,5,7,1,2,1,1,7,10,0.5144,MEDIUM
8,8,5,1,1,10,8,1,2,9,4,3,6,7,7,2,9,1,7,2,0.4085,MEDIUM
1,9,6,4,8,1,1,8,1,1,2,1,3,3,3,2,3,7,9,4,0.4037,MEDIUM
10,1,6,2,1,2,2,9,2,7,10,4,5,10,2,1,7,8,7,10,0.6268,HIGH
9,8,2,1,2,5,10,5,2,2,7,4,3,9,3,3,6,2,10,7,0.4454,MEDIUM
5,3,10,6,9,7,2,7,8,3,2,2,8,1,3,6,5,5,10,7,0.5864,MEDIUM
6,6,1,3,5,3,2,9,3,6,5,9,1,6,8,6,10,6,1,3,0.5187,MEDIUM
5,3,5,3,7,4,4,6,3,4,2,8,6,5,9,8,8,2,4,3,0.4616,MEDIUM
1,3,1,7,2,4,10,3,1,4,2,9,7,8,7,8,5,5,9,3,0.4459,MEDIUM
3,9,8,9,1,8,4,10,1,1,5,10,7,4,1,10,7,7,7,8,0.4873,MEDIUM
7,3,10,7,1,3,10,7,5,10,10,2,1,5,8,2,7,5,10,6,0.4533,MEDIUM
5,6,9,5,5,7,6,8,8,2,4,8,2,6,4,5,3,8,9,10,0.5327,MEDIUM
4,3,9,8,4,3,3,8,7,7,6,5,9,5,3,8,5,10,5,7,0.635,HIGH
5,6,5,1,4,1,1,3,2,5,4,7,7,6,10,5,6,4,9,9,0.4867,MEDIUM
3,4,3,4,5,6,4,4,6,7,7,9,3,3,9,10,7,6,8,6,0.4814,MEDIUM
5,10,3,1,4,10,9,1,2,4,4,8,7,2,10,2,6,8,8,1,0.3242,LOW
2,5,2,2,2,6,9,2,7,3,4,2,6,4,10,5,3,9,2,2,0.3011,LOW
6,9,8,7,6,1,10,2,7,4,10,8,6,1,6,8,10,3,2,6,0.3899,MEDIUM
2,1,10,9,2,1,1,10,5,5,4,1,1,3,8,8,4,3,1,7,0.4788,MEDIUM
6,7,10,5,3,8,7,4,9,1,9,3,7,4,3,7,8,7,4,2,0.4758,MEDIUM
2,5,4,2,1,8,6,4,10,9,8,2,5,2,5,3,7,5,3,10,0.5367,MEDIUM
4,1,7,5,7,2,5,4,9,4,9,2,7,8,5,3,9,10,6,5,0.5868,MEDIUM
1,6,9,5,8,5,4,9,10,5,8,6,3,9,10,8,3,5,6,10,0.5407,MEDIUM
8,10,9,10,9,3,3,5,6,6,5,1,5,3,2,1,1,2,5,10,0.4485,MEDIUM
10,7,2,2,8,8,9,6,5,6,4,10,1,6,8,10,9,7,7,3,0.509,MEDIUM
7,10,3,4,4,10,6,4,1,1,3,6,6,4,10,6,3,6,7,4,0.2692,LOW
8,8,4,2,3,6,3,5,6,9,8,1,2,4,2,2,2,8,6,2,0.4925,MEDIUM
8,4,4,6,9,4,7,3,5,10,3,2,6,2,6,7,10,5,5,4,0.4848,MEDIUM
9,8,9,8,2,8,2,4,6,10,4,6,9,10,2,1,6,5,9,3,0.6149,HIGH
6,7,3,8,4,10,7,5,4,4,2,7,2,3,1,10,10,3,9,7,0.57,MEDIUM
9,8,9,5,3,8,8,6,2,6,4,7,8,3,1,10,8,6,1,7,0.5076,MEDIUM
7,10,10,2,3,9,6,7,9,6,10,5,5,2,7,5,10,4,4,2,0.5164,MEDIUM
2,2,6,7,9,6,5,1,3,7,3,2,9,1,7,1,4,7,4,3,0.4065,MEDIUM
4,6,2,9,6,3,3,10,2,7,6,7,2,4,1,8,4,10,9,8,0.6699,HIGH
2,5,9,5,6,5,5,4,1,1,8,5,6,8,8,8,5,2,5,7,0.4595,MEDIUM
6,2,9,4,2,7,4,4,3,6,4,4,7,4,1,6,8,6,8,9,0.5405,MEDIUM
7,7,1,8,1,3,6,1,8,7,7,7,1,7,10,6,1,9,6,3,0.4843,MEDIUM
7,2,1,7,9,10,7,6,6,4,3,7,5,8,5,2,5,2,3,5,0.4835,MEDIUM
1,5,4,10,7,9,5,9,4,6,10,7,1,1,1,2,9,3,1,9,0.4948,MEDIUM
8,2,7,4,9,9,2,10,4,10,3,8,2,10,2,9,10,10,4,9,0.6701,HIGH
2,10,9,8,10,3,2,7,6,1,2,9,2,8,6,8,7,1,2,9,0.3955,MEDIUM
1,9,7,8,6,3,3,7,3,5,10,2,6,3,9,10,4,3,9,2,0.43,MEDIUM
7,7,6,2,8,8,4,2,4,2,10,8,5,10,4,2,4,6,3,8,0.5323,MEDIUM
7,3,6,6,10,4,8,7,6,2,2,9,3,6,7,7,6,2,7,4,0.4396,MEDIUM
10,2,8,3,8,2,6,5,9,4,7,3,9,2,4,5,2,4,6,1,0.5085,MEDIUM
4,4,5,7,1,8,5,10,7,9,8,6,8,5,5,7,6,5,5,9,0.5827,MEDIUM
3,2,9,8,4,10,9,3,2,3,6,6,9,9,8,8,5,1,6,1,0.3661,MEDIUM
4,2,6,2,4,5,7,6,1,9,7,6,7,10,10,7,4,9,8,5,0.5219,MEDIUM
5,8,8,2,4,5,2,3,6,4,9,4,5,2,1,7,6,8,3,10,0.4291,MEDIUM
10,8,7,7,6,7,3,1,7,8,1,4,10,4,4,7,8,8,8,5,0.5861,MEDIUM
5,2,1,9,5,4,10,8,2,2,9,3,1,1,4,5,1,10,4,6,0.4286,MEDIUM
9,3,8,2,8,4,3,1,4,2,1,7,7,7,5,7,6,2,9,5,0.5406,MEDIUM
8,9,9,8,10,8,9,9,9,5,6,9,8,10,6,8,10,8,2,2,0.6142,HIGH
5,10,2,8,10,5,7,2,10,1,7,10,3,4,10,6,2,1,9,4,0.4098,MEDIUM
3,8,9,7,7,9,7,9,10,10,9,5,3,1,1,4,3,7,6,1,0.5728,MEDIUM
4,1,6,3,5,2,2,5,3,1,8,7,6,2,4,4,6,3,10,5,0.4217,MEDIUM
10,6,8,7,1,4,10,7,2,1,9,5,10,3,10,8,1,5,6,4,0.4329,MEDIUM
9,7,9,8,7,2,3,10,8,7,8,7,3,2,4,6,5,6,7,2,0.5358,MEDIUM
5,4,2,6,4,9,4,5,9,10,10,6,4,2,3,1,1,9,6,10,0.605,HIGH
1,5,1,1,3,5,2,8,1,4,7,5,3,4,8,4,4,2,4,5,0.4398,MEDIUM
3,5,2,5,8,2,9,10,8,7,3,2,8,8,10,5,3,10,3,2,0.5404,MEDIUM
1,2,8,3,8,5,9,3,2,6,2,8,6,1,8,10,7,4,2,4,0.3671,MEDIUM
3,5,1,5,10,7,2,10,7,6,2,10,7,7,3,8,2,5,6,8,0.5282,MEDIUM
1,7,6,9,7,9,7,3,4,8,9,6,8,8,2,8,2,3,2,10,0.506,MEDIUM
10,10,4,10,2,8,7,8,1,8,1,1,3,3,8,10,7,3,5,5,0.4895,MEDIUM
6,3,8,9,5,4,1,1,4,10,9,8,9,1,7,5,7,6,10,5,0.5537,MEDIUM
10,2,9,7,9,5,10,9,8,5,10,4,3,1,4,10,3,3,7,9,0.5381,MEDIUM
7,9,8,1,4,8,6,6,8,9,6,5,6,8,7,6,4,1,10,3,0.5798,MEDIUM
5,7,5,4,1,9,2,4,3,3,3,6,8,6,1,5,2,3,3,7,0.5051,MEDIUM
7,5,4,6,1,10,5,6,6,8,4,2,5,10,3,7,7,3,3,5,0.6019,HIGH
8,8,7,1,4,9,3,9,1,8,2,1,1,3,5,6,9,9,7,5,0.5195,MEDIUM
2,8,10,4,10,10,7,10,8,10,4,4,10,4,4,9,4,4,9,8,0.5915,MEDIUM
7,9,9,4,9,7,9,10,9,3,6,9,2,8,4,9,7,9,2,7,0.4841,MEDIUM
6,3,3,4,6,1,8,10,10,4,8,9,8,4,6,3,2,10,10,9,0.5642,MEDIUM
1,7,9,5,10,7,1,4,4,5,3,10,10,6,1,9,7,8,3,3,0.5214,MEDIUM
7,7,3,9,2,1,8,7,8,8,8,9,7,8,4,10,8,2,9,2,0.5059,MEDIUM
10,1,6,10,8,5,7,9,10,10,4,4,1,6,4,8,5,1,7,3,0.6245,HIGH
5,3,7,2,1,4,4,3,5,9,8,8,4,7,6,2,9,9,5,10,0.4938,MEDIUM
2,10,9,7,7,2,4,3,10,5,1,7,4,6,8,3,5,8,7,4,0.3181,LOW
10,9,6,8,3,7,9,6,1,1,8,3,9,5,4,9,6,9,1,1,0.4545,MEDIUM
10,10,10,9,7,7,10,3,5,6,1,6,2,5,10,1,5,9,8,4,0.3779,MEDIUM
6,10,8,6,5,4,5,6,4,7,5,10,10,7,2,1,8,8,10,10,0.6144,HIGH
8,8,3,3,3,3,7,5,7,2,6,4,4,1,1,3,8,1,3,8,0.45,MEDIUM
6,1,8,7,10,8,7,10,4,9,1,6,2,5,6,4,9,7,10,1,0.5021,MEDIUM
2,7,9,2,3,1,8,6,1,1,1,7,10,10,2,6,6,9,6,10,0.4417,MEDIUM
4,10,3,3,5,5,6,6,7,6,3,4,3,3,2,5,9,10,5,5,0.4326,MEDIUM
2,4,10,10,10,6,2,8,7,10,10,4,4,1,4,9,2,6,7,10,0.6711,HIGH
6,10,1,8,1,6,7,10,6,2,1,7,4,7,2,2,3,9,8,5,0.4589,MEDIUM
1,9,2,2,8,4,1,7,10,10,4,9,3,2,5,6,3,9,8,9,0.524,MEDIUM
10,10,10,10,7,3,9,10,4,1,3,9,5,1,6,3,2,9,6,1,0.4197,MEDIUM
6,7,1,9,4,2,10,2,3,7,1,5,9,6,9,10,7,6,5,10,0.4485,MEDIUM
9,2,9,5,5,1,10,4,9,7,6,5,8,2,10,3,8,1,6,5,0.3774,MEDIUM
9,8,5,9,8,1,6,7,7,3,4,1,1,6,7,1,10,5,5,7,0.4822,MEDIUM
2,6,1,2,3,4,6,1,7,7,6,7,7,1,6,1,6,10,1,9,0.4638,MEDIUM
6,6,8,7,6,8,9,10,4,8,10,4,10,2,10,5,8,5,4,8,0.4892,MEDIUM
3,10,10,1,4,6,3,2,10,7,1,10,2,1,3,8,7,5,8,2,0.2534,LOW
5,3,5,4,3,2,2,2,10,1,3,7,7,3,4,8,8,4,9,2,0.4542,MEDIUM
4,4,1,10,9,4,2,5,6,3,4,8,9,1,4,5,7,4,4,3,0.5443,MEDIUM
9,8,5,3,6,7,6,7,9,7,7,9,1,6,9,1,1,1,6,9,0.4813,MEDIUM
10,6,4,9,2,6,8,6,1,2,6,5,4,9,6,8,9,2,9,1,0.4815,MEDIUM
8,8,10,5,10,2,5,9,9,2,6,2,5,5,7,7,2,10,10,6,0.5335,MEDIUM
5,2,8,2,1,1,7,6,7,3,7,7,7,9,9,6,5,6,6,4,0.4739,MEDIUM
7,4,8,8,7,7,6,10,10,6,10,10,1,3,4,5,5,3,4,9,0.4697,MEDIUM
2,7,3,3,7,7,5,9,5,10,2,9,7,2,5,7,3,9,9,4,0.4956,MEDIUM
7,4,6,9,1,6,4,4,2,6,2,4,2,4,6,7,2,2,8,1,0.4187,MEDIUM
3,8,9,5,8,4,5,5,8,10,4,8,3,3,4,10,2,8,7,2,0.4791,MEDIUM
10,7,9,3,3,6,9,9,6,9,5,4,2,4,6,8,5,1,9,8,0.4685,MEDIUM
5,8,5,1,8,4,10,8,3,10,7,2,8,6,7,6,8,8,10,10,0.5847,MEDIUM
1,7,2,9,4,5,5,3,6,2,2,9,1,10,6,5,6,6,2,10,0.3338,LOW
3,5,2,6,3,9,7,4,5,9,5,1,2,7,2,8,1,7,5,10,0.5403,MEDIUM
2,5,5,6,4,4,8,6,3,1,2,6,7,10,2,5,7,2,7,5,0.4626,MEDIUM
2,6,8,4,4,8,7,9,5,1,10,2,4,5,2,8,9,2,1,10,0.4718,MEDIUM
1,8,2,10,6,8,2,5,6,2,5,10,6,2,5,10,6,6,9,4,0.5246,MEDIUM
9,8,4,7,9,1,8,3,10,7,7,2,9,1,9,5,4,9,9,2,0.5512,MEDIUM
7,9,5,9,3,8,3,4,1,10,10,1,8,1,5,7,5,5,6,1,0.5252,MEDIUM
4,1,1,7,1,5,6,2,10,10,1,9,2,9,8,4,4,1,1,3,0.4179,MEDIUM
8,7,4,3,8,3,3,4,8,4,7,10,6,1,5,4,3,7,1,6,0.4004,MEDIUM
10,1,5,8,4,6,4,6,3,3,7,6,5,10,4,1,6,4,10,8,0.5806,MEDIUM
4,5,6,2,4,6,10,10,7,5,3,7,1,7,1,1,10,9,10,8,0.5411,MEDIUM
3,8,5,1,6,2,5,4,2,7,5,2,2,10,10,2,4,7,6,7,0.4118,MEDIUM
5,1,3,6,5,3,7,1,1,7,3,9,10,3,3,4,9,5,4,6,0.4432,MEDIUM
8,10,10,4,9,10,6,10,5,6,9,10,3,3,6,2,8,5,8,6,0.5034,MEDIUM
3,10,5,10,8,8,6,7,6,6,2,3,9,9,10,6,7,4,9,4,0.5786,MEDIUM
7,8,7,7,6,8,1,4,2,1,2,3,3,2,4,4,9,8,6,4,0.3902,MEDIUM
5,3,2,5,5,9,4,6,5,6,8,5,10,9,9,4,10,7,9,4,0.6797,HIGH
9,3,6,3,6,5,4,1,10,4,6,4,6,3,2,6,2,8,4,5,0.5088,MEDIUM
7,7,1,7,9,10,10,3,5,8,2,6,8,6,7,2,1,9,1,2,0.4837,MEDIUM
1,4,1,3,3,2,3,4,10,6,6,2,3,2,7,10,9,4,3,4,0.5368,MEDIUM
3,9,6,5,2,5,3,3,7,4,3,7,3,2,5,5,6,4,8,2,0.3174,LOW
6,1,5,6,2,10,7,8,9,8,8,9,9,1,2,2,6,10,2,4,0.5383,MEDIUM
3,7,9,5,3,4,3,7,4,6,6,5,7,10,1,4,4,7,10,4,0.5107,MEDIUM
2,1,6,8,2,10,8,4,3,4,9,2,6,5,6,6,3,8,9,8,0.5186,MEDIUM
7,3,7,1,3,4,6,7,5,1,10,4,1,10,10,10,9,7,9,10,0.6194,HIGH
2,10,6,1,8,9,7,8,10,7,10,10,10,10,4,9,2,10,2,10,0.5546,MEDIUM
5,9,8,5,7,2,3,4,2,10,1,1,3,5,2,6,6,2,8,6,0.4444,MEDIUM
9,7,4,8,4,6,4,4,3,8,1,3,9,10,10,7,7,7,9,7,0.5971,MEDIUM
9,6,9,5,4,2,2,7,3,2,1,7,6,2,5,10,5,8,4,10,0.4186,MEDIUM
7,6,5,4,2,1,6,6,8,8,2,1,4,1,3,8,6,10,7,1,0.4786,MEDIUM
9,9,10,6,9,7,10,8,10,4,6,9,5,4,5,3,4,2,5,10,0.4794,MEDIUM
5,6,3,2,3,6,9,7,1,7,3,1,10,9,2,9,1,5,1,10,0.5034,MEDIUM
10,10,2,6,2,5,2,5,1,6,1,9,6,1,2,4,5,8,5,3,0.4296,MEDIUM
10,7,4,7,5,2,3,3,7,5,8,3,6,5,4,10,3,5,6,4,0.5344,MEDIUM
10,7,1,5,3,5,1,9,2,8,5,5,3,6,4,10,7,9,6,3,0.5394,MEDIUM
8,7,9,3,1,10,2,9,9,2,3,3,5,7,7,2,5,3,9,1,0.4795,MEDIUM
10,8,1,3,1,10,8,10,1,10,7,4,6,2,6,10,2,2,8,6,0.6035,HIGH
4,4,2,8,1,3,6,4,4,8,10,8,1,9,7,1,5,4,8,8,0.4785,MEDIUM
6,9,8,3,6,4,8,2,8,3,1,2,6,4,4,4,1,1,4,3,0.3423,LOW
6,7,10,7,5,8,5,2,4,4,2,2,6,2,10,7,9,4,10,5,0.4833,MEDIUM
9,5,3,3,7,7,4,2,6,5,4,1,10,10,1,4,5,10,2,4,0.5548,MEDIUM
2,6,7,6,4,7,7,8,2,4,7,5,7,4,6,2,5,6,3,3,0.4792,MEDIUM
9,3,4,3,6,4,5,9,6,3,10,8,10,10,4,5,10,7,6,8,0.6581,HIGH
8,6,9,4,4,6,3,2,10,8,1,7,5,1,7,5,2,3,4,2,0.4431,MEDIUM
6,5,1,3,5,5,8,9,4,1,8,6,1,2,7,4,3,8,1,4,0.3707,MEDIUM
5,10,2,5,2,1,6,3,7,10,7,4,7,5,3,8,3,2,3,7,0.5449,MEDIUM
5,6,5,4,7,8,7,9,8,10,7,8,5,7,8,3,7,10,9,7,0.6255,HIGH
4,1,2,4,4,4,3,8,10,9,9,3,2,8,1,3,7,8,2,10,0.6721,HIGH
10,7,2,5,10,5,10,2,9,6,2,5,8,6,7,2,7,1,4,9,0.5094,MEDIUM
5,10,6,3,7,1,7,9,3,3,9,8,10,6,7,2,5,2,1,10,0.3956,MEDIUM
7,7,2,6,10,3,10,4,3,6,8,9,10,1,9,9,6,1,7,10,0.5425,MEDIUM
1,4,1,4,5,8,2,2,3,1,3,8,4,1,3,4,9,6,10,6,0.4723,MEDIUM
2,3,10,3,1,8,3,3,4,1,4,4,6,9,3,4,4,10,9,10,0.4213,MEDIUM
6,2,2,2,4,10,10,8,8,4,9,8,10,3,8,9,8,7,8,9,0.5664,MEDIUM
3,4,7,1,9,5,3,3,10,7,7,6,2,5,5,5,9,7,6,8,0.5315,MEDIUM
5,4,1,7,3,1,7,9,2,5,9,5,10,10,2,10,9,8,3,1,0.6124,HIGH
3,10,9,2,2,4,1,1,9,5,4,4,10,2,5,2,10,9,2,2,0.4033,MEDIUM
8,10,7,4,4,1,6,1,8,5,10,6,1,5,5,4,3,8,2,10,0.4654,MEDIUM
3,10,9,1,3,9,5,5,2,7,2,7,10,4,7,3,5,1,9,9,0.3108,LOW
6,2,7,4,3,4,9,2,4,8,1,6,8,5,2,1,4,8,7,3,0.4335,MEDIUM
3,7,6,10,5,2,6,3,6,9,4,9,6,2,7,4,6,8,9,2,0.3662,MEDIUM
2,7,5,5,7,7,9,5,8,2,4,3,10,1,2,1,3,10,2,6,0.4859,MEDIUM
9,6,2,2,9,6,9,2,2,1,2,5,7,1,3,4,6,4,6,10,0.4462,MEDIUM
7,9,3,9,10,1,2,5,1,9,2,3,4,6,7,4,2,7,8,7,0.5335,MEDIUM
7,1,3,8,2,7,9,10,3,8,9,9,9,5,8,9,8,2,9,2,0.5377,MEDIUM
10,4,9,4,5,8,8,1,6,2,1,5,8,4,1,9,1,3,9,3,0.5067,MEDIUM
2,4,2,2,5,9,3,5,2,5,4,1,5,5,5,7,10,8,9,10,0.6417,HIGH
5,3,6,10,7,4,5,10,1,1,2,10,8,7,9,10,4,4,5,6,0.5011,MEDIUM
1,1,5,2,10,6,2,2,4,1,4,1,8,7,7,2,8,1,7,2,0.4615,MEDIUM
7,7,9,5,7,5,9,3,1,10,9,8,3,9,5,9,2,9,2,9,0.5065,MEDIUM
7,10,7,10,3,4,5,5,5,1,6,6,8,3,5,8,8,3,2,4,0.4106,MEDIUM
10,7,4,7,3,1,10,2,7,1,5,10,5,2,8,3,4,2,10,1,0.362,MEDIUM
2,8,1,7,7,9,7,4,8,3,2,9,6,9,10,4,6,9,5,1,0.5215,MEDIUM
5,8,1,6,8,2,3,7,6,7,6,7,5,2,7,6,7,7,7,8,0.5873,MEDIUM
2,6,8,2,2,2,3,1,8,1,2,9,1,6,9,10,4,6,10,7,0.3264,LOW
8,10,3,7,3,6,6,3,6,8,7,2,6,1,4,4,6,10,9,5,0.5645,MEDIUM
9,1,9,7,2,9,7,9,4,1,5,4,5,3,3,10,10,8,9,6,0.5483,MEDIUM
4,3,2,1,2,4,4,10,9,10,4,1,10,1,5,1,1,4,8,7,0.5562,MEDIUM
6,9,5,10,1,2,5,1,6,7,6,1,3,6,8,9,8,1,10,1,0.4847,MEDIUM
10,6,10,1,3,8,10,10,1,5,7,4,7,10,2,10,10,2,9,4,0.4808,MEDIUM
9,7,5,9,9,4,7,3,7,10,7,2,7,4,7,8,8,2,8,8,0.5646,MEDIUM
6,3,10,7,10,5,3,7,10,2,6,5,9,10,8,9,9,2,5,2,0.572,MEDIUM
3,5,6,3,8,8,1,6,1,9,8,6,6,1,6,7,3,5,5,9,0.5046,MEDIUM
2,9,9,9,7,8,9,10,6,1,2,4,10,2,10,4,9,8,1,8,0.4016,MEDIUM
5,2,5,3,1,2,4,5,10,9,5,4,9,3,9,2,5,1,5,7,0.4767,MEDIUM
3,5,8,9,7,4,6,8,3,4,7,3,8,4,4,1,9,10,1,4,0.5156,MEDIUM
5,6,5,5,7,9,5,4,3,2,1,10,6,5,10,7,9,7,2,8,0.4311,MEDIUM
8,4,1,8,10,1,10,10,2,10,10,9,5,7,8,7,2,8,1,10,0.5364,MEDIUM
10,6,2,2,1,4,6,7,3,6,8,7,3,2,1,10,1,3,9,1,0.5031,MEDIUM
6,8,10,6,6,1,1,1,5,5,5,2,6,7,7,4,1,6,8,3,0.494,MEDIUM
8,6,7,3,3,1,3,2,8,6,9,10,3,9,4,10,1,6,4,8,0.4584,MEDIUM
1,2,4,8,7,1,8,3,1,4,3,5,9,10,4,3,4,8,8,6,0.4644,MEDIUM
7,8,8,10,5,7,7,9,6,4,3,5,2,5,9,5,3,7,9,10,0.5196,MEDIUM
9,9,1,8,8,6,8,5,7,6,9,6,8,9,6,7,5,6,2,10,0.5968,MEDIUM
3,5,3,8,10,4,5,7,9,3,10,9,6,2,7,6,3,3,9,8,0.5333,MEDIUM
4,6,2,2,9,8,8,9,7,4,5,2,5,5,9,8,8,8,5,8,0.6018,HIGH
7,4,10,8,2,1,4,2,9,9,8,3,8,8,10,7,1,7,9,9,0.4736,MEDIUM
9,7,8,5,3,1,6,1,6,8,9,5,7,3,3,2,7,4,5,7,0.5138,MEDIUM
6,2,9,7,6,2,6,4,2,3,2,5,2,4,9,3,10,9,8,10,0.4585,MEDIUM
1,9,7,9,7,6,2,5,7,7,1,2,8,1,6,10,4,10,7,8,0.5391,MEDIUM
1,2,6,6,3,3,7,5,2,3,5,7,6,6,3,10,6,8,9,8,0.502,MEDIUM
4,6,2,7,9,4,3,1,3,3,8,2,2,4,2,9,1,1,3,2,0.4485,MEDIUM
5,10,9,1,1,9,5,8,6,6,6,8,8,4,5,4,3,9,3,4,0.3474,LOW
10,2,4,3,2,9,4,7,7,10,5,10,9,4,6,10,9,1,9,5,0.6654,HIGH
7,10,9,8,4,3,10,8,6,9,5,6,7,3,8,2,4,8,1,3,0.3905,MEDIUM
5,5,7,10,9,5,6,10,9,10,1,10,1,7,7,1,10,5,8,9,0.5733,MEDIUM
4,1,7,3,7,5,7,6,9,9,10,10,9,8,3,5,5,5,7,4,0.6103,HIGH
2,3,9,5,3,1,10,3,8,5,10,4,10,1,10,9,2,2,3,3,0.3258,LOW
1,3,2,6,2,3,9,6,2,4,7,9,5,1,6,5,2,7,6,3,0.3856,MEDIUM
4,8,1,1,9,8,8,8,6,2,10,1,1,4,3,3,7,1,8,4,0.4893,MEDIUM
5,8,9,5,4,3,7,8,5,9,5,7,5,4,2,1,4,3,4,4,0.4283,MEDIUM
9,6,5,4,8,7,8,4,1,6,9,6,9,3,2,10,7,5,6,10,0.5038,MEDIUM
10,7,9,3,3,5,4,2,3,2,3,6,6,9,9,10,9,4,10,3,0.4516,MEDIUM
4,1,8,9,2,5,2,3,6,8,1,7,8,1,8,8,10,3,5,5,0.4592,MEDIUM
6,5,8,6,10,8,2,2,4,2,6,7,9,8,4,2,1,3,5,3,0.484,MEDIUM
7,5,6,10,7,4,10,5,7,9,5,6,9,4,2,1,10,1,4,6,0.5466,MEDIUM
9,6,9,8,3,7,4,3,8,6,1,3,8,2,10,3,7,5,3,2,0.405,MEDIUM
1,3,4,9,8,3,9,9,1,8,4,7,7,5,10,8,1,7,10,6,0.466,MEDIUM
10,10,1,2,10,7,5,4,4,6,7,3,4,10,6,1,3,2,2,2,0.4622,MEDIUM
9,8,1,1,1,1,9,3,3,3,1,6,4,3,3,1,9,10,4,10,0.3586,MEDIUM
6,7,1,9,10,9,1,5,7,7,2,8,2,1,2,5,8,9,3,5,0.6115,HIGH
8,6,10,10,2,2,8,4,10,1,7,7,6,1,7,9,9,9,6,8,0.4797,MEDIUM
7,1,3,8,4,2,7,1,4,6,1,3,5,6,1,7,4,3,8,1,0.3671,MEDIUM
6,3,5,2,7,10,5,6,7,5,7,9,7,7,8,7,5,7,10,2,0.5406,MEDIUM
5,3,9,5,1,1,1,1,2,4,8,5,4,8,9,5,8,2,1,8,0.3529,MEDIUM
4,9,3,4,3,3,6,9,4,4,8,7,3,3,4,4,5,6,1,2,0.3181,LOW
6,5,2,8,8,7,6,8,9,7,7,2,1,1,1,1,6,10,2,2,0.5172,MEDIUM
9,7,3,5,8,10,4,10,4,4,5,9,10,2,5,1,3,7,10,7,0.571,MEDIUM
4,2,6,6,6,9,1,1,9,8,6,8,6,8,6,2,4,2,9,4,0.5865,MEDIUM
9,3,4,8,1,9,5,5,5,7,9,6,1,2,4,9,2,4,9,6,0.5625,MEDIUM
5,2,9,5,3,10,4,3,7,5,6,8,1,2,8,8,4,4,8,1,0.398,MEDIUM
2,1,7,6,4,7,1,6,5,10,8,2,3,8,10,4,2,1,9,3,0.5293,MEDIUM
7,3,8,8,6,7,10,10,10,1,7,1,5,2,9,7,10,7,1,10,0.5483,MEDIUM
6,7,7,2,2,9,3,9,10,3,2,1,8,6,9,7,5,4,6,9,0.5055,MEDIUM
4,1,10,8,6,4,4,7,4,2,5,10,3,9,10,7,10,2,9,7,0.4372,MEDIUM
2,8,6,7,9,7,4,5,6,5,10,7,5,3,3,1,7,10,10,3,0.4688,MEDIUM
6,6,9,4,1,1,4,6,9,1,9,8,6,7,4,5,5,10,2,1,0.4122,MEDIUM
9,9,6,4,5,9,9,4,2,10,3,8,3,8,8,9,4,5,1,8,0.4452,MEDIUM
10,4,3,9,2,9,2,7,8,2,8,8,2,2,1,4,5,1,3,1,0.4961,MEDIUM
8,4,7,2,8,5,6,8,5,2,8,10,2,9,5,9,1,1,1,1,0.3889,MEDIUM
1,2,4,4,1,3,2,5,9,10,1,5,1,2,2,4,10,3,2,6,0.4177,MEDIUM
9,2,10,3,8,8,3,5,5,4,8,7,5,6,7,2,9,5,7,9,0.5743,MEDIUM
10,2,6,9,4,4,7,6,10,8,5,8,1,10,2,5,9,8,2,10,0.564,MEDIUM
3,10,1,9,4,4,9,3,7,6,7,2,10,8,9,10,7,9,2,3,0.5644,MEDIUM
7,7,7,10,10,2,7,10,10,3,8,8,1,9,7,7,6,8,5,9,0.5377,MEDIUM
7,6,10,8,8,6,10,8,8,7,8,4,9,1,1,8,6,1,7,9,0.5532,MEDIUM
3,4,4,8,4,4,10,4,5,8,5,2,3,7,8,9,9,7,6,8,0.4802,MEDIUM
1,8,4,9,6,5,7,1,6,3,2,8,4,3,2,4,4,1,6,9,0.3688,MEDIUM
8,9,10,3,9,9,1,3,3,10,6,6,8,7,10,4,1,9,9,9,0.5779,MEDIUM
4,8,1,8,10,10,2,10,1,7,3,4,2,6,5,4,5,5,10,2,0.5873,MEDIUM
10,8,5,8,1,9,5,9,7,8,2,2,8,3,5,10,9,6,10,7,0.6891,HIGH
4,5,4,7,6,1,10,5,2,7,3,7,8,3,5,1,9,10,7,3,0.4653,MEDIUM
9,8,1,2,4,3,2,6,7,7,8,1,2,10,2,9,8,2,8,2,0.5559,MEDIUM
1,5,6,10,10,10,3,1,8,2,9,10,9,1,3,3,2,4,2,9,0.4812,MEDIUM
10,7,1,6,1,4,5,7,2,2,8,4,5,2,8,5,2,5,7,6,0.4243,MEDIUM
6,5,6,2,3,4,4,6,6,10,2,7,5,10,2,6,7,7,4,1,0.5532,MEDIUM
4,7,4,4,9,7,5,9,7,6,1,1,8,5,5,4,6,3,6,1,0.4688,MEDIUM
2,10,2,7,6,4,7,5,8,1,7,7,10,7,8,8,9,2,4,5,0.5135,MEDIUM
2,5,6,3,5,5,9,7,5,10,2,6,4,6,1,10,1,5,4,6,0.4968,MEDIUM
2,9,5,1,7,4,10,3,10,5,7,6,2,4,3,8,2,1,1,5,0.4287,MEDIUM
10,10,2,3,7,5,4,9,5,8,1,10,9,2,10,3,1,6,1,10,0.4225,MEDIUM
2,7,4,4,10,3,4,7,3,6,10,4,3,9,7,6,8,2,2,10,0.5507,MEDIUM
3,5,10,2,3,9,4,1,1,7,3,4,9,2,9,4,10,3,5,6,0.4857,MEDIUM
2,7,8,10,2,8,8,7,2,10,7,1,8,10,2,2,8,3,10,3,0.5364,MEDIUM
4,4,6,10,2,4,4,6,4,2,6,4,6,7,3,9,8,3,5,6,0.4719,MEDIUM
1,5,1,10,5,2,5,8,8,2,7,9,3,9,10,9,3,2,9,3,0.4026,MEDIUM
5,5,7,9,3,2,7,4,7,3,10,8,1,4,9,7,5,8,4,3,0.4396,MEDIUM
3,4,3,3,5,3,7,4,8,9,4,7,9,2,3,6,5,2,5,6,0.3969,MEDIUM
3,9,8,9,5,8,6,10,1,5,5,8,5,2,8,7,5,4,5,5,0.4018,MEDIUM
2,1,6,8,10,5,1,7,6,3,6,4,3,10,4,3,5,5,5,9,0.6064,HIGH
4,5,6,2,10,10,6,6,1,9,10,8,8,6,5,8,3,9,2,6,0.5574,MEDIUM
8,1,7,7,3,6,1,2,7,3,3,1,5,4,8,8,2,5,10,5,0.5448,MEDIUM
9,8,3,5,9,5,10,3,7,2,6,3,9,4,1,6,7,9,3,1,0.5367,MEDIUM
9,1,9,3,1,8,9,1,10,9,9,3,3,1,10,3,6,3,2,1,0.4512,MEDIUM
10,5,3,4,6,5,8,10,2,4,1,3,8,10,3,10,10,1,3,6,0.5341,MEDIUM
2,1,1,3,3,8,10,9,3,6,8,10,10,9,9,4,6,10,5,4,0.4951,MEDIUM
3,7,1,4,3,3,5,1,9,1,8,8,1,1,4,8,9,2,8,2,0.3746,MEDIUM
6,1,7,9,6,3,5,7,1,9,9,9,10,6,10,3,1,9,6,2,0.5332,MEDIUM
6,2,3,3,9,7,7,1,1,10,10,10,8,5,10,5,2,2,8,2,0.4916,MEDIUM
6,10,1,4,7,5,9,8,4,8,3,6,10,1,2,3,6,10,10,7,0.568,MEDIUM
9,5,9,4,5,4,3,10,8,9,7,8,2,6,5,3,10,6,10,10,0.6473,HIGH
6,8,2,10,5,8,8,1,1,8,2,10,2,1,4,6,4,4,7,4,0.3529,MEDIUM
6,10,3,2,8,3,4,5,1,6,2,6,6,9,9,7,7,4,2,5,0.4889,MEDIUM
4,9,8,1,7,2,2,6,5,3,2,2,9,9,10,6,10,5,10,2,0.5332,MEDIUM
10,3,7,6,10,6,2,8,4,4,7,7,7,5,9,2,5,4,2,4,0.535,MEDIUM
8,5,1,1,2,10,9,1,2,2,1,7,4,9,3,3,5,5,4,3,0.4602,MEDIUM
7,6,5,10,6,2,9,10,9,2,10,8,9,6,6,2,8,10,2,6,0.4893,MEDIUM
5,4,7,10,9,1,4,5,6,10,5,9,10,4,1,5,10,5,1,9,0.5624,MEDIUM
1,10,2,1,1,7,10,6,7,10,9,2,10,9,4,4,4,2,7,8,0.4873,MEDIUM
10,3,7,7,5,1,4,1,8,6,1,6,10,10,10,1,7,5,1,9,0.5122,MEDIUM
2,1,7,8,2,1,10,2,8,10,7,6,2,1,6,10,3,1,9,7,0.3913,MEDIUM
6,4,8,5,10,5,6,6,9,4,10,4,2,9,6,7,7,6,5,10,0.6303,HIGH
4,5,8,9,2,3,7,9,9,9,2,1,8,9,7,4,3,1,2,10,0.5604,MEDIUM
8,1,4,1,8,9,2,8,7,3,4,3,6,6,9,9,2,2,10,2,0.5889,MEDIUM
3,8,8,7,2,6,2,9,1,8,9,5,5,3,5,7,8,7,1,1,0.478,MEDIUM
5,3,6,10,8,7,6,8,2,3,6,5,5,6,9,5,8,10,6,2,0.4994,MEDIUM
10,7,2,5,10,10,1,2,5,1,10,1,6,5,5,5,10,7,3,6,0.5995,MEDIUM
3,2,7,6,4,9,10,8,4,10,1,8,7,7,7,8,6,3,5,5,0.5333,MEDIUM
3,1,4,2,6,8,10,10,8,1,7,6,9,2,2,3,5,6,1,8,0.5367,MEDIUM
8,9,4,7,4,6,1,10,7,9,1,2,10,3,3,8,2,7,7,3,0.5984,MEDIUM
4,10,4,6,3,7,1,2,8,8,3,7,6,6,9,2,4,3,7,2,0.4,MEDIUM
4,6,5,3,8,1,2,9,3,4,4,3,1,1,3,6,4,1,5,7,0.3467,LOW
8,5,1,8,2,9,6,4,4,2,2,6,7,5,9,4,6,7,3,9,0.4461,MEDIUM
8,6,4,2,9,5,9,4,4,7,5,10,3,2,6,3,10,7,5,6,0.5209,MEDIUM
9,8,2,7,7,4,10,4,1,4,3,3,2,7,9,9,1,8,1,2,0.3488,LOW
9,3,2,6,6,8,5,2,3,6,2,3,2,9,9,4,4,5,1,2,0.4631,MEDIUM
8,10,2,10,5,5,6,6,8,7,7,10,7,3,6,4,7,8,2,2,0.5403,MEDIUM
8,2,3,1,4,5,6,8,5,2,8,6,7,6,10,3,4,1,1,3,0.3609,MEDIUM
3,5,3,3,4,8,2,7,7,5,4,4,4,6,2,10,10,10,8,3,0.6241,HIGH
2,2,2,6,3,10,3,8,1,10,10,4,1,7,8,7,5,3,1,2,0.5486,MEDIUM
2,8,4,2,1,2,1,10,2,1,5,7,1,1,6,3,1,5,10,6,0.3394,LOW
7,7,9,7,6,2,1,4,9,10,6,4,8,3,3,8,9,4,10,3,0.7092,HIGH
10,1,3,6,4,3,5,5,9,9,9,1,8,7,10,7,6,8,8,7,0.6055,HIGH
6,5,4,10,6,10,3,9,10,2,5,7,4,2,3,5,6,4,5,8,0.6257,HIGH
5,10,2,2,7,1,9,5,8,9,2,9,3,3,3,4,5,5,10,5,0.4153,MEDIUM
5,8,5,9,5,9,6,7,10,5,5,6,2,5,3,2,6,8,3,10,0.5753,MEDIUM
10,2,5,3,7,1,8,2,4,4,10,2,5,4,9,3,8,7,5,7,0.5121,MEDIUM
2,3,4,10,6,6,5,6,3,6,10,2,4,8,3,1,7,8,8,4,0.5651,MEDIUM
1,10,8,9,1,4,10,10,4,5,7,9,7,3,1,8,6,4,10,2,0.4425,MEDIUM
10,2,10,4,9,3,9,10,2,9,4,6,1,8,4,10,9,5,9,6,0.4979,MEDIUM
6,1,6,1,7,9,2,6,2,2,5,7,3,8,9,6,7,7,3,2,0.4908,MEDIUM
8,7,3,8,3,5,4,9,2,5,5,6,7,6,2,5,10,10,8,6,0.623,HIGH
4,1,2,5,5,7,4,4,9,5,6,6,5,6,1,2,3,3,3,2,0.5255,MEDIUM
10,9,9,5,9,2,4,2,3,1,6,10,4,1,9,10,9,10,4,1,0.4368,MEDIUM
10,3,3,3,1,3,5,2,8,7,7,10,8,1,7,9,4,9,3,9,0.5203,MEDIUM
3,7,7,8,5,1,1,1,10,8,8,4,6,5,10,7,3,6,10,6,0.5226,MEDIUM
10,1,2,3,2,4,6,6,4,1,2,3,6,4,5,4,7,5,7,7,0.4648,MEDIUM
10,4,8,1,7,8,6,7,5,5,1,4,2,5,9,3,3,2,2,10,0.3882,MEDIUM
5,6,8,3,1,6,6,6,4,3,2,7,9,6,6,6,1,3,7,10,0.4586,MEDIUM
5,6,1,6,9,4,7,1,8,3,3,9,9,5,10,10,4,10,3,9,0.563,MEDIUM
9,7,7,9,10,9,1,2,1,7,6,3,9,6,5,5,4,1,6,3,0.5405,MEDIUM
4,7,2,5,2,7,4,8,1,8,3,8,5,3,1,1,6,1,3,10,0.4463,MEDIUM
5,1,8,10,10,4,10,8,8,9,9,2,1,5,9,6,10,2,6,10,0.5638,MEDIUM
1,6,5,3,5,9,8,9,5,1,5,2,5,8,2,5,1,9,9,8,0.5747,MEDIUM
8,10,6,2,6,7,10,10,3,3,10,2,4,8,10,1,2,7,9,9,0.5044,MEDIUM
5,1,5,8,7,4,4,1,10,10,5,8,10,2,5,2,6,10,3,9,0.6554,HIGH
5,3,8,7,8,8,5,2,7,6,4,8,5,7,7,8,9,6,7,4,0.5038,MEDIUM
8,2,7,5,4,7,2,2,2,7,9,6,10,6,3,5,2,8,2,7,0.5349,MEDIUM
9,8,5,8,9,3,6,7,4,5,4,3,6,2,1,2,2,1,3,9,0.487,MEDIUM
9,4,2,5,10,2,5,2,1,2,2,3,1,2,8,5,8,5,9,2,0.4592,MEDIUM
6,8,10,7,2,10,5,3,4,9,1,3,2,3,5,6,9,3,5,8,0.4469,MEDIUM
1,9,1,8,1,10,3,8,9,6,8,5,4,7,5,3,6,5,3,5,0.4984,MEDIUM
8,1,3,7,10,2,6,5,7,7,7,10,3,1,8,3,10,8,3,3,0.5408,MEDIUM
4,2,9,8,1,9,7,4,4,5,5,6,4,10,8,6,1,9,3,10,0.5066,MEDIUM
1,4,9,6,7,10,9,1,3,9,5,5,1,3,8,9,4,7,3,7,0.3856,MEDIUM
9,5,10,5,2,5,8,10,1,5,5,8,6,2,6,4,8,10,3,7,0.4987,MEDIUM
1,7,1,9,3,4,9,3,1,1,1,3,10,8,9,1,7,8,9,3,0.4635,MEDIUM
5,7,6,6,4,1,10,3,3,3,3,2,3,9,9,2,7,10,1,4,0.3665,MEDIUM
6,9,4,3,3,4,3,8,3,4,5,5,3,5,2,7,1,9,4,9,0.481,MEDIUM
9,2,5,9,10,10,5,9,3,3,4,4,3,3,9,5,7,7,2,10,0.5999,MEDIUM
10,10,8,2,1,9,2,9,7,4,3,2,4,4,8,6,3,2,5,6,0.41,MEDIUM
6,5,5,8,3,3,8,1,1,5,9,10,10,8,5,5,3,3,6,10,0.4623,MEDIUM
8,4,1,4,8,5,9,6,1,9,4,8,5,4,3,1,1,7,1,9,0.375,MEDIUM
4,1,8,8,4,7,7,8,6,9,6,10,9,8,8,2,6,8,4,4,0.5573,MEDIUM
4,6,4,9,4,8,10,1,3,4,9,10,5,1,6,7,10,5,8,7,0.4042,MEDIUM
2,10,3,8,9,2,3,1,8,10,7,3,5,9,1,10,10,6,3,3,0.6601,HIGH
5,3,8,6,7,2,8,4,8,3,1,2,8,1,2,2,8,6,6,6,0.459,MEDIUM
7,8,8,5,8,4,6,2,1,7,8,5,5,5,10,10,9,10,1,8,0.4804,MEDIUM
2,7,8,8,9,9,1,4,1,3,5,10,3,4,1,1,9,4,4,5,0.4138,MEDIUM
2,9,8,2,6,6,1,4,10,4,1,4,9,1,4,6,5,4,2,4,0.4051,MEDIUM
8,4,2,3,10,6,1,5,9,9,9,2,10,9,8,6,10,10,8,4,0.8012,HIGH
3,3,10,3,8,9,1,10,10,3,9,4,10,9,7,4,10,2,1,7,0.5005,MEDIUM
3,1,5,7,8,9,7,4,1,4,9,2,7,10,2,10,5,9,7,8,0.7122,HIGH
1,8,7,10,9,7,5,5,5,10,2,2,9,6,2,1,2,6,5,3,0.5246,MEDIUM
8,3,6,6,8,4,1,2,9,1,9,8,3,6,9,5,3,4,1,3,0.3962,MEDIUM
3,8,3,8,6,3,2,6,3,8,3,4,2,2,5,4,5,2,7,7,0.4125,MEDIUM
4,9,3,7,8,8,6,10,8,3,8,8,8,2,10,9,5,7,1,6,0.5837,MEDIUM
4,5,7,6,8,5,1,10,7,9,4,5,9,7,10,9,8,2,7,5,0.5566,MEDIUM
7,3,10,3,10,2,8,8,4,7,1,6,4,10,1,9,2,2,1,1,0.3872,MEDIUM
1,8,8,9,4,2,9,3,7,4,8,5,2,10,9,8,1,4,3,3,0.4066,MEDIUM
6,1,9,2,10,4,4,10,3,3,8,5,5,6,5,6,5,5,8,3,0.5413,MEDIUM
8,9,8,10,3,5,5,8,8,2,8,5,1,7,7,9,7,8,10,10,0.5458,MEDIUM
5,3,1,7,2,4,8,7,10,9,3,4,8,7,2,9,3,6,10,4,0.6253,HIGH
1,9,8,9,8,10,1,10,2,3,9,2,3,2,3,7,4,6,9,2,0.4979,MEDIUM
6,7,8,2,1,3,7,3,3,6,2,10,4,4,6,7,3,9,5,5,0.3774,MEDIUM
4,8,3,9,3,9,5,1,2,3,6,3,1,1,5,4,3,1,10,2,0.4313,MEDIUM
9,3,9,2,3,5,8,10,7,7,7,8,9,4,1,4,2,8,3,10,0.5546,MEDIUM
5,1,10,10,4,8,6,2,4,8,7,9,5,9,2,5,2,10,7,8,0.5756,MEDIUM
10,10,2,9,5,6,2,10,3,1,9,5,10,7,6,4,9,6,2,10,0.6871,HIGH
5,1,6,7,9,5,6,10,4,5,1,2,1,8,6,3,9,8,10,10,0.6055,HIGH
8,3,3,6,8,6,1,3,3,6,10,4,2,3,3,8,3,6,5,5,0.5249,MEDIUM
10,6,6,1,4,1,8,10,6,9,3,6,5,7,8,8,3,4,10,7,0.5124,MEDIUM
8,8,9,4,10,1,8,6,2,7,4,9,1,7,7,3,7,8,10,5,0.5112,MEDIUM
1,10,10,1,8,4,8,3,3,10,2,8,7,5,9,1,4,7,2,5,0.2539,LOW
6,5,5,1,3,10,2,10,6,7,6,1,6,9,5,9,5,2,5,10,0.6078,HIGH
3,3,9,4,6,7,1,3,3,10,4,6,2,2,8,5,9,7,4,7,0.4833,MEDIUM
10,4,9,1,6,9,5,7,1,8,1,5,4,6,2,8,6,10,4,2,0.5145,MEDIUM
8,3,7,2,1,9,5,6,7,4,2,5,8,10,7,2,3,7,6,1,0.4274,MEDIUM
9,9,10,10,8,6,6,9,6,4,8,10,10,8,9,9,2,7,7,9,0.6171,HIGH
1,10,7,6,2,2,10,9,9,9,8,5,5,8,4,3,2,8,8,9,0.5817,MEDIUM
6,5,6,8,5,8,8,1,7,1,9,6,6,9,9,4,5,9,6,7,0.519,MEDIUM
5,4,3,8,6,5,2,2,6,7,6,3,8,8,1,2,6,7,3,7,0.5638,MEDIUM
7,10,10,9,2,9,1,6,3,8,10,3,1,1,9,6,5,7,4,2,0.3936,MEDIUM
7,5,7,1,7,7,5,10,4,3,4,8,6,6,9,4,9,9,4,4,0.4881,MEDIUM
4,2,5,10,4,3,6,5,9,6,10,3,9,3,1,7,7,7,6,4,0.6664,HIGH
5,8,10,8,2,1,10,1,1,3,9,2,1,1,1,4,3,7,7,7,0.3746,MEDIUM
2,8,9,1,9,9,7,5,5,10,10,2,7,3,8,8,7,6,1,3,0.4832,MEDIUM
10,5,3,6,1,2,3,3,10,2,6,4,6,4,8,6,10,3,8,2,0.482,MEDIUM
10,8,7,7,2,7,3,5,3,10,4,4,9,1,2,1,8,1,2,8,0.4508,MEDIUM
8,5,5,7,1,9,4,5,9,7,5,10,2,8,6,1,8,9,4,2,0.5334,MEDIUM
3,4,4,2,6,4,5,10,8,7,3,2,8,5,2,1,4,8,6,2,0.5643,MEDIUM
5,2,7,5,9,7,7,9,10,9,3,4,10,8,4,3,8,9,7,1,0.5715,MEDIUM
3,9,5,10,7,4,6,6,6,1,2,3,2,10,10,2,5,10,10,6,0.5414,MEDIUM
3,6,4,6,10,6,4,1,2,10,7,6,5,10,8,1,6,10,5,5,0.5452,MEDIUM
6,10,10,2,5,6,3,2,1,3,1,4,9,9,8,1,8,2,4,7,0.4227,MEDIUM
1,5,3,2,3,2,1,1,5,7,9,8,10,8,6,3,2,1,1,9,0.3685,MEDIUM
5,9,7,6,5,3,6,6,7,9,7,3,3,3,10,1,6,5,5,2,0.3509,MEDIUM
8,2,1,6,7,8,4,10,3,10,4,7,10,1,8,1,7,5,9,8,0.6052,HIGH
3,4,6,9,4,9,10,6,2,8,6,3,1,5,8,8,1,1,5,9,0.4701,MEDIUM
4,1,8,7,3,8,4,3,6,6,4,9,3,8,5,4,9,4,3,7,0.5552,MEDIUM
3,3,6,1,7,4,5,9,4,8,4,3,4,1,2,5,7,5,7,8,0.5449,MEDIUM
6,1,4,9,1,10,6,5,2,9,6,3,1,4,10,8,2,1,2,1,0.4236,MEDIUM
5,5,4,4,1,6,1,10,9,1,10,10,4,5,1,10,7,1,1,9,0.4978,MEDIUM
8,7,9,5,9,7,6,6,9,5,3,3,6,3,8,8,7,9,6,8,0.6103,HIGH
6,6,7,5,5,3,10,3,8,8,6,1,2,10,4,3,6,3,7,8,0.4614,MEDIUM
5,10,5,3,3,3,2,7,7,1,10,6,3,4,9,2,5,10,9,8,0.5262,MEDIUM
2,5,3,1,4,6,8,8,8,10,4,2,3,5,1,5,10,4,9,7,0.5553,MEDIUM
4,7,3,4,2,8,6,6,4,4,8,4,5,8,8,7,4,1,7,6,0.5358,MEDIUM
9,6,9,3,8,7,6,5,7,10,10,2,6,9,10,8,4,1,4,8,0.5883,MEDIUM
9,6,9,2,5,5,3,10,9,4,7,9,8,7,2,10,1,8,6,1,0.539,MEDIUM
6,7,2,2,6,6,6,2,1,8,5,10,9,2,9,9,7,10,7,2,0.4403,MEDIUM
2,6,9,9,10,1,2,8,2,9,8,3,10,8,1,2,3,7,9,4,0.5753,MEDIUM
2,6,7,3,5,3,1,7,1,6,2,2,7,10,8,7,10,1,6,5,0.4949,MEDIUM
4,6,3,7,9,3,2,10,5,8,2,10,1,3,4,3,8,2,1,8,0.4698,MEDIUM
4,3,6,8,6,10,3,2,3,4,1,4,5,9,10,10,1,6,7,5,0.4762,MEDIUM
4,2,8,3,2,1,5,7,4,2,2,9,7,8,1,2,10,9,8,9,0.4823,MEDIUM
4,6,1,6,5,5,6,10,4,2,9,2,4,2,3,6,5,8,1,10,0.5476,MEDIUM
10,8,4,5,2,4,6,1,6,5,1,8,7,5,8,2,9,7,3,10,0.3482,LOW
5,4,7,9,2,4,2,5,6,4,10,5,9,1,8,3,1,8,9,5,0.5183,MEDIUM
6,9,5,6,9,5,1,3,3,3,8,8,7,1,3,2,9,1,7,7,0.4386,MEDIUM
8,3,6,3,8,10,4,5,5,5,6,2,10,1,7,8,8,5,3,2,0.5094,MEDIUM
1,9,4,1,7,4,5,5,4,8,2,1,9,5,3,6,8,6,5,3,0.4158,MEDIUM
4,8,4,6,4,5,10,8,3,5,9,7,9,10,9,4,3,3,6,4,0.3727,MEDIUM
6,1,3,3,8,8,5,7,10,1,4,4,9,5,8,2,4,8,1,6,0.4791,MEDIUM
9,8,8,6,3,3,3,2,3,1,1,5,1,3,4,5,3,1,4,4,0.2828,LOW
9,8,4,9,5,6,4,6,1,1,3,2,6,7,4,9,4,7,7,7,0.6337,HIGH
10,5,4,7,6,9,7,10,5,10,2,10,10,8,9,6,2,4,5,5,0.529,MEDIUM
6,6,4,3,10,7,8,8,4,8,6,10,5,3,9,4,2,9,9,9,0.5127,MEDIUM
7,2,7,7,7,4,4,5,3,9,1,10,2,2,6,5,2,7,9,3,0.4549,MEDIUM
5,10,8,8,1,6,5,10,2,2,5,1,7,6,5,8,7,6,2,3,0.4719,MEDIUM
7,8,5,10,1,8,6,4,6,2,4,9,4,5,6,7,3,10,4,4,0.4413,MEDIUM
5,10,6,7,6,2,6,9,3,3,4,1,10,5,8,7,1,6,10,7,0.4466,MEDIUM
8,7,6,7,2,3,5,10,9,4,4,5,5,2,5,7,8,10,7,10,0.6303,HIGH
4,9,10,3,6,3,10,2,5,10,4,8,4,6,3,10,1,9,4,2,0.4501,MEDIUM
2,7,9,7,8,5,5,8,9,7,9,8,4,3,1,8,2,9,2,2,0.4327,MEDIUM
7,10,5,5,2,9,3,7,10,8,2,9,8,1,2,6,4,10,9,8,0.5257,MEDIUM
5,1,6,5,2,10,2,10,10,10,5,10,9,6,2,2,8,5,3,7,0.6055,HIGH
2,5,3,3,8,5,1,5,6,2,3,3,9,6,9,10,4,8,1,9,0.4892,MEDIUM
2,1,4,6,8,5,4,2,9,10,2,1,1,5,10,3,5,7,1,2,0.4813,MEDIUM
3,9,6,5,10,10,8,3,7,4,2,6,1,9,2,1,9,7,7,8,0.4709,MEDIUM
1,5,3,10,6,8,10,1,4,6,5,1,7,5,3,9,3,4,6,10,0.631,HIGH
9,5,9,9,8,7,10,2,9,7,5,9,5,2,3,2,3,4,5,10,0.5254,MEDIUM
7,1,6,10,4,8,1,7,3,8,3,4,6,3,7,5,4,7,2,2,0.5363,MEDIUM
4,9,9,8,1,6,8,2,7,3,10,9,5,8,6,5,9,8,1,1,0.4411,MEDIUM
10,7,5,7,2,5,7,10,10,5,9,4,9,6,7,1,2,7,7,9,0.622,HIGH
6,9,7,8,8,9,10,6,4,3,5,10,8,6,4,10,4,1,4,7,0.4441,MEDIUM
2,10,10,10,4,3,7,1,4,9,7,2,6,8,5,3,4,7,9,4,0.4229,MEDIUM
8,9,1,4,8,2,8,2,9,7,6,9,9,1,8,5,7,2,3,1,0.4142,MEDIUM
5,7,6,5,6,7,6,7,7,4,7,4,7,4,9,2,4,10,3,3,0.5011,MEDIUM
3,4,1,5,3,2,1,4,8,10,10,9,3,1,5,9,8,10,4,8,0.5778,MEDIUM
1,2,3,4,4,6,8,10,4,8,8,6,10,1,2,3,10,3,10,10,0.5258,MEDIUM
3,10,3,1,2,4,4,8,1,5,6,8,5,1,9,6,1,8,5,10,0.3401,LOW
2,2,4,10,3,9,3,4,7,10,7,5,10,4,9,3,7,9,4,2,0.5693,MEDIUM
4,9,1,1,4,4,9,4,4,7,8,4,7,2,5,1,5,8,7,2,0.4136,MEDIUM
10,5,6,7,2,6,9,2,9,2,2,1,7,10,10,5,3,10,3,3,0.5511,MEDIUM
4,2,10,8,9,10,6,9,10,4,3,1,2,1,9,10,9,2,1,8,0.4834,MEDIUM
3,4,3,3,8,5,8,9,4,1,2,10,5,5,2,1,9,9,4,5,0.4702,MEDIUM
5,5,3,6,4,8,5,3,5,10,5,2,8,9,6,9,5,8,8,1,0.6596,HIGH
3,4,10,3,9,4,2,1,10,2,6,8,2,10,2,1,5,4,10,8,0.5742,MEDIUM
10,3,4,5,2,1,3,5,3,6,1,6,10,7,4,2,1,7,3,7,0.456,MEDIUM
9,5,5,2,9,8,8,7,9,10,7,2,8,7,9,8,3,10,7,3,0.6474,HIGH
1,5,3,10,8,6,9,2,1,2,5,2,1,1,9,3,6,10,3,4,0.4117,MEDIUM
1,7,6,2,2,8,7,9,3,6,2,6,3,9,9,1,1,5,10,7,0.3912,MEDIUM
1,6,5,7,10,1,6,1,9,5,10,6,2,8,1,5,3,1,5,8,0.4794,MEDIUM
4,1,9,8,9,9,8,6,3,7,4,3,3,9,5,5,2,4,4,4,0.5174,MEDIUM
6,9,1,3,2,1,4,8,8,1,1,3,4,4,6,9,3,4,6,1,0.3043,LOW
7,3,8,5,2,6,8,1,9,9,4,3,9,7,1,5,2,7,2,5,0.5384,MEDIUM
4,6,5,4,5,10,2,9,10,3,5,6,6,8,5,7,5,4,4,4,0.555,MEDIUM
1,5,1,4,1,6,9,2,9,2,6,9,6,4,6,1,7,3,10,3,0.38,MEDIUM
6,9,1,10,10,5,10,2,10,5,4,8,4,4,4,2,3,10,4,9,0.5874,MEDIUM
7,6,6,7,9,6,1,3,3,1,9,1,6,4,9,5,8,10,3,8,0.5341,MEDIUM
10,6,2,4,3,5,7,6,2,9,4,6,10,2,5,7,2,3,1,2,0.4228,MEDIUM
5,1,8,10,9,4,5,1,1,8,8,2,7,1,2,1,9,4,2,8,0.6074,HIGH
4,5,10,10,7,4,3,2,6,6,4,4,10,8,6,4,2,8,6,3,0.4723,MEDIUM
9,7,2,3,3,5,1,1,1,3,6,10,4,8,6,9,2,9,4,6,0.4336,MEDIUM
1,1,3,3,9,8,5,1,9,10,8,6,8,9,5,3,4,6,2,9,0.5775,MEDIUM
1,3,7,5,3,2,5,10,3,9,9,5,2,7,4,5,5,8,8,10,0.5781,MEDIUM
3,8,10,7,10,4,10,3,1,6,6,2,6,8,1,5,6,4,4,1,0.4416,MEDIUM
5,4,5,10,5,9,2,6,10,9,9,3,7,9,8,5,5,4,4,8,0.6039,HIGH
4,2,5,1,3,10,1,4,1,1,9,2,1,4,10,2,2,2,5,1,0.3398,LOW
8,6,6,10,8,9,7,3,2,7,4,5,9,5,5,4,1,6,4,5,0.4813,MEDIUM
5,8,6,6,1,9,3,4,9,3,9,9,9,2,7,2,4,8,2,10,0.4691,MEDIUM
6,9,9,1,8,4,3,8,2,5,7,4,6,6,5,3,9,5,7,9,0.5226,MEDIUM
7,4,9,8,3,1,4,3,4,9,4,3,3,8,1,5,10,5,4,3,0.5223,MEDIUM
8,5,1,3,7,6,6,9,6,10,3,5,6,9,1,3,4,4,2,1,0.4734,MEDIUM
9,2,9,6,5,9,1,6,2,5,4,9,9,3,8,4,8,5,10,1,0.5537,MEDIUM
10,10,5,5,8,2,9,2,4,3,5,1,7,3,2,5,7,2,4,4,0.449,MEDIUM
6,5,8,4,4,8,1,3,6,6,6,7,4,5,9,2,5,2,6,8,0.4998,MEDIUM
8,2,9,1,8,5,10,3,3,4,10,7,7,6,3,9,6,2,5,2,0.4789,MEDIUM
10,1,9,3,8,5,6,8,5,6,7,6,10,10,3,6,1,8,7,4,0.6441,HIGH
4,8,4,7,5,4,6,4,8,2,3,2,5,7,4,1,8,1,1,10,0.4687,MEDIUM
6,9,4,1,5,3,9,7,4,3,4,2,1,3,7,6,6,8,5,8,0.465,MEDIUM
5,5,10,4,7,7,8,4,6,3,2,7,1,9,4,5,1,3,9,10,0.4487,MEDIUM
8,5,1,10,4,10,4,5,10,7,5,8,10,4,6,4,10,6,7,3,0.6294,HIGH
2,6,5,3,7,3,7,8,2,9,9,10,3,7,8,1,2,4,7,2,0.4687,MEDIUM
10,2,7,7,8,4,3,3,2,8,8,6,10,5,2,5,5,8,8,3,0.6411,HIGH
1,5,6,4,4,8,7,10,8,10,2,7,3,8,7,3,5,4,10,7,0.5229,MEDIUM
1,7,4,1,1,8,10,9,3,4,4,9,10,2,8,9,8,4,6,7,0.3601,MEDIUM
4,10,3,2,2,9,8,9,2,7,3,7,10,9,8,8,4,6,2,1,0.3762,MEDIUM
6,10,8,4,5,5,7,9,6,1,1,10,5,8,10,5,8,10,3,10,0.4339,MEDIUM
4,7,2,7,7,3,10,1,9,8,10,3,10,7,9,7,4,7,8,8,0.5836,MEDIUM
7,4,10,7,7,4,6,3,8,4,7,1,1,8,6,6,1,5,1,9,0.4532,MEDIUM
5,2,4,9,4,9,10,1,2,2,8,6,3,9,3,1,8,10,1,8,0.5056,MEDIUM
8,10,9,9,7,2,9,3,6,7,2,7,7,5,1,3,9,1,3,9,0.508,MEDIUM
1,3,3,3,5,5,7,7,2,7,6,2,8,6,9,7,7,7,3,7,0.5389,MEDIUM
6,8,1,5,4,9,9,4,4,10,3,4,9,5,1,10,10,2,3,7,0.5266,MEDIUM
10,2,8,7,5,10,9,6,8,8,5,3,8,4,6,10,9,5,1,8,0.6122,HIGH
1,6,5,8,3,1,10,3,7,5,7,6,3,10,7,8,10,5,8,2,0.4234,MEDIUM
9,10,2,7,7,9,1,8,4,2,1,1,2,8,10,8,8,7,7,1,0.5345,MEDIUM
1,3,3,1,1,4,7,5,3,4,9,3,3,4,6,6,3,3,1,10,0.3779,MEDIUM
5,2,3,5,6,7,3,2,3,1,3,6,5,1,10,5,2,2,4,10,0.3809,MEDIUM
7,6,5,6,3,6,6,2,8,7,6,7,10,9,4,7,5,10,6,1,0.5054,MEDIUM
10,3,7,3,9,10,8,6,8,3,1,4,2,5,4,1,7,2,5,4,0.4671,MEDIUM
3,9,9,6,9,10,10,5,8,1,10,10,1,7,10,10,9,2,9,10,0.4609,MEDIUM
3,4,8,2,1,5,5,10,1,8,2,2,4,7,5,7,9,10,1,7,0.3717,MEDIUM
9,9,8,9,6,9,1,4,10,2,3,8,8,10,1,6,4,9,8,6,0.6988,HIGH
2,9,10,6,4,5,3,10,8,1,4,10,8,8,4,4,9,1,1,5,0.4602,MEDIUM
2,5,4,3,7,10,5,5,2,1,5,3,4,3,1,1,9,7,6,9,0.4905,MEDIUM
7,3,4,4,5,9,8,9,2,10,4,5,3,2,2,5,8,5,7,8,0.5619,MEDIUM
6,8,4,3,6,2,5,2,6,7,2,8,4,2,3,5,4,3,2,10,0.3476,LOW
8,10,3,5,8,7,2,8,5,1,4,6,4,1,1,6,7,9,5,2,0.5845,MEDIUM
8,3,8,4,5,1,7,10,8,6,5,2,4,3,7,4,1,2,6,1,0.4981,MEDIUM
9,10,3,3,10,9,4,1,10,3,3,2,4,4,8,1,5,6,1,4,0.4563,MEDIUM
9,7,1,8,3,10,5,4,1,7,3,9,8,4,5,6,2,3,10,6,0.5521,MEDIUM
2,10,8,3,9,6,6,9,7,8,10,4,2,7,1,3,8,9,7,4,0.5626,MEDIUM
5,9,8,7,6,7,2,3,9,1,7,10,6,6,3,2,2,1,10,6,0.3965,MEDIUM
4,2,7,2,6,7,7,8,9,6,10,8,2,4,5,2,2,3,10,3,0.4502,MEDIUM
9,9,2,1,5,3,4,9,6,3,5,8,10,7,6,6,5,6,1,9,0.5108,MEDIUM
6,6,5,9,9,6,10,9,1,7,10,1,5,4,10,9,8,9,9,9,0.6096,HIGH
10,10,10,5,10,9,5,5,1,7,1,3,7,10,1,10,6,10,5,1,0.5635,MEDIUM
6,3,2,10,9,10,10,1,3,1,8,8,8,4,1,9,9,2,6,4,0.5575,MEDIUM
1,3,10,4,4,4,7,8,8,1,6,3,10,8,10,3,6,4,9,5,0.4579,MEDIUM
2,3,8,10,2,4,3,6,4,4,3,6,9,9,9,5,1,5,2,7,0.441,MEDIUM
3,8,5,3,3,2,3,2,2,6,5,5,5,9,6,1,3,5,7,2,0.3242,LOW
1,2,7,9,2,1,8,2,4,8,8,10,8,4,1,10,6,2,5,7,0.438,MEDIUM
1,8,4,8,3,1,5,1,4,3,5,1,5,5,1,2,3,2,8,9,0.3708,MEDIUM
6,7,4,5,4,7,2,5,6,6,1,2,3,10,1,5,4,2,3,9,0.5669,MEDIUM
7,9,7,7,8,8,6,7,5,7,10,9,4,7,4,4,3,1,10,5,0.4324,MEDIUM
9,2,7,9,6,4,2,10,10,10,1,9,8,1,2,5,7,2,9,8,0.6684,HIGH
1,3,8,4,10,3,5,7,8,9,4,2,5,7,5,3,6,1,9,9,0.5999,MEDIUM
3,4,3,5,4,10,7,10,7,5,8,8,4,3,4,8,3,5,10,3,0.5268,MEDIUM
10,3,2,4,4,3,5,1,7,2,9,7,10,5,7,1,6,7,10,3,0.4125,MEDIUM
8,5,6,1,6,7,10,6,9,3,7,2,7,10,2,4,5,4,9,2,0.53,MEDIUM
3,6,9,1,3,6,7,3,2,10,8,5,8,7,1,5,5,1,5,3,0.4252,MEDIUM
5,2,5,3,7,6,7,3,7,2,7,1,5,7,5,4,1,1,8,3,0.4262,MEDIUM
5,8,7,7,1,6,4,2,4,10,8,9,4,8,5,8,7,7,10,4,0.4961,MEDIUM
8,8,8,3,5,3,5,3,8,9,5,2,3,9,8,7,2,3,9,3,0.5279,MEDIUM
7,2,3,5,10,10,9,8,8,10,10,10,5,9,2,10,5,1,7,9,0.7099,HIGH
2,3,8,6,7,2,1,5,1,9,7,8,4,3,6,9,7,9,5,9,0.4852,MEDIUM
2,1,7,3,5,8,2,7,6,7,10,4,9,7,6,2,3,1,6,5,0.4694,MEDIUM
2,6,3,9,1,8,9,7,5,8,8,1,2,7,10,7,3,1,3,4,0.4369,MEDIUM
4,7,3,8,1,7,6,4,9,2,4,8,9,10,6,7,3,4,6,5,0.4804,MEDIUM
4,6,2,3,10,1,5,6,9,10,7,4,9,6,10,6,3,5,1,6,0.5421,MEDIUM
1,1,5,6,2,1,7,7,7,1,6,9,9,1,10,6,10,3,5,4,0.3786,MEDIUM
10,9,2,6,9,9,4,3,3,6,8,1,3,2,2,7,9,7,7,1,0.6149,HIGH
3,9,10,3,9,2,5,10,9,10,7,6,7,10,2,8,9,2,6,5,0.6496,HIGH
9,4,7,2,2,6,4,9,4,4,7,7,5,5,10,4,5,8,5,4,0.4882,MEDIUM
1,4,5,3,7,8,9,5,6,7,7,2,2,6,6,7,9,2,7,1,0.4814,MEDIUM
10,7,5,1,6,8,9,8,7,7,1,2,8,9,3,10,7,2,5,8,0.5816,MEDIUM
4,1,8,5,9,1,3,8,10,8,3,8,4,1,2,10,10,7,10,10,0.6135,HIGH
5,7,6,3,2,8,5,6,7,6,9,10,9,9,5,4,9,7,9,5,0.6028,HIGH
5,4,9,1,7,9,5,2,5,6,8,10,6,6,8,4,9,2,6,7,0.4305,MEDIUM
8,10,10,8,3,9,2,6,7,2,4,1,3,4,3,8,7,4,10,2,0.524,MEDIUM
7,10,5,10,8,4,10,8,7,9,8,7,6,10,7,5,8,2,9,2,0.552,MEDIUM
8,6,4,5,1,10,7,2,10,10,8,6,2,2,8,6,7,4,5,5,0.4744,MEDIUM
1,7,1,3,2,1,10,2,7,3,7,10,7,10,7,8,3,8,9,4,0.3618,MEDIUM
4,3,3,7,4,8,4,2,10,7,9,3,5,4,7,10,9,2,3,1,0.5685,MEDIUM
1,7,8,9,10,8,3,7,8,2,6,7,10,2,5,8,1,2,3,10,0.5087,MEDIUM
9,4,10,5,6,5,2,7,5,7,1,8,2,6,1,1,7,7,6,3,0.5033,MEDIUM
9,6,4,1,1,5,6,6,8,9,7,9,6,10,3,3,3,3,1,1,0.4231,MEDIUM
7,6,10,8,8,5,2,5,5,3,1,2,9,1,4,5,3,1,7,9,0.5377,MEDIUM
8,3,2,8,1,5,7,7,9,8,1,9,2,8,10,7,3,2,2,7,0.4205,MEDIUM
8,2,3,4,1,5,7,6,9,4,7,6,10,10,9,1,2,7,7,6,0.5963,MEDIUM
9,2,4,7,7,3,3,3,1,9,7,2,1,3,2,4,1,6,1,10,0.4523,MEDIUM
7,4,10,10,5,8,9,4,5,9,9,2,5,7,1,9,3,5,8,5,0.6174,HIGH
1,8,10,5,4,5,5,5,2,8,6,7,7,7,2,10,7,3,2,4,0.4579,MEDIUM
3,4,10,3,10,6,1,2,10,8,7,2,1,4,3,2,7,6,9,1,0.4904,MEDIUM
9,8,3,7,8,1,6,2,2,10,4,9,9,4,1,10,1,5,6,9,0.5448,MEDIUM
2,7,8,3,10,2,10,4,1,5,3,1,2,9,6,10,1,6,3,8,0.4512,MEDIUM
4,2,2,9,8,7,6,7,8,3,3,5,2,3,9,7,6,1,4,9,0.4224,MEDIUM
5,2,1,2,10,6,10,10,3,3,3,5,10,3,5,5,5,1,7,7,0.5312,MEDIUM
2,6,10,3,3,3,1,10,8,7,5,9,7,2,9,4,9,3,6,6,0.3336,LOW
10,2,5,4,3,2,2,8,3,5,6,7,1,6,2,9,3,1,9,1,0.4503,MEDIUM
9,7,2,8,9,1,9,8,2,4,6,4,9,5,8,4,3,5,3,1,0.5207,MEDIUM
6,8,1,4,7,6,10,6,10,3,6,8,1,8,3,8,10,3,10,1,0.499,MEDIUM
5,7,10,10,9,2,2,8,3,2,4,8,1,3,7,2,7,8,2,7,0.3642,MEDIUM
8,3,8,1,3,3,5,2,1,3,7,3,2,1,9,4,1,9,4,3,0.3199,LOW
1,10,2,5,4,2,10,4,9,5,2,6,4,2,2,9,10,3,4,1,0.4716,MEDIUM
8,4,2,4,10,8,3,10,9,9,8,3,9,8,8,2,4,1,5,3,0.5545,MEDIUM
4,9,8,7,9,1,10,1,1,8,8,10,7,5,3,8,8,1,10,8,0.4079,MEDIUM
9,6,3,6,4,10,10,2,4,9,6,5,2,4,2,8,5,5,9,6,0.6043,HIGH
2,10,6,5,5,3,4,4,5,5,1,3,6,9,9,6,6,2,1,9,0.4743,MEDIUM
9,10,3,2,8,2,1,9,8,5,9,6,4,2,6,10,10,7,5,7,0.5848,MEDIUM
1,9,8,3,6,5,8,8,8,6,4,9,9,2,8,7,9,4,6,4,0.3671,MEDIUM
3,5,8,9,2,2,1,2,7,3,2,10,9,10,8,5,5,7,10,4,0.5449,MEDIUM
2,7,9,2,6,2,7,5,10,2,10,1,8,1,5,5,6,2,10,7,0.5304,MEDIUM
5,10,3,4,1,7,7,2,10,1,2,8,5,9,5,3,6,3,5,7,0.4272,MEDIUM
8,2,10,4,1,7,5,8,4,10,1,9,8,6,4,6,9,10,9,4,0.5231,MEDIUM
3,5,4,6,10,6,2,4,4,4,2,7,10,6,5,4,3,4,3,5,0.4758,MEDIUM
7,10,4,6,6,2,7,10,8,9,9,4,8,8,8,3,1,5,4,10,0.538,MEDIUM
8,2,9,9,9,5,3,8,2,7,10,7,6,7,5,6,6,4,10,3,0.6188,HIGH
9,5,1,4,5,8,7,10,7,5,6,5,5,1,7,7,9,10,10,5,0.6747,HIGH
3,6,4,3,9,4,7,10,4,1,9,1,2,2,9,8,3,2,4,10,0.4907,MEDIUM
9,4,1,3,1,1,6,7,6,8,3,4,9,7,2,7,1,2,9,7,0.5013,MEDIUM
2,10,2,4,7,5,1,7,10,6,9,1,6,2,9,5,1,5,8,8,0.5939,MEDIUM
4,6,1,4,2,9,9,5,10,8,5,2,7,4,3,3,9,6,6,7,0.5847,MEDIUM
4,4,7,7,1,3,4,6,3,2,8,10,3,2,2,9,3,9,10,2,0.4719,MEDIUM
4,1,6,2,1,3,8,2,10,1,6,9,2,5,8,10,7,1,6,7,0.4476,MEDIUM
3,4,4,1,10,5,8,10,8,7,9,9,6,5,4,5,7,5,6,9,0.5222,MEDIUM
3,10,6,5,7,4,8,4,4,4,1,1,4,1,5,8,2,7,7,3,0.3819,MEDIUM
4,5,3,6,4,1,2,3,9,2,10,5,1,1,2,2,3,10,6,3,0.4399,MEDIUM
1,8,9,2,9,8,5,2,5,7,6,7,7,4,8,1,8,1,5,4,0.3151,LOW
8,4,8,6,2,5,4,6,4,6,6,5,7,3,3,3,9,5,8,7,0.5472,MEDIUM
7,1,1,10,8,5,10,1,10,2,3,7,2,10,4,6,9,2,6,2,0.6282,HIGH
5,2,9,6,10,5,1,1,5,9,10,7,6,7,1,9,5,7,10,6,0.5708,MEDIUM
5,5,10,6,7,10,8,8,6,6,7,2,3,4,5,1,1,2,6,3,0.4432,MEDIUM
3,10,1,5,1,2,6,1,8,7,3,10,5,3,1,2,3,2,8,3,0.3756,MEDIUM
3,1,10,5,4,5,3,3,1,9,3,5,2,10,9,6,8,8,9,8,0.5105,MEDIUM
4,5,2,4,8,3,4,1,8,4,6,8,2,4,7,2,9,8,8,5,0.4677,MEDIUM
10,8,9,10,6,4,6,3,6,9,6,4,6,6,10,10,6,2,6,5,0.4647,MEDIUM
2,5,4,7,1,5,4,9,8,3,5,4,1,9,9,5,9,7,1,7,0.4982,MEDIUM
5,2,5,5,3,6,1,10,7,10,4,4,8,6,8,10,1,2,6,6,0.5475,MEDIUM
1,9,9,1,7,4,10,6,9,5,6,5,6,1,6,3,10,7,6,4,0.3124,LOW
8,1,5,8,7,9,1,10,9,6,7,9,4,6,1,6,2,9,4,5,0.7033,HIGH
5,1,3,8,6,6,5,8,1,2,5,3,10,6,1,4,4,7,10,4,0.6383,HIGH
7,9,4,5,1,3,2,2,1,5,6,5,10,9,1,5,7,1,7,6,0.4965,MEDIUM
4,5,10,4,1,10,7,7,7,4,5,10,2,7,7,1,6,6,8,8,0.4314,MEDIUM
4,10,1,5,6,6,5,4,7,3,4,4,2,10,4,2,3,2,1,9,0.4819,MEDIUM
2,2,1,4,9,8,8,4,9,1,1,8,8,9,10,9,2,10,7,9,0.5534,MEDIUM
8,1,7,7,7,9,9,5,4,4,2,7,6,1,10,9,4,4,9,2,0.4917,MEDIUM
3,8,3,5,10,1,2,5,1,6,5,4,10,4,5,7,10,9,10,9,0.5881,MEDIUM
5,8,4,9,5,4,10,6,4,8,3,6,9,1,2,6,4,6,9,5,0.5469,MEDIUM
10,7,3,1,1,4,3,4,1,3,1,2,10,3,7,9,7,1,2,8,0.4462,MEDIUM
4,9,6,6,6,6,6,1,6,2,9,2,8,7,2,5,3,7,7,3,0.5078,MEDIUM
5,5,4,7,8,8,1,5,2,2,1,9,1,1,3,7,5,10,2,4,0.3992,MEDIUM
6,10,8,5,9,10,6,7,5,3,6,3,8,6,4,2,8,8,10,2,0.5615,MEDIUM
1,6,4,8,3,6,7,6,7,4,4,8,4,5,4,5,9,9,10,2,0.4612,MEDIUM
10,1,1,1,1,3,5,3,1,2,3,8,8,7,1,7,7,3,6,10,0.48,MEDIUM
6,8,9,8,5,5,2,2,3,9,5,9,5,3,2,8,3,8,5,3,0.4285,MEDIUM
2,10,5,1,5,8,9,10,2,4,7,8,2,7,2,7,9,5,10,9,0.4518,MEDIUM
10,10,2,3,7,4,9,3,8,10,5,2,5,6,6,1,10,8,4,4,0.6072,HIGH
4,1,10,9,8,1,4,9,3,5,3,10,9,6,3,8,1,5,10,8,0.5866,MEDIUM
4,5,5,5,7,4,5,7,5,8,5,10,7,6,10,2,4,2,2,1,0.4601,MEDIUM
2,6,3,3,2,9,2,6,10,6,9,9,2,3,4,7,9,9,7,7,0.5178,MEDIUM
1,9,9,3,4,3,4,6,2,2,4,10,6,3,3,6,5,10,5,6,0.3695,MEDIUM
8,1,4,2,8,7,9,2,1,2,4,3,5,8,1,8,4,1,9,2,0.4371,MEDIUM
5,2,5,3,4,8,6,8,5,6,5,6,2,8,4,4,1,2,7,6,0.4499,MEDIUM
5,9,8,7,6,8,9,2,6,10,2,7,7,6,6,2,8,3,9,7,0.4299,MEDIUM
5,3,2,4,7,1,2,8,2,5,8,3,3,3,10,5,6,4,2,10,0.5385,MEDIUM
7,6,2,7,5,5,2,9,1,6,5,1,1,9,6,4,9,1,10,5,0.5508,MEDIUM
3,1,8,10,7,2,10,10,1,10,8,10,9,10,7,6,10,2,4,2,0.5594,MEDIUM
2,9,8,1,9,8,9,2,6,8,5,10,2,7,8,2,7,6,7,8,0.4186,MEDIUM
1,10,9,7,7,8,9,9,6,2,7,9,3,1,4,9,6,3,9,6,0.5255,MEDIUM
8,10,5,1,2,6,5,2,6,1,7,9,10,9,6,2,2,9,9,2,0.363,MEDIUM
2,7,8,9,8,4,5,9,1,9,6,2,5,10,7,7,8,6,8,2,0.6059,HIGH
7,10,6,5,1,3,4,2,4,5,3,7,9,4,10,7,10,10,6,8,0.5014,MEDIUM
2,4,10,6,8,1,1,2,7,9,5,6,2,3,3,5,1,3,4,9,0.3944,MEDIUM
8,9,10,4,1,4,9,2,5,8,7,1,5,1,10,7,3,7,3,10,0.4347,MEDIUM
3,3,6,10,6,4,8,7,3,2,1,10,9,6,4,3,8,3,8,3,0.4579,MEDIUM
1,7,7,8,6,5,10,1,6,10,8,4,1,4,8,6,4,8,5,6,0.4242,MEDIUM
1,9,9,4,1,7,9,3,10,5,9,2,8,1,5,10,7,8,3,10,0.4559,MEDIUM
5,3,8,10,2,10,2,7,4,8,10,9,1,1,5,8,3,1,3,9,0.4712,MEDIUM
9,9,3,4,10,8,10,8,1,9,8,8,1,2,6,3,5,3,5,5,0.5264,MEDIUM
4,2,1,3,10,10,4,3,2,1,4,7,8,5,1,1,10,3,6,5,0.5278,MEDIUM
3,8,1,10,9,4,2,9,2,9,1,4,5,4,1,8,2,5,9,9,0.6313,HIGH
4,1,6,5,6,1,9,3,8,6,10,9,7,9,6,9,2,10,8,5,0.5073,MEDIUM
9,9,5,7,8,5,9,3,3,4,3,9,7,5,3,6,1,5,7,5,0.4021,MEDIUM
8,2,8,5,3,7,6,9,9,5,1,7,7,2,3,5,6,1,2,2,0.4933,MEDIUM
7,1,2,3,5,2,9,2,2,7,1,8,7,3,2,1,10,7,10,3,0.4071,MEDIUM
7,3,2,7,9,5,8,3,1,3,1,7,4,2,5,2,1,10,3,5,0.3889,MEDIUM
5,4,3,10,6,5,1,6,7,9,7,5,3,10,7,2,8,3,5,8,0.6069,HIGH
3,8,4,2,9,9,10,8,1,7,1,5,5,7,3,1,4,8,5,5,0.4489,MEDIUM
6,8,2,10,10,2,7,8,4,5,3,2,5,3,2,2,5,1,8,9,0.5206,MEDIUM
2,4,7,7,5,10,3,10,1,8,1,4,9,4,10,5,3,8,2,4,0.4936,MEDIUM
5,3,5,8,1,7,5,10,3,3,3,6,8,2,7,5,1,1,5,9,0.4722,MEDIUM
10,6,3,5,2,5,4,5,6,7,5,7,7,4,10,8,2,9,1,2,0.4905,MEDIUM
3,1,7,4,4,6,8,6,10,10,8,10,5,10,8,6,7,8,6,7,0.5217,MEDIUM
5,7,7,8,7,7,8,5,10,2,4,5,9,2,7,10,5,1,4,3,0.4497,MEDIUM
5,3,3,2,7,5,6,4,3,5,5,3,2,5,7,2,1,1,5,10,0.4645,MEDIUM
9,4,6,10,1,1,6,9,2,10,9,4,7,6,2,5,7,10,1,6,0.6247,HIGH
10,2,9,4,8,7,6,4,10,8,10,1,1,6,8,9,4,5,2,1,0.4895,MEDIUM
9,1,8,6,1,10,6,1,4,6,5,6,2,4,7,5,1,3,10,5,0.4529,MEDIUM
3,3,1,9,6,10,6,1,4,2,3,2,6,6,10,6,10,10,6,10,0.5042,MEDIUM
3,5,2,10,8,2,7,7,6,6,4,7,1,2,9,2,2,8,1,4,0.3963,MEDIUM
3,9,1,4,3,6,4,9,4,7,2,5,5,10,2,8,10,3,2,7,0.6148,HIGH
6,2,5,9,2,2,2,5,7,9,8,3,7,2,2,8,4,8,1,3,0.5288,MEDIUM
2,6,4,9,5,6,1,4,6,6,10,10,7,8,4,2,4,2,3,2,0.4444,MEDIUM
4,2,3,5,4,5,7,7,7,3,10,2,4,7,3,2,6,4,10,5,0.5917,MEDIUM
5,1,7,1,2,5,7,2,3,1,6,9,5,10,9,5,5,8,6,4,0.3272,LOW
10,4,7,1,1,8,5,9,2,4,4,6,4,4,4,7,10,5,2,8,0.4636,MEDIUM
6,2,9,1,1,8,6,7,6,9,3,6,6,5,9,4,9,7,9,7,0.5294,MEDIUM
2,3,4,6,9,8,10,1,6,1,8,4,1,10,1,8,3,10,5,9,0.5302,MEDIUM
6,7,4,7,7,7,8,4,2,4,10,7,3,9,7,4,4,9,10,8,0.5239,MEDIUM
6,5,8,1,2,2,3,2,5,4,6,10,4,10,4,10,5,3,8,3,0.452,MEDIUM
9,3,9,9,2,6,7,6,10,7,1,5,1,3,9,8,5,5,8,8,0.5169,MEDIUM
1,7,5,9,2,4,4,6,8,9,3,10,10,3,5,5,3,4,6,1,0.444,MEDIUM
7,9,9,5,4,10,4,10,4,10,7,1,7,3,7,4,9,3,4,10,0.5531,MEDIUM
2,10,3,10,5,8,9,8,5,6,5,6,7,1,4,2,9,7,9,7,0.537,MEDIUM
6,10,3,8,10,10,5,9,2,3,10,7,5,6,5,9,3,8,8,2,0.5728,MEDIUM
10,6,10,2,2,10,10,5,2,4,7,5,5,8,8,3,10,2,2,9,0.4461,MEDIUM
9,5,5,1,2,5,8,1,9,3,4,2,10,7,2,8,3,6,9,9,0.5301,MEDIUM
3,9,5,5,3,8,2,9,1,5,6,6,10,2,3,9,10,10,6,2,0.5427,MEDIUM
3,2,8,5,5,8,6,7,4,7,6,2,9,4,8,1,5,8,1,3,0.4326,MEDIUM
4,8,2,3,6,1,7,9,3,2,3,1,4,6,9,2,4,10,8,10,0.4597,MEDIUM
6,2,10,7,3,5,6,3,5,1,6,6,9,10,8,3,4,6,10,2,0.4287,MEDIUM
10,10,9,9,6,6,3,3,10,3,10,8,8,1,3,6,10,9,5,6,0.5332,MEDIUM
9,6,6,5,3,3,1,6,5,9,8,3,10,2,3,10,9,10,7,8,0.677,HIGH
4,4,6,4,8,1,7,4,3,4,1,1,2,8,2,10,6,6,8,7,0.5141,MEDIUM
4,3,10,6,2,7,7,3,2,6,7,8,5,9,7,4,8,5,8,1,0.4591,MEDIUM
4,1,4,7,7,4,9,7,1,3,7,9,8,2,8,6,9,5,1,6,0.4328,MEDIUM
4,2,9,9,7,6,9,6,3,3,9,9,8,7,2,8,3,8,5,7,0.5552,MEDIUM
1,1,4,5,2,1,6,9,9,3,9,8,1,4,6,2,8,2,10,10,0.4998,MEDIUM
5,10,8,5,6,1,1,10,8,1,7,5,5,1,8,2,3,6,4,5,0.4178,MEDIUM
7,2,2,6,6,6,3,5,1,3,8,9,3,1,2,6,9,2,2,4,0.4448,MEDIUM
1,9,4,10,6,4,2,2,7,10,6,2,6,3,3,4,5,6,1,9,0.5338,MEDIUM
10,7,1,8,2,4,8,7,7,8,1,9,1,7,1,7,1,6,1,7,0.4923,MEDIUM
5,1,6,2,2,9,4,3,9,5,1,2,5,5,1,8,10,1,5,4,0.5281,MEDIUM
9,10,4,6,4,2,8,4,3,5,7,2,6,6,3,3,5,2,2,4,0.3388,LOW
5,2,5,9,2,3,7,9,10,3,7,6,9,4,6,3,8,4,9,4,0.5509,MEDIUM
10,7,9,9,6,7,1,7,10,5,6,7,9,5,8,1,10,4,2,10,0.6663,HIGH
6,8,10,10,7,6,10,2,3,4,10,5,5,10,5,10,4,1,8,9,0.4967,MEDIUM
5,6,8,9,5,5,10,1,3,4,1,8,8,2,5,7,6,1,3,9,0.3431,LOW
7,1,2,2,9,4,8,7,10,2,1,9,2,9,10,9,2,4,8,9,0.5149,MEDIUM
1,2,2,1,5,8,1,9,5,5,5,5,6,4,3,6,7,8,3,2,0.5514,MEDIUM
2,10,6,2,2,1,10,5,6,3,7,6,9,3,2,7,6,6,2,5,0.4199,MEDIUM
7,3,1,1,1,9,9,9,9,8,7,5,2,5,4,8,8,3,3,3,0.483,MEDIUM
9,6,6,7,10,4,2,5,10,4,6,5,9,9,2,1,8,4,3,8,0.6459,HIGH
7,2,10,10,1,4,8,8,8,4,2,2,1,3,6,4,8,6,10,4,0.507,MEDIUM
4,6,9,6,2,6,2,5,10,5,1,1,8,5,7,8,3,4,10,8,0.5221,MEDIUM
10,9,9,2,2,9,9,3,2,1,8,7,1,6,10,6,6,9,8,1,0.3747,MEDIUM
5,3,6,4,8,8,7,10,7,8,4,3,6,5,10,7,7,1,8,1,0.569,MEDIUM
3,9,8,4,8,3,4,9,1,6,8,2,3,2,7,7,3,10,7,7,0.5127,MEDIUM
9,3,8,4,5,3,9,10,1,5,3,7,9,6,5,5,7,1,7,9,0.4376,MEDIUM
9,10,6,9,10,10,4,3,2,10,2,4,4,1,5,5,3,2,8,10,0.555,MEDIUM
6,4,5,9,6,7,5,6,1,5,5,7,3,5,1,5,5,2,7,4,0.4919,MEDIUM
2,7,7,5,2,8,1,1,1,4,4,8,10,1,5,8,5,3,2,3,0.3696,MEDIUM
1,7,7,1,6,9,1,9,6,7,10,1,3,9,10,2,8,1,9,9,0.5529,MEDIUM
9,1,8,3,5,3,1,8,6,4,1,9,8,8,3,3,7,10,7,7,0.5607,MEDIUM
8,4,5,10,6,9,7,1,2,6,1,1,9,6,9,6,5,10,2,5,0.5754,MEDIUM
7,6,2,7,8,10,3,2,3,8,2,10,6,3,7,2,8,2,9,7,0.5022,MEDIUM
8,1,10,7,9,4,8,3,1,2,7,5,9,6,5,8,2,4,4,3,0.4163,MEDIUM
6,9,2,10,7,4,5,9,2,4,1,1,5,4,7,3,6,7,10,2,0.4898,MEDIUM
6,4,10,4,1,6,9,2,9,8,7,3,5,1,5,7,7,2,1,2,0.4071,MEDIUM
1,7,2,10,6,9,2,7,2,9,10,4,3,10,9,7,6,4,7,7,0.6547,HIGH
2,5,6,1,2,9,2,9,8,9,6,1,4,8,5,4,7,2,3,6,0.5575,MEDIUM
2,5,3,7,2,9,10,2,3,5,2,6,3,2,3,2,10,4,4,9,0.3771,MEDIUM
8,4,1,1,7,1,4,3,9,10,8,10,6,8,4,8,8,6,7,5,0.6939,HIGH
2,1,9,10,5,6,3,1,8,3,6,10,5,1,4,8,7,5,10,5,0.5106,MEDIUM
2,4,4,1,10,9,5,6,6,3,3,6,6,5,10,5,3,3,9,6,0.5121,MEDIUM
2,5,2,4,7,4,3,6,6,9,7,2,4,4,4,4,1,6,7,2,0.505,MEDIUM
4,2,2,2,4,8,3,4,7,8,10,1,9,3,2,4,6,3,3,2,0.588,MEDIUM
2,2,2,9,10,1,10,9,4,1,9,8,10,10,4,4,4,1,10,2,0.5614,MEDIUM
4,9,10,2,10,9,7,1,3,1,9,3,9,10,7,9,2,9,2,5,0.5154,MEDIUM
4,4,6,9,7,3,9,4,6,9,9,1,6,9,9,8,8,10,7,9,0.6756,HIGH
1,8,7,9,8,10,1,3,5,5,7,5,5,3,4,6,10,9,7,5,0.6071,HIGH
9,5,1,10,3,8,1,3,10,1,8,6,5,3,3,5,9,10,9,1,0.6152,HIGH
2,5,8,7,9,10,9,4,7,4,10,2,6,10,7,6,9,7,7,9,0.5938,MEDIUM
2,5,1,4,5,9,5,6,5,6,4,7,8,10,4,3,7,4,4,5,0.5411,MEDIUM
6,8,1,9,2,2,8,6,10,7,7,2,5,5,7,7,6,9,5,10,0.6207,HIGH
1,9,10,6,8,2,1,8,1,7,2,2,5,1,3,3,4,6,10,7,0.4411,MEDIUM
1,7,6,9,6,6,3,3,10,6,1,10,5,5,4,7,1,5,9,9,0.5315,MEDIUM
5,9,7,2,9,2,8,5,6,8,6,8,7,9,3,7,4,7,10,1,0.547,MEDIUM
1,9,10,8,4,1,4,7,6,10,1,8,8,5,7,8,5,4,4,5,0.3745,MEDIUM
1,10,8,1,6,6,6,1,2,4,4,4,5,4,2,8,3,8,5,10,0.3721,MEDIUM
7,4,2,9,9,6,4,5,1,3,7,2,1,2,6,9,6,3,7,4,0.5277,MEDIUM
3,4,2,1,8,9,6,8,8,9,9,5,7,3,1,6,5,3,1,2,0.5623,MEDIUM
2,9,7,7,9,3,8,3,7,4,5,1,2,9,9,2,5,10,8,8,0.4512,MEDIUM
5,2,9,2,9,3,8,2,6,2,4,2,10,5,9,3,9,9,3,8,0.5263,MEDIUM
7,4,5,4,10,5,7,4,6,8,2,9,9,7,9,4,6,5,8,4,0.517,MEDIUM
8,5,6,8,2,5,8,3,8,5,8,10,4,2,10,9,1,8,2,3,0.4016,MEDIUM
4,4,7,8,9,2,3,2,6,6,5,3,4,8,4,10,10,8,8,1,0.5259,MEDIUM
5,2,5,6,9,9,7,2,4,7,5,4,3,4,6,10,1,7,4,3,0.4474,MEDIUM
9,8,8,6,6,5,9,5,1,1,5,3,2,1,10,10,8,10,9,9,0.4779,MEDIUM
6,8,7,1,2,10,7,7,7,8,10,4,10,10,3,8,9,4,7,1,0.5036,MEDIUM
8,10,9,10,1,10,8,9,10,3,1,8,10,9,4,4,9,2,1,2,0.5127,MEDIUM
4,7,3,5,1,9,4,2,10,6,3,7,5,7,8,5,5,6,7,4,0.4659,MEDIUM
3,3,6,1,6,5,7,8,9,9,5,9,9,1,6,10,6,5,8,5,0.6519,HIGH
3,1,1,3,9,10,3,4,5,4,8,2,5,3,5,4,9,9,1,2,0.659,HIGH
4,8,3,5,10,3,9,9,5,1,10,7,10,7,6,8,4,9,6,4,0.5316,MEDIUM
8,6,2,3,3,1,8,3,2,6,10,9,1,6,7,1,3,3,3,5,0.3346,LOW
8,1,4,3,2,4,4,8,9,1,1,7,9,5,1,10,7,5,3,10,0.612,HIGH
4,9,6,6,6,1,8,10,4,3,1,1,9,3,3,5,5,10,2,4,0.5181,MEDIUM
1,7,2,1,9,6,6,8,1,5,2,10,4,7,5,1,7,5,2,6,0.3234,LOW
2,2,9,3,3,3,5,2,4,3,10,6,1,2,1,3,4,3,4,3,0.273,LOW
2,4,10,10,3,9,6,9,2,5,3,8,4,6,1,3,3,2,5,10,0.4307,MEDIUM
2,7,2,1,2,10,10,6,4,3,2,1,6,10,8,9,5,3,9,2,0.4733,MEDIUM
5,4,6,2,10,5,2,10,10,8,10,9,2,8,7,4,1,2,10,2,0.5532,MEDIUM
2,6,5,4,2,7,8,1,2,5,2,1,5,9,9,3,1,7,5,6,0.415,MEDIUM
7,3,1,1,10,9,4,3,8,4,7,6,3,10,4,10,8,3,6,3,0.5576,MEDIUM
1,6,7,6,7,8,10,2,7,8,2,3,8,10,5,5,1,2,4,1,0.3296,LOW
6,10,8,3,6,4,4,3,5,10,8,1,8,4,1,7,9,7,9,9,0.6399,HIGH
8,9,7,2,10,3,1,3,3,9,6,5,1,5,1,3,7,2,7,7,0.4558,MEDIUM
9,5,6,1,2,6,7,3,3,6,9,5,9,2,10,1,7,1,5,6,0.3193,LOW
10,9,3,8,9,2,5,8,1,6,7,5,10,8,2,8,3,10,2,3,0.5947,MEDIUM
7,10,9,2,6,4,4,5,6,4,4,9,5,4,1,10,3,7,10,8,0.5151,MEDIUM
9,9,4,4,2,1,3,1,9,6,3,1,6,7,5,6,10,9,1,4,0.5007,MEDIUM
5,5,1,6,9,6,7,6,10,6,2,10,8,5,4,10,6,1,5,5,0.5261,MEDIUM
5,10,3,1,10,6,5,6,6,5,10,2,3,9,4,2,2,8,10,5,0.5436,MEDIUM
10,5,5,3,3,9,4,3,10,10,6,9,8,5,3,8,10,7,4,1,0.5741,MEDIUM
5,10,6,6,1,10,5,8,9,7,5,2,7,4,9,9,3,9,2,1,0.4405,MEDIUM
6,10,3,6,2,3,2,2,9,10,5,7,3,4,2,2,7,7,6,6,0.4659,MEDIUM
7,4,7,4,1,1,5,4,4,6,10,1,2,6,7,5,1,8,6,6,0.4764,MEDIUM
7,10,5,2,5,7,8,4,6,10,3,9,4,10,7,3,6,8,8,5,0.4795,MEDIUM
2,7,2,7,6,7,7,6,8,7,5,1,7,4,4,7,6,6,9,7,0.6067,HIGH
2,8,2,2,1,7,10,7,8,10,7,10,4,10,3,5,10,7,3,4,0.4546,MEDIUM
5,5,4,7,10,3,9,6,2,6,7,3,9,4,8,10,5,8,8,5,0.5539,MEDIUM
2,8,4,4,4,7,1,2,1,8,9,7,8,7,1,6,4,5,6,1,0.4018,MEDIUM
4,6,9,2,7,6,5,10,9,1,7,2,9,5,7,5,9,8,7,1,0.5405,MEDIUM
9,6,8,7,5,7,1,4,7,4,3,5,3,9,7,7,3,3,8,2,0.5516,MEDIUM
10,3,2,8,4,7,7,6,7,7,8,4,10,1,7,1,8,3,8,8,0.541,MEDIUM
3,4,7,6,8,7,2,5,8,7,7,6,8,2,7,5,1,3,3,7,0.471,MEDIUM
2,3,4,5,10,5,6,8,3,5,5,10,2,8,7,5,9,3,7,2,0.4798,MEDIUM
5,9,2,1,10,10,6,8,9,2,9,4,4,9,1,8,1,4,4,2,0.6001,HIGH
6,7,7,8,1,6,4,4,1,9,6,2,10,9,4,9,7,1,7,10,0.5654,MEDIUM
7,3,5,10,9,10,6,7,10,2,2,1,4,1,9,10,8,6,9,7,0.6001,HIGH
4,9,1,5,1,5,5,2,7,2,7,7,2,4,1,7,4,6,5,9,0.3768,MEDIUM
6,4,10,7,2,1,5,9,1,9,9,1,6,8,5,10,9,8,6,9,0.6152,HIGH
5,1,3,5,10,4,9,8,2,4,9,10,10,3,8,10,4,6,5,5,0.6039,HIGH
5,6,9,10,1,6,8,4,1,2,10,10,6,3,7,2,5,6,8,9,0.4166,MEDIUM
3,5,6,7,7,4,7,4,1,6,2,3,9,2,7,4,8,10,10,7,0.5047,MEDIUM
4,2,8,4,4,4,9,6,7,9,4,7,10,6,8,1,1,2,6,1,0.4018,MEDIUM
4,5,4,2,7,3,10,3,4,6,7,3,2,4,5,4,4,6,8,2,0.4107,MEDIUM
3,1,6,8,5,10,3,2,4,9,7,1,7,9,3,9,10,8,3,9,0.6564,HIGH
8,1,3,5,6,7,5,6,4,2,1,8,7,10,1,8,1,1,10,7,0.5885,MEDIUM
1,9,10,7,8,5,5,4,6,10,4,5,6,8,2,7,2,6,7,4,0.5035,MEDIUM
4,7,1,7,2,1,2,4,3,4,2,3,4,1,4,7,8,3,7,9,0.4674,MEDIUM
5,8,4,1,9,2,7,10,1,4,6,1,4,5,3,1,7,3,9,10,0.4554,MEDIUM
6,9,1,5,3,5,9,6,2,2,7,9,9,4,10,3,2,2,5,4,0.3966,MEDIUM
7,8,9,6,9,8,4,4,5,7,7,8,7,7,9,3,10,4,1,1,0.4877,MEDIUM
8,4,8,1,4,9,8,8,5,7,5,4,9,6,1,9,9,3,6,8,0.5723,MEDIUM
1,5,5,6,6,5,3,9,4,6,9,9,8,5,3,2,1,10,5,4,0.5456,MEDIUM
9,1,6,5,8,10,5,9,10,9,4,1,2,9,7,1,9,1,8,6,0.619,HIGH
4,10,4,10,9,6,7,8,7,1,1,5,3,8,1,10,9,4,10,7,0.5521,MEDIUM
6,5,9,10,5,4,4,9,1,6,4,7,4,5,8,2,7,8,9,1,0.4307,MEDIUM
5,8,9,1,6,5,5,6,3,10,3,6,9,3,5,10,2,5,9,1,0.3736,MEDIUM
9,8,5,6,10,3,2,9,10,4,2,1,6,9,8,7,9,7,10,5,0.6689,HIGH
7,2,9,5,2,7,6,8,2,5,2,8,9,8,5,2,1,6,7,7,0.3879,MEDIUM
4,3,7,3,5,7,4,1,3,6,8,9,7,6,4,6,8,9,7,7,0.4786,MEDIUM
7,8,4,7,1,4,3,2,2,3,5,6,9,7,2,6,5,8,10,10,0.4614,MEDIUM
9,5,5,2,9,6,2,10,10,7,9,4,3,8,7,3,9,10,1,9,0.6466,HIGH
3,4,8,2,1,6,10,7,1,3,4,4,10,9,1,5,8,4,3,8,0.4495,MEDIUM
3,3,5,4,8,6,9,2,2,7,3,6,10,7,10,8,2,9,6,2,0.4369,MEDIUM
2,5,8,8,8,2,7,4,2,6,10,4,9,1,10,7,3,8,9,7,0.4416,MEDIUM
2,2,9,10,2,10,3,9,4,5,5,1,3,7,1,9,4,6,9,9,0.5809,MEDIUM
10,8,5,4,6,5,1,9,6,9,5,3,1,5,10,6,5,10,3,9,0.5797,MEDIUM
8,7,8,6,7,8,6,4,9,7,7,9,9,2,5,6,4,10,3,5,0.5058,MEDIUM
2,4,4,8,4,4,3,7,5,1,9,2,10,5,5,5,9,10,1,3,0.5682,MEDIUM
1,9,5,3,8,4,6,10,10,2,10,3,2,6,8,9,7,5,5,9,0.4924,MEDIUM
3,10,7,2,3,1,6,3,9,8,1,1,2,10,1,7,3,5,7,6,0.4517,MEDIUM
3,2,3,3,6,7,3,5,5,4,8,7,3,10,3,1,7,7,6,5,0.591,MEDIUM
6,7,7,8,1,4,8,1,8,1,2,1,10,6,6,8,6,4,9,9,0.5179,MEDIUM
3,6,8,9,5,4,8,2,2,8,2,9,6,7,10,2,2,8,9,2,0.3446,LOW
9,9,8,6,9,2,6,9,10,2,9,7,3,4,10,4,8,9,5,1,0.4825,MEDIUM
9,8,2,10,6,8,2,6,7,3,2,1,1,1,5,8,2,10,5,1,0.5237,MEDIUM
7,6,7,9,6,10,1,1,4,8,1,9,7,2,5,7,4,10,2,1,0.4781,MEDIUM
3,8,5,3,4,8,9,4,8,7,3,4,2,5,8,1,2,3,7,1,0.3314,LOW
6,7,3,10,3,7,7,10,3,4,7,3,1,2,4,5,3,2,5,9,0.4823,MEDIUM
8,7,4,1,3,10,9,7,3,9,2,2,9,1,4,2,10,7,9,9,0.5585,MEDIUM
6,4,6,10,2,4,6,9,3,7,4,8,5,8,9,9,9,3,5,6,0.4714,MEDIUM
10,2,10,9,8,9,2,4,4,10,2,8,3,4,3,9,9,3,4,10,0.5594,MEDIUM
3,8,6,5,2,4,9,8,1,6,6,5,5,1,6,5,8,6,6,4,0.3389,LOW
3,5,2,4,7,10,1,8,1,3,5,10,10,2,5,2,1,8,2,8,0.4138,MEDIUM
9,8,9,10,7,8,6,4,7,1,1,5,6,5,6,8,10,5,3,8,0.468,MEDIUM
6,4,8,4,8,4,3,7,10,6,4,8,3,5,5,5,10,8,2,3,0.5175,MEDIUM
3,7,10,6,2,5,4,7,10,3,1,1,10,2,3,6,9,6,4,5,0.4587,MEDIUM
1,3,10,8,1,9,10,6,4,9,10,8,1,7,5,1,2,4,8,5,0.4372,MEDIUM
9,10,7,8,9,3,7,4,8,7,10,3,5,7,2,1,6,10,10,4,0.5958,MEDIUM
2,9,1,5,5,8,10,5,1,6,1,6,2,6,10,5,10,1,7,1,0.2768,LOW
4,6,7,3,8,1,7,2,1,6,1,1,10,2,8,2,10,6,4,8,0.4373,MEDIUM
3,9,2,8,8,5,1,9,10,9,9,5,8,10,8,6,4,2,2,6,0.638,HIGH
5,6,2,7,5,4,4,10,9,3,9,9,4,7,8,1,1,10,8,5,0.4825,MEDIUM
2,9,9,7,9,3,9,8,6,8,2,10,9,9,8,3,4,1,8,6,0.4335,MEDIUM
6,8,9,7,2,7,6,9,5,2,4,1,1,10,4,3,3,1,7,5,0.4046,MEDIUM
7,3,1,7,7,8,3,10,9,4,7,2,10,5,2,1,3,9,3,10,0.6928,HIGH
7,4,9,1,3,7,5,10,3,9,1,4,2,6,2,3,3,7,6,9,0.4383,MEDIUM
2,8,8,3,10,3,6,8,9,4,7,4,7,9,2,3,4,1,6,4,0.4116,MEDIUM
3,6,3,7,1,1,2,2,9,2,3,4,1,8,4,9,9,9,1,2,0.4458,MEDIUM
3,3,2,3,5,4,7,6,3,2,1,2,1,8,5,6,3,1,6,1,0.3784,MEDIUM
1,10,10,2,2,10,8,2,6,9,1,9,6,2,2,2,6,1,5,2,0.2785,LOW
3,3,6,1,2,2,3,9,8,6,1,9,3,7,8,1,4,10,1,10,0.3637,MEDIUM
8,4,9,1,8,10,10,2,5,10,4,8,2,10,2,1,5,6,2,5,0.434,MEDIUM
2,5,7,9,9,2,8,6,7,2,1,10,6,9,4,5,9,4,6,10,0.4997,MEDIUM
2,3,8,6,4,7,3,5,8,10,10,1,6,3,4,4,5,8,6,1,0.5593,MEDIUM
10,2,8,9,4,6,7,4,7,5,1,6,9,6,9,9,2,2,9,6,0.5184,MEDIUM
6,8,8,2,8,1,8,8,6,8,7,7,3,8,2,1,7,2,1,5,0.3899,MEDIUM
3,1,4,1,8,4,6,4,9,7,9,3,9,2,6,10,8,9,1,1,0.6024,HIGH
8,9,7,2,7,10,1,1,9,6,4,5,8,6,6,1,8,5,9,2,0.4696,MEDIUM
5,5,5,4,10,5,5,7,10,3,7,7,3,7,4,10,6,2,10,9,0.6139,HIGH
2,4,9,4,4,5,10,5,2,6,6,3,10,10,3,8,8,8,8,2,0.5695,MEDIUM
4,6,9,10,10,7,2,7,1,1,2,4,2,2,4,8,9,8,2,9,0.5303,MEDIUM
8,10,8,9,10,3,10,4,1,10,1,8,8,3,6,9,5,1,1,10,0.4141,MEDIUM
1,7,3,6,1,10,5,7,7,7,1,6,1,7,9,10,1,3,6,6,0.4178,MEDIUM
3,9,9,10,8,4,8,9,5,1,8,1,5,2,10,1,3,5,2,7,0.4359,MEDIUM
2,8,8,3,4,8,10,8,4,1,10,1,6,4,4,1,2,10,3,6,0.3653,MEDIUM
2,9,7,5,8,1,5,9,6,6,1,3,4,2,4,8,5,5,8,2,0.4001,MEDIUM
6,7,6,1,4,8,2,6,1,1,8,5,9,9,4,9,3,7,9,3,0.5119,MEDIUM
1,2,3,1,3,2,6,3,7,3,1,8,7,8,10,6,8,6,8,2,0.4495,MEDIUM
9,7,10,8,3,6,1,1,7,10,8,4,7,6,9,8,10,5,10,3,0.5985,MEDIUM
4,2,6,2,2,1,9,2,8,9,4,2,4,6,8,2,10,1,10,4,0.3891,MEDIUM
7,7,2,8,7,6,9,9,2,9,9,4,8,7,1,7,2,8,2,3,0.5765,MEDIUM
6,6,1,8,6,9,5,10,4,10,2,8,9,3,7,5,1,9,4,5,0.5254,MEDIUM
5,5,4,5,1,3,9,9,6,6,10,10,2,1,9,8,8,2,8,6,0.4049,MEDIUM
7,7,4,6,8,10,1,4,9,2,9,7,9,4,3,1,1,8,4,9,0.6169,HIGH
7,6,5,4,8,1,2,2,3,7,10,10,3,9,10,8,3,3,5,10,0.4174,MEDIUM
8,7,2,10,4,5,9,8,8,7,1,2,4,2,1,10,9,7,3,5,0.6477,HIGH
6,4,2,2,6,8,2,9,3,7,6,3,3,8,2,1,7,9,5,7,0.6387,HIGH
7,7,6,7,6,9,5,1,5,3,10,2,1,4,8,5,10,8,4,7,0.5659,MEDIUM
5,6,7,8,2,3,2,3,5,10,9,8,7,5,2,6,6,8,3,2,0.4926,MEDIUM
4,2,10,2,4,10,7,9,4,10,1,3,9,3,10,8,7,8,3,3,0.4829,MEDIUM
1,8,2,2,4,6,1,4,4,7,7,9,10,5,10,5,10,3,8,9,0.4427,MEDIUM
4,7,8,8,5,5,8,4,3,5,6,8,2,10,6,6,5,10,7,9,0.4623,MEDIUM
5,8,3,8,7,1,5,2,3,9,2,8,8,2,8,2,7,10,10,5,0.4864,MEDIUM
5,5,3,9,4,10,7,4,3,5,8,1,1,5,3,10,6,6,5,8,0.6352,HIGH
2,3,1,1,8,4,2,7,9,1,9,1,7,9,3,5,3,4,10,10,0.589,MEDIUM
8,8,7,8,6,4,3,10,10,10,9,4,10,2,9,8,6,10,10,1,0.6298,HIGH
6,9,9,5,2,10,5,9,3,5,7,5,2,2,9,9,1,4,5,7,0.4106,MEDIUM
8,1,1,7,2,7,10,4,9,5,8,4,9,2,1,7,4,8,1,8,0.5386,MEDIUM
3,2,9,6,1,9,3,3,7,2,7,4,5,1,6,5,7,5,10,9,0.5292,MEDIUM
6,10,1,2,8,6,3,5,1,1,2,8,6,6,1,5,10,4,6,8,0.4599,MEDIUM
9,2,5,2,3,8,8,1,2,6,4,4,9,8,10,3,9,4,10,3,0.4755,MEDIUM
10,2,3,4,9,2,2,9,8,5,1,1,8,5,4,3,7,3,9,5,0.5986,MEDIUM
4,3,4,8,7,1,4,6,7,8,3,10,5,5,3,5,8,3,3,3,0.4518,MEDIUM
7,5,8,3,9,4,4,4,5,4,3,7,1,4,3,3,3,8,6,7,0.4386,MEDIUM
2,8,6,9,4,5,5,2,8,4,1,10,9,2,9,2,10,3,5,3,0.358,MEDIUM
5,2,3,10,7,4,6,10,8,6,3,3,9,9,4,3,1,10,4,10,0.6296,HIGH
8,5,10,9,1,1,10,3,10,4,7,8,8,9,6,2,5,6,6,5,0.4153,MEDIUM
10,5,5,5,5,3,10,8,4,8,3,7,9,4,3,4,4,5,9,4,0.5128,MEDIUM
4,8,6,6,8,4,8,9,6,2,4,10,4,2,2,7,6,4,2,3,0.4661,MEDIUM
7,5,6,7,10,7,8,6,8,1,6,8,2,8,2,6,10,2,9,4,0.5556,MEDIUM
4,4,4,6,7,3,6,6,1,2,4,6,9,5,2,1,4,5,2,2,0.451,MEDIUM
4,8,4,3,1,3,3,1,2,8,4,9,3,3,7,1,7,9,7,9,0.3277,LOW
7,7,4,1,8,1,10,10,7,5,9,9,7,4,10,10,9,8,6,7,0.5285,MEDIUM
9,2,10,3,10,10,6,10,2,2,1,3,10,9,5,10,4,9,4,6,0.5561,MEDIUM
1,10,4,3,8,6,4,3,10,7,10,5,9,7,4,3,1,2,4,1,0.402,MEDIUM
7,6,4,4,3,4,10,7,10,2,2,9,7,7,5,2,2,6,2,7,0.376,MEDIUM
5,5,7,6,10,3,4,10,7,6,10,8,9,3,7,10,1,1,9,1,0.5755,MEDIUM
1,5,8,1,4,3,3,7,1,1,9,9,9,5,4,10,2,4,5,10,0.4713,MEDIUM
8,4,2,1,6,4,9,9,9,10,4,2,3,10,1,5,5,3,9,3,0.5986,MEDIUM
4,7,2,7,1,2,1,10,8,3,9,10,4,9,3,2,3,2,1,2,0.3776,MEDIUM
6,2,1,7,1,10,8,9,5,10,8,1,5,3,1,10,8,8,7,7,0.6921,HIGH
4,2,1,1,10,5,6,4,2,10,5,3,3,4,7,6,4,3,8,2,0.4954,MEDIUM
5,8,3,6,1,8,7,3,4,4,3,8,6,1,10,5,5,5,9,4,0.3848,MEDIUM
2,8,5,10,4,7,1,2,7,2,7,9,8,7,4,1,8,4,8,3,0.4151,MEDIUM
3,6,8,6,9,5,9,4,7,4,10,2,8,1,2,4,9,10,9,9,0.5533,MEDIUM
2,1,3,10,6,8,9,9,3,3,4,4,6,9,7,3,4,5,3,3,0.4919,MEDIUM
4,5,3,3,7,5,2,1,2,5,5,3,4,1,6,7,7,6,8,8,0.5159,MEDIUM
7,1,7,2,3,6,2,8,5,4,5,3,2,1,9,5,4,10,9,9,0.4288,MEDIUM
10,4,10,1,4,2,7,10,7,5,7,7,9,1,3,7,9,8,5,9,0.538,MEDIUM
6,2,2,8,7,7,2,3,5,8,7,9,6,10,8,7,7,5,7,10,0.6446,HIGH
3,7,6,10,1,3,9,3,8,8,5,7,10,5,9,3,6,5,6,8,0.484,MEDIUM
7,4,5,5,8,9,3,1,1,2,4,8,7,9,4,6,3,9,2,4,0.5166,MEDIUM
8,3,5,3,1,5,7,6,4,6,3,2,8,1,6,8,3,7,8,8,0.5289,MEDIUM
10,9,4,1,1,3,1,4,1,5,4,4,1,8,8,10,1,1,2,3,0.3236,LOW
2,6,4,3,4,9,9,5,1,10,10,6,6,6,1,7,3,8,2,9,0.4459,MEDIUM
2,1,7,4,2,10,9,6,5,5,9,1,7,7,8,7,5,7,3,10,0.5287,MEDIUM
1,7,6,2,7,6,2,3,7,6,5,8,4,8,1,5,3,2,5,2,0.4678,MEDIUM
6,3,4,9,8,8,9,8,1,1,1,10,9,6,5,6,1,7,10,4,0.5502,MEDIUM
6,8,7,4,4,9,2,3,4,6,5,4,4,7,1,7,3,1,4,8,0.5173,MEDIUM
7,1,3,1,8,1,8,4,8,4,7,7,9,1,4,2,7,10,8,7,0.5505,MEDIUM
1,8,10,1,5,7,7,1,1,6,6,10,4,2,10,10,5,10,4,5,0.3374,LOW
5,10,10,2,7,2,6,10,1,3,9,8,10,9,3,7,3,3,6,6,0.4278,MEDIUM
6,8,5,2,10,5,6,1,9,10,1,7,7,1,4,7,4,5,1,10,0.4615,MEDIUM
2,7,2,7,10,4,2,4,4,4,7,4,5,6,3,9,1,5,4,4,0.5834,MEDIUM
3,7,5,5,5,6,9,2,7,5,10,5,7,2,6,3,9,7,9,2,0.4345,MEDIUM
6,10,2,6,7,8,5,1,8,10,5,10,2,8,10,1,7,1,9,2,0.5035,MEDIUM
3,6,8,1,7,1,3,10,9,3,3,5,9,10,8,2,5,8,1,7,0.4538,MEDIUM
8,6,10,7,6,1,1,1,3,2,10,8,10,8,7,5,8,1,5,9,0.5364,MEDIUM
7,1,2,7,6,7,2,3,5,7,7,3,6,7,10,6,2,3,6,2,0.4882,MEDIUM
7,3,9,1,3,7,2,5,3,3,9,5,8,5,7,10,8,9,6,2,0.5512,MEDIUM
4,7,9,2,10,5,9,1,5,5,7,4,6,9,1,1,3,8,3,10,0.4372,MEDIUM
2,8,2,5,2,2,3,2,3,10,1,6,9,9,9,5,2,10,4,7,0.3878,MEDIUM
3,7,4,2,4,5,10,5,7,1,8,9,2,9,3,10,6,3,2,10,0.4476,MEDIUM
4,9,6,3,3,3,10,4,2,2,5,3,4,2,2,6,5,8,10,8,0.4515,MEDIUM
1,5,10,10,9,9,4,2,3,1,7,1,6,4,10,6,5,4,3,9,0.4329,MEDIUM
5,6,2,3,10,10,4,9,8,9,9,5,4,2,1,8,5,10,2,5,0.5845,MEDIUM
9,8,7,5,3,8,4,1,1,10,3,1,2,9,9,8,1,7,10,9,0.5074,MEDIUM
4,3,10,3,5,1,2,2,7,3,9,1,2,7,9,1,8,4,3,9,0.4298,MEDIUM
2,10,8,6,1,8,8,3,2,9,9,10,1,7,7,6,1,6,7,6,0.3886,MEDIUM
6,4,5,1,1,3,7,8,2,7,2,8,3,8,8,6,4,10,10,6,0.4824,MEDIUM
5,4,2,7,2,2,9,7,10,9,2,5,3,2,9,6,10,3,10,4,0.4865,MEDIUM
1,1,5,5,10,3,3,10,5,7,9,10,8,7,2,7,7,2,2,9,0.6631,HIGH
6,8,1,1,2,1,10,3,1,8,4,8,9,7,7,6,6,8,2,10,0.4256,MEDIUM
6,6,8,3,10,1,4,5,2,4,9,7,6,2,8,7,8,4,8,3,0.4306,MEDIUM
8,3,6,10,1,7,4,6,10,4,2,3,2,6,2,1,1,10,10,10,0.5189,MEDIUM
2,3,10,10,9,3,5,9,7,2,4,2,2,1,4,6,9,1,8,8,0.5006,MEDIUM
2,1,10,2,3,1,5,6,10,4,9,8,10,6,10,7,4,9,5,6,0.4588,MEDIUM
4,6,5,7,9,2,10,7,7,3,4,1,1,4,8,4,7,4,8,6,0.494,MEDIUM
8,1,9,2,6,2,9,1,8,8,9,4,4,7,9,3,7,2,5,5,0.4629,MEDIUM
7,5,6,6,8,6,4,2,1,1,3,7,7,9,10,8,5,3,8,6,0.4139,MEDIUM
8,2,5,9,10,2,3,6,6,3,10,2,7,6,4,10,8,10,5,5,0.6958,HIGH
8,5,1,2,6,9,7,7,9,5,10,3,8,3,6,5,6,3,9,4,0.6213,HIGH
3,5,1,3,4,1,9,10,2,3,3,10,5,4,10,8,2,6,1,2,0.3778,MEDIUM
1,3,4,10,5,2,5,3,10,1,1,10,5,1,2,8,8,5,10,2,0.4966,MEDIUM
10,3,9,4,3,5,10,6,2,2,1,10,7,8,1,3,5,10,2,2,0.4304,MEDIUM
7,10,10,4,5,8,9,8,8,7,3,10,8,5,7,8,10,4,1,8,0.4635,MEDIUM
3,2,8,9,3,2,10,3,8,10,1,1,7,9,5,7,5,3,9,8,0.5489,MEDIUM
4,5,6,8,7,4,6,9,8,4,2,2,2,4,6,5,10,3,6,9,0.5778,MEDIUM
7,8,5,6,7,5,5,4,2,4,3,9,2,6,7,2,4,7,9,3,0.3467,LOW
4,4,3,10,1,5,7,1,9,5,7,8,5,1,8,3,5,9,1,2,0.3916,MEDIUM
9,8,10,10,10,8,2,8,10,1,9,5,9,2,6,3,8,8,2,2,0.5413,MEDIUM
6,3,8,6,1,8,4,7,2,4,3,1,5,1,7,4,3,3,4,7,0.4374,MEDIUM
3,9,2,10,8,10,10,2,2,2,4,1,8,4,7,7,2,10,7,8,0.5659,MEDIUM
2,10,8,10,7,10,8,9,2,7,3,7,7,8,2,5,2,7,9,3,0.4817,MEDIUM
7,6,10,8,1,1,8,4,3,2,3,8,2,3,2,6,2,10,8,1,0.2488,LOW
10,7,3,8,4,2,7,8,4,5,10,10,3,9,5,3,7,8,9,7,0.5391,MEDIUM
2,8,9,5,1,6,5,9,6,2,3,1,7,2,3,7,9,8,4,8,0.5254,MEDIUM
1,2,5,5,10,9,8,8,2,6,9,10,3,8,9,2,3,6,10,9,0.5326,MEDIUM
4,4,10,10,2,10,8,10,4,7,9,7,5,3,2,6,2,2,3,7,0.506,MEDIUM
2,1,10,2,3,9,3,8,8,6,7,6,4,10,10,9,4,8,7,8,0.5444,MEDIUM
4,3,7,5,3,7,7,8,8,4,1,2,5,3,4,6,3,8,10,5,0.4599,MEDIUM
4,5,1,8,2,7,3,8,7,7,5,8,9,5,9,7,1,6,7,5,0.5595,MEDIUM
2,4,2,1,7,7,7,1,3,10,8,3,10,5,6,2,4,6,7,1,0.45,MEDIUM
10,10,1,2,5,9,1,7,9,2,1,7,6,10,6,1,4,7,4,3,0.5874,MEDIUM
7,3,4,8,6,1,6,5,4,3,3,7,1,3,8,9,5,7,3,5,0.4506,MEDIUM
1,7,9,4,8,6,10,5,6,9,8,1,3,4,1,8,2,1,6,7,0.449,MEDIUM
5,1,1,7,8,5,2,6,9,7,8,10,6,3,5,1,9,8,5,2,0.5589,MEDIUM
6,6,1,8,6,8,7,5,5,10,7,4,10,3,2,5,9,2,10,7,0.6407,HIGH
5,3,5,1,5,4,7,6,5,6,2,10,2,7,1,1,3,3,3,7,0.3738,MEDIUM
6,7,8,10,10,3,7,7,3,5,4,5,2,8,9,2,5,9,1,9,0.5058,MEDIUM
10,7,6,9,7,2,5,7,10,3,2,2,10,4,7,9,8,6,8,5,0.6075,HIGH
2,3,3,9,8,7,8,1,5,5,5,8,2,9,7,10,5,2,4,10,0.4707,MEDIUM
1,5,1,9,1,9,7,3,9,4,6,6,8,2,5,3,8,1,10,4,0.5701,MEDIUM
2,10,2,3,2,3,6,10,6,4,6,4,3,5,2,3,7,7,7,3,0.4575,MEDIUM
1,7,9,6,7,7,1,10,1,3,9,9,6,5,2,2,2,2,3,1,0.4308,MEDIUM
2,6,1,3,7,2,6,6,5,3,8,8,2,5,2,1,5,6,3,9,0.4146,MEDIUM
9,8,7,5,7,9,9,1,10,1,5,10,6,3,7,1,6,2,9,6,0.4256,MEDIUM
5,7,5,2,4,8,3,9,2,2,3,3,4,2,5,5,9,9,7,4,0.4958,MEDIUM
7,7,9,1,3,10,6,6,5,9,6,10,10,8,6,3,7,6,8,1,0.4077,MEDIUM
1,6,7,3,9,5,5,4,3,10,1,9,2,2,7,1,10,7,3,10,0.4806,MEDIUM
4,10,6,7,2,4,7,2,6,2,1,1,4,8,5,10,3,2,3,1,0.4127,MEDIUM
10,7,10,9,7,1,1,8,8,6,8,2,6,6,6,7,3,4,10,5,0.5786,MEDIUM
8,7,5,7,10,2,5,6,8,9,6,10,1,10,6,2,10,9,1,10,0.517,MEDIUM
6,10,10,1,6,7,1,4,3,7,7,3,6,2,1,4,2,6,4,1,0.4361,MEDIUM
9,8,1,4,4,1,3,5,7,8,8,7,10,7,9,9,8,1,7,5,0.559,MEDIUM
2,1,9,1,10,2,1,8,3,10,10,7,8,3,3,5,9,6,6,2,0.5642,MEDIUM
6,8,1,4,5,4,5,10,2,8,2,1,1,4,6,8,1,6,9,4,0.4966,MEDIUM
4,5,10,5,4,8,5,8,6,1,7,4,7,9,6,4,10,10,3,9,0.5758,MEDIUM
7,4,7,10,4,5,2,2,6,3,6,7,5,2,7,6,1,7,5,4,0.5079,MEDIUM
4,1,6,5,1,7,10,7,6,2,5,9,3,7,9,3,8,3,6,7,0.4338,MEDIUM
4,10,4,1,1,10,3,3,5,2,2,8,8,2,6,6,4,7,8,4,0.3525,MEDIUM
2,8,5,3,2,2,6,3,2,10,3,7,10,4,7,1,10,10,8,1,0.4601,MEDIUM
8,4,10,10,6,6,2,4,2,1,4,10,9,7,9,9,7,4,6,10,0.5823,MEDIUM
5,2,3,4,1,8,6,7,8,5,6,4,8,8,1,10,7,5,3,3,0.7205,HIGH
6,7,4,9,6,2,7,1,4,2,3,2,10,2,5,5,3,4,9,2,0.3884,MEDIUM
5,6,5,1,4,3,8,5,2,6,5,7,5,3,3,6,6,10,3,3,0.4153,MEDIUM
8,2,10,3,1,8,5,5,2,2,5,9,7,3,10,8,9,4,3,9,0.3389,LOW
5,6,4,9,2,3,10,2,7,7,1,5,1,1,10,9,10,4,7,9,0.4499,MEDIUM
8,1,2,8,3,2,6,2,9,5,8,5,5,1,1,1,6,5,4,2,0.4725,MEDIUM
3,3,3,7,5,10,3,4,3,8,3,5,5,6,1,4,9,10,4,5,0.6658,HIGH
8,7,5,10,10,6,3,4,3,6,4,8,8,5,3,3,7,8,2,7,0.5246,MEDIUM
5,9,5,4,6,2,5,6,5,7,3,7,1,6,6,4,9,6,6,6,0.3713,MEDIUM
9,9,6,10,10,2,9,10,1,4,5,8,8,5,5,10,10,6,9,6,0.5534,MEDIUM
4,10,2,2,2,4,1,9,4,3,2,3,2,7,2,8,7,3,6,2,0.3765,MEDIUM
10,8,4,2,1,3,10,9,4,4,2,3,7,6,3,9,2,1,1,8,0.4523,MEDIUM
5,10,9,9,9,8,2,1,6,5,9,5,1,5,4,9,1,1,9,7,0.4174,MEDIUM
7,7,6,9,2,6,4,10,4,7,3,3,4,4,10,4,7,5,7,10,0.5234,MEDIUM
6,5,10,5,7,6,10,3,1,6,5,9,9,9,6,1,8,4,3,6,0.328,LOW
8,10,2,7,3,10,1,8,8,3,7,10,3,6,3,4,3,1,10,10,0.5427,MEDIUM
7,7,3,8,3,6,1,8,1,2,3,1,1,9,5,1,8,6,9,9,0.6157,HIGH
3,3,3,8,3,5,9,6,10,10,4,2,8,9,6,9,8,9,8,4,0.6589,HIGH
5,1,6,4,9,7,8,7,8,8,1,4,8,4,8,10,7,8,3,9,0.5543,MEDIUM
1,4,7,8,2,10,10,10,5,7,6,1,2,3,4,6,8,9,3,3,0.5099,MEDIUM
4,10,5,10,8,1,9,4,5,1,7,3,7,3,10,6,4,7,5,5,0.4174,MEDIUM
2,5,9,8,8,8,5,6,10,10,5,2,9,9,4,7,9,1,9,10,0.6911,HIGH
9,9,1,10,4,3,1,8,10,7,5,5,9,2,8,6,6,3,6,4,0.5175,MEDIUM
10,2,3,6,6,3,6,1,1,4,1,9,10,8,4,8,7,1,3,8,0.5126,MEDIUM
9,8,1,4,4,3,2,6,9,4,7,4,1,4,10,3,9,6,9,7,0.4196,MEDIUM
8,5,4,7,1,5,9,10,9,9,4,4,7,3,9,2,8,6,1,7,0.4804,MEDIUM
1,10,5,8,2,9,9,9,1,7,10,6,2,4,2,10,2,5,3,10,0.4582,MEDIUM
7,8,4,1,8,5,7,9,7,4,9,7,5,7,2,1,8,9,2,3,0.5364,MEDIUM
8,8,10,5,10,2,8,7,6,6,9,10,9,9,3,4,10,2,7,3,0.5176,MEDIUM
8,1,5,10,2,5,2,9,6,7,3,4,4,4,9,4,2,7,8,3,0.4771,MEDIUM
10,1,1,4,8,3,5,8,1,10,5,2,10,6,2,4,1,8,5,6,0.5884,MEDIUM
6,3,10,1,1,4,6,10,3,1,6,8,1,9,4,10,3,3,7,4,0.4135,MEDIUM
1,4,1,8,9,4,8,2,7,5,3,10,5,7,2,3,6,8,10,9,0.5357,MEDIUM
2,3,4,4,2,7,1,4,1,9,10,10,3,6,7,4,2,2,5,1,0.3768,MEDIUM
3,2,6,4,1,9,1,5,1,3,8,7,2,8,8,9,2,3,9,10,0.4697,MEDIUM
4,4,3,4,5,6,5,3,3,4,2,8,8,9,2,7,3,2,5,3,0.4778,MEDIUM
8,7,6,7,6,8,1,8,7,3,2,5,2,7,4,6,1,3,2,5,0.4626,MEDIUM
3,2,1,7,2,2,5,2,1,7,5,6,6,9,3,1,1,10,5,2,0.4465,MEDIUM
3,5,5,6,2,7,2,10,5,7,6,4,8,1,10,3,4,9,8,10,0.6312,HIGH
9,4,3,4,3,4,7,8,8,1,10,9,10,6,4,5,3,6,2,8,0.4708,MEDIUM
1,2,4,6,9,9,2,3,2,6,6,6,3,5,9,10,10,4,1,9,0.4593,MEDIUM
8,2,4,1,2,7,2,9,9,1,5,2,2,3,2,3,7,2,1,10,0.548,MEDIUM
1,7,2,1,3,10,7,8,5,7,10,8,8,9,1,4,5,10,4,2,0.5117,MEDIUM
7,4,10,4,5,9,4,6,6,8,5,10,1,9,6,8,5,8,2,8,0.4984,MEDIUM
8,2,6,6,7,5,9,10,7,5,4,3,3,5,7,10,7,4,2,9,0.5243,MEDIUM
2,6,9,10,10,7,1,10,10,4,3,7,4,5,4,1,10,3,7,3,0.5285,MEDIUM
1,5,9,3,5,1,2,6,3,2,8,4,9,2,1,2,9,10,8,4,0.5473,MEDIUM
4,3,5,8,2,6,3,6,9,10,10,10,7,8,4,10,1,4,2,7,0.6099,HIGH
10,8,3,9,2,9,9,6,9,5,1,8,4,5,4,2,10,1,9,6,0.54,MEDIUM
8,4,5,7,10,9,7,8,6,9,10,8,1,2,6,5,3,3,8,1,0.4711,MEDIUM
10,6,6,8,8,3,1,1,6,4,7,9,9,10,1,9,10,7,5,4,0.5817,MEDIUM
6,4,9,3,1,2,9,8,8,7,8,2,3,10,5,5,2,2,6,4,0.3364,LOW
1,10,2,3,8,1,8,4,7,7,3,1,7,3,8,3,5,5,8,1,0.3676,MEDIUM
10,10,7,8,5,6,1,8,2,7,3,4,10,3,6,3,7,6,6,6,0.5772,MEDIUM
8,6,8,7,9,2,2,3,1,1,6,7,6,6,6,4,1,5,1,8,0.4318,MEDIUM
5,4,10,4,9,8,3,8,1,8,6,10,4,4,6,10,3,5,3,4,0.4578,MEDIUM
9,5,5,9,3,4,3,9,10,1,2,8,2,1,7,4,8,9,2,2,0.4547,MEDIUM
9,7,9,10,4,9,4,10,6,5,4,5,6,8,2,3,9,5,1,4,0.5336,MEDIUM
9,5,1,6,9,9,8,1,5,10,2,10,4,2,9,8,4,3,4,4,0.4637,MEDIUM
6,2,10,6,1,10,7,3,4,4,5,5,1,6,10,4,9,10,9,4,0.4917,MEDIUM
4,4,4,8,9,8,4,4,6,9,1,6,9,3,10,10,9,10,6,10,0.5631,MEDIUM
9,2,5,9,9,1,6,10,6,2,6,6,7,8,5,7,5,3,3,8,0.5898,MEDIUM
4,1,1,7,4,7,5,8,1,5,9,8,1,5,3,9,1,5,9,10,0.604,HIGH
2,10,3,10,5,5,8,7,4,4,8,8,10,10,4,9,1,5,8,1,0.489,MEDIUM
2,4,1,4,8,7,1,5,10,2,10,2,8,10,10,8,1,6,8,10,0.6725,HIGH
8,4,2,1,9,1,3,8,2,4,7,3,3,6,6,8,9,5,2,10,0.6681,HIGH
1,4,3,3,3,2,2,4,9,9,7,10,2,9,7,7,1,8,1,10,0.468,MEDIUM
5,2,10,6,8,3,5,2,7,9,6,9,5,6,4,7,10,9,2,1,0.5213,MEDIUM
6,4,5,1,6,4,5,8,5,10,3,4,1,9,2,1,8,10,10,4,0.5316,MEDIUM
5,6,7,6,2,4,10,1,8,3,7,8,5,6,4,4,10,7,3,6,0.435,MEDIUM
10,10,10,2,8,9,1,3,8,2,6,3,3,8,4,8,3,3,7,4,0.524,MEDIUM
9,7,2,8,2,7,9,2,4,9,4,6,9,2,8,9,2,1,6,3,0.4522,MEDIUM
5,6,1,4,6,8,9,4,6,5,3,2,2,4,6,8,10,7,2,5,0.4592,MEDIUM
5,5,1,1,6,8,10,10,8,10,9,5,4,2,6,3,3,8,10,2,0.5471,MEDIUM
2,1,8,5,7,6,6,1,7,6,4,1,3,1,1,7,9,7,6,3,0.5696,MEDIUM
4,3,1,5,3,1,5,3,3,5,8,1,5,3,9,5,9,6,1,2,0.4568,MEDIUM
4,7,8,3,5,6,1,9,10,4,3,1,1,9,6,9,8,6,3,2,0.5607,MEDIUM
10,4,3,7,10,5,5,7,5,4,2,1,3,10,2,3,1,10,8,7,0.6127,HIGH
6,9,4,6,8,2,8,9,7,3,1,9,10,3,8,10,10,8,10,4,0.5522,MEDIUM
5,9,4,3,10,5,9,1,8,5,3,7,9,10,1,2,8,6,1,2,0.4723,MEDIUM
8,8,6,5,8,6,1,4,2,7,9,2,6,8,4,7,7,5,1,10,0.5564,MEDIUM
7,9,1,2,3,1,1,4,10,1,9,2,10,8,1,5,8,7,6,10,0.635,HIGH
6,5,5,1,9,9,9,9,6,1,4,8,3,2,10,4,1,5,2,9,0.3437,LOW
1,9,5,9,3,10,7,1,5,7,3,1,9,8,4,9,5,4,3,3,0.4691,MEDIUM
2,6,7,4,5,4,10,8,7,9,3,6,3,4,9,2,6,5,8,5,0.4076,MEDIUM
4,3,10,10,6,6,8,6,6,4,9,4,6,1,7,6,5,2,4,10,0.5008,MEDIUM
1,8,5,5,4,3,10,8,10,3,1,3,3,3,2,3,4,8,1,4,0.3302,LOW
3,3,9,9,9,10,8,1,3,7,1,1,6,3,1,7,2,1,9,5,0.5366,MEDIUM
2,1,7,10,8,8,8,6,4,3,4,9,7,4,8,8,4,7,5,3,0.4951,MEDIUM
2,8,9,6,8,3,3,9,1,5,4,7,10,2,8,5,3,4,9,1,0.3718,MEDIUM
9,7,10,2,10,2,9,1,10,9,2,8,5,6,6,3,8,6,4,8,0.3829,MEDIUM
1,1,5,2,1,3,4,4,7,3,9,7,5,2,2,7,10,3,8,8,0.4886,MEDIUM
1,4,9,10,4,2,4,7,5,10,1,4,7,6,8,2,7,9,9,10,0.5155,MEDIUM
8,3,10,4,2,10,1,2,1,2,9,6,6,5,1,6,8,5,5,9,0.5379,MEDIUM
8,1,4,9,2,8,2,8,5,8,5,10,1,8,10,3,4,3,9,6,0.5133,MEDIUM
4,4,8,4,7,3,4,1,6,8,7,3,1,8,3,7,7,10,4,2,0.4308,MEDIUM
9,6,9,6,3,2,9,7,3,6,4,10,6,7,4,10,5,9,8,5,0.4678,MEDIUM
3,3,5,4,5,10,1,10,4,5,3,7,10,3,7,4,5,5,5,9,0.5267,MEDIUM
4,1,5,2,1,6,5,6,9,10,7,1,2,10,4,8,8,3,9,7,0.642,HIGH
8,6,7,7,9,1,8,4,5,6,8,2,1,8,2,8,9,1,7,6,0.5165,MEDIUM
6,1,3,7,5,8,3,3,4,2,5,7,5,3,1,3,1,8,7,6,0.5838,MEDIUM
8,10,7,7,8,6,9,2,4,5,4,5,5,8,8,7,3,4,7,10,0.3902,MEDIUM
7,7,4,8,9,7,2,3,1,5,6,10,8,8,7,8,5,1,5,10,0.5858,MEDIUM
6,1,7,10,3,6,2,10,2,2,6,6,7,6,3,10,3,8,9,2,0.5799,MEDIUM
4,7,3,5,9,1,5,7,8,8,10,4,4,9,4,10,6,1,3,8,0.6177,HIGH
9,7,3,7,4,2,5,2,4,6,1,4,10,8,9,6,2,5,2,3,0.4365,MEDIUM
1,2,2,10,1,7,8,8,4,7,9,6,3,4,8,5,8,7,2,2,0.5289,MEDIUM
6,6,9,5,10,8,4,9,5,1,1,9,2,2,1,6,3,2,3,5,0.3956,MEDIUM
1,8,7,7,8,9,7,2,10,9,7,7,5,6,4,4,9,4,8,4,0.4838,MEDIUM
4,2,1,8,5,8,7,1,4,2,1,8,8,8,4,6,4,4,10,7,0.5735,MEDIUM
5,2,5,5,2,3,8,6,8,10,9,9,1,3,8,3,1,10,10,4,0.4566,MEDIUM
6,3,6,2,3,1,10,9,8,6,6,5,7,8,1,1,5,8,6,9,0.5366,MEDIUM
8,1,2,3,9,1,9,8,1,4,5,2,2,7,4,9,7,2,1,2,0.5272,MEDIUM
1,9,4,1,2,6,4,6,3,8,9,1,1,6,7,1,9,9,7,4,0.4198,MEDIUM
9,5,2,10,7,3,9,5,2,10,5,5,8,5,7,10,1,6,8,10,0.6127,HIGH
3,4,3,2,9,4,10,6,8,7,9,6,4,9,10,4,4,6,7,3,0.4597,MEDIUM
5,2,10,6,2,8,9,7,4,2,9,10,3,8,9,7,10,9,6,7,0.4836,MEDIUM
9,8,10,7,8,4,8,10,10,6,7,9,9,1,9,6,10,7,7,6,0.5473,MEDIUM
3,2,7,4,5,9,8,9,7,5,9,1,2,1,6,2,2,9,5,3,0.4178,MEDIUM
7,5,2,1,3,3,1,6,9,4,6,10,6,8,9,9,1,9,4,6,0.4688,MEDIUM
3,7,3,8,4,9,3,8,7,1,7,8,1,7,3,6,1,10,2,8,0.5707,MEDIUM
10,3,7,2,2,10,9,1,10,6,7,1,7,10,10,4,3,4,3,4,0.5243,MEDIUM
7,8,4,7,6,5,1,2,10,8,4,2,2,2,3,1,3,8,3,3,0.4864,MEDIUM
2,7,4,2,8,5,2,10,10,4,9,10,3,8,4,4,5,1,10,6,0.5375,MEDIUM
9,7,4,6,5,7,10,3,4,3,7,7,3,5,3,10,10,7,7,4,0.5105,MEDIUM
10,1,8,5,3,7,7,4,4,9,10,2,3,3,9,1,1,3,4,8,0.5154,MEDIUM
1,7,1,10,4,2,5,2,8,4,4,7,2,3,4,10,4,4,9,2,0.4364,MEDIUM
9,10,5,6,5,10,8,6,2,6,3,4,9,6,9,10,8,3,6,1,0.5037,MEDIUM
7,8,2,4,3,3,4,8,1,10,1,4,2,4,5,7,5,5,4,10,0.5236,MEDIUM
1,2,6,4,4,10,6,9,4,4,3,7,6,1,10,1,2,3,9,2,0.3411,LOW
9,5,9,10,4,7,5,6,10,1,4,1,1,7,8,10,10,2,4,5,0.6012,HIGH
7,9,1,7,1,7,6,7,2,3,2,8,5,8,3,7,8,3,4,5,0.4054,MEDIUM
1,7,9,9,8,8,3,8,6,4,9,7,7,9,10,8,1,8,4,5,0.5874,MEDIUM
3,2,9,1,9,10,4,2,7,10,9,3,4,8,10,10,6,4,5,3,0.5295,MEDIUM
1,6,7,7,9,1,8,4,6,3,7,8,6,7,6,3,10,9,1,6,0.4347,MEDIUM
4,1,4,7,2,1,1,5,7,1,6,2,1,1,2,10,10,6,1,1,0.4133,MEDIUM
10,9,8,3,7,5,7,3,8,2,7,8,6,3,1,6,10,4,6,5,0.4651,MEDIUM
2,6,8,3,4,10,8,5,3,5,8,5,3,6,9,10,2,10,10,6,0.4362,MEDIUM
10,8,5,7,6,2,10,9,5,7,6,7,4,2,7,1,4,3,9,9,0.4312,MEDIUM
9,10,5,9,10,8,9,10,5,2,8,3,7,4,6,3,9,9,3,9,0.589,MEDIUM
1,9,3,4,2,5,4,1,3,6,3,1,1,3,10,9,10,1,5,3,0.3994,MEDIUM
7,10,9,1,9,8,9,3,6,4,5,7,8,1,10,10,8,9,6,1,0.4305,MEDIUM
7,2,7,2,4,2,3,2,8,9,9,9,9,2,7,3,7,7,7,10,0.5401,MEDIUM
9,8,5,3,3,4,4,9,5,5,5,7,2,2,8,10,6,5,10,6,0.4395,MEDIUM
8,2,2,8,1,5,10,5,5,2,6,4,7,2,5,6,2,9,4,2,0.4314,MEDIUM
4,3,2,9,2,7,8,1,5,10,2,6,7,2,1,1,8,3,7,1,0.5386,MEDIUM
8,7,9,6,2,7,5,1,7,5,1,1,6,9,5,5,6,2,3,9,0.4428,MEDIUM
3,8,3,10,5,3,9,10,9,2,2,7,7,5,10,8,3,5,9,4,0.5274,MEDIUM
3,6,10,6,8,5,9,6,10,2,4,4,8,6,10,10,4,4,5,6,0.4514,MEDIUM
9,3,4,9,9,2,9,8,2,7,10,5,7,8,6,7,9,10,3,10,0.6556,HIGH
3,5,8,7,9,1,8,3,6,8,10,8,6,2,4,2,6,5,7,4,0.4928,MEDIUM
7,8,7,3,2,4,7,1,7,3,10,5,10,5,5,8,3,8,3,5,0.5064,MEDIUM
6,6,8,7,10,10,10,9,8,6,2,2,10,5,9,10,4,4,4,7,0.5622,MEDIUM
4,10,10,7,1,2,5,5,8,2,6,10,10,8,8,2,10,5,5,6,0.39,MEDIUM
10,6,10,7,2,5,1,10,8,8,5,2,9,5,2,3,7,5,1,6,0.5811,MEDIUM
4,6,3,10,4,3,3,8,7,10,8,4,1,6,8,3,2,9,7,5,0.558,MEDIUM
6,4,3,7,2,7,10,2,8,5,10,10,4,10,5,6,3,3,8,10,0.5579,MEDIUM
2,9,1,6,6,5,8,1,1,7,9,9,8,4,1,3,10,7,3,1,0.4446,MEDIUM
6,7,4,4,7,5,1,10,8,7,3,9,3,8,2,3,9,9,3,7,0.6025,HIGH
4,2,1,10,7,9,8,3,6,5,1,8,8,5,9,9,2,7,9,3,0.5933,MEDIUM
1,5,4,3,9,2,3,8,8,4,2,8,8,5,3,8,9,10,5,4,0.5597,MEDIUM
8,9,9,8,3,5,3,8,6,9,2,5,1,7,6,1,6,9,1,10,0.4958,MEDIUM
6,4,2,7,5,8,1,6,10,5,9,9,8,6,4,5,1,8,4,3,0.5281,MEDIUM
9,5,6,7,9,9,10,4,3,3,9,2,8,2,1,9,3,3,9,2,0.4503,MEDIUM
10,5,1,4,4,5,10,8,8,6,10,4,4,7,8,9,4,6,9,9,0.6266,HIGH
5,6,5,10,1,9,7,8,9,2,4,9,3,4,2,2,10,7,8,7,0.524,MEDIUM
5,8,6,9,4,4,6,7,7,4,9,9,3,9,3,3,8,1,7,10,0.4961,MEDIUM
8,8,8,8,4,1,9,5,3,10,9,6,1,8,8,1,3,4,7,9,0.4375,MEDIUM
2,1,5,7,4,7,4,3,1,2,6,5,7,2,3,2,5,10,2,3,0.442,MEDIUM
3,9,7,8,4,2,10,5,2,10,5,10,3,7,6,2,2,9,6,9,0.434,MEDIUM
1,3,1,3,4,2,6,3,2,9,1,10,7,2,3,5,10,3,1,2,0.3757,MEDIUM
9,5,4,6,10,8,4,1,10,9,1,7,6,8,3,8,4,9,1,2,0.5479,MEDIUM
7,6,9,5,6,7,4,3,5,6,5,1,6,4,7,1,7,6,7,9,0.5507,MEDIUM
2,6,5,1,10,9,6,3,2,8,8,3,10,7,3,3,10,3,4,5,0.5302,MEDIUM
7,8,2,9,5,5,7,2,8,4,3,8,5,4,1,8,7,7,8,5,0.5544,MEDIUM
1,1,2,9,5,8,7,7,10,10,6,4,6,10,7,1,8,2,3,5,0.5642,MEDIUM
1,9,5,8,7,6,3,1,6,7,3,3,5,8,2,9,1,4,9,9,0.5129,MEDIUM
2,5,4,8,2,1,5,6,9,3,7,1,10,7,1,1,8,6,1,8,0.5478,MEDIUM
10,8,6,3,3,2,8,9,1,7,7,8,8,5,9,2,9,10,4,1,0.4283,MEDIUM
2,7,4,7,9,5,3,7,4,4,7,2,9,10,2,4,6,6,10,7,0.6525,HIGH
6,8,3,8,3,9,8,9,2,9,5,2,5,8,7,3,4,9,1,3,0.4948,MEDIUM
7,8,1,10,5,7,2,9,7,8,8,2,7,5,2,9,2,5,7,1,0.5765,MEDIUM
5,10,10,2,3,10,4,7,4,3,3,9,1,3,10,8,10,9,1,2,0.3327,LOW
4,5,8,3,1,10,7,8,4,9,7,7,8,6,2,10,7,6,4,8,0.5929,MEDIUM
7,8,1,4,10,3,8,5,10,10,2,5,4,9,4,10,8,6,1,6,0.5659,MEDIUM
4,1,9,4,4,7,1,2,5,7,8,2,6,2,2,9,9,9,9,3,0.5901,MEDIUM
8,1,4,3,3,5,9,10,2,4,7,1,5,4,8,5,6,6,8,7,0.5672,MEDIUM
7,4,10,5,1,9,2,10,3,8,6,9,5,9,3,8,8,6,10,5,0.566,MEDIUM
8,10,3,3,8,1,2,10,3,5,7,8,6,10,6,8,10,7,4,4,0.4938,MEDIUM
8,2,2,10,4,6,2,8,1,9,8,2,7,6,1,9,2,8,1,4,0.6436,HIGH
8,7,2,4,6,3,5,3,9,2,7,10,5,6,4,9,5,6,6,5,0.4862,MEDIUM
3,8,3,5,5,8,6,4,10,9,8,10,3,1,2,5,9,3,10,3,0.4725,MEDIUM
4,8,10,3,6,10,10,7,9,7,6,1,7,7,1,2,2,7,6,6,0.5152,MEDIUM
9,7,6,2,2,6,1,4,6,6,6,9,2,9,1,1,7,7,1,6,0.4919,MEDIUM
7,8,8,3,2,4,7,1,1,9,5,4,9,1,1,7,4,10,10,4,0.4663,MEDIUM
8,9,3,4,7,10,2,1,10,10,8,9,8,3,2,10,2,7,4,1,0.5845,MEDIUM
10,2,7,6,2,7,9,1,1,5,8,3,2,6,4,6,8,1,1,10,0.5392,MEDIUM
4,6,9,8,2,8,1,3,1,1,6,6,6,1,2,9,8,9,10,1,0.4752,MEDIUM
1,6,3,10,10,5,3,4,3,6,6,5,4,4,5,10,3,4,3,2,0.5,MEDIUM
3,5,4,1,3,6,9,4,4,1,4,7,2,4,3,3,8,7,10,1,0.3574,MEDIUM
5,8,5,5,8,4,1,10,9,2,2,1,8,9,1,9,8,7,7,8,0.6328,HIGH
9,5,6,4,4,5,4,4,6,8,9,5,4,8,1,2,2,9,1,4,0.4933,MEDIUM
4,7,2,4,7,4,8,6,1,7,1,6,1,4,4,6,2,2,7,4,0.3586,MEDIUM
8,9,5,6,8,4,7,3,6,4,1,4,5,3,7,1,3,8,4,3,0.4033,MEDIUM
3,7,10,10,3,8,3,9,8,1,3,3,10,5,1,1,10,8,6,2,0.6384,HIGH
2,1,3,10,4,10,5,1,10,10,7,6,7,8,9,10,6,7,5,6,0.6047,HIGH
10,9,2,8,2,4,1,4,3,10,3,9,5,5,3,3,2,4,9,5,0.4722,MEDIUM
4,4,3,2,4,4,1,1,1,5,3,10,6,7,1,4,1,3,10,4,0.4141,MEDIUM
1,10,6,9,8,3,1,3,1,8,6,3,1,1,3,6,6,7,10,4,0.4936,MEDIUM
2,9,7,1,7,3,4,2,5,4,9,8,5,5,4,8,4,1,6,4,0.3939,MEDIUM
6,10,7,3,8,7,4,1,1,10,8,7,4,3,6,3,8,4,10,8,0.5236,MEDIUM
7,8,5,9,9,2,4,10,2,5,3,1,4,8,6,7,10,5,2,5,0.4529,MEDIUM
4,2,5,1,2,4,10,9,9,8,9,5,3,10,6,4,4,8,2,9,0.4212,MEDIUM
10,5,3,9,5,1,9,9,9,6,7,4,9,1,3,9,6,3,2,3,0.5357,MEDIUM
1,1,5,2,7,5,9,6,2,6,6,10,7,5,9,8,1,4,3,2,0.4106,MEDIUM
9,8,1,4,10,6,1,9,9,9,9,5,3,4,6,10,5,1,3,2,0.5318,MEDIUM
7,10,9,1,7,9,2,4,6,7,4,7,3,3,5,5,7,3,7,6,0.3297,LOW
6,7,2,6,8,8,3,4,6,6,2,8,3,8,5,9,5,8,10,3,0.5895,MEDIUM
8,1,6,10,10,5,5,7,2,8,4,6,4,7,1,7,9,5,5,8,0.6486,HIGH
1,7,8,5,1,10,2,3,7,1,3,9,8,1,1,8,2,2,1,7,0.3342,LOW
5,9,1,3,4,3,6,9,7,10,10,9,1,1,9,9,2,5,9,5,0.4272,MEDIUM
9,10,5,7,6,5,2,2,3,5,3,3,10,7,1,7,10,2,4,9,0.5334,MEDIUM
3,2,8,3,10,6,3,2,9,7,7,8,9,3,4,10,7,8,6,7,0.5989,MEDIUM
8,7,6,10,5,9,7,4,8,9,8,9,6,6,10,8,2,2,9,10,0.5305,MEDIUM
8,3,5,9,2,9,8,1,7,4,4,8,9,8,5,8,3,7,8,4,0.5587,MEDIUM
3,7,9,2,4,7,2,6,10,4,7,5,1,8,7,3,1,3,9,3,0.308,LOW
1,8,5,10,6,10,7,3,5,2,4,3,5,6,10,2,3,4,2,5,0.3546,MEDIUM
2,5,3,2,6,9,3,6,5,6,2,5,4,5,4,9,3,6,1,1,0.4105,MEDIUM
9,7,10,10,3,1,6,2,1,4,5,2,6,10,5,10,3,9,4,5,0.4731,MEDIUM
10,5,3,9,4,6,3,8,1,7,1,8,8,2,5,10,8,7,5,3,0.534,MEDIUM
4,7,10,2,8,1,4,3,5,3,3,4,5,2,8,8,10,3,2,2,0.3819,MEDIUM
8,1,1,6,3,5,6,10,7,1,10,1,2,3,8,2,8,3,1,10,0.4645,MEDIUM
9,5,1,3,8,1,10,5,4,2,6,3,2,2,10,10,8,2,8,9,0.474,MEDIUM
7,3,6,7,2,6,7,4,7,9,9,7,5,7,6,1,5,6,7,10,0.5668,MEDIUM
7,1,7,3,9,6,4,7,8,5,10,3,9,2,9,8,2,2,4,7,0.6298,HIGH
4,6,5,4,2,4,4,2,2,3,8,1,7,5,6,5,8,9,4,10,0.4807,MEDIUM
10,1,5,10,8,10,2,1,4,1,4,4,8,10,10,2,7,2,9,6,0.5963,MEDIUM
1,3,10,8,7,8,1,7,5,5,1,10,4,1,6,8,8,7,2,5,0.3834,MEDIUM
1,7,10,3,7,1,1,6,5,3,9,7,4,6,8,5,1,9,9,6,0.3321,LOW
2,8,5,5,5,5,2,4,9,9,3,6,9,3,4,6,6,3,7,4,0.5338,MEDIUM
8,4,4,9,1,7,2,8,8,10,10,9,10,1,5,4,9,2,1,1,0.5553,MEDIUM
7,4,2,1,6,10,6,1,8,7,2,5,1,5,9,7,9,8,2,7,0.5471,MEDIUM
10,1,8,4,4,9,3,2,1,10,3,1,1,10,2,2,5,10,9,10,0.5562,MEDIUM
3,2,7,9,6,1,10,9,10,5,8,10,4,10,9,4,7,5,7,10,0.5486,MEDIUM
1,7,2,1,10,7,1,4,4,9,3,3,4,9,3,3,4,6,4,8,0.6081,HIGH
6,6,8,3,8,1,6,10,3,6,1,2,9,9,8,3,1,7,10,7,0.5112,MEDIUM
6,8,8,7,8,8,9,9,8,2,4,1,9,5,9,4,10,8,3,1,0.5222,MEDIUM
1,7,7,4,3,10,6,7,9,10,9,7,6,8,5,9,10,4,7,8,0.6003,HIGH
1,7,2,10,8,6,1,1,4,9,2,5,1,5,4,9,9,1,2,6,0.4372,MEDIUM
4,2,6,1,1,6,9,4,6,4,5,9,6,9,5,3,6,6,7,2,0.4653,MEDIUM
5,2,8,9,5,4,8,7,1,2,9,4,3,6,8,10,9,2,7,10,0.4978,MEDIUM
6,4,6,3,5,7,10,4,7,1,5,3,6,10,10,1,5,1,2,10,0.4368,MEDIUM
4,10,6,9,10,9,2,9,5,4,3,5,5,6,8,5,4,5,3,6,0.443,MEDIUM
10,6,2,3,3,9,7,10,6,3,10,4,9,3,2,1,7,3,9,7,0.5473,MEDIUM
9,6,3,2,1,1,8,4,6,10,1,2,4,3,6,8,1,5,5,2,0.4574,MEDIUM
5,9,3,3,5,4,1,3,6,10,6,9,9,9,6,6,8,4,10,4,0.5361,MEDIUM
10,8,5,3,7,1,9,6,6,1,3,7,3,6,10,10,2,5,4,6,0.4415,MEDIUM
4,10,6,10,6,7,10,2,8,3,1,8,1,4,7,8,10,9,9,10,0.4746,MEDIUM
4,8,4,7,4,1,2,6,3,8,8,4,8,5,9,2,2,9,5,5,0.3985,MEDIUM
9,8,9,10,1,6,3,10,2,9,5,5,1,10,1,1,3,6,6,9,0.5746,MEDIUM
8,9,3,6,8,4,2,4,1,3,3,1,4,8,4,6,5,1,6,4,0.4597,MEDIUM
4,5,1,2,7,5,8,9,6,1,7,1,10,4,4,8,2,10,9,7,0.6224,HIGH
6,9,6,2,1,3,2,5,7,6,5,9,2,10,4,3,3,1,7,2,0.3788,MEDIUM
6,3,6,1,2,10,2,8,8,10,9,8,10,6,1,5,8,1,1,7,0.5327,MEDIUM
3,3,6,1,2,8,8,6,10,2,8,5,9,10,1,10,3,4,10,4,0.5732,MEDIUM
7,1,5,5,8,1,8,1,7,7,1,6,8,10,7,6,3,8,4,10,0.6101,HIGH
9,4,2,2,3,6,10,9,3,3,2,9,10,9,8,1,2,7,3,5,0.4419,MEDIUM
5,5,6,2,7,10,7,2,4,8,1,4,5,1,9,5,10,8,9,6,0.481,MEDIUM
4,2,6,1,3,8,5,4,10,4,10,2,10,2,7,6,5,6,10,5,0.6041,HIGH
9,1,7,3,1,10,6,3,8,10,6,9,7,1,8,3,6,1,10,4,0.4862,MEDIUM
4,4,1,3,1,7,9,3,3,1,6,4,9,5,6,3,9,2,4,5,0.4306,MEDIUM
10,8,9,6,8,6,3,4,3,7,7,2,1,4,9,3,2,2,9,7,0.4174,MEDIUM
3,1,6,1,3,6,6,2,4,1,10,10,10,7,3,10,5,3,7,5,0.4871,MEDIUM
10,8,8,1,8,1,4,5,6,7,3,2,6,6,6,3,8,5,3,2,0.4914,MEDIUM
7,10,2,10,6,8,6,10,5,2,10,1,5,6,5,10,1,7,6,5,0.5721,MEDIUM
8,9,3,10,3,5,1,10,9,9,7,7,7,2,2,9,8,1,1,8,0.6681,HIGH
5,10,9,10,1,1,7,2,9,1,3,1,4,2,6,6,7,8,8,6,0.413,MEDIUM
3,2,7,4,6,10,3,5,5,5,6,1,8,7,6,5,8,9,9,10,0.6089,HIGH
2,6,6,10,4,10,9,10,8,8,6,2,5,3,6,9,1,8,5,3,0.5843,MEDIUM
3,2,3,1,4,8,4,7,1,1,2,5,6,3,4,3,4,3,10,2,0.4052,MEDIUM
5,3,1,5,2,8,10,4,10,6,4,9,5,4,1,8,2,9,5,7,0.5582,MEDIUM
7,1,10,1,4,6,2,5,10,1,4,4,4,2,4,10,4,7,1,6,0.4661,MEDIUM
8,3,1,8,4,2,2,6,7,8,7,3,4,9,7,6,9,3,7,4,0.6143,HIGH
1,2,7,2,9,1,4,1,4,9,8,10,5,3,7,4,5,1,6,5,0.4031,MEDIUM
8,6,6,2,6,7,10,9,4,3,3,10,10,2,9,2,3,9,1,10,0.4172,MEDIUM
2,10,2,8,8,1,2,10,9,3,8,8,2,8,10,6,7,8,9,6,0.4646,MEDIUM
9,8,7,7,2,3,2,8,8,5,5,5,2,6,7,6,8,5,4,8,0.4663,MEDIUM
6,10,9,3,5,9,2,4,3,9,2,9,1,2,3,10,6,6,9,5,0.4927,MEDIUM
5,6,8,4,6,3,7,5,1,8,2,5,10,2,4,2,1,5,7,6,0.3947,MEDIUM
3,8,5,1,5,6,7,5,6,5,4,2,3,10,1,4,9,3,7,6,0.4735,MEDIUM
2,3,10,5,8,3,10,10,3,7,4,4,8,1,1,10,6,2,2,4,0.4012,MEDIUM
10,2,3,3,3,8,7,2,6,9,5,3,6,2,2,9,8,5,3,3,0.5124,MEDIUM
4,2,9,6,9,4,2,4,3,10,8,6,8,1,4,5,1,10,8,2,0.4469,MEDIUM
9,2,5,9,6,5,4,7,3,8,5,9,2,9,8,4,2,8,9,6,0.5459,MEDIUM
3,10,8,7,5,3,9,5,7,9,6,2,10,3,7,2,8,6,9,7,0.4705,MEDIUM
10,3,8,5,3,10,1,1,4,10,2,7,2,1,3,9,2,2,2,2,0.3947,MEDIUM
8,1,5,1,5,8,9,8,4,8,5,9,1,6,3,2,8,1,3,1,0.4251,MEDIUM
8,4,10,8,1,2,7,4,2,7,3,10,6,9,2,1,8,8,2,10,0.4646,MEDIUM
7,8,7,8,5,2,7,7,1,7,5,9,6,9,9,9,5,5,5,3,0.5226,MEDIUM
5,6,1,5,10,9,9,7,5,6,4,9,7,9,5,6,2,3,7,6,0.4729,MEDIUM
3,8,7,7,8,4,2,6,6,3,6,5,2,8,9,4,3,2,2,3,0.4408,MEDIUM
7,9,2,9,7,9,6,1,7,4,5,6,9,6,7,10,8,8,2,1,0.5834,MEDIUM
5,6,7,9,9,3,7,4,5,3,5,3,4,6,10,3,9,9,8,1,0.4411,MEDIUM
1,6,3,6,2,4,7,3,8,3,6,9,7,2,9,3,2,2,5,1,0.3192,LOW
9,5,9,8,5,3,7,2,6,5,8,2,3,2,7,3,8,6,8,4,0.4539,MEDIUM
4,3,1,1,7,2,2,10,4,7,9,10,6,3,10,8,5,9,1,3,0.4963,MEDIUM
4,4,6,3,4,6,9,5,6,10,7,4,9,4,9,5,7,1,8,5,0.5437,MEDIUM
10,2,7,10,9,2,6,6,6,7,2,4,10,7,1,5,8,6,2,1,0.6131,HIGH
5,3,5,3,6,9,5,7,6,9,10,10,4,4,4,6,8,2,8,7,0.587,MEDIUM
9,6,4,9,5,10,10,5,1,9,5,8,8,3,8,10,8,3,9,1,0.505,MEDIUM
10,3,8,8,2,5,1,1,5,7,5,1,9,8,10,9,2,8,4,7,0.5073,MEDIUM
2,9,9,6,8,6,3,5,6,3,2,7,5,3,1,2,2,9,1,9,0.4083,MEDIUM
3,10,6,5,9,6,3,2,2,3,2,6,10,5,7,4,4,4,9,2,0.4538,MEDIUM
8,10,9,5,3,8,7,10,1,2,8,8,1,7,10,1,6,4,4,8,0.3111,LOW
1,2,10,4,7,4,10,10,9,7,6,2,5,4,7,5,7,3,10,7,0.4745,MEDIUM
10,1,6,5,6,3,2,10,1,10,3,7,8,2,3,6,9,5,1,5,0.5606,MEDIUM
8,7,1,9,4,1,8,4,6,5,7,1,1,8,10,8,5,1,8,7,0.4606,MEDIUM
9,6,7,5,5,10,3,6,6,10,4,4,5,9,9,7,10,6,5,7,0.5794,MEDIUM
9,1,1,3,3,1,10,8,7,5,7,6,4,2,8,6,10,6,10,7,0.5219,MEDIUM
3,8,5,3,4,4,5,2,3,9,4,5,4,8,1,4,8,6,3,7,0.4065,MEDIUM
10,7,9,6,8,6,4,10,2,7,10,2,4,10,5,7,9,10,4,4,0.5999,MEDIUM
3,8,7,7,2,7,4,10,9,5,9,2,2,8,3,3,6,2,3,6,0.5448,MEDIUM
8,5,9,2,6,4,3,5,7,1,7,4,10,9,2,9,1,9,6,6,0.5144,MEDIUM
5,3,1,7,1,10,10,4,10,7,1,1,8,9,10,5,10,4,6,1,0.4805,MEDIUM
7,2,8,8,3,4,9,3,1,8,6,2,2,4,5,9,7,6,8,10,0.5026,MEDIUM
7,9,2,1,4,3,1,3,3,5,1,2,8,4,3,9,2,6,10,6,0.5293,MEDIUM
5,4,2,3,5,7,8,5,1,1,10,5,1,5,4,8,9,2,5,2,0.4421,MEDIUM
2,10,6,9,8,4,7,1,7,4,5,1,6,2,4,1,1,6,8,3,0.3925,MEDIUM
4,10,6,4,3,8,10,2,9,3,4,4,2,7,8,2,7,3,10,10,0.4184,MEDIUM
7,9,2,8,6,5,9,2,5,5,3,4,4,6,3,2,6,7,1,3,0.3635,MEDIUM
4,3,5,8,5,7,9,8,10,3,8,2,9,6,6,2,4,8,1,4,0.5587,MEDIUM
6,10,8,10,8,9,1,9,8,9,5,2,8,9,7,8,10,4,10,4,0.7042,HIGH
7,10,4,10,5,10,10,6,8,3,1,3,1,4,6,3,2,1,5,9,0.4114,MEDIUM
2,2,5,7,9,2,4,9,10,4,4,2,4,9,7,4,5,10,3,4,0.6013,HIGH
6,3,5,10,4,8,2,1,5,2,8,7,3,9,6,2,1,4,1,2,0.3882,MEDIUM
7,5,1,5,1,4,10,8,7,3,2,2,9,9,1,7,10,1,5,4,0.5896,MEDIUM
9,10,2,2,5,9,3,2,10,10,2,3,1,7,3,5,5,2,9,6,0.5506,MEDIUM
1,2,7,7,5,2,6,1,10,10,6,8,6,7,9,2,2,4,5,4,0.4032,MEDIUM
2,6,4,3,10,4,2,5,10,4,10,3,9,3,3,4,6,10,7,4,0.5992,MEDIUM
5,8,3,7,3,5,8,2,10,4,10,2,7,6,3,8,8,4,1,9,0.5513,MEDIUM
8,3,5,1,4,7,5,9,1,1,3,6,5,1,7,5,7,8,7,6,0.5044,MEDIUM
2,8,3,8,8,6,4,3,10,2,3,4,7,6,6,7,5,5,2,5,0.4514,MEDIUM
10,4,1,1,2,6,10,1,4,9,3,5,1,4,1,10,3,3,9,4,0.4362,MEDIUM
5,4,7,5,5,6,7,7,4,1,10,1,7,7,10,6,9,1,5,10,0.5637,MEDIUM
5,1,7,7,5,5,7,6,2,6,8,2,8,10,3,4,1,1,3,9,0.504,MEDIUM
9,4,5,10,3,9,5,5,6,6,1,8,5,3,10,9,3,9,1,4,0.5138,MEDIUM
8,10,5,5,1,1,1,2,1,6,7,9,10,8,8,10,1,4,7,5,0.5013,MEDIUM
10,7,5,5,3,3,2,7,10,7,9,10,3,9,7,10,8,10,8,10,0.6284,HIGH
4,5,9,6,10,7,4,6,8,3,3,4,2,6,3,7,1,6,8,10,0.5661,MEDIUM
5,9,2,6,8,6,9,2,1,1,2,6,5,5,8,6,2,3,5,6,0.3094,LOW
8,4,8,10,9,5,9,1,1,3,1,4,3,9,8,1,8,9,10,7,0.5135,MEDIUM
2,8,9,4,3,3,6,1,10,2,6,6,8,4,3,3,3,3,4,3,0.3524,MEDIUM
7,1,2,8,6,5,3,7,10,9,9,4,3,1,10,10,2,3,5,3,0.5911,MEDIUM
4,5,9,4,10,1,7,2,9,5,6,7,8,3,8,9,6,8,4,1,0.4131,MEDIUM
3,4,10,5,9,5,8,8,2,5,7,8,4,4,10,1,10,3,2,4,0.3058,LOW
8,1,2,9,4,3,8,5,1,4,2,7,10,5,8,5,4,5,2,9,0.4924,MEDIUM
9,2,6,8,7,6,2,6,1,3,2,9,7,5,6,10,9,3,2,10,0.4619,MEDIUM
5,2,6,2,8,7,4,9,7,2,9,10,1,9,6,5,1,4,1,4,0.4373,MEDIUM
3,6,4,6,6,6,10,10,6,4,10,8,3,1,6,7,1,1,7,5,0.4654,MEDIUM
3,1,10,3,3,6,10,8,4,10,7,8,1,8,2,1,7,1,2,2,0.3966,MEDIUM
4,1,4,3,3,4,3,4,6,5,4,4,8,5,6,4,7,6,7,1,0.5668,MEDIUM
3,7,8,5,2,3,2,7,4,9,3,5,6,10,7,3,3,4,10,8,0.5188,MEDIUM
3,5,9,5,4,10,7,1,10,10,7,1,8,10,4,10,2,1,6,2,0.5183,MEDIUM
6,1,8,2,1,9,2,7,6,4,6,10,9,6,2,6,4,3,1,10,0.5122,MEDIUM
3,9,4,6,4,5,3,5,10,6,1,2,6,3,9,1,1,7,5,9,0.4425,MEDIUM
7,2,6,8,8,10,10,4,3,5,7,10,7,5,10,3,9,10,7,4,0.4589,MEDIUM
9,10,10,10,7,9,1,2,3,7,7,10,10,4,1,1,6,5,8,7,0.5068,MEDIUM
5,3,5,10,5,5,3,9,3,9,2,9,4,3,6,6,2,3,7,7,0.472,MEDIUM
10,2,8,9,3,8,3,10,8,3,2,4,7,10,1,9,7,7,1,3,0.5519,MEDIUM
3,10,7,4,2,7,6,1,2,3,5,1,5,1,4,5,2,8,7,1,0.3519,MEDIUM
10,8,2,4,8,8,8,10,4,9,7,5,1,5,8,1,5,3,1,9,0.4845,MEDIUM
7,7,5,8,9,7,4,6,10,5,4,1,2,3,3,7,10,5,2,6,0.522,MEDIUM
4,6,5,4,2,9,8,1,6,1,10,9,3,3,2,7,3,6,10,4,0.4495,MEDIUM
3,3,5,1,9,5,1,8,5,10,4,9,4,5,2,7,3,4,3,6,0.5397,MEDIUM
3,9,8,5,5,1,3,10,2,4,4,3,3,8,7,1,4,10,3,2,0.398,MEDIUM
10,2,7,6,9,1,7,5,4,9,6,6,2,3,10,10,9,7,7,4,0.5148,MEDIUM
2,9,1,6,9,4,1,10,8,7,10,1,5,7,4,6,1,8,8,4,0.657,HIGH
2,9,9,6,10,4,8,8,6,4,4,6,10,5,1,10,6,4,4,3,0.5161,MEDIUM
5,4,4,6,1,7,10,9,5,5,4,4,9,10,1,3,6,5,8,2,0.5512,MEDIUM
3,8,9,1,7,7,5,5,9,6,7,8,9,7,9,10,3,7,9,6,0.4781,MEDIUM
6,2,3,8,1,2,2,9,4,7,1,7,4,8,1,6,6,5,6,7,0.5666,MEDIUM
6,2,6,5,2,5,3,4,9,7,2,5,6,1,10,5,2,4,9,3,0.4867,MEDIUM
3,6,9,2,5,1,2,1,2,2,10,1,6,1,5,5,3,9,2,7,0.3706,MEDIUM
5,6,9,1,9,2,1,7,4,6,6,2,10,8,3,7,4,5,5,6,0.6339,HIGH
6,7,6,9,3,5,8,7,9,3,6,9,5,6,10,8,3,3,1,6,0.3956,MEDIUM
1,2,2,7,1,1,3,7,9,5,10,7,8,8,8,7,2,10,3,1,0.518,MEDIUM
3,10,8,7,4,8,8,6,6,6,8,10,5,4,2,10,4,7,7,8,0.4731,MEDIUM
2,2,7,3,6,4,6,3,3,10,4,9,7,3,10,2,9,8,10,4,0.4478,MEDIUM
8,6,10,4,8,3,8,6,2,4,2,6,9,7,3,1,8,2,4,9,0.3692,MEDIUM
10,5,8,8,9,6,5,1,8,10,5,6,4,10,4,5,2,2,3,4,0.5004,MEDIUM
7,5,7,3,9,6,1,7,10,7,8,3,1,7,5,8,5,1,6,6,0.5396,MEDIUM
1,4,8,6,1,2,7,1,6,6,8,1,5,8,9,8,2,3,4,8,0.4221,MEDIUM
3,9,8,4,6,8,7,9,6,7,5,3,10,7,6,4,10,10,10,1,0.6064,HIGH
10,6,5,8,2,8,8,5,2,7,9,7,8,5,5,9,10,10,7,2,0.6147,HIGH
6,2,7,1,1,9,1,5,5,4,6,9,4,6,2,1,1,7,8,1,0.344,LOW
8,7,1,4,5,6,4,1,1,8,4,5,2,6,3,8,5,3,2,3,0.5317,MEDIUM
9,2,4,4,1,10,5,4,9,1,2,9,1,9,8,6,4,8,5,2,0.4674,MEDIUM
3,7,1,1,3,7,8,5,6,9,7,2,9,10,5,3,1,7,3,5,0.4745,MEDIUM
9,9,8,9,3,1,3,9,3,6,4,7,6,6,3,3,1,6,4,9,0.473,MEDIUM
5,9,1,4,1,3,6,2,6,8,2,7,2,10,6,5,7,8,3,4,0.4293,MEDIUM
10,1,5,5,2,9,6,1,8,2,2,4,9,4,6,2,5,7,4,6,0.4678,MEDIUM
5,8,7,6,9,5,9,9,6,5,8,7,3,1,7,10,4,5,9,7,0.5024,MEDIUM
8,4,8,1,3,2,10,8,7,2,8,5,4,3,7,5,2,8,3,3,0.3535,MEDIUM
6,6,2,5,6,9,9,6,1,2,9,3,10,10,10,1,10,2,1,2,0.456,MEDIUM
1,3,7,4,10,1,1,2,10,10,1,8,4,10,5,9,9,4,5,1,0.4837,MEDIUM
4,10,1,7,1,8,8,2,9,8,3,10,8,1,4,5,6,1,6,9,0.3871,MEDIUM
9,3,1,3,5,5,7,10,5,4,10,8,5,3,3,6,8,8,10,9,0.6336,HIGH
4,1,5,3,2,5,6,4,9,3,4,4,3,2,4,1,2,10,4,9,0.4679,MEDIUM
7,9,3,3,7,8,3,4,6,7,2,2,10,5,4,7,2,5,8,6,0.5817,MEDIUM
7,3,10,8,9,9,3,4,6,6,4,2,9,5,5,5,7,10,1,5,0.6272,HIGH
9,9,4,6,7,4,5,8,2,7,9,9,1,2,8,8,2,1,9,7,0.4685,MEDIUM
10,7,6,5,1,7,6,1,1,3,4,6,7,5,2,5,1,8,8,2,0.4009,MEDIUM
5,3,2,1,6,5,4,6,2,4,8,2,9,4,5,10,8,10,10,3,0.6447,HIGH
3,10,2,1,9,1,8,8,9,6,9,6,10,10,2,10,3,9,10,3,0.5457,MEDIUM
2,8,7,10,7,1,4,9,4,5,8,9,7,3,7,5,7,2,7,2,0.4029,MEDIUM
6,1,2,9,7,1,6,1,4,6,1,10,1,8,9,7,2,2,5,1,0.3392,LOW
8,7,8,1,4,5,8,1,1,9,3,7,4,8,5,7,5,7,3,3,0.4265,MEDIUM
6,1,8,5,8,7,3,2,10,9,10,4,9,4,6,10,4,1,2,7,0.6322,HIGH
9,5,10,8,1,8,2,10,10,3,6,8,6,2,2,8,2,5,5,1,0.5306,MEDIUM
4,5,3,9,8,6,7,8,4,2,2,1,2,8,7,7,1,3,8,10,0.5651,MEDIUM
2,3,7,2,6,5,1,10,9,6,7,10,2,1,4,10,4,5,9,2,0.4648,MEDIUM
1,1,4,4,5,6,4,10,4,2,8,5,3,3,2,7,6,10,9,2,0.5639,MEDIUM
2,6,8,10,2,4,7,8,9,10,6,4,8,10,3,9,1,7,4,10,0.5894,MEDIUM
7,9,3,5,9,2,8,3,10,8,2,4,2,2,6,9,3,6,1,9,0.495,MEDIUM
5,4,5,3,2,2,3,2,9,3,9,9,3,10,2,5,6,5,8,1,0.4676,MEDIUM
6,5,4,4,3,2,3,6,10,6,5,4,3,5,5,4,10,3,3,1,0.4568,MEDIUM
8,9,2,1,6,1,9,10,9,10,5,1,9,2,7,8,3,4,4,7,0.5439,MEDIUM
10,4,6,2,1,8,4,9,6,2,6,4,5,4,6,7,8,10,5,2,0.5684,MEDIUM
6,5,1,10,5,7,2,8,5,6,6,7,4,8,9,1,2,9,8,2,0.5177,MEDIUM
6,2,4,1,1,7,4,5,1,10,7,2,3,10,10,3,7,3,4,7,0.4864,MEDIUM
2,9,2,6,8,10,8,8,7,5,3,4,8,9,9,6,1,8,10,1,0.4854,MEDIUM
5,8,6,6,3,4,1,4,4,6,1,2,3,4,3,10,1,1,2,2,0.2945,LOW
3,5,10,4,5,2,6,9,3,3,2,3,2,6,2,2,1,9,9,1,0.3969,MEDIUM
10,9,10,6,1,7,7,6,10,4,6,7,2,5,1,1,9,2,5,6,0.4744,MEDIUM
3,9,7,1,7,9,10,3,2,8,5,5,8,1,8,5,10,6,3,3,0.3994,MEDIUM
5,10,10,5,10,9,10,8,7,4,10,2,7,1,1,8,7,10,5,2,0.4776,MEDIUM
7,6,9,8,1,2,6,3,10,6,1,7,4,6,5,2,7,8,9,6,0.4415,MEDIUM
4,1,5,5,6,7,8,6,10,9,2,9,7,4,3,5,4,4,6,1,0.4057,MEDIUM
9,6,2,2,3,8,5,9,2,7,3,7,10,9,6,3,1,6,7,7,0.5826,MEDIUM
1,6,10,10,10,4,3,2,10,8,5,7,6,7,4,9,3,6,7,10,0.5288,MEDIUM
1,3,9,8,7,2,10,8,7,9,2,4,9,10,2,1,3,1,9,8,0.5613,MEDIUM
5,1,3,9,10,10,4,7,6,1,1,4,2,10,1,9,6,8,9,9,0.7267,HIGH
3,6,9,5,3,3,1,9,7,6,3,1,8,8,5,9,7,1,3,6,0.4862,MEDIUM
7,4,8,9,2,2,7,10,1,10,8,3,8,4,3,9,6,6,8,8,0.5547,MEDIUM
10,8,5,9,5,1,9,6,3,3,9,7,2,10,9,3,8,3,7,1,0.4418,MEDIUM
7,6,8,7,9,3,10,10,7,8,3,9,3,5,2,10,8,9,7,9,0.5496,MEDIUM
1,5,3,9,9,8,9,10,3,6,10,9,7,8,3,5,2,10,6,5,0.5874,MEDIUM
2,6,8,2,8,7,3,7,10,7,8,3,9,10,3,6,8,7,6,6,0.6196,HIGH
6,2,5,7,6,10,10,9,4,2,5,4,1,10,10,6,4,3,2,9,0.4176,MEDIUM
10,4,2,6,4,1,6,9,7,6,5,9,4,4,9,9,1,7,8,2,0.3997,MEDIUM
10,2,8,5,3,6,2,9,7,10,8,6,7,7,8,2,8,6,3,5,0.5924,MEDIUM
1,10,8,6,9,7,2,4,10,4,5,8,5,10,6,1,1,5,5,2,0.3998,MEDIUM
9,6,1,1,7,1,4,1,8,10,9,5,4,7,4,5,9,7,2,6,0.539,MEDIUM
7,6,9,9,8,10,4,5,1,5,9,7,10,4,9,5,2,4,8,1,0.5167,MEDIUM
8,9,8,1,4,4,1,2,5,2,2,9,3,7,1,7,1,7,9,3,0.4469,MEDIUM
2,8,10,8,7,5,7,8,1,6,8,5,3,1,6,1,1,9,1,1,0.328,LOW
1,2,9,3,7,1,7,3,1,2,2,10,10,1,7,9,9,8,1,10,0.3642,MEDIUM
1,10,1,5,3,4,3,7,7,4,5,6,7,5,6,1,5,1,8,10,0.4756,MEDIUM
5,3,6,10,3,3,1,3,2,4,10,6,3,1,8,7,5,4,6,10,0.4291,MEDIUM
4,3,6,7,2,9,4,8,1,2,6,8,8,5,5,2,7,7,3,2,0.4645,MEDIUM
5,6,10,9,5,9,5,8,2,7,10,4,7,2,8,6,7,9,3,7,0.5665,MEDIUM
9,2,5,2,6,6,1,2,5,6,8,1,1,5,1,2,8,4,4,8,0.5883,MEDIUM
6,10,2,2,3,9,7,2,4,2,9,9,4,10,6,6,8,1,2,7,0.3448,LOW
1,2,7,2,10,10,6,10,5,3,6,4,6,3,6,4,8,1,10,5,0.4918,MEDIUM
3,1,7,6,10,10,10,6,5,5,1,9,1,10,10,6,9,10,3,9,0.476,MEDIUM
3,2,6,5,10,7,4,1,9,4,10,8,8,3,6,2,9,9,4,4,0.5429,MEDIUM
9,10,6,4,5,10,2,1,3,7,4,10,9,7,5,10,4,6,5,5,0.5248,MEDIUM
10,10,8,1,8,6,6,5,6,4,9,9,3,3,4,5,1,10,2,8,0.4988,MEDIUM
1,9,10,6,8,5,4,9,3,7,8,9,3,9,3,8,6,10,9,8,0.5358,MEDIUM
7,9,1,8,10,9,2,1,6,2,4,2,5,7,10,3,10,10,4,4,0.5412,MEDIUM
9,7,4,5,6,9,8,3,4,7,4,7,3,9,6,9,5,10,9,2,0.5849,MEDIUM
2,5,6,8,6,9,8,4,9,7,9,9,1,6,1,8,5,6,2,2,0.5119,MEDIUM
6,3,5,8,2,9,8,2,1,1,1,4,1,1,4,6,3,8,6,2,0.4285,MEDIUM
8,3,9,7,4,3,5,10,5,9,8,9,4,7,1,1,3,10,9,5,0.5727,MEDIUM
6,6,9,3,9,2,5,7,2,8,3,8,1,2,9,10,2,4,9,9,0.3704,MEDIUM
8,3,2,8,3,9,4,7,1,7,10,7,7,9,9,5,5,9,8,10,0.5911,MEDIUM
5,10,4,2,8,4,4,3,3,1,7,3,5,9,1,8,3,8,5,4,0.4268,MEDIUM
6,9,6,7,10,4,3,9,8,5,4,5,3,1,6,1,3,5,1,10,0.4876,MEDIUM
1,6,1,9,4,5,6,1,4,8,4,6,1,10,3,7,10,3,6,3,0.542,MEDIUM
7,2,8,6,2,6,5,2,9,9,3,3,9,8,1,1,3,2,4,7,0.5962,MEDIUM
2,4,10,10,10,3,4,3,4,10,9,8,5,5,6,2,3,3,8,7,0.5171,MEDIUM
1,8,9,7,7,1,8,7,5,5,3,1,8,1,8,8,2,4,6,10,0.4687,MEDIUM
10,3,4,4,2,3,9,10,10,9,6,2,2,9,7,1,6,5,3,4,0.499,MEDIUM
2,2,3,7,3,6,8,5,9,10,5,7,7,8,5,7,6,6,1,6,0.4982,MEDIUM
8,6,2,10,5,4,5,3,6,5,9,3,6,1,9,6,2,2,6,5,0.5229,MEDIUM
10,5,8,6,1,5,7,6,4,5,3,6,5,3,3,9,9,1,4,3,0.4612,MEDIUM
7,1,3,10,8,5,9,1,6,8,10,7,9,8,4,4,6,3,1,2,0.5543,MEDIUM
9,9,10,8,7,2,2,1,10,8,7,4,1,3,9,7,7,6,4,6,0.4988,MEDIUM
9,2,9,10,9,6,8,10,2,8,3,2,5,9,7,9,9,3,4,9,0.6351,HIGH
6,6,2,6,2,1,10,4,5,7,7,8,4,1,9,9,1,5,9,1,0.4291,MEDIUM
9,2,3,8,3,8,5,7,1,1,2,2,2,6,7,7,4,2,2,1,0.4907,MEDIUM
9,5,9,6,6,8,10,4,10,4,9,2,3,5,1,2,5,8,7,7,0.5829,MEDIUM
10,7,5,9,5,7,2,6,10,2,1,2,5,6,3,10,8,2,8,4,0.6394,HIGH
1,5,4,2,2,4,9,8,6,1,10,4,2,1,7,2,8,4,6,6,0.4039,MEDIUM
10,10,8,2,8,8,8,3,2,7,7,5,1,2,7,3,6,10,6,4,0.4038,MEDIUM
5,6,5,8,10,8,3,9,1,9,10,4,8,3,6,10,6,7,2,7,0.6636,HIGH
9,10,9,4,8,6,1,2,5,9,2,1,3,8,1,4,7,5,7,6,0.4887,MEDIUM
8,7,2,1,6,3,8,3,4,8,6,5,4,6,5,8,8,9,1,2,0.5144,MEDIUM
6,3,7,1,8,5,9,7,10,10,4,6,9,9,4,10,8,9,5,8,0.5911,MEDIUM
10,2,7,7,6,10,2,5,5,5,6,1,4,3,4,2,3,5,9,10,0.617,HIGH
2,5,3,8,5,3,6,9,10,2,6,10,7,6,5,6,9,3,8,4,0.4884,MEDIUM
8,3,1,5,2,7,9,10,4,10,5,3,5,2,9,6,1,5,9,10,0.5721,MEDIUM
1,1,7,1,7,8,1,9,8,7,3,5,1,9,3,9,4,4,1,1,0.5042,MEDIUM
10,3,8,4,4,9,6,3,9,10,3,6,8,1,3,7,8,3,2,9,0.4862,MEDIUM
3,6,8,2,6,8,8,4,2,8,6,4,7,4,10,8,9,7,10,1,0.4835,MEDIUM
4,7,2,9,5,4,10,7,9,3,3,10,9,4,4,7,10,2,10,6,0.4991,MEDIUM
8,2,8,9,4,1,1,4,1,6,7,5,5,2,6,9,10,7,9,10,0.6186,HIGH
8,5,9,3,9,8,6,9,4,4,2,9,4,10,1,3,2,6,8,4,0.4945,MEDIUM
3,1,9,4,7,2,7,3,3,9,8,10,5,8,4,2,2,1,10,9,0.4603,MEDIUM
3,1,5,9,2,7,2,2,4,4,7,3,9,9,6,8,1,2,6,9,0.5173,MEDIUM
10,7,8,2,10,7,6,3,7,4,1,3,7,7,10,9,1,4,3,8,0.4431,MEDIUM
4,10,10,7,7,7,3,10,1,10,2,4,8,5,2,3,9,4,10,2,0.5094,MEDIUM
8,6,7,8,4,6,1,9,3,3,1,5,8,4,1,2,10,3,5,10,0.5843,MEDIUM
1,8,5,9,9,3,5,2,9,4,4,6,7,8,3,1,8,2,10,1,0.5449,MEDIUM
2,5,8,4,5,3,8,3,3,1,9,10,6,9,1,10,1,2,6,2,0.3511,MEDIUM
8,5,9,10,9,7,3,3,1,7,9,7,8,4,7,5,4,9,10,5,0.6153,HIGH
2,6,3,4,6,10,9,3,1,3,10,1,2,7,7,6,2,6,2,8,0.3632,MEDIUM
5,8,8,3,4,5,4,7,7,7,5,8,10,9,5,7,6,1,4,4,0.43,MEDIUM
6,1,5,7,9,1,2,6,3,8,7,6,1,10,7,1,4,1,8,6,0.4728,MEDIUM
9,6,7,10,4,10,7,4,3,3,10,10,2,10,5,6,8,7,4,5,0.4737,MEDIUM
4,4,10,10,8,2,3,4,7,4,1,7,2,10,4,8,8,1,7,2,0.4089,MEDIUM
10,9,8,9,1,2,9,8,2,7,7,10,10,4,5,2,1,6,6,7,0.4387,MEDIUM
8,3,5,3,8,5,3,1,8,9,5,3,8,2,8,2,4,8,6,7,0.5303,MEDIUM
5,9,7,8,2,5,4,7,5,9,10,4,7,2,8,6,10,1,9,9,0.5596,MEDIUM
8,1,1,3,6,2,9,9,3,9,2,7,1,3,6,4,4,5,5,2,0.4554,MEDIUM
2,1,3,3,1,2,4,10,3,2,7,1,10,3,3,9,10,4,8,1,0.5551,MEDIUM
10,10,8,3,7,4,4,3,10,4,4,1,1,3,4,3,9,6,3,2,0.4708,MEDIUM
3,5,1,1,7,3,3,5,2,8,5,9,7,1,1,7,5,10,9,9,0.5417,MEDIUM
3,5,8,7,10,1,3,10,1,3,8,7,10,10,10,1,5,6,1,9,0.4359,MEDIUM
3,1,3,7,10,3,8,9,3,10,8,3,6,4,10,9,4,8,5,6,0.6256,HIGH
4,8,5,1,2,3,7,9,5,10,1,9,6,7,5,4,3,1,7,6,0.3653,MEDIUM
10,4,2,3,5,9,4,9,3,8,10,1,7,6,5,6,8,4,5,9,0.6348,HIGH
6,5,2,4,3,4,7,7,2,7,3,6,3,4,1,9,2,10,8,4,0.4929,MEDIUM
4,5,10,5,6,3,1,5,6,3,5,3,1,6,3,7,8,4,9,9,0.4857,MEDIUM
10,1,8,7,2,4,2,9,8,7,4,10,6,5,1,1,3,3,1,3,0.4611,MEDIUM
7,8,9,9,7,10,6,2,3,8,1,6,8,1,3,8,4,1,4,9,0.486,MEDIUM
3,1,1,1,1,4,10,1,2,2,1,9,1,1,10,3,9,3,2,1,0.2306,LOW
4,9,9,8,9,2,6,2,5,2,8,9,10,3,7,6,5,1,2,7,0.3474,LOW
3,5,3,10,6,6,6,4,9,8,1,10,8,10,2,6,5,3,3,1,0.4916,MEDIUM
6,9,4,3,9,4,8,2,6,9,8,6,5,5,10,7,4,3,5,3,0.4708,MEDIUM
5,7,7,1,5,8,3,10,5,9,5,3,3,1,10,1,1,2,5,4,0.4087,MEDIUM
2,1,2,7,1,10,8,1,7,8,1,5,4,1,3,5,2,10,4,6,0.5552,MEDIUM
1,9,1,6,5,3,4,4,6,8,5,2,6,2,9,2,4,5,3,9,0.4861,MEDIUM
9,2,6,2,5,8,4,10,10,1,6,4,8,10,10,10,2,6,6,8,0.6569,HIGH
3,9,8,7,9,5,2,9,2,7,3,9,3,7,2,4,7,3,5,4,0.4056,MEDIUM
5,2,10,2,8,4,10,6,10,4,3,10,6,5,5,1,6,6,5,7,0.4528,MEDIUM
4,3,2,9,3,8,1,1,7,3,7,9,7,2,1,9,5,5,8,7,0.5757,MEDIUM
1,8,8,10,9,10,9,10,7,3,9,7,8,5,4,4,4,10,9,10,0.578,MEDIUM
9,6,3,6,9,9,1,5,10,7,3,6,3,6,6,9,1,4,2,6,0.5734,MEDIUM
4,10,6,4,2,4,2,4,6,3,2,5,9,6,8,6,2,8,5,4,0.4434,MEDIUM
2,10,3,7,3,2,10,8,4,2,5,6,8,3,7,6,5,3,6,9,0.42,MEDIUM
7,7,1,2,10,5,7,2,2,7,1,9,2,1,8,5,6,3,6,5,0.3371,LOW
9,7,2,6,1,9,6,6,2,2,1,9,1,4,1,7,2,6,5,8,0.4686,MEDIUM
2,1,6,8,9,8,1,4,8,2,4,2,2,10,5,3,8,2,1,1,0.4856,MEDIUM
4,7,7,7,1,7,4,3,9,8,10,9,9,2,6,10,5,6,7,1,0.5142,MEDIUM
7,10,6,6,10,10,2,6,3,5,3,8,6,1,10,1,2,7,2,6,0.399,MEDIUM
4,7,5,5,4,2,7,3,4,1,1,4,1,1,5,6,3,1,9,3,0.2968,LOW
4,6,1,10,7,9,9,9,9,4,2,2,5,10,7,4,9,7,8,7,0.664,HIGH
9,5,5,5,2,3,2,10,2,8,1,7,3,3,2,8,9,10,5,3,0.4862,MEDIUM
7,1,4,3,1,1,4,10,1,3,10,2,6,5,3,6,10,5,3,9,0.6389,HIGH
4,10,9,2,2,3,2,1,6,10,8,1,2,3,5,5,3,4,7,1,0.3105,LOW
3,6,7,8,4,3,3,10,2,8,2,3,4,3,1,10,6,6,5,1,0.4761,MEDIUM
10,4,5,4,7,9,9,7,10,2,5,9,1,4,1,7,7,6,7,10,0.587,MEDIUM
4,1,1,10,1,4,9,8,6,6,7,8,7,2,4,5,3,9,3,4,0.5289,MEDIUM
4,5,5,4,1,5,8,2,5,3,8,3,1,6,2,4,10,6,5,2,0.4293,MEDIUM
5,10,2,7,2,2,2,3,9,5,3,6,7,2,10,7,3,4,3,7,0.4088,MEDIUM
9,7,3,6,2,4,8,8,3,8,7,10,1,6,6,6,10,1,9,5,0.4942,MEDIUM
9,4,2,1,4,5,5,7,10,5,4,1,8,5,10,9,3,1,10,8,0.5574,MEDIUM
7,9,2,3,8,9,9,9,10,1,2,3,3,7,10,10,6,2,10,1,0.5557,MEDIUM
7,3,10,5,5,3,1,6,3,1,4,1,7,6,8,2,3,9,8,6,0.5169,MEDIUM
4,4,5,9,1,9,1,2,4,7,1,5,10,5,8,5,3,2,5,3,0.4905,MEDIUM
6,5,9,3,8,2,9,10,9,1,5,6,8,7,10,3,3,10,7,3,0.4114,MEDIUM
6,9,5,8,1,8,3,2,8,7,10,10,10,6,10,1,6,4,1,5,0.4468,MEDIUM
5,4,2,10,8,5,1,7,4,10,6,10,1,8,1,1,10,8,5,1,0.5769,MEDIUM
8,4,4,10,8,4,6,2,1,10,1,10,4,4,2,9,7,9,4,10,0.5153,MEDIUM
9,6,10,2,5,7,10,4,7,7,7,4,10,2,9,10,1,1,10,2,0.4589,MEDIUM
9,1,8,4,3,2,9,10,6,2,5,2,10,8,4,5,9,7,1,8,0.534,MEDIUM
2,8,8,6,5,6,1,8,6,7,9,7,9,1,5,8,8,10,1,1,0.5429,MEDIUM
2,4,9,9,6,10,8,9,8,2,10,2,4,10,3,2,2,8,1,6,0.5016,MEDIUM
10,5,7,7,10,7,2,5,8,10,8,10,4,9,10,3,7,10,5,9,0.6965,HIGH
2,4,4,6,3,10,6,5,1,1,6,5,6,4,1,5,3,2,5,4,0.3975,MEDIUM
2,7,7,6,2,9,10,10,10,5,1,4,7,5,1,3,10,9,2,7,0.531,MEDIUM
9,8,9,4,4,3,7,3,2,1,1,4,9,6,9,10,5,8,3,10,0.4539,MEDIUM
2,6,6,2,6,3,2,10,9,4,7,3,4,1,9,2,8,3,7,1,0.4105,MEDIUM
8,7,2,3,5,3,1,5,5,2,6,7,9,3,1,8,3,8,10,10,0.6174,HIGH
10,10,5,10,10,5,1,2,9,10,9,10,3,7,7,3,10,4,7,8,0.5564,MEDIUM
5,1,9,7,6,7,1,1,3,3,10,6,8,1,4,5,10,4,6,6,0.5914,MEDIUM
4,5,2,8,7,1,8,10,9,8,7,8,10,10,4,7,9,10,2,10,0.6672,HIGH
6,3,1,10,9,5,7,4,5,8,8,8,5,2,6,5,7,4,4,5,0.515,MEDIUM
5,2,10,1,2,3,9,1,3,10,2,5,4,10,5,3,1,8,5,9,0.3825,MEDIUM
1,2,6,6,10,8,3,1,6,7,6,3,3,8,2,10,3,7,9,1,0.6157,HIGH
8,6,1,1,10,7,8,1,9,4,4,9,9,9,1,7,10,8,4,4,0.56,MEDIUM
9,3,9,8,9,10,10,2,8,3,4,6,3,9,9,2,6,2,4,7,0.4367,MEDIUM
10,10,3,9,8,2,1,1,3,4,10,8,8,1,5,4,2,4,5,6,0.4634,MEDIUM
6,2,7,4,9,9,9,4,3,9,10,10,8,2,1,6,8,6,5,10,0.5363,MEDIUM
9,2,2,2,9,1,10,9,2,7,7,1,9,10,9,10,2,2,3,9,0.6395,HIGH
2,5,8,2,5,4,9,5,1,2,2,6,5,1,4,4,6,10,7,10,0.3607,MEDIUM
1,1,8,1,6,6,4,1,10,7,3,8,8,2,9,7,10,9,7,9,0.5444,MEDIUM
4,1,2,8,8,7,3,7,1,10,5,10,3,8,5,6,4,8,10,6,0.6139,HIGH
7,10,7,9,3,7,1,7,10,3,9,1,5,2,8,10,6,9,9,4,0.5606,MEDIUM
1,4,4,6,1,1,4,8,7,7,1,1,3,9,6,6,1,4,9,5,0.472,MEDIUM
8,2,1,7,9,10,8,4,2,8,4,7,8,3,4,2,1,2,1,10,0.5425,MEDIUM
5,6,10,8,6,2,4,1,2,3,1,8,4,1,9,2,7,4,5,9,0.3147,LOW
2,2,1,6,1,3,8,3,6,8,8,3,7,2,10,6,9,5,4,7,0.5366,MEDIUM
2,3,8,4,6,9,6,9,3,5,4,5,9,3,3,9,1,9,6,8,0.5797,MEDIUM
7,3,4,7,3,4,10,2,7,2,4,6,1,3,5,9,6,6,3,6,0.4645,MEDIUM
7,9,8,1,9,9,1,7,4,6,8,3,10,9,10,9,3,1,6,5,0.5261,MEDIUM
2,4,8,3,9,3,10,2,3,8,2,7,5,4,2,7,10,6,9,1,0.3901,MEDIUM
1,7,9,5,2,2,7,1,3,1,2,3,3,2,3,6,9,5,8,3,0.3032,LOW
4,9,8,5,9,5,9,10,4,7,10,9,1,3,3,6,1,10,2,4,0.4412,MEDIUM
6,8,9,2,4,8,5,3,2,5,2,6,8,1,10,10,6,3,2,1,0.3552,MEDIUM
5,7,1,6,10,9,10,10,3,7,2,2,1,5,5,8,7,2,5,10,0.4687,MEDIUM
5,4,5,1,6,1,2,4,7,9,2,10,5,6,8,6,5,6,3,4,0.4219,MEDIUM
6,6,9,10,8,3,10,6,6,1,6,6,3,5,2,2,1,9,8,2,0.4397,MEDIUM
6,5,1,10,10,3,3,10,4,5,7,7,3,10,8,3,6,5,9,4,0.5778,MEDIUM
6,5,6,10,10,6,8,3,7,4,5,9,6,6,1,1,3,4,1,10,0.5405,MEDIUM
8,3,10,7,8,9,3,9,7,7,2,10,9,3,9,6,10,1,5,1,0.528,MEDIUM
7,3,1,10,5,4,5,2,1,3,4,1,2,4,1,2,2,4,3,7,0.5191,MEDIUM
4,4,10,9,9,7,9,5,10,7,7,7,9,7,8,4,5,9,2,6,0.5303,MEDIUM
4,10,2,3,3,2,10,1,5,4,7,1,6,7,10,1,5,4,7,5,0.4042,MEDIUM
5,5,7,10,5,5,3,2,2,1,7,8,1,10,10,1,6,4,1,4,0.4321,MEDIUM
3,7,2,6,2,9,8,2,1,5,1,5,5,7,5,7,4,9,10,9,0.5414,MEDIUM
10,3,3,9,5,1,2,5,5,10,8,10,1,6,8,4,6,9,1,6,0.4841,MEDIUM
5,2,7,4,2,9,10,3,8,6,1,1,7,10,3,2,6,4,10,1,0.4899,MEDIUM
1,6,1,7,8,5,9,2,8,10,9,10,1,4,4,1,4,10,4,8,0.4695,MEDIUM
6,9,2,4,1,2,3,2,8,1,10,10,5,5,10,6,8,2,9,2,0.4196,MEDIUM
4,5,2,1,3,10,1,7,2,7,10,2,9,6,4,7,2,1,7,8,0.6108,HIGH
1,8,7,10,7,8,1,3,6,9,10,2,3,8,2,8,8,4,3,7,0.5776,MEDIUM
9,6,8,9,2,1,6,3,9,10,5,2,7,9,7,4,2,9,6,6,0.5416,MEDIUM
3,6,7,8,7,8,9,8,10,1,6,5,2,2,7,7,10,2,2,6,0.3803,MEDIUM
4,5,1,6,3,5,3,7,10,10,7,10,7,10,8,7,9,7,10,10,0.7243,HIGH
1,1,8,9,3,9,2,7,1,5,2,4,8,10,7,5,1,5,10,8,0.5184,MEDIUM
1,4,9,4,5,2,1,4,2,2,2,6,6,8,8,1,2,9,4,1,0.3356,LOW
8,9,5,10,1,9,3,5,6,7,1,10,5,4,3,1,2,4,1,3,0.3876,MEDIUM
3,4,10,4,6,5,1,4,6,8,2,4,4,9,5,5,8,3,8,9,0.5736,MEDIUM
2,3,2,10,7,6,8,4,6,2,6,5,10,7,1,7,7,1,8,7,0.4754,MEDIUM
7,5,8,2,3,5,4,5,7,9,4,5,9,6,5,10,8,6,2,6,0.5382,MEDIUM
8,10,9,1,1,6,9,4,3,7,10,8,4,7,1,7,4,1,2,8,0.3902,MEDIUM
10,9,3,2,1,10,6,10,3,8,9,4,4,3,9,6,10,7,9,4,0.5374,MEDIUM
5,6,2,2,7,2,1,7,6,2,6,2,4,9,3,3,3,7,3,10,0.6079,HIGH
4,7,6,9,9,4,5,10,10,7,1,6,3,1,5,9,9,3,6,3,0.4867,MEDIUM
7,8,10,2,4,9,9,6,2,6,9,7,10,5,1,10,5,9,8,2,0.5531,MEDIUM
9,9,3,10,10,2,8,9,1,8,7,7,2,6,5,6,9,1,7,2,0.5254,MEDIUM
9,8,1,1,2,4,7,6,2,3,3,1,2,7,4,6,8,7,10,2,0.5282,MEDIUM
4,7,5,8,3,6,10,9,6,7,9,5,3,2,3,3,9,10,9,6,0.5233,MEDIUM
4,6,5,2,5,4,1,2,10,5,3,7,8,4,7,4,3,6,2,6,0.3985,MEDIUM
4,2,1,5,4,1,9,1,5,6,4,2,1,1,3,6,10,1,5,8,0.4883,MEDIUM
6,5,8,7,10,2,8,2,4,6,10,6,2,9,5,7,10,2,8,3,0.5226,MEDIUM
9,5,8,2,3,8,2,10,10,3,8,3,5,2,10,9,8,9,4,4,0.4993,MEDIUM
4,4,1,7,6,6,10,8,7,2,4,6,6,3,3,1,3,3,8,10,0.4729,MEDIUM
7,2,8,8,1,1,2,3,9,1,9,6,6,2,8,3,10,5,9,9,0.5266,MEDIUM
10,9,4,4,2,2,10,9,10,7,9,4,6,5,1,6,3,6,7,5,0.578,MEDIUM
1,7,1,6,7,5,4,3,10,1,1,9,9,10,6,1,10,2,6,8,0.4617,MEDIUM
3,8,6,1,7,4,7,3,3,10,9,3,3,6,1,6,4,9,7,6,0.389,MEDIUM
4,2,3,4,6,9,5,9,5,3,1,10,5,2,9,5,5,5,7,3,0.4598,MEDIUM
1,5,3,5,6,8,10,8,3,8,4,2,4,10,3,2,2,9,1,9,0.4623,MEDIUM
3,10,4,9,1,8,5,4,9,6,8,3,10,1,4,3,2,7,6,2,0.4082,MEDIUM
6,6,7,8,4,4,8,7,2,1,8,3,8,8,9,8,7,6,10,8,0.4256,MEDIUM
4,3,5,7,1,6,8,1,6,1,3,2,2,10,3,6,1,6,9,4,0.4826,MEDIUM
7,9,3,6,2,8,1,3,5,6,6,3,7,8,5,7,10,4,5,5,0.5774,MEDIUM
4,3,3,3,9,4,8,3,2,4,1,3,8,4,3,3,1,5,5,9,0.4354,MEDIUM
5,1,1,1,5,6,4,5,5,5,7,3,3,8,10,3,9,2,8,3,0.5611,MEDIUM
8,3,5,4,4,5,8,8,3,1,5,9,5,5,4,8,7,3,9,3,0.4922,MEDIUM
6,6,10,10,5,9,5,9,3,8,6,10,7,6,6,10,9,8,7,10,0.6813,HIGH
5,2,4,1,1,9,8,2,1,7,3,4,6,10,2,7,10,4,2,9,0.4554,MEDIUM
3,5,5,7,5,10,6,7,7,6,7,7,1,3,1,8,7,3,5,6,0.532,MEDIUM
2,4,1,10,7,2,3,8,4,5,9,6,8,10,5,10,5,2,9,5,0.5576,MEDIUM
5,3,7,6,5,10,6,4,8,1,6,8,6,5,10,5,2,6,9,8,0.4742,MEDIUM
5,5,10,2,6,1,3,3,3,10,6,2,9,6,9,10,8,7,9,2,0.5067,MEDIUM
2,7,6,6,1,9,10,2,5,10,1,9,8,7,10,10,2,6,8,5,0.4417,MEDIUM
9,1,1,5,9,7,10,1,9,1,3,7,8,9,3,3,5,10,1,10,0.574,MEDIUM
4,5,3,8,5,10,8,9,5,8,6,3,3,9,2,6,6,2,6,7,0.6249,HIGH
3,5,10,10,4,8,3,10,10,6,3,1,5,4,1,2,7,1,5,3,0.5615,MEDIUM
7,4,8,6,10,10,8,3,10,9,5,7,9,6,9,6,8,7,1,6,0.6529,HIGH
1,6,8,6,10,10,8,6,4,10,3,10,2,9,9,2,10,5,1,6,0.4263,MEDIUM
5,9,5,7,6,3,10,2,9,10,4,6,9,1,6,9,4,1,8,7,0.429,MEDIUM
9,3,1,6,5,3,7,1,3,5,5,3,2,2,8,4,9,5,10,7,0.5043,MEDIUM
3,8,5,4,7,9,5,9,6,1,8,1,2,4,5,3,3,4,6,6,0.4457,MEDIUM
1,5,5,1,6,8,2,1,7,3,1,9,1,3,1,2,2,1,5,2,0.3759,MEDIUM
3,6,9,9,7,1,5,10,7,1,3,3,6,1,10,3,1,2,2,10,0.3664,MEDIUM
9,9,6,6,3,7,2,8,3,9,3,8,1,3,7,2,3,6,10,3,0.4163,MEDIUM
8,10,8,7,1,5,1,3,8,2,9,4,1,2,1,1,9,5,10,6,0.47,MEDIUM
3,6,5,1,1,4,6,2,9,9,10,4,5,6,8,7,5,10,5,8,0.5343,MEDIUM
9,10,8,10,3,7,10,2,2,7,2,7,5,7,7,7,4,3,7,7,0.4104,MEDIUM
4,2,9,9,3,10,8,9,8,7,9,3,5,6,9,5,9,6,2,7,0.5466,MEDIUM
7,3,7,4,6,8,6,5,9,5,6,3,5,1,6,5,2,7,9,4,0.5833,MEDIUM
4,2,5,3,2,5,8,3,4,9,1,4,3,8,1,6,6,5,5,1,0.4102,MEDIUM
3,8,5,2,3,5,4,3,1,6,9,10,3,1,8,10,1,5,3,7,0.3459,LOW
7,2,4,7,8,7,4,5,9,6,3,9,6,3,10,6,9,1,4,2,0.5205,MEDIUM
3,1,2,4,3,8,10,7,9,6,6,10,7,6,3,2,2,8,8,9,0.4736,MEDIUM
1,1,3,9,2,1,6,10,4,10,1,4,1,7,5,2,7,8,1,3,0.4803,MEDIUM
2,5,10,3,10,1,8,9,4,5,1,2,1,8,8,3,6,1,3,2,0.2967,LOW
1,10,9,6,10,4,1,7,1,9,5,4,9,3,10,2,4,6,4,10,0.4885,MEDIUM
5,2,2,9,8,3,8,5,3,10,4,4,2,8,6,7,2,4,7,4,0.4837,MEDIUM
2,2,6,10,7,10,6,6,5,10,2,8,9,1,9,9,6,6,8,7,0.5944,MEDIUM
4,5,2,7,3,6,4,2,7,5,1,3,4,8,4,10,4,1,5,6,0.5442,MEDIUM
8,5,2,3,10,9,7,1,4,8,8,10,1,6,5,3,6,4,2,8,0.5178,MEDIUM
1,3,8,8,8,3,2,8,9,9,8,3,9,8,9,3,7,6,1,1,0.5601,MEDIUM
4,2,3,4,6,5,9,4,7,7,3,6,4,10,7,8,2,9,4,3,0.4796,MEDIUM
4,10,6,4,1,3,2,6,6,10,6,3,3,4,10,4,2,6,10,2,0.3936,MEDIUM
1,6,2,9,6,1,8,10,8,3,3,9,2,1,9,10,2,9,9,8,0.52,MEDIUM
1,9,10,9,6,1,1,1,4,9,9,10,2,2,4,3,1,4,7,1,0.3109,LOW
10,7,1,4,4,8,5,10,7,2,3,7,10,1,8,3,9,1,8,10,0.4974,MEDIUM
4,5,5,7,10,7,10,1,10,2,1,3,4,2,10,4,8,10,9,1,0.4822,MEDIUM
5,5,7,1,1,8,10,2,10,5,10,3,4,6,10,3,1,3,8,4,0.3626,MEDIUM
1,5,10,10,8,9,1,6,6,1,2,5,5,4,1,2,2,2,7,8,0.4398,MEDIUM
1,6,2,3,2,1,8,6,4,6,4,6,5,3,4,7,6,4,8,6,0.3589,MEDIUM
6,9,5,10,2,3,9,3,7,5,3,5,10,2,5,9,6,10,7,2,0.464,MEDIUM
9,10,5,7,6,9,6,5,8,4,10,9,10,4,1,2,7,2,3,8,0.5411,MEDIUM
10,3,5,3,7,3,9,2,2,6,1,8,2,7,9,10,3,4,3,2,0.3764,MEDIUM
8,2,2,5,7,8,6,4,1,2,6,8,1,6,6,8,1,2,5,4,0.4769,MEDIUM
1,3,8,7,8,10,10,2,9,3,5,5,1,5,3,9,4,3,5,3,0.4711,MEDIUM
1,1,10,6,5,2,1,9,5,3,10,8,10,7,8,7,5,3,7,4,0.4979,MEDIUM
4,4,2,4,3,6,7,3,2,3,8,5,2,5,1,6,6,2,7,3,0.4365,MEDIUM
10,8,8,3,10,2,7,2,7,10,4,5,10,7,2,8,5,7,5,9,0.5982,MEDIUM
8,9,3,1,8,10,6,3,1,8,6,8,1,5,7,5,9,4,8,2,0.5009,MEDIUM
6,4,1,4,8,7,4,2,8,5,9,2,7,8,5,4,2,3,2,9,0.5773,MEDIUM
3,8,3,6,10,7,8,4,5,8,6,4,2,8,9,5,2,7,5,8,0.4757,MEDIUM
6,7,1,10,2,6,8,6,5,2,6,8,10,7,2,5,3,9,3,4,0.477,MEDIUM
5,3,9,3,1,10,8,9,9,7,3,3,4,6,4,5,3,3,2,4,0.3977,MEDIUM
3,9,7,9,8,10,8,4,3,6,10,9,10,7,1,10,10,4,10,5,0.6378,HIGH
8,6,9,6,10,9,10,4,5,5,4,3,9,1,2,10,5,1,10,5,0.562,MEDIUM
6,2,8,8,10,1,2,8,2,6,5,9,10,5,10,6,1,6,4,7,0.5175,MEDIUM
3,4,7,1,8,7,9,3,7,4,8,5,1,7,9,6,10,7,5,7,0.4671,MEDIUM
6,3,2,6,8,3,5,9,10,6,7,7,6,5,7,5,4,10,9,10,0.6952,HIGH
10,8,10,4,1,8,1,1,5,7,7,7,1,6,3,3,7,2,3,5,0.4029,MEDIUM
8,2,4,1,6,3,1,7,5,1,10,2,10,2,8,1,7,7,10,4,0.5938,MEDIUM
6,5,9,10,2,1,3,2,2,5,1,10,2,6,6,9,2,7,8,4,0.3818,MEDIUM
9,4,4,10,10,8,1,5,10,9,4,6,7,4,3,8,8,1,4,7,0.6479,HIGH
2,10,4,3,9,9,8,6,3,6,8,7,9,8,6,3,7,5,4,8,0.5237,MEDIUM
10,8,10,8,6,3,6,5,3,2,8,2,10,2,7,9,5,10,6,10,0.5664,MEDIUM
9,3,7,4,5,10,5,6,10,1,6,4,8,6,5,10,10,1,5,10,0.6365,HIGH
6,2,2,5,2,1,2,1,9,10,9,8,3,7,10,1,6,10,5,8,0.5255,MEDIUM
2,4,8,4,10,3,7,7,7,10,6,10,9,2,9,4,8,1,4,10,0.4652,MEDIUM
5,8,4,2,3,6,5,10,8,1,8,6,2,5,10,8,7,8,5,1,0.5455,MEDIUM
1,3,9,7,8,5,2,7,1,8,4,2,10,9,6,1,5,8,9,9,0.6307,HIGH
3,6,6,7,7,2,3,9,3,5,1,9,3,9,8,3,8,5,1,7,0.4511,MEDIUM
5,8,1,9,9,8,1,5,5,10,2,7,1,8,4,1,3,8,6,9,0.5767,MEDIUM
8,10,5,4,3,1,6,1,1,1,10,5,4,7,6,10,7,1,8,6,0.457,MEDIUM
5,6,5,3,3,4,4,7,1,7,10,5,4,5,8,3,10,7,10,4,0.5207,MEDIUM
3,2,6,3,10,10,6,10,7,2,8,1,9,9,6,5,9,2,9,9,0.6622,HIGH
3,7,5,10,1,10,5,2,3,6,5,8,3,5,7,4,4,1,4,5,0.3712,MEDIUM
6,9,5,1,10,5,4,1,9,10,5,4,7,7,7,5,8,1,6,5,0.5079,MEDIUM
8,2,10,10,7,2,4,1,7,10,6,8,1,8,2,4,1,9,1,3,0.3565,MEDIUM
9,8,9,6,3,8,3,5,5,1,7,10,6,4,6,2,8,2,8,2,0.4251,MEDIUM
2,9,9,3,3,2,4,2,8,3,4,7,2,4,3,9,1,1,1,2,0.2582,LOW
10,6,10,5,1,9,8,5,10,6,1,4,4,5,7,8,1,6,8,8,0.547,MEDIUM
4,7,5,2,5,1,3,3,7,10,6,7,3,1,10,5,9,5,7,2,0.4063,MEDIUM
9,1,3,9,9,3,4,10,9,9,5,4,8,8,3,2,2,9,4,2,0.608,HIGH
9,6,2,8,6,4,1,10,8,3,1,5,9,7,9,2,9,3,1,5,0.5369,MEDIUM
2,3,10,3,6,1,7,10,9,4,3,2,5,5,6,7,9,7,4,2,0.4248,MEDIUM
5,7,9,8,1,5,2,2,6,2,7,7,10,6,6,4,10,3,2,9,0.4856,MEDIUM
2,2,3,5,7,5,9,9,1,8,9,9,10,10,1,8,1,8,8,4,0.6005,HIGH
1,10,9,4,10,3,3,3,9,3,2,1,3,2,6,3,4,5,9,5,0.4383,MEDIUM
2,8,2,10,4,3,3,6,8,2,8,8,10,2,9,6,1,7,5,2,0.4184,MEDIUM
10,8,8,4,3,1,4,7,1,8,2,5,10,9,8,1,4,8,9,5,0.468,MEDIUM
5,6,8,7,8,7,4,2,5,2,4,2,10,3,10,10,4,3,3,4,0.401,MEDIUM
10,5,8,9,1,1,1,6,1,7,8,2,6,7,7,4,7,9,6,7,0.5892,MEDIUM
9,9,1,2,1,10,10,10,8,4,5,9,3,10,1,5,6,1,6,8,0.5374,MEDIUM
4,3,7,7,4,1,6,7,3,6,10,8,3,3,4,8,1,10,2,5,0.4698,MEDIUM
5,3,9,9,5,6,9,4,2,7,1,5,10,7,1,10,2,4,4,1,0.4723,MEDIUM
8,8,3,7,3,10,3,9,8,6,1,5,6,4,3,9,3,5,9,6,0.611,HIGH
9,1,3,6,8,7,10,10,9,6,9,10,4,10,8,3,6,2,1,9,0.6308,HIGH
10,7,7,5,2,8,3,9,9,6,6,2,9,10,6,6,4,10,5,6,0.6275,HIGH
4,5,6,3,4,9,6,3,2,5,7,2,2,2,1,6,6,10,8,10,0.5389,MEDIUM
5,3,3,4,5,2,4,3,5,3,7,3,9,10,9,10,4,7,6,2,0.4843,MEDIUM
10,6,7,6,5,6,7,1,4,6,7,7,2,10,8,4,10,10,7,5,0.4819,MEDIUM
2,8,7,6,8,1,8,8,10,5,10,2,3,1,1,4,3,6,9,7,0.515,MEDIUM
7,4,8,1,3,2,7,10,9,8,1,10,2,3,7,7,8,2,8,4,0.4553,MEDIUM
9,3,4,4,8,10,8,2,4,1,3,8,2,6,2,4,4,3,7,10,0.4731,MEDIUM
1,2,9,8,4,7,4,8,7,3,8,5,3,1,9,7,1,1,3,2,0.3795,MEDIUM
10,2,3,5,2,7,5,5,8,10,7,9,9,3,5,9,10,4,3,4,0.5782,MEDIUM
2,8,5,9,5,9,8,5,2,6,3,1,4,2,5,8,6,5,9,9,0.4897,MEDIUM
1,7,2,8,5,8,4,9,4,7,7,10,5,8,2,9,4,5,5,10,0.5951,MEDIUM
10,9,6,7,5,8,3,6,6,4,7,6,6,6,7,1,6,10,3,4,0.4568,MEDIUM
4,9,10,3,6,2,7,10,2,4,1,7,9,4,2,3,10,3,9,6,0.4735,MEDIUM
1,4,5,2,4,6,10,1,8,1,7,8,2,6,2,6,3,6,9,7,0.39,MEDIUM
3,2,8,1,1,9,8,9,2,4,3,10,10,2,2,2,2,9,3,8,0.4344,MEDIUM
10,9,5,1,6,9,3,8,4,5,6,10,10,9,7,6,10,9,10,9,0.577,MEDIUM
10,3,1,9,6,9,3,5,6,6,1,4,2,7,4,1,8,4,4,6,0.6045,HIGH
10,10,9,6,8,6,2,3,3,6,4,8,7,10,9,5,9,3,9,3,0.5213,MEDIUM
5,2,1,5,3,1,8,2,1,2,6,7,4,4,10,2,9,1,8,6,0.382,MEDIUM
8,7,5,5,10,4,3,3,10,4,4,1,8,5,3,4,3,9,10,4,0.5547,MEDIUM
2,1,5,10,9,9,1,7,10,5,5,1,7,4,8,3,2,4,7,7,0.6211,HIGH
2,6,10,3,9,3,3,5,10,7,4,9,3,6,7,10,8,2,7,10,0.4471,MEDIUM
10,2,8,6,6,5,2,4,4,1,9,2,6,2,2,4,1,1,2,1,0.4399,MEDIUM
6,9,10,10,2,2,5,5,4,5,3,5,10,5,2,6,7,2,4,6,0.4912,MEDIUM
5,7,7,4,10,1,8,4,9,8,6,7,6,7,2,10,2,2,3,10,0.5374,MEDIUM
5,10,1,5,1,2,3,8,3,5,2,10,8,6,1,3,9,9,8,4,0.4895,MEDIUM
4,9,2,8,5,6,5,10,9,6,7,3,8,6,8,8,8,8,9,4,0.5943,MEDIUM
3,2,9,7,8,4,4,8,3,7,6,7,9,4,8,3,1,1,5,6,0.4703,MEDIUM
2,7,6,6,10,2,6,2,8,9,3,8,4,4,6,1,3,2,5,3,0.3674,MEDIUM
2,8,3,2,10,10,9,10,9,3,4,8,3,3,5,3,9,3,4,5,0.3627,MEDIUM
5,3,10,1,8,2,3,3,4,1,3,6,4,1,1,8,3,4,3,5,0.4035,MEDIUM
9,5,5,5,5,1,6,2,4,8,5,9,9,8,1,6,6,5,9,1,0.5101,MEDIUM
1,6,8,3,6,3,10,5,5,10,4,1,10,10,9,3,4,4,3,2,0.4592,MEDIUM
6,4,3,9,3,4,4,3,1,2,9,7,2,7,3,7,5,6,7,1,0.434,MEDIUM
10,9,1,8,9,8,3,2,2,4,9,5,8,1,5,1,3,3,8,5,0.3896,MEDIUM
10,4,1,1,4,9,3,10,6,6,4,7,4,2,6,8,4,8,1,4,0.5389,MEDIUM
9,9,6,8,8,3,7,1,4,4,4,7,1,7,4,6,10,10,10,10,0.5506,MEDIUM
1,7,8,1,3,4,2,8,6,1,9,2,1,6,4,6,3,2,7,3,0.3379,LOW
3,10,7,6,3,3,2,2,10,9,7,5,5,8,2,4,4,5,2,9,0.4553,MEDIUM
2,3,10,2,7,9,7,1,7,3,6,4,7,2,4,9,2,9,5,9,0.5935,MEDIUM
8,9,7,8,8,8,2,2,1,10,1,10,4,4,3,1,8,7,3,6,0.4489,MEDIUM
8,4,2,7,10,6,7,3,9,6,10,2,7,10,2,6,9,3,1,10,0.7126,HIGH
2,1,1,4,7,7,8,6,9,1,9,3,8,4,4,8,8,10,10,8,0.6351,HIGH
10,4,2,6,9,10,4,7,6,8,5,9,6,9,7,9,6,9,8,4,0.5886,MEDIUM
3,6,8,5,5,4,4,9,8,3,4,5,2,5,3,10,4,10,10,2,0.5099,MEDIUM
2,10,7,9,7,3,2,2,4,8,6,10,7,5,9,9,8,3,1,7,0.4227,MEDIUM
8,10,8,3,4,9,5,3,9,2,9,3,7,10,6,5,10,1,1,2,0.4618,MEDIUM
1,4,9,1,2,3,2,10,3,5,5,7,4,4,1,3,10,8,4,10,0.4676,MEDIUM
10,6,10,10,3,8,5,1,4,4,10,3,2,4,3,9,4,10,1,7,0.5383,MEDIUM
9,5,1,1,6,2,6,7,4,10,4,6,2,4,1,4,10,10,5,10,0.5718,MEDIUM
3,1,2,4,4,1,4,5,3,3,9,10,10,6,2,9,3,5,4,3,0.4383,MEDIUM
6,7,6,1,10,5,9,5,7,5,6,6,7,10,10,1,4,4,7,6,0.4694,MEDIUM
5,6,4,2,6,8,5,4,5,8,10,8,6,7,5,4,3,8,4,4,0.4276,MEDIUM
3,10,10,10,7,1,5,4,3,1,7,2,2,3,2,8,1,5,4,8,0.3235,LOW
10,7,6,1,9,5,4,4,8,3,5,2,8,5,10,1,10,8,9,3,0.5573,MEDIUM
8,7,10,9,2,8,2,7,5,3,1,8,5,4,8,6,2,8,8,8,0.4869,MEDIUM
9,5,3,6,2,1,9,2,7,6,9,9,8,9,8,2,2,10,7,8,0.4921,MEDIUM
5,8,8,6,4,2,7,3,8,10,8,1,7,7,10,10,10,6,6,2,0.472,MEDIUM
6,5,1,4,3,9,10,3,7,3,5,8,6,4,7,7,7,9,1,3,0.4217,MEDIUM
9,10,5,7,2,5,6,6,5,6,2,2,8,6,6,10,6,9,4,10,0.5506,MEDIUM
9,3,2,6,8,1,10,6,7,5,7,3,10,6,7,8,3,4,1,9,0.4917,MEDIUM
6,6,5,5,4,7,5,5,10,4,8,5,8,10,1,9,9,8,7,9,0.6482,HIGH
9,4,9,5,10,2,7,10,8,2,6,8,7,3,9,10,5,9,1,7,0.5372,MEDIUM
4,4,6,2,9,7,3,7,5,8,8,9,9,1,10,4,7,8,7,7,0.5904,MEDIUM
2,8,8,3,1,1,3,4,2,10,4,10,1,3,1,1,2,5,6,1,0.2666,LOW
2,7,3,5,5,5,1,1,10,1,4,8,3,3,5,8,3,5,3,5,0.4414,MEDIUM
4,1,6,7,10,7,1,6,9,1,9,3,4,1,1,7,8,10,10,3,0.5845,MEDIUM
9,5,7,4,10,6,6,6,7,5,3,3,7,1,9,2,8,6,10,8,0.5653,MEDIUM
1,2,2,10,1,9,1,5,8,10,5,10,1,6,2,6,9,5,9,9,0.5901,MEDIUM
9,3,6,9,2,3,1,3,8,3,6,9,2,2,5,2,7,9,10,6,0.5234,MEDIUM
1,7,6,8,4,2,4,3,9,6,2,6,6,3,10,8,5,3,9,7,0.4234,MEDIUM
7,8,8,2,10,1,3,4,4,7,9,3,9,8,9,1,9,10,8,1,0.575,MEDIUM
8,10,5,8,3,1,6,3,10,2,8,8,6,1,9,7,4,10,3,8,0.4039,MEDIUM
8,7,10,9,5,4,2,2,3,5,1,10,9,7,1,5,4,7,7,9,0.5251,MEDIUM
10,10,6,8,1,5,2,2,9,6,4,6,7,5,3,4,2,7,5,3,0.4666,MEDIUM
2,10,7,4,5,7,2,1,9,8,6,10,9,7,1,8,9,7,4,9,0.5492,MEDIUM
2,3,5,1,6,8,10,3,7,9,3,5,9,4,8,6,2,7,1,7,0.4315,MEDIUM
2,5,1,4,6,2,10,6,8,4,1,1,10,8,5,7,6,3,5,9,0.4884,MEDIUM
4,5,9,4,2,2,5,6,1,7,5,6,4,4,5,10,6,7,10,3,0.4439,MEDIUM
5,1,2,4,9,6,10,9,7,5,7,9,5,9,1,9,6,3,3,9,0.5975,MEDIUM
3,5,9,8,5,4,3,4,7,3,10,9,3,6,10,10,6,6,2,2,0.443,MEDIUM
5,1,7,9,5,1,1,1,7,8,10,5,8,2,10,10,2,3,1,2,0.4756,MEDIUM
2,2,7,3,9,3,1,6,6,7,5,2,10,10,1,4,10,8,1,10,0.6764,HIGH
8,1,5,10,3,3,2,1,6,7,2,3,2,10,10,10,8,6,3,6,0.5869,MEDIUM
5,8,1,8,9,9,4,6,10,10,5,5,8,3,6,2,3,2,3,1,0.4858,MEDIUM
9,7,6,6,1,10,10,1,8,1,2,10,5,4,1,6,9,5,8,2,0.4681,MEDIUM
7,4,5,5,2,6,2,4,7,2,3,5,1,4,7,1,2,3,8,9,0.3748,MEDIUM
3,8,1,10,2,8,7,1,3,5,1,3,7,4,6,7,9,9,8,10,0.5624,MEDIUM
6,6,3,10,10,2,1,1,7,3,10,2,7,10,7,8,1,9,4,3,0.6192,HIGH
4,9,8,9,3,6,1,9,4,5,1,1,2,8,1,5,8,7,5,1,0.4347,MEDIUM
1,4,9,2,7,1,7,1,4,3,7,2,3,5,5,4,4,8,5,10,0.4093,MEDIUM
6,7,9,9,10,7,9,3,8,4,5,8,1,8,3,5,7,3,6,10,0.4868,MEDIUM
10,10,8,10,9,10,7,9,7,3,1,6,6,1,7,8,3,9,3,4,0.4696,MEDIUM
7,1,9,4,6,3,4,4,10,2,10,10,9,7,3,8,8,1,3,9,0.604,HIGH
8,5,9,10,3,9,3,4,2,4,2,10,8,10,10,2,3,4,1,7,0.3905,MEDIUM
6,6,4,4,6,2,8,5,10,7,5,7,9,5,7,8,2,10,5,8,0.4955,MEDIUM
2,5,4,10,6,2,7,2,8,3,5,1,6,4,10,5,8,8,3,4,0.4697,MEDIUM
2,4,4,4,7,2,5,4,5,6,7,5,9,7,8,2,2,6,4,10,0.5052,MEDIUM
6,8,4,1,4,4,5,2,7,1,5,7,3,10,1,8,1,10,6,1,0.4332,MEDIUM
2,5,3,8,6,6,3,7,4,6,5,1,6,8,1,2,4,7,4,3,0.6022,HIGH
5,10,4,9,5,6,8,2,6,10,7,7,10,10,2,5,10,9,3,6,0.6157,HIGH
1,5,7,2,7,2,8,2,4,3,8,2,5,8,2,2,9,6,7,4,0.3629,MEDIUM
1,7,10,1,7,7,2,4,2,3,2,3,10,9,9,8,5,7,7,9,0.4566,MEDIUM
4,6,2,7,2,3,4,5,7,2,2,10,3,7,4,4,10,4,1,10,0.422,MEDIUM
1,7,6,9,3,3,9,4,1,1,10,5,7,4,5,9,2,9,7,10,0.4803,MEDIUM
6,6,10,7,2,7,9,10,2,5,10,1,9,9,10,10,3,2,3,1,0.3672,MEDIUM
4,1,9,3,8,4,7,4,7,6,7,8,6,7,10,7,6,5,3,1,0.5353,MEDIUM
10,6,9,3,3,8,6,1,5,5,7,6,7,8,1,2,7,3,10,10,0.5546,MEDIUM
9,9,6,9,5,10,2,7,6,9,5,10,2,5,5,2,7,9,7,1,0.5393,MEDIUM
6,3,6,8,4,5,10,10,9,6,1,4,1,9,4,9,10,3,5,5,0.5973,MEDIUM
10,1,1,10,2,6,5,3,3,2,9,5,4,3,4,1,8,5,9,8,0.6604,HIGH
5,6,4,5,1,2,1,8,5,10,1,3,6,8,4,6,10,8,3,9,0.6126,HIGH
1,5,7,7,8,5,7,5,10,4,3,6,2,7,5,10,10,9,8,5,0.588,MEDIUM
3,8,1,2,9,10,8,3,4,10,9,6,9,8,10,9,1,7,7,7,0.5608,MEDIUM
6,6,3,5,9,9,6,4,1,4,5,7,9,7,8,4,1,5,1,1,0.4166,MEDIUM
1,10,6,4,7,6,7,8,4,8,3,10,3,7,9,8,7,2,3,9,0.3865,MEDIUM
9,5,5,2,5,3,6,4,4,7,1,3,9,7,10,1,9,9,8,8,0.4781,MEDIUM
6,8,9,8,4,6,10,5,5,7,4,5,3,9,6,4,6,8,5,7,0.4392,MEDIUM
3,1,7,7,6,3,8,4,6,10,7,6,6,3,9,10,9,1,1,2,0.4015,MEDIUM
8,7,10,7,7,7,8,2,6,7,4,1,8,6,10,3,6,8,10,8,0.5303,MEDIUM
8,7,7,9,1,1,1,3,8,4,2,4,8,3,7,6,2,3,6,6,0.3715,MEDIUM
9,6,8,10,10,3,6,3,4,5,1,3,2,2,10,10,1,7,5,4,0.441,MEDIUM
7,10,8,8,10,5,5,8,8,5,10,3,1,6,1,4,2,9,3,8,0.5652,MEDIUM
4,7,10,3,2,10,2,7,8,8,2,1,9,7,7,10,5,8,10,4,0.5892,MEDIUM
9,1,3,9,4,10,3,8,9,2,8,9,10,6,3,8,9,7,10,1,0.6791,HIGH
4,1,1,5,6,2,3,10,8,10,10,2,7,8,2,7,2,4,8,1,0.7786,HIGH
2,9,2,2,1,8,4,6,6,3,8,9,5,6,2,3,8,2,1,6,0.4766,MEDIUM
4,9,9,4,5,10,9,8,8,9,10,5,2,6,7,8,10,8,9,1,0.4947,MEDIUM
9,7,9,5,8,7,3,6,10,10,7,8,3,4,4,5,7,2,8,9,0.5871,MEDIUM
10,2,8,8,2,1,3,1,4,8,9,7,5,2,2,9,10,5,8,5,0.5312,MEDIUM
8,2,8,10,10,4,9,9,7,9,5,9,8,9,7,4,9,3,5,7,0.5539,MEDIUM
10,9,8,2,7,9,6,6,2,4,2,3,8,8,4,2,6,3,9,2,0.4186,MEDIUM
6,10,1,5,4,7,2,3,10,2,6,2,7,4,10,5,6,2,3,9,0.5117,MEDIUM
6,9,10,2,4,1,9,10,9,2,8,10,2,2,6,10,9,8,3,5,0.3727,MEDIUM
9,4,5,4,1,7,8,5,2,7,8,2,3,4,10,9,9,10,2,4,0.5387,MEDIUM
10,10,8,10,7,9,9,8,9,10,10,8,3,5,4,8,3,5,4,7,0.6175,HIGH
8,6,3,4,6,7,4,8,2,1,9,10,8,4,4,6,7,2,4,1,0.5272,MEDIUM
9,6,3,5,8,2,10,6,4,6,4,1,8,8,3,2,9,8,2,7,0.5215,MEDIUM
4,5,6,8,9,5,9,4,10,10,8,5,2,4,6,4,2,3,4,5,0.4968,MEDIUM
7,10,3,10,8,9,4,8,1,2,3,5,8,2,1,2,1,4,9,4,0.5253,MEDIUM
4,4,2,2,3,10,8,10,8,5,5,6,3,8,7,10,7,7,3,5,0.5255,MEDIUM
3,9,3,4,8,7,7,4,8,9,9,4,2,4,1,7,7,8,2,3,0.5025,MEDIUM
4,8,9,7,9,10,5,4,4,9,4,7,5,6,5,9,3,8,4,10,0.6033,HIGH
6,5,9,2,7,7,2,5,10,9,8,2,1,9,3,10,7,9,3,10,0.6591,HIGH
3,5,6,10,1,10,5,8,3,2,6,6,7,4,3,6,3,6,9,9,0.5643,MEDIUM
9,6,9,3,2,3,5,1,3,4,9,2,5,1,5,10,1,10,9,8,0.4449,MEDIUM
4,2,4,4,2,3,6,7,9,1,10,7,4,5,9,10,4,7,6,10,0.4679,MEDIUM
5,6,6,8,1,2,8,3,8,9,6,4,10,9,8,5,6,8,4,7,0.4994,MEDIUM
5,2,5,10,3,9,7,5,1,2,9,2,1,2,3,10,1,1,3,2,0.4395,MEDIUM
1,8,10,7,4,7,7,10,1,3,1,6,2,1,10,4,3,9,3,2,0.2463,LOW
3,6,3,9,6,6,3,1,3,10,9,2,4,6,3,9,4,4,9,9,0.6107,HIGH
3,9,6,6,8,9,7,8,10,7,4,1,3,4,6,10,9,9,7,1,0.5102,MEDIUM
1,1,1,1,5,7,9,4,6,3,5,2,6,1,8,7,6,3,4,4,0.383,MEDIUM
6,8,1,2,10,2,7,6,1,10,3,10,9,1,7,6,2,6,3,8,0.4546,MEDIUM
1,2,3,8,5,1,2,3,10,7,8,7,5,3,5,10,6,5,8,7,0.5964,MEDIUM
8,2,10,3,3,5,8,9,3,3,2,4,3,6,9,9,1,8,7,2,0.3954,MEDIUM
3,10,3,8,1,7,6,4,7,7,2,3,2,2,3,4,8,10,3,9,0.4426,MEDIUM
2,5,9,1,3,3,10,9,4,6,9,8,5,8,5,5,2,3,5,1,0.3145,LOW
5,4,9,5,3,9,9,4,4,6,2,2,6,9,3,8,1,3,5,6,0.4517,MEDIUM
3,9,6,10,3,4,5,5,7,4,4,3,2,2,2,10,5,8,1,2,0.4702,MEDIUM
2,8,3,4,10,7,4,2,10,1,2,1,8,7,3,4,8,9,6,6,0.6038,HIGH
7,8,2,3,4,1,2,7,8,5,4,1,3,2,3,1,7,7,4,3,0.4524,MEDIUM
7,8,4,10,6,9,10,5,9,4,3,9,7,5,7,5,2,3,7,7,0.4316,MEDIUM
4,1,6,10,7,9,4,3,9,3,4,4,2,8,8,8,4,7,5,10,0.594,MEDIUM
4,4,6,5,7,9,2,8,6,6,8,10,6,9,8,9,1,7,7,9,0.5559,MEDIUM
7,7,1,10,7,9,6,1,8,6,7,7,4,9,7,3,4,4,9,9,0.557,MEDIUM
5,2,1,2,8,10,6,9,1,5,10,6,7,7,1,4,6,7,3,4,0.6475,HIGH
9,1,3,6,6,6,8,9,2,8,10,5,7,4,3,10,6,2,5,7,0.6553,HIGH
8,5,8,1,3,4,8,6,7,2,10,1,5,3,5,5,7,3,5,2,0.4452,MEDIUM
7,8,5,10,8,5,9,10,10,6,9,4,10,7,1,5,9,4,2,9,0.6102,HIGH
3,2,2,9,2,5,9,6,1,7,2,9,8,10,10,7,4,5,5,1,0.4418,MEDIUM
7,1,9,9,3,5,8,10,3,3,3,10,8,9,4,1,10,10,2,8,0.5647,MEDIUM
10,3,3,10,4,10,9,10,1,9,6,6,4,3,8,8,8,8,1,6,0.5628,MEDIUM
6,1,4,8,2,9,2,10,7,3,5,8,7,7,6,10,1,6,4,5,0.6318,HIGH
10,8,6,8,5,5,6,2,1,2,6,10,9,5,6,6,6,5,6,7,0.5073,MEDIUM
3,4,3,2,8,10,2,5,1,2,9,7,5,4,6,8,2,7,2,8,0.561,MEDIUM
1,3,10,8,3,8,3,1,3,10,5,6,6,5,7,10,8,3,7,2,0.49,MEDIUM
5,3,5,5,9,4,10,5,2,8,6,8,3,4,1,9,10,7,2,3,0.5235,MEDIUM
7,10,5,5,7,6,6,2,8,4,8,3,4,5,3,4,9,3,4,9,0.5732,MEDIUM
10,3,6,7,6,9,5,7,7,4,8,7,9,3,9,8,5,3,6,10,0.6123,HIGH
5,4,8,4,6,10,2,9,2,6,9,1,9,5,10,10,5,8,7,7,0.6022,HIGH
3,8,4,9,8,3,5,9,9,7,4,6,10,3,3,2,7,10,4,4,0.5432,MEDIUM
8,6,4,7,2,5,4,3,7,10,10,6,4,8,7,9,9,3,5,1,0.5595,MEDIUM
10,2,10,5,2,3,3,10,6,5,8,1,4,5,9,10,10,4,2,10,0.5262,MEDIUM
3,7,5,10,10,3,9,10,9,3,2,8,5,5,10,5,6,10,9,7,0.5109,MEDIUM
8,4,10,3,2,2,3,2,10,7,2,9,8,3,1,1,2,1,3,10,0.4439,MEDIUM
3,8,2,9,3,3,10,1,10,5,5,7,8,6,1,8,6,1,5,7,0.3957,MEDIUM
2,3,3,5,8,2,5,2,2,7,8,4,10,7,5,6,1,7,8,7,0.6003,HIGH
2,5,7,2,2,8,8,7,10,7,10,4,10,2,2,1,10,9,10,9,0.6449,HIGH
4,10,8,4,10,6,3,8,4,7,8,5,2,4,1,5,6,1,5,8,0.4816,MEDIUM
5,5,3,5,4,9,4,8,4,10,1,1,8,2,4,7,6,10,2,1,0.5773,MEDIUM
7,2,9,4,6,6,5,10,7,10,5,5,8,2,1,8,10,3,4,6,0.6057,HIGH
10,6,6,2,1,8,3,6,5,6,8,1,3,8,9,10,3,10,3,2,0.577,MEDIUM
5,8,7,3,3,9,10,9,10,10,3,5,3,9,1,4,2,1,9,5,0.5338,MEDIUM
7,2,8,6,10,3,7,6,10,10,4,9,8,9,9,9,6,9,9,3,0.5496,MEDIUM
9,2,9,9,10,7,7,8,3,8,2,9,6,1,9,2,5,7,4,6,0.5013,MEDIUM
9,1,9,1,6,8,10,2,7,4,4,10,3,9,3,10,9,2,2,9,0.4751,MEDIUM
7,3,5,4,9,1,2,2,9,1,4,9,7,6,1,4,1,7,7,7,0.5089,MEDIUM
6,6,8,6,2,9,5,3,4,9,2,5,10,1,1,7,7,7,4,3,0.4709,MEDIUM
3,6,9,2,7,1,3,3,4,8,8,10,10,5,6,1,6,5,10,6,0.5144,MEDIUM
3,3,3,5,10,9,7,8,10,5,3,3,1,6,9,6,10,3,8,8,0.6249,HIGH
6,2,4,1,10,4,8,4,3,10,8,3,10,2,5,1,3,3,7,9,0.4926,MEDIUM
1,9,2,5,7,4,6,6,1,7,7,7,6,5,1,8,10,2,4,8,0.4522,MEDIUM
1,6,8,2,2,4,3,8,3,4,6,7,7,3,6,8,9,4,3,2,0.379,MEDIUM
7,9,5,5,6,7,6,6,3,1,2,4,4,3,1,6,8,4,8,2,0.4729,MEDIUM
10,5,1,3,1,8,2,3,8,8,8,2,10,2,1,2,7,5,7,1,0.6041,HIGH
9,3,9,3,2,10,3,8,3,7,6,8,6,6,3,10,4,3,8,7,0.6112,HIGH
8,4,4,1,3,3,10,4,1,9,5,9,6,2,2,2,7,1,9,9,0.4538,MEDIUM
7,3,2,7,5,10,5,3,1,3,8,9,2,9,4,3,6,3,5,5,0.5332,MEDIUM
9,6,4,2,8,3,7,9,3,2,6,6,7,8,2,10,3,1,2,3,0.4909,MEDIUM
5,9,5,5,2,8,2,6,5,5,4,10,7,2,9,10,1,8,9,4,0.3944,MEDIUM
2,6,3,4,5,10,10,4,8,3,7,10,10,6,2,10,2,4,3,1,0.4533,MEDIUM
6,9,6,4,8,5,9,6,9,1,5,9,3,8,7,5,3,4,4,7,0.448,MEDIUM
10,4,10,1,10,2,5,8,3,1,1,9,1,10,2,3,6,8,4,8,0.4479,MEDIUM
9,3,2,1,6,7,8,4,4,9,1,7,7,6,3,6,7,8,1,6,0.5423,MEDIUM
6,4,5,4,6,4,6,7,6,1,3,7,8,2,6,4,5,6,6,8,0.4484,MEDIUM
5,1,5,5,10,10,3,8,2,2,1,9,4,8,10,1,9,8,10,9,0.5088,MEDIUM
1,5,2,9,7,6,7,8,4,9,6,7,5,9,9,1,1,2,3,6,0.4506,MEDIUM
4,10,1,6,4,3,2,6,10,7,4,7,1,5,1,3,5,6,2,8,0.5013,MEDIUM
2,10,5,10,5,6,3,9,4,2,6,4,4,9,10,7,1,2,1,6,0.4016,MEDIUM
3,9,3,3,8,6,4,5,10,6,9,8,6,7,8,5,5,4,7,4,0.4961,MEDIUM
3,3,6,1,4,3,5,7,8,8,9,2,8,4,3,3,7,6,8,2,0.5013,MEDIUM
2,5,2,9,8,4,5,8,8,8,9,5,3,7,6,10,8,10,9,5,0.7114,HIGH
4,7,3,1,2,8,2,2,2,5,3,4,1,9,2,9,4,8,3,7,0.4604,MEDIUM
1,4,5,7,4,2,8,9,10,1,3,4,7,8,4,10,7,4,7,10,0.6137,HIGH
10,7,10,2,8,9,8,1,1,2,8,5,6,4,9,9,4,3,3,2,0.4389,MEDIUM
10,8,5,1,3,9,3,4,2,7,5,4,1,4,6,10,1,2,9,2,0.4356,MEDIUM
9,2,1,3,2,1,6,1,3,6,4,9,2,3,1,5,5,7,10,8,0.4319,MEDIUM
10,6,6,10,4,7,7,6,5,6,6,3,2,9,1,9,6,10,6,5,0.5443,MEDIUM
5,9,7,4,5,9,8,2,9,4,3,10,6,1,7,1,9,2,1,10,0.3022,LOW
10,9,5,6,3,8,7,2,10,9,9,1,3,5,3,8,5,4,5,2,0.495,MEDIUM
9,5,3,5,4,6,1,5,9,2,5,9,6,4,10,7,9,4,2,9,0.5718,MEDIUM
6,10,3,5,10,4,5,8,4,8,3,6,8,8,4,1,7,4,9,6,0.5491,MEDIUM
6,7,2,10,1,9,1,7,4,5,3,6,9,8,10,8,8,3,7,3,0.5711,MEDIUM
6,8,7,3,3,10,8,9,3,5,9,10,2,9,3,5,6,6,4,8,0.3945,MEDIUM
3,5,3,1,1,10,3,10,10,7,10,6,3,9,1,8,1,8,8,2,0.5521,MEDIUM
9,9,2,6,9,6,9,3,3,8,10,4,6,7,3,6,6,10,2,7,0.6244,HIGH
6,5,4,5,10,7,8,1,10,8,4,9,10,4,10,2,2,3,9,2,0.467,MEDIUM
2,1,2,9,1,2,4,9,1,6,3,1,7,4,6,8,3,5,4,5,0.4941,MEDIUM
5,1,5,9,10,1,3,2,8,8,3,1,8,5,5,8,3,3,8,7,0.6226,HIGH
5,4,10,2,2,8,3,3,9,4,8,6,2,10,9,3,9,8,1,5,0.521,MEDIUM
9,6,10,6,10,4,9,10,8,9,8,3,7,2,10,7,10,8,2,7,0.5689,MEDIUM
9,8,8,6,5,2,2,9,5,8,7,3,10,8,5,10,5,10,8,10,0.675,HIGH
2,7,2,8,2,1,3,8,7,4,1,10,1,2,6,8,4,1,5,6,0.3799,MEDIUM
3,4,2,10,2,4,5,4,8,6,8,5,7,8,7,7,6,5,3,1,0.6179,HIGH
10,9,7,7,7,5,6,1,8,1,8,4,2,9,2,5,5,3,2,1,0.366,MEDIUM
3,1,10,1,2,7,8,5,5,4,7,2,10,4,6,4,9,6,9,3,0.5107,MEDIUM
5,1,7,9,6,9,9,10,4,9,2,4,6,3,5,7,3,5,8,1,0.5287,MEDIUM
3,2,8,8,1,3,6,4,9,4,7,10,8,8,10,2,1,10,10,3,0.4671,MEDIUM
3,1,9,10,7,10,6,9,3,6,2,8,5,10,2,5,6,6,10,3,0.5515,MEDIUM
6,4,5,7,1,6,9,2,2,10,6,3,4,7,2,4,8,8,6,4,0.5147,MEDIUM
5,3,5,6,10,2,3,6,4,7,9,6,9,7,5,4,4,2,2,5,0.5562,MEDIUM
6,10,4,10,3,1,8,8,1,9,4,10,6,5,1,7,4,6,2,7,0.5745,MEDIUM
1,10,9,5,2,5,6,5,9,4,1,4,9,7,1,7,6,6,2,3,0.4601,MEDIUM
9,2,3,2,9,5,1,8,7,7,8,4,10,1,5,10,1,8,9,3,0.6161,HIGH
