city,barangay,date,month,precipitation,temp_mean,temp_min,temp_max,heat_index,wind_speed,relative_humidity,zone,evacuation_status,household_members,zone_incident_count,tag_bedridden,tag_pwd,tag_senior_citizen,tag_pregnant,tag_infant,rainy_season,weather_risk,risk_score,risk_label
Cagayan de Oro,Kauswagan,2003-11-04,11,6.8,27.86,24.88,29.97,32.27,3.71,84.1,Zone 5,Safe,2,2,1,0,0,1,0,1,Medium,100,HIGH
Cagayan de Oro,Kauswagan,2005-01-01,1,3.68,26.78,24.84,29.54,30.35,1.39,75.7,Zone 4,Safe,4,1,0,0,0,1,0,0,,37,LOW
Cagayan de Oro,Kauswagan,2021-04-15,4,5.31,27.58,25.52,31.25,30.71,1.61,71.3,Zone 3,Evacuated,3,1,0,0,0,0,0,1,,81,HIGH
Cagayan de Oro,Kauswagan,2013-03-07,3,4.7,28.58,26.88,31.03,33.1,2.97,85.2,Zone 1,Safe,6,1,1,0,0,1,0,0,,60,MEDIUM
Cagayan de Oro,Kauswagan,2020-07-03,7,9.41,28.56,26.47,31.63,33.08,1.74,85.2,Zone 3,Unaccounted,6,1,1,0,0,0,0,1,Medium,100,HIGH
Cagayan de Oro,Kauswagan,2012-11-08,11,6.36,27.6,24.13,31.24,31.81,2.97,82.1,Zone 5,Unaccounted,7,1,0,0,1,0,0,1,,100,HIGH
Cagayan de Oro,Kauswagan,2014-03-12,3,7.4,29.05,27.13,31.22,32.64,3.56,75.9,Zone 6,Unaccounted,2,1,0,0,0,0,0,1,Medium,89,HIGH
Cagayan de Oro,Kauswagan,2008-12-08,12,4.47,26.03,23.61,28.2,30.44,1.85,84.1,Zone 3,Unaccounted,9,0,0,0,0,0,0,0,,100,HIGH
Cagayan de Oro,Kauswagan,2004-01-08,1,4.06,27.31,24.2,29.81,31.34,3.57,80.3,Zone 5,Safe,10,2,0,0,0,0,0,0,Medium,100,HIGH
Cagayan de Oro,Kauswagan,2015-11-16,11,10.72,27.1,23.83,30.21,30.8,3.82,77.0,Zone 1,Safe,3,1,0,0,1,0,0,1,Medium,58,MEDIUM
Cagayan de Oro,Kauswagan,2016-12-19,12,7.5,26.58,23.28,29.08,31.01,2.86,84.3,Zone 3,Safe,3,0,0,0,0,0,0,1,Medium,97,HIGH
Cagayan de Oro,Kauswagan,2006-01-28,1,5.56,27.84,26.03,29.74,32.24,2.91,84.0,Zone 3,Evacuated,10,0,0,0,0,0,0,1,,83,HIGH
Cagayan de Oro,Kauswagan,2011-08-17,8,9.32,27.55,24.11,31.2,31.48,3.75,79.3,Zone 4,Safe,2,2,0,0,1,0,0,1,Medium,55,MEDIUM
Cagayan de Oro,Kauswagan,2006-11-11,11,13.11,26.4,24.31,28.3,30.38,3.39,79.8,Zone 1,Safe,5,3,1,0,0,0,1,1,Medium,84,HIGH
Cagayan de Oro,Kauswagan,2019-11-10,11,8.03,28.53,25.81,30.41,32.93,2.88,84.0,Zone 2,Evacuated,9,3,1,1,1,0,0,1,Medium,100,HIGH
Cagayan de Oro,Kauswagan,2014-01-04,1,12.26,27.34,24.08,30.92,31.02,3.31,76.8,Zone 2,Safe,1,0,1,0,0,0,0,1,Medium,69,MEDIUM
Cagayan de Oro,Kauswagan,2018-02-24,2,5.85,27.27,24.14,31.21,29.91,2.91,66.4,Zone 2,Safe,3,0,0,0,0,0,0,1,,54,MEDIUM
Cagayan de Oro,Kauswagan,2011-09-06,9,8.64,27.27,24.71,30.29,31.86,0.07,85.9,Zone 5,Unaccounted,9,2,0,0,1,0,0,1,Medium,100,HIGH
Cagayan de Oro,Kauswagan,2014-07-22,7,8.54,26.46,24.08,29.25,30.43,1.31,79.7,Zone 1,Safe,4,1,0,0,0,0,0,1,Medium,51,MEDIUM
Cagayan de Oro,Kauswagan,2021-09-08,9,9.96,27.4,25.46,29.08,32.09,2.19,86.9,Zone 3,Evacuated,4,1,0,0,0,0,0,1,Medium,89,HIGH
Cagayan de Oro,Kauswagan,2019-06-03,6,7.61,28.49,26.51,31.66,33.0,1.12,85.1,Zone 5,Safe,3,2,0,0,0,1,1,1,Medium,100,HIGH
Cagayan de Oro,Kauswagan,2018-04-26,4,2.81,29.91,26.8,31.89,33.77,4.17,78.6,Zone 4,Safe,7,0,0,0,0,0,0,0,Medium,36,LOW
Cagayan de Oro,Kauswagan,2006-12-02,12,4.99,28.04,26.42,31.36,32.82,3.55,87.8,Zone 1,Unaccounted,2,0,0,0,0,0,0,0,Medium,52,MEDIUM
Cagayan de Oro,Kauswagan,2016-08-05,8,10.3,26.62,24.75,29.28,31.33,1.4,87.1,Zone 3,Unaccounted,2,1,1,0,0,0,1,1,Medium,100,HIGH
Cagayan de Oro,Kauswagan,2020-01-21,1,12.09,26.49,23.32,30.41,30.15,3.17,76.6,Zone 5,Unaccounted,4,0,0,0,0,0,0,1,Medium,100,HIGH
Cagayan de Oro,Kauswagan,2015-04-28,4,9.26,30.83,27.53,32.74,34.0,2.25,71.7,Zone 6,Safe,7,0,0,0,1,1,0,1,Medium,90,HIGH
Cagayan de Oro,Kauswagan,2020-07-23,7,12.68,28.75,25.93,31.47,33.67,1.46,89.2,Zone 6,Safe,4,3,0,0,0,0,1,1,Medium,93,HIGH
Cagayan de Oro,Kauswagan,2013-01-24,1,11.36,28.17,26.56,31.13,32.06,3.52,78.9,Zone 1,Safe,9,0,1,1,0,0,1,1,Medium,81,HIGH
Cagayan de Oro,Kauswagan,2010-10-03,10,7.6,26.53,24.22,30.38,31.35,4.09,88.2,Zone 2,Safe,10,1,0,0,0,1,0,1,Medium,83,HIGH
Cagayan de Oro,Kauswagan,2021-11-19,11,9.49,26.7,24.15,30.54,31.31,4.02,86.1,Zone 6,Safe,6,1,0,0,0,0,0,1,Medium,78,HIGH
Cagayan de Oro,Kauswagan,2012-11-21,11,8.85,27.72,25.31,31.54,31.47,1.57,77.5,Zone 3,Unaccounted,1,1,1,0,1,0,1,1,Medium,100,HIGH
Cagayan de Oro,Kauswagan,2011-04-17,4,14.52,28.61,26.85,30.98,32.39,3.15,77.8,Zone 4,Safe,4,0,0,0,0,0,0,1,Medium,38,LOW
Cagayan de Oro,Kauswagan,2012-09-23,9,8.97,27.37,24.65,31.34,31.48,3.67,81.1,Zone 1,Evacuated,1,2,1,0,0,0,0,1,Medium,49,MEDIUM
Cagayan de Oro,Kauswagan,2006-03-09,3,6.49,28.69,25.41,32.05,32.01,3.43,73.2,Zone 3,Safe,5,1,0,1,0,0,0,1,Medium,100,HIGH
Cagayan de Oro,Kauswagan,2011-11-21,11,11.29,27.19,24.68,29.32,31.77,2.61,85.8,Zone 5,Unaccounted,1,1,0,0,0,0,0,1,Medium,100,HIGH
Cagayan de Oro,Kauswagan,2003-05-02,5,7.26,28.55,26.38,30.38,32.57,2.56,80.2,Zone 5,Unaccounted,3,1,0,0,0,1,0,1,Medium,100,HIGH
Cagayan de Oro,Kauswagan,2006-09-01,9,10.42,28.51,26.86,32.22,33.37,1.78,88.6,Zone 5,Unaccounted,9,1,0,0,0,0,0,1,Medium,100,HIGH
Cagayan de Oro,Kauswagan,2016-09-05,9,13.88,28.1,26.35,30.37,33.17,2.51,90.7,Zone 5,Unaccounted,1,3,0,0,0,0,0,1,Medium,100,HIGH
Cagayan de Oro,Kauswagan,2006-04-22,4,6.66,28.94,26.73,31.84,31.78,0.7,68.4,Zone 2,Unaccounted,10,1,1,1,0,0,1,1,,100,HIGH
Cagayan de Oro,Kauswagan,2008-07-01,7,9.75,27.37,24.4,29.7,31.05,2.93,76.8,Zone 5,Unaccounted,4,1,1,0,0,1,0,1,Medium,100,HIGH
Cagayan de Oro,Kauswagan,2018-01-28,1,3.4,26.93,24.99,30.47,31.35,2.65,84.2,Zone 2,Safe,5,2,1,1,0,0,0,0,,83,HIGH
Cagayan de Oro,Kauswagan,2015-11-07,11,11.81,29.07,26.91,32.73,33.92,3.49,88.5,Zone 6,Unaccounted,5,1,0,0,0,0,1,1,Medium,100,HIGH
Cagayan de Oro,Kauswagan,2006-06-01,6,10.03,28.0,24.75,30.15,32.02,0.5,80.2,Zone 1,Safe,5,1,0,0,1,0,0,1,Medium,61,MEDIUM
Cagayan de Oro,Kauswagan,2013-12-26,12,4.51,28.63,26.26,32.59,32.6,2.12,79.7,Zone 3,Safe,10,0,0,0,0,0,0,0,,90,HIGH
Cagayan de Oro,Kauswagan,2019-07-01,7,10.54,28.81,25.46,31.66,33.36,4.48,85.5,Zone 5,Evacuated,4,1,0,0,0,0,0,1,Medium,93,HIGH
Cagayan de Oro,Kauswagan,2022-11-11,11,7.4,26.58,24.45,30.2,30.79,4.75,82.1,Zone 2,Evacuated,5,1,0,0,1,0,0,1,Medium,63,MEDIUM
Cagayan de Oro,Kauswagan,2012-07-23,7,7.93,27.72,25.11,29.7,31.32,0.94,76.0,Zone 5,Evacuated,7,2,0,1,1,0,1,1,Medium,100,HIGH
Cagayan de Oro,Kauswagan,2003-09-27,9,10.7,27.03,24.92,29.06,31.55,5.32,85.2,Zone 6,Evacuated,10,2,0,0,0,0,0,1,High,80,HIGH
Cagayan de Oro,Kauswagan,2009-08-22,8,10.52,27.65,25.13,31.13,32.41,2.65,87.6,Zone 5,Unaccounted,3,2,0,0,0,0,0,1,Medium,100,HIGH
Cagayan de Oro,Kauswagan,2022-11-21,11,7.36,29.29,27.12,32.84,33.86,2.59,85.7,Zone 3,Evacuated,5,1,0,0,0,0,0,1,Medium,91,HIGH
Cagayan de Oro,Kauswagan,2010-01-02,1,13.46,27.37,23.9,30.4,31.52,1.94,81.5,Zone 1,Evacuated,8,0,0,1,0,0,0,1,Medium,47,MEDIUM
Cagayan de Oro,Kauswagan,2015-12-23,12,9.63,27.02,24.53,29.13,31.5,4.24,84.8,Zone 6,Evacuated,1,2,1,0,0,1,0,1,Medium,80,HIGH
Cagayan de Oro,Kauswagan,2019-04-06,4,6.16,29.5,27.07,32.39,33.02,1.65,75.2,Zone 5,Unaccounted,2,0,0,0,1,0,1,1,,100,HIGH
Cagayan de Oro,Kauswagan,2019-08-20,8,19.68,26.62,24.27,30.39,30.85,3.89,82.3,Zone 6,Safe,3,2,0,0,0,0,0,1,High,87,HIGH
Cagayan de Oro,Kauswagan,2010-05-25,5,11.92,28.85,25.67,31.04,32.29,2.81,74.4,Zone 6,Evacuated,8,1,0,0,0,0,0,1,Medium,66,MEDIUM
Cagayan de Oro,Kauswagan,2012-02-23,2,5.39,28.26,26.29,30.6,31.86,3.52,76.0,Zone 1,Unaccounted,2,0,0,0,0,0,0,1,Medium,60,MEDIUM
Cagayan de Oro,Kauswagan,2009-12-05,12,12.0,26.81,25.18,29.33,31.67,3.78,88.6,Zone 3,Safe,7,0,1,0,0,1,0,1,Medium,100,HIGH
Cagayan de Oro,Kauswagan,2018-10-13,10,9.35,26.54,25.03,28.92,31.25,3.3,87.1,Zone 5,Evacuated,7,1,0,0,0,0,1,1,Medium,100,HIGH
Cagayan de Oro,Kauswagan,2010-04-16,4,2.39,28.79,26.74,31.5,31.25,4.62,64.6,Zone 6,Safe,7,1,1,1,0,0,0,0,Medium,94,HIGH
Cagayan de Oro,Kauswagan,2021-07-19,7,9.11,28.89,26.06,30.6,33.12,2.74,82.3,Zone 5,Safe,8,1,0,0,0,0,0,1,Medium,100,HIGH
Cagayan de Oro,Kauswagan,2017-06-07,6,11.63,28.12,25.97,31.52,32.05,4.13,79.3,Zone 1,Safe,7,1,0,0,0,0,0,1,Medium,57,MEDIUM
Cagayan de Oro,Kauswagan,2020-01-24,1,6.67,28.46,26.86,32.34,32.14,2.49,76.8,Zone 3,Safe,2,1,1,0,0,0,0,1,,100,HIGH
Cagayan de Oro,Kauswagan,2003-04-07,4,4.24,29.42,26.68,31.52,32.92,2.61,75.0,Zone 3,Safe,2,0,0,0,0,0,0,0,,80,HIGH
Cagayan de Oro,Kauswagan,2014-12-09,12,5.87,27.67,25.83,30.69,31.8,3.68,81.3,Zone 6,Evacuated,2,1,0,0,0,0,0,1,Medium,56,MEDIUM
Cagayan de Oro,Kauswagan,2021-05-04,5,5.2,29.24,27.69,31.52,33.75,2.99,85.1,Zone 5,Evacuated,7,0,1,0,0,0,0,1,,98,HIGH
Cagayan de Oro,Kauswagan,2010-10-23,10,10.12,28.95,27.25,32.38,33.31,3.67,83.6,Zone 5,Unaccounted,10,3,1,0,0,0,1,1,Medium,100,HIGH
Cagayan de Oro,Kauswagan,2016-06-18,6,7.62,27.42,24.6,29.09,32.03,0.33,86.1,Zone 1,Evacuated,1,3,1,0,0,1,0,1,Medium,63,MEDIUM
Cagayan de Oro,Kauswagan,2017-06-21,6,15.88,28.79,25.88,31.38,33.22,3.66,84.3,Zone 2,Evacuated,5,2,0,1,0,1,1,1,High,94,HIGH
Cagayan de Oro,Kauswagan,2011-12-19,12,13.2,28.48,26.34,30.59,32.86,2.34,83.8,Zone 6,Unaccounted,5,2,0,0,0,0,0,1,Medium,100,HIGH
Cagayan de Oro,Kauswagan,2022-08-19,8,7.57,27.37,24.53,29.71,31.99,1.18,86.2,Zone 3,Safe,6,1,0,0,0,0,0,1,Medium,100,HIGH
Cagayan de Oro,Kauswagan,2011-05-11,5,15.29,29.42,26.16,32.67,32.04,1.42,66.2,Zone 3,Safe,1,0,0,0,0,0,0,1,High,100,HIGH
Cagayan de Oro,Kauswagan,2016-04-24,4,3.23,29.04,26.56,32.44,32.95,2.87,79.1,Zone 6,Evacuated,8,0,0,0,0,0,0,0,,45,MEDIUM
Cagayan de Oro,Kauswagan,2015-05-08,5,9.87,27.92,25.04,30.19,30.97,3.14,70.5,Zone 5,Safe,8,0,0,0,0,0,0,1,Medium,100,HIGH
Cagayan de Oro,Kauswagan,2013-12-18,12,7.26,27.06,24.86,29.69,31.26,4.96,82.0,Zone 5,Safe,4,0,0,0,0,0,0,1,Medium,100,HIGH
Cagayan de Oro,Kauswagan,2020-02-24,2,6.17,28.42,25.02,31.65,32.53,2.7,81.1,Zone 3,Safe,8,0,0,0,0,0,1,1,,100,HIGH
Cagayan de Oro,Kauswagan,2006-10-10,10,9.02,28.2,25.03,30.44,32.43,2.09,82.3,Zone 1,Safe,5,1,0,0,1,0,0,1,Medium,61,MEDIUM
Cagayan de Oro,Kauswagan,2020-01-02,1,3.76,28.36,26.28,32.22,32.51,2.34,81.5,Zone 3,Evacuated,8,0,0,0,0,0,0,0,,75,HIGH
Cagayan de Oro,Kauswagan,2018-05-16,5,6.18,30.27,27.89,32.23,34.26,2.9,79.9,Zone 6,Safe,8,0,0,0,0,0,0,1,,68,MEDIUM
Cagayan de Oro,Kauswagan,2021-08-03,8,7.96,28.24,25.48,29.87,32.63,0.5,83.9,Zone 6,Safe,10,3,0,0,0,0,0,1,Medium,93,HIGH
Cagayan de Oro,Kauswagan,2020-04-04,4,5.96,27.65,24.62,30.67,30.9,2.41,72.5,Zone 2,Evacuated,4,1,0,0,0,0,0,1,,46,MEDIUM
Cagayan de Oro,Kauswagan,2021-08-10,8,6.81,27.99,24.51,30.25,32.79,2.15,88.0,Zone 3,Evacuated,10,3,0,0,0,0,0,1,,100,HIGH
Cagayan de Oro,Kauswagan,2009-04-21,4,5.66,28.42,26.39,30.12,31.39,1.83,69.7,Zone 2,Safe,9,0,0,0,0,0,0,1,,62,MEDIUM
Cagayan de Oro,Kauswagan,2022-08-23,8,6.45,27.45,25.01,29.03,31.97,0.0,85.2,Zone 5,Safe,5,2,0,0,0,0,0,1,,100,HIGH
Cagayan de Oro,Kauswagan,2011-11-08,11,7.13,28.56,25.48,31.62,33.2,1.76,86.4,Zone 5,Evacuated,4,1,0,1,0,0,0,1,Medium,100,HIGH
Cagayan de Oro,Kauswagan,2007-05-27,5,4.56,28.22,26.58,30.13,32.77,2.13,85.5,Zone 3,Safe,10,3,0,0,0,0,0,0,,100,HIGH
Cagayan de Oro,Kauswagan,2012-08-23,8,10.21,26.81,23.91,30.67,31.32,3.66,85.1,Zone 4,Safe,8,1,0,0,0,1,0,1,Medium,59,MEDIUM
Cagayan de Oro,Kauswagan,2022-12-11,12,7.06,25.33,23.33,27.06,29.11,1.41,77.8,Zone 3,Unaccounted,10,0,0,0,0,0,0,1,Medium,100,HIGH
Cagayan de Oro,Kauswagan,2011-11-27,11,5.5,27.08,24.43,30.49,31.07,2.08,79.9,Zone 6,Safe,9,2,0,1,1,1,0,1,,100,HIGH
Cagayan de Oro,Kauswagan,2018-08-03,8,11.26,28.12,25.92,30.45,32.27,2.5,81.5,Zone 4,Evacuated,3,1,0,0,1,0,0,1,Medium,36,LOW
Cagayan de Oro,Kauswagan,2020-11-13,11,8.71,28.87,27.3,30.59,33.01,1.7,81.4,Zone 3,Safe,2,3,0,0,0,0,0,1,Medium,100,HIGH
Cagayan de Oro,Kauswagan,2003-09-27,9,9.0,28.15,25.33,31.01,32.66,2.65,85.1,Zone 3,Safe,4,1,0,0,0,1,0,1,Medium,100,HIGH
Cagayan de Oro,Kauswagan,2004-11-15,11,6.36,27.1,25.19,29.97,31.25,2.0,81.5,Zone 3,Unaccounted,8,3,0,0,0,0,0,1,,100,HIGH
Cagayan de Oro,Kauswagan,2022-01-21,1,2.27,27.75,24.65,31.02,31.71,2.4,79.6,Zone 6,Safe,1,0,0,0,0,0,0,0,,48,MEDIUM
Cagayan de Oro,Kauswagan,2006-02-15,2,8.17,27.07,24.27,28.95,30.98,2.75,79.1,Zone 5,Unaccounted,5,0,0,0,0,0,0,1,Medium,100,HIGH
Cagayan de Oro,Kauswagan,2010-08-16,8,10.98,26.99,24.58,28.85,31.26,1.3,82.7,Zone 3,Safe,10,1,1,0,1,0,0,1,Medium,100,HIGH
Cagayan de Oro,Kauswagan,2019-07-11,7,8.87,27.55,25.52,29.06,31.34,3.46,77.9,Zone 5,Evacuated,10,1,0,1,0,0,0,1,Medium,100,HIGH
Cagayan de Oro,Kauswagan,2018-08-18,8,10.79,26.31,24.12,29.19,30.75,2.01,84.4,Zone 2,Safe,8,3,0,1,0,1,0,1,Medium,100,HIGH
Cagayan de Oro,Kauswagan,2016-04-28,4,2.39,29.41,27.82,32.77,33.15,3.43,77.4,Zone 5,Evacuated,7,0,0,1,0,0,0,0,Medium,95,HIGH
Cagayan de Oro,Kauswagan,2007-08-02,8,7.64,26.77,24.27,29.75,31.34,2.61,85.7,Zone 2,Unaccounted,8,1,1,1,0,1,0,1,Medium,100,HIGH
Cagayan de Oro,Kauswagan,2005-11-05,11,7.19,28.86,26.42,32.78,33.11,2.64,82.5,Zone 5,Safe,7,2,0,0,0,1,1,1,Medium,100,HIGH
Cagayan de Oro,Kauswagan,2018-06-21,6,7.16,28.24,25.0,29.83,32.66,3.74,84.2,Zone 4,Safe,5,3,0,0,0,1,0,1,Medium,66,MEDIUM
Cagayan de Oro,Kauswagan,2006-02-25,2,4.86,28.26,25.87,31.5,31.86,4.06,76.0,Zone 3,Unaccounted,1,0,0,0,0,0,0,0,Medium,100,HIGH
Cagayan de Oro,Kauswagan,2016-06-12,6,9.72,27.83,26.04,30.66,31.4,2.52,75.7,Zone 6,Safe,3,1,0,0,0,0,0,1,Medium,73,HIGH
Cagayan de Oro,Kauswagan,2010-07-20,7,9.55,27.88,25.38,30.84,31.93,2.84,80.5,Zone 6,Safe,5,1,0,0,0,1,0,1,Medium,84,HIGH
Cagayan de Oro,Kauswagan,2020-05-22,5,6.59,28.88,27.06,31.48,32.68,4.0,78.0,Zone 4,Safe,10,0,0,1,1,1,0,1,Medium,71,HIGH
Cagayan de Oro,Kauswagan,2018-04-13,4,9.04,29.12,27.41,31.57,31.98,1.52,68.6,Zone 5,Safe,5,3,0,0,0,0,0,1,Medium,100,HIGH
Cagayan de Oro,Kauswagan,2011-11-13,11,8.11,27.92,26.4,31.58,32.08,3.49,81.6,Zone 5,Evacuated,1,3,0,0,1,0,0,1,Medium,100,HIGH
Cagayan de Oro,Kauswagan,2014-04-20,4,4.44,28.44,26.5,30.42,31.57,1.84,71.3,Zone 5,Safe,3,1,1,1,1,0,0,0,,100,HIGH
Cagayan de Oro,Kauswagan,2014-01-19,1,9.41,28.01,25.05,29.74,31.16,2.84,71.5,Zone 3,Safe,7,0,0,0,0,0,0,1,Medium,100,HIGH
Cagayan de Oro,Kauswagan,2019-09-12,9,8.57,28.07,25.57,30.25,32.21,0.0,81.4,Zone 6,Safe,8,3,0,0,0,0,0,1,Medium,93,HIGH
Cagayan de Oro,Kauswagan,2006-06-26,6,7.48,30.61,28.17,32.3,34.73,2.56,81.2,Zone 6,Evacuated,4,3,0,0,0,1,0,1,Medium,79,HIGH
Cagayan de Oro,Kauswagan,2005-09-12,9,17.65,27.87,24.79,29.4,32.46,3.03,85.9,Zone 2,Safe,8,1,0,0,1,0,0,1,High,91,HIGH
Cagayan de Oro,Kauswagan,2014-10-13,10,8.33,29.01,27.29,31.09,33.48,2.62,84.7,Zone 6,Safe,9,1,1,0,0,0,0,1,Medium,93,HIGH
Cagayan de Oro,Kauswagan,2017-11-27,11,10.84,28.02,24.7,30.28,32.08,2.34,80.6,Zone 3,Safe,3,1,0,0,0,0,0,1,Medium,100,HIGH
Cagayan de Oro,Kauswagan,2006-08-04,8,13.22,25.74,23.77,28.58,30.15,3.25,84.1,Zone 3,Safe,6,2,0,0,0,0,1,1,Medium,100,HIGH
Cagayan de Oro,Kauswagan,2007-07-19,7,9.71,27.59,24.32,30.73,31.54,2.32,79.5,Zone 2,Unaccounted,10,1,1,0,1,0,1,1,Medium,100,HIGH
Cagayan de Oro,Kauswagan,2010-08-15,8,10.37,27.47,24.26,29.22,32.4,0.29,89.3,Zone 5,Evacuated,9,3,1,0,0,0,0,1,Medium,100,HIGH
Cagayan de Oro,Kauswagan,2009-07-09,7,6.22,28.21,24.77,32.08,32.29,2.3,80.8,Zone 6,Unaccounted,2,2,0,0,0,0,1,1,,95,HIGH
Cagayan de Oro,Kauswagan,2013-01-02,1,5.62,27.32,25.33,29.13,30.81,3.31,74.9,Zone 6,Safe,2,2,0,0,0,0,1,1,Medium,84,HIGH
Cagayan de Oro,Kauswagan,2010-04-27,4,6.06,27.91,25.75,29.78,31.77,0.0,78.6,Zone 3,Unaccounted,1,0,1,1,1,0,0,1,,100,HIGH
Cagayan de Oro,Kauswagan,2003-02-22,2,4.16,27.66,25.9,30.06,31.48,2.19,78.2,Zone 6,Evacuated,10,0,0,0,0,0,0,0,,45,MEDIUM
Cagayan de Oro,Kauswagan,2016-01-05,1,6.44,26.14,23.59,29.5,29.8,2.42,76.6,Zone 2,Safe,6,0,0,0,0,0,0,1,,59,MEDIUM
Cagayan de Oro,Kauswagan,2022-09-08,9,11.49,27.42,25.83,30.88,31.64,1.63,82.2,Zone 5,Unaccounted,9,1,1,0,0,0,0,1,Medium,100,HIGH
Cagayan de Oro,Kauswagan,2015-01-16,1,4.36,27.1,24.75,28.87,31.1,1.24,80.0,Zone 3,Evacuated,8,0,0,0,0,0,0,0,,75,HIGH
Cagayan de Oro,Kauswagan,2005-10-05,10,8.23,26.75,25.0,29.81,31.24,2.8,84.9,Zone 3,Safe,6,1,0,0,1,0,0,1,Medium,100,HIGH
Cagayan de Oro,Kauswagan,2022-08-17,8,10.15,26.85,24.49,30.33,30.68,4.62,78.3,Zone 6,Safe,9,2,0,0,0,0,0,1,Medium,87,HIGH
Cagayan de Oro,Kauswagan,2016-08-08,8,11.36,26.95,24.77,29.58,31.98,0.4,90.3,Zone 3,Safe,2,1,0,0,0,0,0,1,Medium,100,HIGH
Cagayan de Oro,Kauswagan,2007-05-12,5,8.68,27.46,24.59,30.15,30.36,1.85,69.0,Zone 6,Safe,2,0,0,0,0,0,0,1,Medium,65,MEDIUM
Cagayan de Oro,Kauswagan,2007-12-12,12,10.5,27.28,24.67,30.25,31.25,4.12,79.7,Zone 1,Safe,6,1,0,0,0,0,0,1,Medium,55,MEDIUM
Cagayan de Oro,Kauswagan,2016-11-25,11,9.59,28.14,24.9,31.44,32.19,2.0,80.5,Zone 5,Unaccounted,10,1,0,0,0,0,0,1,Medium,100,HIGH
Cagayan de Oro,Kauswagan,2007-09-07,9,18.99,27.48,24.67,29.54,31.33,3.16,78.5,Zone 4,Safe,9,1,0,1,0,0,1,1,High,76,HIGH
Cagayan de Oro,Kauswagan,2020-07-28,7,9.89,28.22,24.77,31.77,33.27,4.38,90.5,Zone 5,Evacuated,9,1,1,0,1,1,0,1,Medium,100,HIGH
Cagayan de Oro,Kauswagan,2012-05-23,5,4.92,29.85,26.51,32.23,33.6,0.0,77.5,Zone 1,Safe,3,0,0,0,0,0,0,0,,29,LOW
Cagayan de Oro,Kauswagan,2003-03-24,3,3.7,28.26,26.58,31.09,31.19,3.2,69.3,Zone 3,Safe,8,0,0,0,0,0,0,0,Medium,97,HIGH
Cagayan de Oro,Kauswagan,2021-12-11,12,7.56,26.59,23.9,30.3,30.92,0.4,83.3,Zone 3,Safe,10,0,0,0,0,0,0,1,Medium,100,HIGH
Cagayan de Oro,Kauswagan,2016-08-22,8,10.86,27.74,25.27,30.35,32.48,0.68,87.4,Zone 1,Safe,9,1,0,0,0,0,0,1,Medium,58,MEDIUM
Cagayan de Oro,Kauswagan,2021-05-22,5,4.87,29.99,27.52,33.16,33.45,2.79,74.6,Zone 1,Safe,7,3,0,0,0,0,0,0,,54,MEDIUM
Cagayan de Oro,Kauswagan,2009-04-10,4,8.68,28.76,25.73,32.17,31.44,2.02,66.8,Zone 5,Safe,2,0,0,1,0,0,0,1,Medium,100,HIGH
Cagayan de Oro,Kauswagan,2020-03-13,3,7.23,28.84,25.93,31.59,31.63,3.87,67.9,Zone 2,Unaccounted,6,0,1,0,0,1,0,1,Medium,100,HIGH
Cagayan de Oro,Kauswagan,2005-01-15,1,10.36,27.02,23.8,29.96,31.25,2.64,82.3,Zone 5,Safe,7,0,0,0,0,0,0,1,Medium,100,HIGH
Cagayan de Oro,Kauswagan,2022-06-06,6,13.01,29.35,26.93,32.57,33.37,3.26,80.2,Zone 3,Safe,7,3,0,0,0,0,0,1,Medium,100,HIGH
Cagayan de Oro,Kauswagan,2019-10-13,10,8.67,27.61,25.95,31.29,32.19,2.24,85.8,Zone 6,Evacuated,4,1,0,0,0,0,0,1,Medium,59,MEDIUM
Cagayan de Oro,Kauswagan,2006-09-21,9,17.59,27.34,24.78,29.32,31.65,3.56,83.1,Zone 5,Evacuated,6,2,0,1,0,0,1,1,High,100,HIGH
Cagayan de Oro,Kauswagan,2011-02-05,2,2.51,27.9,26.01,30.91,31.18,4.03,72.8,Zone 5,Evacuated,2,0,0,0,0,1,1,0,Medium,91,HIGH
Cagayan de Oro,Kauswagan,2021-10-25,10,7.72,25.96,23.56,29.77,30.1,3.75,81.4,Zone 5,Safe,10,1,0,1,1,1,0,1,Medium,100,HIGH
Cagayan de Oro,Kauswagan,2017-02-16,2,8.96,27.97,25.21,31.46,31.96,2.56,79.9,Zone 5,Safe,6,0,0,0,0,0,0,1,Medium,100,HIGH
Cagayan de Oro,Kauswagan,2004-08-02,8,27.27,27.05,24.81,29.27,31.35,0.0,83.0,Zone 5,Evacuated,2,2,0,0,0,1,0,1,High,100,HIGH
Cagayan de Oro,Kauswagan,2004-10-18,10,11.62,26.09,23.69,29.61,30.14,3.45,80.5,Zone 2,Evacuated,6,2,1,0,0,0,0,1,Medium,75,HIGH
Cagayan de Oro,Kauswagan,2013-08-04,8,7.81,26.76,23.3,28.47,30.49,1.05,77.3,Zone 5,Evacuated,1,1,0,0,0,0,0,1,Medium,88,HIGH
Cagayan de Oro,Kauswagan,2019-08-17,8,8.07,26.94,24.22,29.35,32.36,1.7,94.2,Zone 2,Unaccounted,7,1,0,0,0,0,0,1,Medium,92,HIGH
Cagayan de Oro,Kauswagan,2013-10-02,10,22.46,28.8,27.17,30.54,32.57,2.59,77.7,Zone 2,Evacuated,5,1,0,1,0,0,1,1,High,80,HIGH
Cagayan de Oro,Kauswagan,2021-06-03,6,8.1,28.0,25.17,31.79,32.0,2.3,80.0,Zone 6,Safe,7,1,1,0,0,0,0,1,Medium,92,HIGH
Cagayan de Oro,Kauswagan,2015-05-18,5,10.58,28.26,25.47,30.58,32.18,3.76,79.2,Zone 2,Safe,9,0,0,0,0,0,1,1,Medium,76,HIGH
Cagayan de Oro,Kauswagan,2014-06-01,6,11.17,27.94,25.82,31.82,33.08,3.63,91.4,Zone 5,Safe,8,1,1,1,0,0,1,1,Medium,100,HIGH
Cagayan de Oro,Kauswagan,2020-02-17,2,3.73,27.97,24.8,31.68,31.89,3.8,79.2,Zone 4,Safe,6,2,0,0,0,0,1,0,Medium,53,MEDIUM
Cagayan de Oro,Kauswagan,2008-07-05,7,5.72,26.79,24.93,30.02,31.54,1.36,87.5,Zone 4,Evacuated,3,2,0,0,0,0,0,1,,27,LOW
Cagayan de Oro,Kauswagan,2010-06-22,6,7.75,27.65,24.21,30.68,30.46,1.46,68.1,Zone 5,Evacuated,8,1,0,0,0,0,0,1,Medium,100,HIGH
Cagayan de Oro,Kauswagan,2009-08-27,8,14.05,26.69,24.45,30.56,30.53,3.06,78.4,Zone 6,Unaccounted,8,2,0,0,0,1,1,1,Medium,100,HIGH
Cagayan de Oro,Kauswagan,2009-03-27,3,9.22,28.44,25.34,30.29,32.1,3.36,76.6,Zone 6,Safe,8,2,1,0,0,0,0,1,Medium,99,HIGH
Cagayan de Oro,Kauswagan,2019-12-28,12,9.8,28.53,25.33,30.74,32.37,3.08,78.4,Zone 6,Evacuated,5,0,0,0,0,1,0,1,Medium,63,MEDIUM
Cagayan de Oro,Kauswagan,2017-02-08,2,9.59,26.83,23.56,30.66,30.25,3.09,74.2,Zone 5,Safe,7,0,0,0,0,0,0,1,Medium,100,HIGH
Cagayan de Oro,Kauswagan,2010-02-12,2,8.93,27.5,25.94,31.33,31.53,0.71,80.3,Zone 6,Unaccounted,6,1,0,0,0,0,0,1,Medium,96,HIGH
Cagayan de Oro,Kauswagan,2018-05-27,5,8.25,28.12,25.23,29.97,32.32,2.76,82.0,Zone 2,Evacuated,8,1,1,0,1,0,1,1,Medium,87,HIGH
Cagayan de Oro,Kauswagan,2022-03-18,3,8.33,28.14,25.58,29.92,32.12,0.77,79.8,Zone 6,Safe,5,0,0,0,0,0,0,1,Medium,70,HIGH
Cagayan de Oro,Kauswagan,2022-11-26,11,7.0,27.93,25.52,29.71,32.16,2.01,82.3,Zone 5,Unaccounted,10,1,0,0,0,0,1,1,Medium,100,HIGH
Cagayan de Oro,Kauswagan,2007-04-23,4,1.2,29.57,27.49,31.07,32.68,2.65,71.1,Zone 6,Safe,10,0,1,0,0,0,0,0,,72,HIGH
Cagayan de Oro,Kauswagan,2005-09-12,9,19.06,26.98,23.57,29.84,31.43,0.06,84.5,Zone 5,Evacuated,9,1,0,0,0,0,0,1,High,100,HIGH
Cagayan de Oro,Kauswagan,2015-08-02,8,9.25,27.27,23.81,29.4,31.28,2.29,80.1,Zone 5,Safe,2,1,1,0,0,0,0,1,Medium,100,HIGH
Cagayan de Oro,Kauswagan,2013-10-24,10,11.77,28.55,26.78,30.93,32.86,1.12,83.1,Zone 6,Safe,3,3,0,0,0,1,0,1,Medium,93,HIGH
Cagayan de Oro,Kauswagan,2007-11-06,11,6.91,28.93,27.3,32.37,33.59,2.25,86.6,Zone 3,Safe,5,1,1,0,1,0,0,1,,100,HIGH
Cagayan de Oro,Kauswagan,2015-05-17,5,5.29,29.02,25.54,31.88,33.0,2.09,79.8,Zone 3,Safe,4,0,1,0,1,0,0,1,,100,HIGH
Cagayan de Oro,Kauswagan,2014-05-04,5,15.11,29.02,26.65,31.52,32.9,3.37,78.8,Zone 6,Safe,7,0,0,0,0,0,0,1,High,82,HIGH
Cagayan de Oro,Kauswagan,2014-12-16,12,8.55,27.56,24.21,30.36,32.16,3.09,86.0,Zone 3,Unaccounted,7,0,0,1,0,0,0,1,Medium,100,HIGH
Cagayan de Oro,Kauswagan,2013-09-10,9,8.55,26.79,25.08,29.11,30.75,2.12,79.6,Zone 3,Safe,8,2,0,0,0,0,0,1,Medium,100,HIGH
Cagayan de Oro,Kauswagan,2014-12-15,12,3.81,27.75,25.36,31.07,31.6,3.69,78.5,Zone 3,Unaccounted,10,3,0,0,0,0,0,0,Medium,100,HIGH
Cagayan de Oro,Kauswagan,2015-01-03,1,4.06,26.65,24.42,30.15,31.44,1.9,87.9,Zone 3,Evacuated,1,0,0,0,0,1,0,0,,71,HIGH
Cagayan de Oro,Kauswagan,2005-01-05,1,8.13,27.58,25.61,30.69,31.37,1.81,77.9,Zone 2,Safe,10,0,0,0,0,0,0,1,Medium,69,MEDIUM
Cagayan de Oro,Kauswagan,2014-08-12,8,10.73,27.58,25.19,29.27,32.29,4.64,87.1,Zone 1,Safe,6,1,0,1,0,0,0,1,Medium,65,MEDIUM
Cagayan de Oro,Kauswagan,2008-02-01,2,4.11,27.53,25.03,30.0,31.12,2.4,75.9,Zone 1,Safe,5,1,0,1,0,0,0,0,,48,MEDIUM
Cagayan de Oro,Kauswagan,2018-10-10,10,8.81,26.65,24.75,28.49,31.45,3.25,88.0,Zone 2,Safe,3,3,0,0,0,0,0,1,Medium,79,HIGH
Cagayan de Oro,Kauswagan,2013-02-26,2,4.63,26.86,24.02,30.13,31.28,2.93,84.2,Zone 6,Safe,5,2,0,1,1,0,0,0,,85,HIGH
Cagayan de Oro,Kauswagan,2006-09-08,9,10.98,28.27,24.8,31.75,32.82,3.64,85.5,Zone 5,Safe,8,1,0,0,1,0,0,1,Medium,100,HIGH
Cagayan de Oro,Kauswagan,2020-08-26,8,9.71,29.35,27.59,33.06,33.7,2.75,83.5,Zone 1,Safe,7,3,0,0,0,0,1,1,Medium,76,HIGH
Cagayan de Oro,Kauswagan,2016-07-25,7,7.02,27.38,24.23,29.06,32.03,3.86,86.5,Zone 4,Unaccounted,2,1,0,0,1,0,0,1,Medium,67,MEDIUM
Cagayan de Oro,Kauswagan,2020-03-27,3,5.0,28.7,25.92,30.65,31.75,3.18,70.5,Zone 5,Unaccounted,7,0,1,1,0,0,0,1,Medium,100,HIGH
Cagayan de Oro,Kauswagan,2008-05-06,5,5.82,29.11,26.96,32.38,33.08,3.55,79.7,Zone 3,Safe,9,2,0,1,1,0,0,1,Medium,100,HIGH
Cagayan de Oro,Kauswagan,2011-11-18,11,6.21,29.2,27.45,31.46,33.46,4.64,82.6,Zone 6,Safe,9,2,0,0,0,0,1,1,Medium,94,HIGH
Cagayan de Oro,Kauswagan,2022-03-06,3,8.8,27.64,24.7,30.65,31.46,2.72,78.2,Zone 2,Unaccounted,10,0,1,0,0,0,1,1,Medium,100,HIGH
Cagayan de Oro,Kauswagan,2021-11-25,11,10.8,28.22,26.19,30.25,32.68,1.68,84.6,Zone 6,Safe,10,2,0,0,0,0,0,1,Medium,87,HIGH
Cagayan de Oro,Kauswagan,2012-11-18,11,7.42,27.37,24.59,29.63,31.01,2.44,76.4,Zone 6,Safe,7,1,0,0,0,0,0,1,Medium,80,HIGH
Cagayan de Oro,Kauswagan,2017-01-06,1,3.73,27.39,25.06,30.05,30.73,2.88,73.4,Zone 3,Safe,3,0,0,0,1,0,0,0,,90,HIGH
Cagayan de Oro,Kauswagan,2014-07-05,7,18.47,26.8,24.27,28.57,31.64,1.65,88.4,Zone 2,Safe,2,1,0,0,0,0,0,1,High,73,HIGH
Cagayan de Oro,Kauswagan,2012-02-02,2,12.75,27.28,23.89,30.94,30.14,2.81,68.6,Zone 5,Safe,3,2,1,1,1,0,0,1,Medium,100,HIGH
Cagayan de Oro,Kauswagan,2017-08-17,8,9.84,26.49,23.99,28.76,30.65,3.12,81.6,Zone 2,Safe,7,1,1,1,1,0,0,1,Medium,100,HIGH
Cagayan de Oro,Kauswagan,2018-01-10,1,5.16,28.18,25.48,31.79,32.47,2.39,82.9,Zone 5,Evacuated,5,0,0,1,0,1,0,1,,100,HIGH
Cagayan de Oro,Kauswagan,2014-05-24,5,6.84,29.5,26.47,31.91,32.97,1.84,74.7,Zone 1,Safe,10,0,0,0,0,0,0,1,,45,MEDIUM
Cagayan de Oro,Kauswagan,2015-05-03,5,6.64,28.37,25.86,31.78,31.89,3.04,75.2,Zone 4,Safe,10,1,0,0,0,0,0,1,Medium,51,MEDIUM
Cagayan de Oro,Kauswagan,2014-02-13,2,4.07,27.86,24.77,30.21,31.51,3.8,76.5,Zone 4,Unaccounted,3,0,0,0,0,0,1,0,Medium,54,MEDIUM
Cagayan de Oro,Kauswagan,2004-01-02,1,5.34,27.52,25.75,29.85,30.94,3.27,74.2,Zone 5,Safe,8,0,0,1,1,0,0,1,Medium,100,HIGH
Cagayan de Oro,Kauswagan,2008-10-11,10,17.89,26.98,24.69,30.02,31.81,2.3,88.3,Zone 2,Unaccounted,10,1,0,0,0,1,1,1,High,100,HIGH
Cagayan de Oro,Kauswagan,2012-12-19,12,8.71,28.9,26.45,30.44,33.39,2.87,84.9,Zone 5,Safe,2,3,1,0,0,0,0,1,Medium,100,HIGH
Cagayan de Oro,Kauswagan,2011-10-16,10,7.39,27.86,24.43,31.32,31.83,3.3,79.7,Zone 5,Evacuated,10,1,0,0,0,0,0,1,Medium,100,HIGH
Cagayan de Oro,Kauswagan,2019-08-06,8,8.23,27.84,25.08,30.89,32.74,2.2,89.0,Zone 5,Unaccounted,3,3,0,0,0,0,0,1,Medium,100,HIGH
Cagayan de Oro,Kauswagan,2006-10-23,10,10.18,27.78,25.9,30.38,31.51,1.38,77.3,Zone 5,Safe,7,2,0,0,0,0,0,1,Medium,100,HIGH
Cagayan de Oro,Kauswagan,2004-10-16,10,12.77,28.01,25.1,30.81,32.93,2.19,89.2,Zone 2,Safe,8,1,0,0,0,0,0,1,Medium,75,HIGH
Cagayan de Oro,Kauswagan,2020-03-15,3,4.58,26.79,24.61,29.18,29.94,4.36,71.5,Zone 3,Evacuated,5,1,0,0,0,0,0,0,Medium,83,HIGH
Cagayan de Oro,Kauswagan,2020-04-09,4,2.32,28.32,26.22,32.17,31.69,1.66,73.7,Zone 5,Unaccounted,5,1,0,0,0,1,0,0,,100,HIGH
Cagayan de Oro,Kauswagan,2014-06-16,6,7.45,27.95,25.33,31.79,32.17,3.85,82.2,Zone 3,Evacuated,5,1,0,0,0,1,0,1,Medium,99,HIGH
Cagayan de Oro,Kauswagan,2014-07-27,7,6.12,26.57,23.16,30.08,31.55,0.31,89.8,Zone 4,Safe,5,3,0,0,0,0,0,1,,51,MEDIUM
Cagayan de Oro,Kauswagan,2011-08-21,8,10.99,28.06,25.07,30.09,32.46,2.97,84.0,Zone 6,Unaccounted,5,3,0,1,0,0,0,1,Medium,100,HIGH
Cagayan de Oro,Kauswagan,2021-02-20,2,3.8,27.94,25.96,29.57,31.63,1.36,76.9,Zone 3,Unaccounted,4,1,0,0,0,0,0,0,,100,HIGH
Cagayan de Oro,Kauswagan,2018-07-11,7,9.18,27.31,25.61,30.74,30.95,2.98,76.4,Zone 5,Safe,9,3,0,0,0,0,0,1,Medium,100,HIGH
Cagayan de Oro,Kauswagan,2018-11-16,11,9.67,26.33,23.53,29.72,30.58,2.31,82.5,Zone 5,Safe,5,2,1,1,1,0,0,1,Medium,100,HIGH
Cagayan de Oro,Kauswagan,2004-12-24,12,7.65,27.48,24.15,29.42,31.64,1.38,81.6,Zone 3,Unaccounted,3,3,0,0,0,0,0,1,Medium,100,HIGH
Cagayan de Oro,Kauswagan,2018-07-26,7,18.48,27.74,25.87,31.11,31.91,2.58,81.7,Zone 5,Unaccounted,5,3,0,0,0,0,0,1,High,100,HIGH
Cagayan de Oro,Kauswagan,2006-10-20,10,17.38,27.81,24.45,30.15,32.1,2.98,82.9,Zone 2,Safe,9,1,0,1,0,1,0,1,High,100,HIGH
Cagayan de Oro,Kauswagan,2006-05-07,5,8.48,28.96,26.8,32.29,32.45,3.4,74.9,Zone 3,Evacuated,3,0,0,0,0,0,0,1,Medium,82,HIGH
Cagayan de Oro,Kauswagan,2009-05-19,5,9.85,28.75,26.9,32.39,33.08,1.51,83.3,Zone 2,Unaccounted,7,0,0,0,0,0,0,1,Medium,86,HIGH
Cagayan de Oro,Kauswagan,2008-11-04,11,11.66,26.61,23.15,29.3,31.12,1.62,85.1,Zone 6,Unaccounted,1,1,0,0,0,0,0,1,Medium,87,HIGH
Cagayan de Oro,Kauswagan,2012-05-11,5,6.46,30.5,27.84,33.43,33.49,2.82,69.9,Zone 3,Safe,6,1,0,0,0,0,0,1,,100,HIGH
Cagayan de Oro,Kauswagan,2012-02-15,2,6.82,27.5,25.68,30.72,31.37,1.57,78.7,Zone 3,Unaccounted,5,1,0,0,1,0,0,1,,100,HIGH
Cagayan de Oro,Kauswagan,2010-06-20,6,9.45,29.38,27.44,31.21,33.7,1.86,83.2,Zone 5,Safe,10,1,0,0,0,1,0,1,Medium,100,HIGH
Cagayan de Oro,Kauswagan,2009-09-26,9,7.66,26.83,23.81,30.03,31.1,2.26,82.7,Zone 4,Safe,2,1,0,0,1,0,0,1,Medium,49,MEDIUM
Cagayan de Oro,Kauswagan,2006-02-19,2,3.39,28.06,26.44,30.93,32.17,2.63,81.1,Zone 5,Safe,10,0,0,0,0,0,0,0,,94,HIGH
Cagayan de Oro,Kauswagan,2006-09-15,9,8.91,26.41,23.55,29.7,31.19,4.84,87.8,Zone 5,Safe,9,1,0,0,0,0,0,1,Medium,100,HIGH
Cagayan de Oro,Kauswagan,2016-03-17,3,5.47,27.56,25.15,29.2,30.66,3.26,71.0,Zone 4,Safe,5,1,0,0,0,0,0,1,Medium,46,MEDIUM
Cagayan de Oro,Kauswagan,2009-01-24,1,6.09,26.95,24.29,28.56,31.28,1.04,83.3,Zone 5,Safe,2,0,0,0,0,0,0,1,,92,HIGH
Cagayan de Oro,Kauswagan,2004-02-16,2,11.13,26.37,24.3,28.32,30.1,3.44,77.3,Zone 6,Safe,7,0,0,0,0,1,1,1,Medium,89,HIGH
Cagayan de Oro,Kauswagan,2020-07-03,7,8.66,27.98,26.21,31.63,32.17,2.93,81.9,Zone 5,Safe,9,1,0,0,0,0,0,1,Medium,100,HIGH
Cagayan de Oro,Kauswagan,2003-04-27,4,6.3,28.09,25.08,32.04,31.11,2.21,70.2,Zone 6,Safe,9,0,0,0,0,0,0,1,,68,MEDIUM
Cagayan de Oro,Kauswagan,2017-04-08,4,4.37,27.52,25.33,29.71,31.68,1.14,81.6,Zone 4,Unaccounted,2,0,0,0,0,0,1,0,,45,MEDIUM
Cagayan de Oro,Kauswagan,2009-01-08,1,12.01,27.2,25.57,30.18,30.85,3.06,76.5,Zone 6,Safe,1,0,0,0,0,0,0,1,Medium,63,MEDIUM
Cagayan de Oro,Kauswagan,2020-08-08,8,7.43,28.53,26.6,32.19,33.26,3.22,87.3,Zone 3,Safe,9,3,0,0,0,0,0,1,Medium,100,HIGH
Cagayan de Oro,Kauswagan,2013-12-19,12,4.27,27.02,24.37,30.45,30.71,4.08,76.9,Zone 6,Unaccounted,4,0,0,0,0,0,0,0,Medium,78,HIGH
Cagayan de Oro,Kauswagan,2010-11-17,11,9.35,27.76,25.43,29.95,33.05,2.14,92.9,Zone 5,Safe,10,3,1,0,0,1,1,1,Medium,100,HIGH
Cagayan de Oro,Kauswagan,2015-06-21,6,4.85,28.55,25.48,30.85,32.6,1.31,80.5,Zone 1,Safe,3,1,0,0,0,0,0,1,,43,MEDIUM
Cagayan de Oro,Kauswagan,2010-09-16,9,8.39,27.44,24.24,29.69,31.22,1.72,77.8,Zone 4,Evacuated,8,3,0,0,0,1,0,1,Medium,56,MEDIUM
Cagayan de Oro,Kauswagan,2007-09-17,9,9.82,26.77,24.49,28.91,31.49,0.96,87.2,Zone 5,Safe,2,3,1,1,0,0,0,1,Medium,100,HIGH
Cagayan de Oro,Kauswagan,2015-01-09,1,4.01,27.15,24.3,30.16,30.72,2.01,75.7,Zone 2,Unaccounted,4,2,0,0,0,0,1,0,,84,HIGH
Cagayan de Oro,Kauswagan,2009-04-16,4,4.19,28.3,25.06,30.63,31.61,1.63,73.1,Zone 6,Unaccounted,1,0,0,0,0,0,0,0,,66,MEDIUM
Cagayan de Oro,Kauswagan,2018-12-04,12,8.71,28.03,24.7,31.27,32.33,5.25,83.0,Zone 3,Evacuated,7,2,0,0,1,0,0,1,High,100,HIGH
Cagayan de Oro,Kauswagan,2020-07-15,7,7.49,28.59,25.79,30.86,32.79,1.09,82.0,Zone 3,Safe,8,1,0,0,1,1,0,1,Medium,100,HIGH
Cagayan de Oro,Kauswagan,2013-04-12,4,8.95,29.41,27.08,32.32,32.7,2.29,72.9,Zone 3,Safe,3,0,0,0,0,0,1,1,Medium,100,HIGH
Cagayan de Oro,Kauswagan,2016-10-24,10,8.02,26.86,24.77,28.85,31.3,1.16,84.4,Zone 2,Safe,10,3,0,0,0,0,0,1,Medium,87,HIGH
Cagayan de Oro,Kauswagan,2013-11-22,11,5.54,27.58,25.57,31.13,31.1,4.97,75.2,Zone 6,Unaccounted,8,1,0,0,1,0,0,1,Medium,100,HIGH
Cagayan de Oro,Kauswagan,2020-03-05,3,2.62,28.07,25.59,31.86,32.04,1.46,79.7,Zone 3,Safe,1,0,1,0,0,0,1,0,,97,HIGH
Cagayan de Oro,Kauswagan,2007-01-14,1,4.74,25.38,22.19,27.46,29.29,2.75,79.1,Zone 6,Evacuated,1,0,0,0,0,0,0,0,,33,LOW
Cagayan de Oro,Kauswagan,2022-01-20,1,9.98,26.3,22.97,29.45,29.46,2.01,71.6,Zone 6,Safe,9,0,0,0,0,0,0,1,Medium,75,HIGH
Cagayan de Oro,Kauswagan,2011-09-24,9,7.83,28.14,25.57,30.36,33.2,3.96,90.6,Zone 6,Safe,7,3,1,0,1,0,1,1,Medium,100,HIGH
Cagayan de Oro,Kauswagan,2009-03-08,3,5.9,28.23,25.49,30.36,31.25,2.58,70.2,Zone 5,Safe,7,0,0,1,1,1,0,1,,100,HIGH
Cagayan de Oro,Kauswagan,2005-04-10,4,4.72,28.87,26.06,32.52,32.26,1.95,73.9,Zone 1,Evacuated,2,0,0,0,0,0,0,0,,12,LOW
Cagayan de Oro,Kauswagan,2003-08-02,8,6.92,28.64,25.73,30.35,32.75,0.91,81.1,Zone 5,Unaccounted,6,1,1,0,0,0,1,1,,100,HIGH
Cagayan de Oro,Kauswagan,2021-04-07,4,5.6,28.45,26.0,30.07,31.86,1.65,74.1,Zone 5,Safe,5,2,1,0,0,0,0,1,,100,HIGH
Cagayan de Oro,Kauswagan,2013-03-28,3,5.03,29.15,27.62,31.17,32.15,1.9,70.0,Zone 2,Safe,7,3,0,0,0,0,0,1,,79,HIGH
Cagayan de Oro,Kauswagan,2021-10-08,10,10.61,28.48,25.31,30.95,32.65,2.55,81.7,Zone 6,Unaccounted,6,1,1,0,0,0,0,1,Medium,100,HIGH
Cagayan de Oro,Kauswagan,2014-09-24,9,14.06,28.84,27.23,31.43,33.64,3.21,88.0,Zone 5,Unaccounted,6,2,0,0,0,0,1,1,Medium,100,HIGH
Cagayan de Oro,Kauswagan,2013-07-25,7,8.17,27.63,26.07,29.81,31.79,0.96,81.6,Zone 3,Unaccounted,8,1,0,0,0,1,0,1,Medium,100,HIGH
Cagayan de Oro,Kauswagan,2021-07-06,7,9.52,27.92,25.1,29.63,32.13,2.1,82.1,Zone 2,Evacuated,4,2,0,0,0,0,0,1,Medium,59,MEDIUM
Cagayan de Oro,Kauswagan,2007-03-13,3,8.7,28.83,25.85,31.12,32.45,2.82,76.2,Zone 6,Safe,1,3,0,0,0,0,0,1,Medium,81,HIGH
Cagayan de Oro,Kauswagan,2007-05-04,5,12.87,28.55,26.88,31.13,32.64,2.33,80.9,Zone 5,Safe,9,0,0,0,0,0,0,1,Medium,100,HIGH
Cagayan de Oro,Kauswagan,2005-06-18,6,10.26,28.9,26.21,32.36,33.23,2.54,83.3,Zone 6,Unaccounted,1,1,0,0,0,0,0,1,Medium,87,HIGH
Cagayan de Oro,Kauswagan,2020-02-24,2,3.84,27.43,24.12,31.38,31.46,3.19,80.3,Zone 2,Safe,3,1,0,0,0,0,0,0,Medium,59,MEDIUM
Cagayan de Oro,Kauswagan,2011-05-10,5,7.11,29.78,27.29,31.44,34.3,3.79,85.2,Zone 4,Safe,7,0,0,0,1,0,1,1,Medium,59,MEDIUM
Cagayan de Oro,Kauswagan,2018-04-24,4,5.67,29.3,26.61,31.29,32.73,3.58,74.3,Zone 5,Safe,5,0,0,0,0,0,0,1,Medium,100,HIGH
Cagayan de Oro,Kauswagan,2013-10-13,10,7.37,27.48,25.1,30.06,32.21,1.39,87.3,Zone 6,Unaccounted,10,1,0,0,0,0,0,1,Medium,99,HIGH
Cagayan de Oro,Kauswagan,2018-12-07,12,6.8,26.96,24.83,30.87,31.16,0.82,82.0,Zone 5,Unaccounted,5,1,0,0,0,0,1,1,,100,HIGH
Cagayan de Oro,Kauswagan,2015-04-11,4,5.16,27.91,25.85,31.37,31.32,4.25,74.1,Zone 1,Safe,10,0,1,1,1,0,0,1,Medium,82,HIGH
Cagayan de Oro,Kauswagan,2009-08-23,8,10.34,26.71,24.33,28.94,31.03,1.52,83.2,Zone 6,Evacuated,7,2,0,0,0,0,0,1,Medium,71,HIGH
Cagayan de Oro,Kauswagan,2011-05-08,5,20.51,27.52,24.7,30.81,31.36,2.91,78.4,Zone 5,Evacuated,2,0,0,0,0,0,1,1,High,99,HIGH
Cagayan de Oro,Kauswagan,2019-07-18,7,10.37,27.2,23.85,30.87,32.07,1.81,88.7,Zone 2,Safe,1,2,0,0,0,0,0,1,Medium,69,MEDIUM
Cagayan de Oro,Kauswagan,2005-09-20,9,12.68,27.16,25.44,29.28,31.71,1.67,85.5,Zone 5,Evacuated,3,2,0,0,0,0,0,1,Medium,98,HIGH
Cagayan de Oro,Kauswagan,2015-11-22,11,10.6,28.37,24.94,30.7,32.42,3.49,80.5,Zone 5,Evacuated,2,1,0,0,0,0,0,1,Medium,90,HIGH
Cagayan de Oro,Kauswagan,2019-09-24,9,10.98,26.88,24.26,30.1,31.76,3.32,88.8,Zone 4,Safe,6,1,0,1,0,0,1,1,Medium,65,MEDIUM
Cagayan de Oro,Kauswagan,2018-06-01,6,8.11,27.79,26.08,30.33,31.65,2.34,78.6,Zone 2,Unaccounted,2,3,0,0,1,0,0,1,Medium,100,HIGH
Cagayan de Oro,Kauswagan,2017-05-11,5,7.43,29.66,26.59,32.46,34.0,1.21,83.4,Zone 5,Safe,2,0,0,0,1,0,0,1,Medium,100,HIGH
Cagayan de Oro,Kauswagan,2004-02-10,2,5.33,27.26,24.14,29.05,31.44,0.18,81.8,Zone 5,Unaccounted,2,1,0,0,0,0,0,1,,100,HIGH
Cagayan de Oro,Kauswagan,2019-12-08,12,4.4,26.36,24.51,28.26,30.25,3.43,78.9,Zone 4,Safe,8,0,0,0,0,0,0,0,Medium,37,LOW
Cagayan de Oro,Kauswagan,2016-03-06,3,5.6,27.94,25.65,31.28,31.29,2.98,73.5,Zone 5,Unaccounted,8,0,0,0,0,0,0,1,,100,HIGH
Cagayan de Oro,Kauswagan,2009-12-07,12,5.93,27.26,25.2,30.52,31.44,2.05,81.8,Zone 4,Evacuated,10,0,0,1,1,0,0,1,,41,MEDIUM
Cagayan de Oro,Kauswagan,2017-06-07,6,9.42,29.12,27.39,32.3,33.46,1.18,83.4,Zone 2,Safe,6,1,0,0,0,0,1,1,Medium,79,HIGH
Cagayan de Oro,Kauswagan,2014-02-12,2,8.33,27.6,24.41,30.64,30.91,1.43,73.1,Zone 3,Unaccounted,5,2,0,1,0,0,0,1,Medium,100,HIGH
Cagayan de Oro,Kauswagan,2010-06-04,6,13.06,27.76,25.65,29.72,31.84,4.38,80.8,Zone 5,Evacuated,9,1,0,0,0,0,1,1,Medium,100,HIGH
Cagayan de Oro,Kauswagan,2008-07-14,7,6.88,27.79,25.32,30.63,32.23,1.14,84.4,Zone 3,Unaccounted,3,1,0,0,0,0,0,1,,100,HIGH
Cagayan de Oro,Kauswagan,2013-03-06,3,5.03,28.17,24.99,31.22,31.95,2.62,77.8,Zone 1,Unaccounted,1,0,0,0,0,0,0,1,,51,MEDIUM
Cagayan de Oro,Kauswagan,2019-07-18,7,9.71,27.06,24.25,29.58,31.02,3.18,79.6,Zone 5,Safe,8,1,0,0,0,0,0,1,Medium,100,HIGH
Cagayan de Oro,Kauswagan,2010-01-26,1,6.15,27.48,25.4,29.67,30.96,2.12,74.8,Zone 2,Safe,3,1,0,0,0,1,0,1,,68,MEDIUM
Cagayan de Oro,Kauswagan,2006-09-17,9,9.2,27.04,24.39,29.21,31.95,5.7,89.1,Zone 2,Safe,6,1,0,1,0,1,0,1,High,98,HIGH
Cagayan de Oro,Kauswagan,2010-07-04,7,12.81,27.92,25.82,31.92,32.47,4.67,85.5,Zone 1,Safe,6,3,0,0,0,0,0,1,Medium,67,MEDIUM
Cagayan de Oro,Kauswagan,2010-02-25,2,4.37,27.45,25.53,30.79,30.97,4.91,75.2,Zone 3,Evacuated,10,1,0,0,0,0,0,0,Medium,88,HIGH
Cagayan de Oro,Kauswagan,2009-03-26,3,5.95,28.16,25.03,31.67,32.22,2.57,80.6,Zone 3,Safe,9,0,0,0,1,0,0,1,,100,HIGH
Cagayan de Oro,Kauswagan,2012-12-10,12,4.73,27.78,25.13,31.66,31.6,1.89,78.2,Zone 3,Safe,2,0,1,0,0,1,0,0,,100,HIGH
Cagayan de Oro,Kauswagan,2007-05-28,5,7.29,29.28,26.38,31.11,32.74,3.11,74.6,Zone 3,Safe,6,2,0,0,0,1,1,1,Medium,100,HIGH
Cagayan de Oro,Kauswagan,2011-03-19,3,16.04,27.51,24.75,29.95,31.04,3.56,75.3,Zone 4,Safe,2,0,0,0,1,0,0,1,High,51,MEDIUM
Cagayan de Oro,Kauswagan,2013-08-16,8,8.87,28.0,25.34,31.67,33.02,1.82,90.2,Zone 6,Unaccounted,2,2,0,0,0,0,0,1,Medium,95,HIGH
Cagayan de Oro,Kauswagan,2014-11-23,11,5.35,27.76,24.56,31.25,32.21,4.14,84.5,Zone 5,Safe,7,3,0,0,0,0,0,1,Medium,100,HIGH
Cagayan de Oro,Kauswagan,2012-06-27,6,12.36,28.35,26.17,31.29,32.06,2.64,77.1,Zone 5,Safe,8,2,1,0,0,0,1,1,Medium,100,HIGH
Cagayan de Oro,Kauswagan,2017-02-21,2,9.36,27.16,25.63,30.98,30.75,3.08,75.9,Zone 6,Safe,8,0,0,1,1,0,1,1,Medium,100,HIGH
Cagayan de Oro,Kauswagan,2011-05-06,5,4.41,28.79,27.1,31.19,32.51,3.41,77.2,Zone 2,Safe,3,0,0,1,0,0,0,0,Medium,63,MEDIUM
Cagayan de Oro,Kauswagan,2005-07-21,7,8.21,27.96,25.05,29.46,32.44,2.79,84.8,Zone 4,Safe,3,1,0,0,0,1,0,1,Medium,51,MEDIUM
Cagayan de Oro,Kauswagan,2013-01-01,1,14.71,27.16,24.03,31.13,31.42,4.22,82.6,Zone 2,Safe,3,0,0,0,0,0,0,1,Medium,61,MEDIUM
Cagayan de Oro,Kauswagan,2006-02-24,2,9.02,27.3,25.59,29.72,31.01,2.18,77.1,Zone 4,Safe,7,1,0,1,0,0,1,1,Medium,67,MEDIUM
Cagayan de Oro,Kauswagan,2021-02-17,2,6.81,27.98,26.46,31.11,31.79,2.87,78.1,Zone 4,Safe,4,1,0,0,0,0,0,1,,37,LOW
Cagayan de Oro,Kauswagan,2017-07-20,7,10.61,26.24,23.02,27.96,30.57,4.07,83.3,Zone 3,Safe,2,1,0,0,0,0,0,1,Medium,100,HIGH
Cagayan de Oro,Kauswagan,2007-07-11,7,8.75,28.59,26.59,31.7,33.21,1.49,86.2,Zone 5,Safe,10,2,1,0,0,0,0,1,Medium,100,HIGH
Cagayan de Oro,Kauswagan,2009-11-10,11,6.25,27.27,24.73,30.04,31.3,0.06,80.3,Zone 5,Evacuated,5,2,0,1,0,1,0,1,,100,HIGH
Cagayan de Oro,Kauswagan,2010-07-04,7,8.84,28.8,26.3,31.78,33.16,3.97,83.6,Zone 6,Safe,1,3,0,1,1,1,0,1,Medium,100,HIGH
Cagayan de Oro,Kauswagan,2020-07-12,7,10.59,27.17,24.3,30.58,32.05,1.15,88.8,Zone 1,Unaccounted,2,1,0,0,0,0,0,1,Medium,66,MEDIUM
Cagayan de Oro,Kauswagan,2004-05-07,5,4.67,29.62,26.27,33.49,33.02,3.43,74.0,Zone 5,Safe,5,1,0,0,0,1,0,0,Medium,100,HIGH
Cagayan de Oro,Kauswagan,2015-07-23,7,8.82,27.9,26.24,30.74,32.71,0.92,88.1,Zone 6,Evacuated,5,1,0,0,0,0,0,1,Medium,61,MEDIUM
Cagayan de Oro,Kauswagan,2007-04-26,4,9.67,29.33,26.76,31.81,32.15,3.5,68.2,Zone 6,Evacuated,2,0,0,0,0,0,0,1,Medium,50,MEDIUM
Cagayan de Oro,Kauswagan,2010-04-02,4,5.17,28.92,27.25,31.51,31.54,0.0,66.2,Zone 6,Safe,10,0,0,1,0,0,0,1,,78,HIGH
Cagayan de Oro,Kauswagan,2007-02-01,2,6.43,27.45,24.55,29.36,31.07,1.37,76.2,Zone 1,Unaccounted,9,0,0,1,1,0,0,1,,81,HIGH
Cagayan de Oro,Kauswagan,2011-06-05,6,10.62,28.84,25.87,30.64,32.87,3.4,80.3,Zone 6,Unaccounted,6,3,0,0,0,0,0,1,Medium,100,HIGH
Cagayan de Oro,Kauswagan,2021-02-09,2,8.9,27.08,24.32,29.82,31.04,2.04,79.6,Zone 2,Safe,1,0,0,0,1,0,0,1,Medium,65,MEDIUM
Cagayan de Oro,Kauswagan,2006-03-09,3,6.24,28.17,24.88,31.36,30.92,2.14,67.5,Zone 5,Safe,9,0,1,1,0,0,0,1,,100,HIGH
Cagayan de Oro,Kauswagan,2014-01-16,1,6.31,26.51,24.24,28.39,30.48,3.58,79.7,Zone 5,Unaccounted,1,0,0,1,0,1,1,1,Medium,100,HIGH
Cagayan de Oro,Kauswagan,2013-04-14,4,10.22,28.28,26.24,29.97,31.61,1.94,73.3,Zone 6,Safe,9,1,0,0,0,0,0,1,Medium,81,HIGH
Cagayan de Oro,Kauswagan,2019-04-26,4,7.87,28.83,25.37,32.72,32.27,3.9,74.4,Zone 2,Safe,8,2,0,0,1,0,1,1,Medium,96,HIGH
Cagayan de Oro,Kauswagan,2017-02-18,2,4.36,28.01,26.49,30.01,31.97,5.73,79.6,Zone 3,Safe,5,1,0,0,0,0,0,0,High,100,HIGH
Cagayan de Oro,Kauswagan,2018-06-19,6,9.42,28.22,24.72,31.66,32.77,2.78,85.5,Zone 3,Evacuated,9,2,0,0,0,0,0,1,Medium,100,HIGH
Cagayan de Oro,Kauswagan,2003-01-14,1,8.22,28.6,26.63,30.97,31.99,3.44,73.9,Zone 4,Unaccounted,1,3,0,0,0,0,0,1,Medium,69,MEDIUM
Cagayan de Oro,Kauswagan,2012-11-13,11,6.57,25.68,23.97,28.5,30.15,2.67,84.7,Zone 5,Safe,8,3,1,1,1,0,0,1,,100,HIGH
Cagayan de Oro,Kauswagan,2019-01-08,1,10.57,27.29,24.96,31.03,31.05,2.28,77.6,Zone 3,Safe,2,0,0,0,0,1,0,1,Medium,100,HIGH
Cagayan de Oro,Kauswagan,2021-02-19,2,5.5,25.85,24.23,29.01,29.73,1.01,78.8,Zone 3,Safe,5,0,0,0,0,0,0,1,,93,HIGH
Cagayan de Oro,Kauswagan,2013-07-23,7,7.69,27.81,25.67,29.99,32.64,1.81,88.3,Zone 5,Safe,4,1,1,1,0,0,0,1,Medium,100,HIGH
Cagayan de Oro,Kauswagan,2017-02-06,2,6.33,27.36,24.93,29.88,30.75,2.27,73.9,Zone 5,Safe,4,0,0,0,0,0,0,1,,95,HIGH
Cagayan de Oro,Kauswagan,2008-02-03,2,4.27,25.77,22.65,28.03,29.46,3.79,76.9,Zone 5,Evacuated,10,0,0,1,1,0,0,0,Medium,100,HIGH
Cagayan de Oro,Kauswagan,2010-02-23,2,18.21,26.98,23.54,29.47,30.13,0.27,71.5,Zone 3,Safe,5,0,1,1,0,1,0,1,High,100,HIGH
Cagayan de Oro,Kauswagan,2020-09-24,9,15.72,28.63,26.63,31.29,33.5,1.85,88.7,Zone 6,Unaccounted,3,1,0,0,0,0,0,1,High,99,HIGH
Cagayan de Oro,Kauswagan,2009-04-05,4,8.11,28.31,25.16,30.74,31.33,2.91,70.2,Zone 3,Evacuated,2,0,0,0,0,0,0,1,Medium,80,HIGH
Cagayan de Oro,Kauswagan,2005-02-01,2,4.74,27.25,25.35,30.36,31.56,1.91,83.1,Zone 1,Unaccounted,2,2,1,0,1,0,0,0,,77,HIGH
Cagayan de Oro,Kauswagan,2004-01-15,1,4.96,27.07,25.23,30.0,31.36,3.89,82.9,Zone 3,Unaccounted,7,0,0,0,0,0,0,0,Medium,100,HIGH
Cagayan de Oro,Kauswagan,2014-07-06,7,10.11,28.41,26.48,30.38,32.96,3.26,85.5,Zone 2,Safe,3,1,0,1,0,0,0,1,Medium,77,HIGH
Cagayan de Oro,Kauswagan,2018-11-10,11,13.54,27.0,24.68,29.88,30.62,1.73,76.2,Zone 3,Safe,5,1,0,0,0,0,0,1,Medium,100,HIGH
Cagayan de Oro,Kauswagan,2019-11-26,11,7.12,28.19,26.19,32.18,32.83,4.04,86.4,Zone 6,Safe,1,3,0,0,1,1,0,1,Medium,97,HIGH
Cagayan de Oro,Kauswagan,2018-09-26,9,13.18,26.8,24.61,29.71,30.92,1.19,81.2,Zone 5,Safe,5,1,0,0,0,0,0,1,Medium,100,HIGH
Cagayan de Oro,Kauswagan,2011-04-01,4,5.1,29.19,27.57,33.17,31.76,1.67,65.7,Zone 5,Safe,10,3,1,1,1,0,0,1,,100,HIGH
Cagayan de Oro,Kauswagan,2020-04-09,4,5.78,29.42,26.29,33.21,32.33,4.28,69.1,Zone 2,Safe,4,0,1,0,1,1,0,1,Medium,90,HIGH
Cagayan de Oro,Kauswagan,2021-03-08,3,4.22,27.76,25.62,31.11,31.28,2.31,75.2,Zone 5,Safe,10,0,0,0,0,0,1,0,,100,HIGH
Cagayan de Oro,Kauswagan,2021-10-05,10,8.2,26.93,23.53,30.52,31.77,1.08,88.4,Zone 5,Unaccounted,8,1,0,0,0,0,0,1,Medium,100,HIGH
Cagayan de Oro,Kauswagan,2004-01-03,1,7.45,26.83,24.86,28.88,30.61,1.12,77.8,Zone 1,Safe,1,0,0,1,0,0,0,1,Medium,50,MEDIUM
Cagayan de Oro,Kauswagan,2008-06-23,6,8.81,28.83,25.49,32.44,32.59,2.07,77.6,Zone 1,Safe,1,1,0,1,0,0,0,1,Medium,56,MEDIUM
Cagayan de Oro,Kauswagan,2019-02-28,2,6.23,27.22,24.0,31.12,30.88,2.77,76.6,Zone 6,Safe,7,0,0,0,0,0,0,1,,67,MEDIUM
Cagayan de Oro,Kauswagan,2008-06-05,6,8.03,27.31,24.35,29.9,31.72,0.05,84.1,Zone 2,Evacuated,8,2,0,0,0,0,0,1,Medium,66,MEDIUM
Cagayan de Oro,Kauswagan,2022-09-23,9,11.79,27.6,24.53,29.66,32.01,3.97,84.1,Zone 3,Safe,3,1,0,0,1,0,0,1,Medium,100,HIGH
Cagayan de Oro,Kauswagan,2003-03-06,3,3.14,27.41,24.01,31.28,30.93,3.09,75.2,Zone 3,Safe,10,0,0,0,0,0,1,0,Medium,100,HIGH
Cagayan de Oro,Kauswagan,2021-04-21,4,5.23,27.91,26.2,30.65,31.13,5.3,72.2,Zone 3,Safe,2,0,1,1,1,0,0,1,High,100,HIGH
Cagayan de Oro,Kauswagan,2013-11-21,11,22.06,28.32,25.93,30.48,33.4,3.85,90.8,Zone 2,Safe,2,1,1,0,0,0,1,1,High,92,HIGH
Cagayan de Oro,Kauswagan,2016-07-15,7,8.68,27.35,23.91,31.06,31.14,2.79,77.9,Zone 6,Safe,7,1,0,0,0,0,0,1,Medium,80,HIGH
Cagayan de Oro,Kauswagan,2021-08-26,8,14.97,29.02,26.22,32.24,33.38,2.84,83.6,Zone 5,Safe,2,2,0,0,0,0,0,1,Medium,100,HIGH
Cagayan de Oro,Kauswagan,2011-01-11,1,5.04,26.26,22.86,27.95,30.05,2.97,77.9,Zone 6,Safe,7,0,0,0,0,0,0,1,,67,MEDIUM
Cagayan de Oro,Kauswagan,2022-02-11,2,5.02,26.83,23.36,30.56,30.79,1.63,79.6,Zone 3,Evacuated,7,3,0,0,0,0,0,1,,100,HIGH
Cagayan de Oro,Kauswagan,2004-07-06,7,12.06,27.58,25.88,29.59,32.46,2.1,88.8,Zone 5,Safe,9,2,0,0,1,0,0,1,Medium,100,HIGH
Cagayan de Oro,Kauswagan,2012-11-10,11,10.22,27.44,25.46,29.06,31.69,3.7,82.5,Zone 4,Safe,8,1,0,0,0,0,0,1,Medium,51,MEDIUM
Cagayan de Oro,Kauswagan,2012-07-03,7,12.11,27.61,24.46,30.67,32.39,3.82,87.8,Zone 2,Safe,2,1,0,0,0,0,0,1,Medium,65,MEDIUM
Cagayan de Oro,Kauswagan,2018-05-03,5,6.71,28.77,25.58,31.04,32.01,1.68,72.4,Zone 6,Safe,8,2,0,0,0,0,0,1,,80,HIGH
Cagayan de Oro,Kauswagan,2015-11-18,11,5.99,28.29,26.42,32.0,32.8,3.36,85.1,Zone 2,Safe,8,1,0,0,0,0,0,1,Medium,75,HIGH
Cagayan de Oro,Kauswagan,2011-05-08,5,9.4,30.15,27.52,32.03,33.98,3.04,78.3,Zone 5,Evacuated,2,0,0,0,0,0,0,1,Medium,84,HIGH
Cagayan de Oro,Kauswagan,2021-09-14,9,7.26,27.38,25.42,29.03,31.22,0.54,78.4,Zone 1,Safe,9,1,0,0,0,1,0,1,Medium,66,MEDIUM
Cagayan de Oro,Kauswagan,2018-10-08,10,8.49,27.39,25.29,29.88,31.8,3.23,84.1,Zone 3,Unaccounted,1,1,1,1,0,0,1,1,Medium,100,HIGH
Cagayan de Oro,Kauswagan,2008-08-06,8,9.19,27.6,24.16,31.12,32.03,2.6,84.3,Zone 1,Safe,7,1,0,1,0,0,0,1,Medium,67,MEDIUM
Cagayan de Oro,Kauswagan,2022-11-05,11,7.05,26.99,24.97,30.77,31.64,1.74,86.5,Zone 6,Unaccounted,2,1,0,0,0,0,1,1,Medium,96,HIGH
Cagayan de Oro,Kauswagan,2011-06-28,6,8.08,29.01,26.47,32.8,32.59,2.34,75.8,Zone 5,Safe,10,1,1,0,0,1,0,1,Medium,100,HIGH
Cagayan de Oro,Kauswagan,2021-03-05,3,13.43,29.06,26.38,32.46,32.22,2.9,71.6,Zone 6,Unaccounted,2,0,0,0,0,0,0,1,Medium,83,HIGH
Cagayan de Oro,Kauswagan,2020-05-28,5,8.79,28.17,24.91,31.86,31.51,2.73,73.4,Zone 5,Safe,8,0,0,0,0,0,0,1,Medium,100,HIGH
Cagayan de Oro,Kauswagan,2015-03-09,3,5.17,28.55,26.76,31.57,32.14,4.14,75.9,Zone 4,Evacuated,1,0,1,1,0,0,0,1,Medium,40,MEDIUM
Cagayan de Oro,Kauswagan,2011-12-16,12,4.92,28.01,24.72,29.56,31.38,2.47,73.7,Zone 2,Unaccounted,5,0,1,1,0,0,0,0,,89,HIGH
Cagayan de Oro,Kauswagan,2017-03-10,3,5.85,28.11,25.06,30.41,31.99,1.26,78.8,Zone 1,Evacuated,10,1,0,0,0,0,0,1,,36,LOW
Cagayan de Oro,Kauswagan,2016-04-27,4,7.43,29.7,26.72,33.1,32.89,1.57,71.9,Zone 3,Unaccounted,1,0,0,0,0,0,0,1,Medium,100,HIGH
Cagayan de Oro,Kauswagan,2019-05-23,5,11.08,28.67,26.36,32.12,32.21,3.63,75.4,Zone 6,Safe,10,0,0,0,0,0,0,1,Medium,75,HIGH
Cagayan de Oro,Kauswagan,2004-04-27,4,4.16,30.39,28.39,33.03,34.32,0.91,79.3,Zone 5,Unaccounted,4,0,0,0,0,1,1,0,,100,HIGH
Cagayan de Oro,Kauswagan,2003-11-04,11,7.04,26.95,24.97,29.67,31.33,2.58,83.8,Zone 5,Safe,8,1,0,0,0,0,0,1,Medium,100,HIGH
Cagayan de Oro,Kauswagan,2011-03-27,3,11.48,28.95,25.95,32.17,32.53,2.16,75.8,Zone 5,Safe,7,0,0,1,0,0,1,1,Medium,100,HIGH
Cagayan de Oro,Kauswagan,2009-11-08,11,7.06,27.5,25.46,30.02,30.67,2.52,71.7,Zone 3,Safe,1,1,0,0,0,0,0,1,Medium,99,HIGH
Cagayan de Oro,Kauswagan,2003-03-20,3,2.8,26.97,25.02,29.99,30.96,2.12,79.9,Zone 6,Unaccounted,5,0,0,0,0,0,0,0,,73,HIGH
Cagayan de Oro,Kauswagan,2011-06-15,6,7.14,30.18,28.24,32.44,34.27,2.94,80.9,Zone 5,Safe,10,1,0,0,0,0,0,1,Medium,100,HIGH
Cagayan de Oro,Kauswagan,2014-09-22,9,9.87,27.07,24.45,30.05,32.08,3.47,90.1,Zone 3,Safe,2,1,0,0,0,0,0,1,Medium,100,HIGH
Cagayan de Oro,Kauswagan,2013-05-21,5,9.15,28.59,25.37,30.74,32.27,2.32,76.8,Zone 3,Evacuated,5,0,0,1,0,0,0,1,Medium,95,HIGH
Cagayan de Oro,Kauswagan,2022-01-26,1,3.83,27.3,24.99,29.6,30.49,1.14,71.9,Zone 1,Safe,1,1,0,1,1,1,0,0,,57,MEDIUM
Cagayan de Oro,Kauswagan,2004-07-24,7,7.38,25.69,23.02,29.68,30.4,0.0,87.1,Zone 5,Unaccounted,6,2,0,0,0,0,0,1,Medium,100,HIGH
Cagayan de Oro,Kauswagan,2018-09-21,9,8.37,27.37,24.06,30.55,32.68,2.76,93.1,Zone 3,Safe,3,3,0,1,1,0,0,1,Medium,100,HIGH
Cagayan de Oro,Kauswagan,2007-02-16,2,8.38,28.74,25.76,32.05,32.34,2.73,76.0,Zone 3,Safe,3,3,1,1,0,0,0,1,Medium,100,HIGH
Cagayan de Oro,Kauswagan,2012-06-08,6,7.83,27.91,25.57,31.63,31.25,2.81,73.4,Zone 3,Safe,10,1,1,0,0,1,0,1,Medium,100,HIGH
Cagayan de Oro,Kauswagan,2021-11-19,11,7.49,26.52,23.13,28.2,31.09,3.31,85.7,Zone 3,Unaccounted,9,1,0,0,0,0,1,1,Medium,100,HIGH
Cagayan de Oro,Kauswagan,2004-05-14,5,5.63,29.06,25.82,30.94,32.36,1.54,73.0,Zone 3,Unaccounted,6,0,0,0,0,1,0,1,,100,HIGH
Cagayan de Oro,Kauswagan,2008-03-11,3,6.93,28.07,25.01,30.79,31.78,2.56,77.1,Zone 1,Evacuated,3,0,0,0,0,0,0,1,,22,LOW
Cagayan de Oro,Kauswagan,2009-08-09,8,8.2,27.12,24.1,29.04,31.76,1.31,86.4,Zone 5,Evacuated,8,2,0,1,0,1,0,1,Medium,100,HIGH
Cagayan de Oro,Kauswagan,2015-11-14,11,9.42,27.3,24.94,29.99,31.08,4.39,77.8,Zone 5,Safe,9,1,0,0,0,0,0,1,Medium,100,HIGH
Cagayan de Oro,Kauswagan,2019-01-11,1,5.74,27.01,25.13,30.2,30.7,0.3,76.9,Zone 6,Evacuated,4,0,0,1,1,0,0,1,,64,MEDIUM
Cagayan de Oro,Kauswagan,2019-02-13,2,6.4,27.38,24.7,29.3,31.1,3.2,77.2,Zone 3,Unaccounted,5,3,0,0,0,0,0,1,Medium,100,HIGH
Cagayan de Oro,Kauswagan,2019-09-20,9,9.35,27.58,25.4,31.3,32.42,1.76,88.4,Zone 3,Unaccounted,6,3,0,0,0,0,0,1,Medium,100,HIGH
Cagayan de Oro,Kauswagan,2015-04-06,4,4.61,28.73,27.19,30.79,31.95,1.02,72.2,Zone 2,Unaccounted,4,1,0,1,0,0,0,0,,81,HIGH
Cagayan de Oro,Kauswagan,2004-02-12,2,4.4,27.8,25.55,30.9,31.52,2.9,77.2,Zone 3,Evacuated,10,0,1,0,0,1,1,0,,100,HIGH
Cagayan de Oro,Kauswagan,2016-12-04,12,6.21,27.43,25.04,29.24,31.6,2.55,81.7,Zone 2,Safe,3,0,1,0,0,0,0,1,,66,MEDIUM
Cagayan de Oro,Kauswagan,2006-05-14,5,9.25,29.66,26.84,31.83,33.23,1.01,75.7,Zone 5,Evacuated,3,0,1,0,0,0,1,1,Medium,100,HIGH
Cagayan de Oro,Kauswagan,2006-05-04,5,6.74,30.14,27.64,33.16,33.83,1.06,76.9,Zone 5,Evacuated,9,3,0,0,0,0,0,1,,100,HIGH
Cagayan de Oro,Kauswagan,2008-07-10,7,9.89,27.63,26.05,30.37,32.28,0.98,86.5,Zone 2,Safe,8,1,0,0,0,0,0,1,Medium,75,HIGH
Cagayan de Oro,Kauswagan,2006-11-03,11,8.13,28.17,25.0,31.34,32.41,1.45,82.4,Zone 1,Safe,2,2,0,0,0,0,0,1,Medium,54,MEDIUM
Cagayan de Oro,Kauswagan,2011-12-04,12,6.37,27.57,24.78,30.21,31.37,0.62,78.0,Zone 6,Unaccounted,5,0,0,0,0,0,0,1,,81,HIGH
Cagayan de Oro,Kauswagan,2004-03-28,3,17.15,26.82,23.62,29.22,30.42,2.68,76.0,Zone 6,Evacuated,7,1,0,0,0,0,0,1,High,73,HIGH
Cagayan de Oro,Kauswagan,2007-01-01,1,7.97,26.73,23.9,28.66,30.69,0.6,79.6,Zone 3,Safe,8,3,0,0,0,0,0,1,Medium,100,HIGH
Cagayan de Oro,Kauswagan,2014-12-03,12,7.7,26.82,23.69,28.78,30.31,2.54,74.9,Zone 1,Safe,8,0,0,0,0,0,0,1,Medium,52,MEDIUM
Cagayan de Oro,Kauswagan,2016-08-26,8,7.82,27.45,24.65,30.94,31.33,4.88,78.8,Zone 5,Safe,1,3,1,0,0,1,0,1,Medium,100,HIGH
Cagayan de Oro,Kauswagan,2021-10-16,10,8.48,28.27,25.41,30.22,32.98,2.15,87.1,Zone 6,Safe,6,2,0,1,0,1,0,1,Medium,100,HIGH
Cagayan de Oro,Kauswagan,2016-08-04,8,15.6,27.28,24.9,28.94,31.64,0.0,83.6,Zone 2,Evacuated,1,2,0,0,0,0,1,1,High,69,MEDIUM
Cagayan de Oro,Kauswagan,2010-12-19,12,7.33,26.48,23.02,29.65,30.43,3.03,79.5,Zone 1,Safe,9,1,0,0,0,1,0,1,Medium,66,MEDIUM
Cagayan de Oro,Kauswagan,2010-11-24,11,6.73,28.17,25.71,31.33,32.98,2.06,88.1,Zone 5,Evacuated,3,3,0,0,0,0,1,1,,100,HIGH
Cagayan de Oro,Kauswagan,2008-01-01,1,6.45,27.79,25.28,30.46,31.21,3.01,74.2,Zone 6,Safe,3,0,0,0,0,0,0,1,Medium,67,MEDIUM
Cagayan de Oro,Kauswagan,2011-04-11,4,4.55,27.47,25.87,29.53,31.05,0.0,75.8,Zone 1,Evacuated,7,2,0,0,0,0,0,0,,33,LOW
Cagayan de Oro,Kauswagan,2021-08-26,8,17.61,26.78,24.38,30.42,30.87,1.6,80.9,Zone 1,Safe,2,3,1,0,0,0,0,1,High,80,HIGH
Cagayan de Oro,Kauswagan,2016-02-13,2,8.94,28.16,26.59,31.03,31.76,3.86,76.0,Zone 3,Unaccounted,10,3,0,0,0,0,1,1,Medium,100,HIGH
Cagayan de Oro,Kauswagan,2017-09-07,9,9.84,27.86,24.46,30.27,32.18,1.14,83.2,Zone 6,Safe,4,3,0,0,0,0,0,1,Medium,86,HIGH
Cagayan de Oro,Kauswagan,2018-10-20,10,13.49,26.12,23.19,28.53,30.28,2.77,81.6,Zone 4,Safe,2,2,0,0,0,0,0,1,Medium,47,MEDIUM
Cagayan de Oro,Kauswagan,2012-06-12,6,10.99,28.04,25.44,30.47,32.47,2.63,84.3,Zone 1,Safe,3,1,1,0,0,1,0,1,Medium,70,HIGH
Cagayan de Oro,Kauswagan,2009-05-20,5,3.84,29.83,27.95,33.66,33.82,3.46,79.9,Zone 2,Safe,8,2,0,0,0,0,0,0,Medium,73,HIGH
Cagayan de Oro,Kauswagan,2016-06-04,6,6.65,28.63,27.04,31.71,33.26,3.69,86.3,Zone 3,Evacuated,2,2,0,0,0,0,0,1,Medium,92,HIGH
Cagayan de Oro,Kauswagan,2019-11-19,11,15.2,28.34,26.57,31.09,32.47,3.31,81.3,Zone 5,Safe,1,1,0,0,0,0,0,1,High,100,HIGH
Cagayan de Oro,Kauswagan,2019-10-16,10,6.45,26.52,23.46,30.3,31.34,3.63,88.2,Zone 5,Evacuated,3,2,0,0,0,0,0,1,Medium,98,HIGH
Cagayan de Oro,Kauswagan,2022-07-22,7,13.63,27.74,25.03,30.04,32.32,1.86,85.8,Zone 5,Unaccounted,7,3,0,1,1,0,1,1,Medium,100,HIGH
Cagayan de Oro,Kauswagan,2017-06-10,6,8.19,28.86,25.75,30.71,33.37,1.3,85.1,Zone 5,Evacuated,9,1,0,0,1,0,0,1,Medium,100,HIGH
Cagayan de Oro,Kauswagan,2020-12-24,12,9.39,27.33,24.56,29.33,31.33,2.82,80.0,Zone 5,Evacuated,5,1,0,1,1,0,1,1,Medium,100,HIGH
Cagayan de Oro,Kauswagan,2013-09-23,9,9.22,27.18,24.26,30.58,31.23,1.29,80.5,Zone 6,Safe,10,1,0,0,0,1,0,1,Medium,89,HIGH
Cagayan de Oro,Kauswagan,2020-11-24,11,9.2,28.22,26.15,31.84,32.96,4.82,87.4,Zone 5,Unaccounted,9,1,0,0,0,0,0,1,Medium,100,HIGH
Cagayan de Oro,Kauswagan,2004-01-22,1,11.37,26.69,24.79,30.07,30.09,1.18,74.0,Zone 3,Safe,5,1,0,0,0,0,0,1,Medium,100,HIGH
Cagayan de Oro,Kauswagan,2012-01-23,1,8.33,26.51,24.6,29.36,30.04,2.32,75.3,Zone 5,Safe,8,0,0,1,0,0,1,1,Medium,100,HIGH
Cagayan de Oro,Kauswagan,2020-12-21,12,8.02,26.77,24.49,29.55,30.7,2.3,79.3,Zone 3,Evacuated,5,1,0,0,0,0,0,1,Medium,91,HIGH
Cagayan de Oro,Kauswagan,2016-07-13,7,17.26,28.72,25.31,32.66,32.65,3.13,79.3,Zone 3,Safe,9,1,0,1,0,0,0,1,High,100,HIGH
Cagayan de Oro,Kauswagan,2017-10-28,10,10.98,27.08,23.92,30.86,31.28,0.5,82.0,Zone 6,Evacuated,6,2,0,0,0,0,1,1,Medium,76,HIGH
Cagayan de Oro,Kauswagan,2009-04-25,4,1.68,28.86,26.77,30.8,32.77,1.76,79.1,Zone 5,Evacuated,3,3,1,0,0,0,0,0,,100,HIGH
Cagayan de Oro,Kauswagan,2016-07-02,7,7.74,26.47,24.41,28.63,30.54,1.7,80.7,Zone 3,Safe,5,1,0,0,0,0,0,1,Medium,100,HIGH
Cagayan de Oro,Kauswagan,2007-03-02,3,5.39,27.07,23.71,30.06,30.61,2.98,75.4,Zone 1,Evacuated,10,2,0,0,0,0,0,1,,42,MEDIUM
Cagayan de Oro,Kauswagan,2014-10-18,10,7.25,27.65,26.0,30.92,32.13,1.52,84.8,Zone 5,Safe,3,1,0,1,0,1,0,1,Medium,100,HIGH
Cagayan de Oro,Kauswagan,2015-09-18,9,12.13,28.21,26.53,30.26,32.08,3.61,78.7,Zone 3,Safe,6,1,0,0,0,0,0,1,Medium,100,HIGH
Cagayan de Oro,Kauswagan,2018-10-17,10,9.62,27.72,24.23,31.28,32.79,3.37,90.7,Zone 5,Unaccounted,1,1,0,0,0,0,0,1,Medium,100,HIGH
Cagayan de Oro,Kauswagan,2022-04-21,4,4.42,28.6,25.26,30.71,31.77,0.55,71.7,Zone 6,Safe,6,0,1,0,0,1,0,0,,77,HIGH
Cagayan de Oro,Kauswagan,2012-05-18,5,5.64,29.54,27.99,32.33,32.79,2.33,72.5,Zone 5,Evacuated,9,2,0,0,0,0,0,1,,99,HIGH
Cagayan de Oro,Kauswagan,2009-01-10,1,9.97,26.85,24.71,28.56,31.32,1.91,84.7,Zone 1,Safe,9,0,0,1,0,0,0,1,Medium,62,MEDIUM
Cagayan de Oro,Kauswagan,2009-11-21,11,10.74,28.63,25.4,31.19,33.25,1.33,86.2,Zone 2,Safe,9,3,1,0,0,1,0,1,Medium,100,HIGH
Cagayan de Oro,Kauswagan,2007-12-22,12,6.23,27.75,26.2,31.04,31.57,1.46,78.2,Zone 3,Safe,2,0,1,0,0,0,1,1,,100,HIGH
Cagayan de Oro,Kauswagan,2010-10-27,10,9.0,27.26,23.94,29.78,32.31,3.7,90.5,Zone 1,Safe,7,1,0,0,0,0,0,1,Medium,57,MEDIUM
Cagayan de Oro,Kauswagan,2020-11-04,11,15.99,27.96,26.45,31.26,31.7,2.75,77.4,Zone 5,Safe,10,1,1,0,1,0,0,1,High,100,HIGH
Cagayan de Oro,Kauswagan,2012-05-26,5,8.73,30.57,27.86,32.77,34.1,1.76,75.3,Zone 6,Unaccounted,7,0,0,0,0,1,0,1,Medium,100,HIGH
Cagayan de Oro,Kauswagan,2010-03-18,3,4.42,28.33,26.56,30.81,32.15,2.18,78.2,Zone 5,Evacuated,9,0,0,0,1,0,0,0,,87,HIGH
Cagayan de Oro,Kauswagan,2014-11-26,11,13.29,27.0,23.59,28.53,31.63,1.28,86.3,Zone 3,Unaccounted,3,1,0,0,0,0,0,1,Medium,100,HIGH
Cagayan de Oro,Kauswagan,2020-10-13,10,9.39,27.65,25.05,29.36,31.86,0.37,82.1,Zone 1,Safe,6,1,1,1,0,0,1,1,Medium,84,HIGH
Cagayan de Oro,Kauswagan,2022-03-08,3,3.88,28.1,24.93,30.09,31.92,2.48,78.2,Zone 2,Safe,10,2,0,0,0,1,1,0,,81,HIGH
Cagayan de Oro,Kauswagan,2005-11-18,11,12.59,26.79,24.71,28.46,30.81,1.91,80.2,Zone 2,Safe,10,1,0,0,0,0,0,1,Medium,75,HIGH
Cagayan de Oro,Kauswagan,2010-03-22,3,4.26,27.27,25.57,30.32,30.82,2.7,75.5,Zone 5,Unaccounted,6,0,0,0,0,0,0,0,,100,HIGH
Cagayan de Oro,Kauswagan,2021-11-10,11,5.84,26.71,24.91,29.63,31.05,0.51,83.4,Zone 4,Unaccounted,7,1,0,0,0,0,0,1,,61,MEDIUM
Cagayan de Oro,Kauswagan,2016-04-23,4,5.17,28.43,26.38,30.83,31.46,3.71,70.3,Zone 6,Evacuated,6,2,0,0,0,0,0,1,Medium,69,MEDIUM
Cagayan de Oro,Kauswagan,2012-06-25,6,14.82,27.41,24.94,29.18,31.89,2.51,84.8,Zone 6,Evacuated,2,3,0,1,0,0,1,1,Medium,85,HIGH
Cagayan de Oro,Kauswagan,2005-05-24,5,5.89,27.49,24.54,31.22,30.53,2.52,70.4,Zone 6,Unaccounted,1,2,0,0,0,0,1,1,,93,HIGH
Cagayan de Oro,Kauswagan,2020-04-02,4,6.36,28.93,26.91,32.66,32.07,4.41,71.4,Zone 5,Safe,3,0,0,0,0,0,0,1,Medium,100,HIGH
Cagayan de Oro,Kauswagan,2012-10-24,10,6.64,27.93,26.16,30.68,31.92,3.39,79.9,Zone 2,Safe,6,1,0,0,0,0,1,1,Medium,79,HIGH
Cagayan de Oro,Kauswagan,2019-11-06,11,7.15,29.0,27.22,30.9,33.19,3.01,81.9,Zone 3,Safe,10,2,1,0,1,1,0,1,Medium,100,HIGH
Cagayan de Oro,Kauswagan,2018-04-25,4,3.24,27.58,25.62,29.74,30.31,3.22,67.3,Zone 1,Safe,4,0,0,0,0,1,1,0,Medium,52,MEDIUM
Cagayan de Oro,Kauswagan,2004-08-02,8,8.25,27.04,23.58,29.35,31.59,3.03,85.5,Zone 5,Evacuated,9,2,0,0,0,0,0,1,Medium,100,HIGH
Cagayan de Oro,Kauswagan,2021-12-09,12,8.15,25.44,22.85,27.37,29.97,3.77,85.3,Zone 2,Evacuated,6,0,1,0,1,0,0,1,Medium,71,HIGH
Cagayan de Oro,Kauswagan,2019-07-08,7,10.3,27.61,25.3,31.15,32.23,5.16,86.2,Zone 2,Safe,8,3,0,0,0,0,0,1,High,95,HIGH
Cagayan de Oro,Kauswagan,2008-03-15,3,5.96,27.47,25.51,30.26,31.14,1.53,76.7,Zone 2,Safe,3,0,0,0,0,0,0,1,,54,MEDIUM
Cagayan de Oro,Kauswagan,2006-12-27,12,6.56,27.44,24.62,29.98,30.47,2.81,70.3,Zone 1,Safe,2,0,0,0,0,0,0,1,,35,LOW
Cagayan de Oro,Kauswagan,2008-04-19,4,7.48,28.19,25.4,30.72,32.3,3.65,81.1,Zone 5,Safe,3,0,0,0,0,0,0,1,Medium,100,HIGH
Cagayan de Oro,Kauswagan,2004-11-17,11,8.62,27.71,24.43,29.58,32.15,2.91,84.4,Zone 3,Safe,3,1,0,0,0,0,0,1,Medium,100,HIGH
Cagayan de Oro,Kauswagan,2003-10-21,10,8.08,28.64,25.38,31.96,33.17,2.14,85.3,Zone 6,Unaccounted,2,1,0,0,0,1,0,1,Medium,97,HIGH
Cagayan de Oro,Kauswagan,2010-08-06,8,9.2,27.04,23.88,30.04,31.43,3.63,83.9,Zone 4,Evacuated,3,2,0,1,0,0,0,1,Medium,44,MEDIUM
Cagayan de Oro,Kauswagan,2013-12-22,12,15.72,26.85,23.51,29.84,30.87,1.7,80.2,Zone 5,Safe,7,0,0,0,0,0,0,1,High,100,HIGH
Cagayan de Oro,Kauswagan,2019-04-17,4,3.43,28.25,25.38,31.82,31.05,0.73,68.0,Zone 1,Evacuated,3,0,1,0,0,0,0,0,,26,LOW
Cagayan de Oro,Kauswagan,2006-09-17,9,10.95,27.17,25.48,30.32,32.19,3.66,90.2,Zone 1,Unaccounted,9,3,0,0,0,1,1,1,Medium,100,HIGH
Cagayan de Oro,Kauswagan,2004-06-28,6,7.33,30.19,27.29,32.76,34.5,4.32,83.1,Zone 1,Unaccounted,8,2,0,0,0,0,0,1,Medium,82,HIGH
Cagayan de Oro,Kauswagan,2021-10-26,10,12.86,27.83,26.13,29.66,32.53,3.25,87.0,Zone 4,Safe,4,3,0,0,0,0,0,1,Medium,56,MEDIUM
Cagayan de Oro,Kauswagan,2016-10-18,10,8.63,28.72,26.7,30.23,32.83,3.13,81.1,Zone 2,Evacuated,1,1,0,0,0,0,0,1,Medium,48,MEDIUM
Cagayan de Oro,Kauswagan,2009-01-13,1,11.19,27.37,24.49,29.66,31.39,4.23,80.2,Zone 5,Safe,3,0,0,0,1,0,0,1,Medium,100,HIGH
Cagayan de Oro,Kauswagan,2021-09-14,9,16.26,28.29,26.06,30.48,32.75,1.04,84.6,Zone 5,Evacuated,4,1,0,1,0,1,0,1,High,100,HIGH
Cagayan de Oro,Kauswagan,2020-06-18,6,7.12,27.69,25.22,31.66,31.59,1.68,79.0,Zone 3,Safe,7,2,1,1,0,0,0,1,Medium,100,HIGH
Cagayan de Oro,Kauswagan,2008-08-26,8,13.28,27.62,25.92,30.39,32.21,1.92,85.9,Zone 3,Evacuated,9,2,1,0,0,0,0,1,Medium,100,HIGH
Cagayan de Oro,Kauswagan,2003-03-13,3,9.78,28.58,25.47,32.14,32.45,1.18,78.7,Zone 3,Safe,10,0,0,0,0,0,0,1,Medium,100,HIGH
Cagayan de Oro,Kauswagan,2005-04-12,4,9.77,29.68,26.96,32.99,32.65,1.77,69.7,Zone 5,Unaccounted,7,1,0,0,0,0,1,1,Medium,100,HIGH
Cagayan de Oro,Kauswagan,2008-01-25,1,3.41,27.69,24.91,30.29,31.91,3.14,82.2,Zone 5,Safe,9,0,0,0,0,0,0,0,Medium,100,HIGH
Cagayan de Oro,Kauswagan,2019-10-17,10,10.44,28.65,25.75,31.69,32.87,2.42,82.2,Zone 3,Evacuated,6,1,0,0,0,0,0,1,Medium,93,HIGH
Cagayan de Oro,Kauswagan,2011-03-03,3,3.27,28.49,25.43,30.87,31.77,2.58,72.8,Zone 5,Safe,10,0,0,0,0,0,0,0,,94,HIGH
Cagayan de Oro,Kauswagan,2005-12-03,12,7.04,27.07,24.47,30.39,30.98,3.27,79.1,Zone 5,Safe,10,0,0,1,1,0,1,1,Medium,100,HIGH
Cagayan de Oro,Kauswagan,2015-04-15,4,4.17,28.15,25.5,30.3,31.6,2.88,74.5,Zone 6,Safe,2,0,0,0,1,0,0,0,,58,MEDIUM
Cagayan de Oro,Kauswagan,2019-02-26,2,4.53,27.1,23.69,30.79,31.29,1.78,81.9,Zone 5,Unaccounted,10,0,0,0,0,0,0,0,,100,HIGH
Cagayan de Oro,Kauswagan,2018-07-19,7,7.12,28.35,25.31,31.74,33.28,3.26,89.3,Zone 1,Unaccounted,8,2,1,0,0,1,0,1,Medium,100,HIGH
Cagayan de Oro,Kauswagan,2005-02-09,2,10.32,29.12,26.85,32.59,33.21,2.9,80.9,Zone 5,Safe,4,2,0,0,0,0,0,1,Medium,100,HIGH
Cagayan de Oro,Kauswagan,2020-06-17,6,11.18,28.11,26.59,31.69,31.77,1.84,76.6,Zone 5,Safe,2,1,0,0,1,0,0,1,Medium,100,HIGH
Cagayan de Oro,Kauswagan,2008-02-18,2,11.49,27.95,25.5,30.33,31.06,2.67,71.1,Zone 6,Unaccounted,5,0,0,1,0,0,0,1,Medium,98,HIGH
Cagayan de Oro,Kauswagan,2009-08-24,8,20.53,28.04,26.07,30.15,32.82,4.42,87.8,Zone 1,Safe,4,1,0,0,0,0,0,1,High,59,MEDIUM
Cagayan de Oro,Kauswagan,2007-10-12,10,10.11,28.44,25.38,30.24,33.06,2.31,86.2,Zone 2,Safe,8,2,1,0,0,0,1,1,Medium,100,HIGH
Cagayan de Oro,Kauswagan,2022-08-12,8,10.69,28.46,26.33,32.21,32.44,3.54,79.8,Zone 2,Unaccounted,10,3,0,0,0,0,0,1,Medium,100,HIGH
Cagayan de Oro,Kauswagan,2015-09-09,9,9.63,27.7,25.76,30.64,32.04,4.68,83.4,Zone 5,Safe,7,1,0,0,0,0,1,1,Medium,100,HIGH
Cagayan de Oro,Kauswagan,2008-06-13,6,12.77,29.56,27.15,31.36,34.1,3.1,85.4,Zone 5,Safe,6,2,0,0,0,0,0,1,Medium,100,HIGH
Cagayan de Oro,Kauswagan,2021-04-13,4,11.55,31.25,29.55,33.65,34.11,2.12,68.6,Zone 5,Unaccounted,3,0,0,0,0,0,0,1,Medium,100,HIGH
Cagayan de Oro,Kauswagan,2013-08-20,8,8.62,28.21,25.98,30.96,32.01,3.84,78.0,Zone 1,Safe,6,1,0,0,0,0,0,1,Medium,55,MEDIUM
Cagayan de Oro,Kauswagan,2021-08-06,8,6.79,27.48,25.72,30.42,32.35,2.81,88.7,Zone 6,Safe,2,2,0,0,0,1,1,1,,85,HIGH
Cagayan de Oro,Kauswagan,2007-07-07,7,10.86,27.53,24.43,30.88,31.86,2.75,83.3,Zone 5,Safe,1,1,0,0,0,0,0,1,Medium,100,HIGH
Cagayan de Oro,Kauswagan,2020-11-17,11,7.8,27.66,24.72,31.12,32.44,2.36,87.8,Zone 1,Safe,9,3,0,0,0,0,0,1,Medium,70,HIGH
Cagayan de Oro,Kauswagan,2008-02-23,2,5.37,27.75,26.13,31.28,31.18,2.29,74.3,Zone 2,Safe,2,0,0,0,0,0,0,1,,52,MEDIUM
Cagayan de Oro,Kauswagan,2020-06-12,6,5.85,28.32,25.71,31.85,31.84,1.94,75.2,Zone 5,Safe,7,1,0,1,0,0,1,1,,100,HIGH
Cagayan de Oro,Kauswagan,2020-10-19,10,7.27,26.89,25.04,30.34,31.14,1.8,82.5,Zone 3,Safe,9,1,1,0,0,0,0,1,Medium,100,HIGH
Cagayan de Oro,Kauswagan,2012-07-20,7,10.18,28.07,25.64,31.96,32.82,2.04,87.5,Zone 2,Unaccounted,6,1,0,0,0,1,0,1,Medium,98,HIGH
Cagayan de Oro,Kauswagan,2008-02-03,2,2.14,27.38,25.19,29.66,31.62,2.84,82.4,Zone 2,Evacuated,5,1,0,0,0,0,0,0,,40,MEDIUM
Cagayan de Oro,Kauswagan,2014-08-25,8,8.94,27.61,24.61,30.41,31.54,3.44,79.3,Zone 3,Safe,3,1,0,0,0,0,0,1,Medium,100,HIGH
Cagayan de Oro,Kauswagan,2011-12-08,12,3.57,26.98,23.6,30.23,30.61,0.0,76.3,Zone 5,Safe,3,0,0,0,0,0,0,0,,86,HIGH
Cagayan de Oro,Kauswagan,2004-08-18,8,11.19,28.15,26.6,30.64,32.48,3.47,83.3,Zone 4,Evacuated,2,1,1,0,0,0,0,1,Medium,38,LOW
Cagayan de Oro,Kauswagan,2012-11-13,11,10.82,27.2,25.24,30.54,32.18,2.41,89.8,Zone 3,Safe,3,1,1,0,0,0,1,1,Medium,100,HIGH
Cagayan de Oro,Kauswagan,2013-11-12,11,8.06,28.43,25.2,31.1,32.62,3.77,81.9,Zone 3,Unaccounted,5,1,0,0,0,0,0,1,Medium,100,HIGH
Cagayan de Oro,Kauswagan,2008-12-18,12,6.52,27.58,24.9,30.22,31.78,0.99,82.0,Zone 5,Evacuated,10,0,0,0,0,0,1,1,,94,HIGH
Cagayan de Oro,Kauswagan,2018-05-12,5,5.28,29.73,27.15,33.24,32.49,3.54,67.6,Zone 5,Safe,6,0,0,0,0,0,0,1,Medium,100,HIGH
Cagayan de Oro,Kauswagan,2019-01-01,1,3.37,27.43,24.3,31.05,30.87,1.64,74.4,Zone 2,Safe,8,0,0,0,0,1,0,0,,62,MEDIUM
Cagayan de Oro,Kauswagan,2003-08-10,8,13.12,27.45,24.42,30.94,31.98,3.03,85.3,Zone 2,Safe,1,1,0,0,0,0,0,1,Medium,63,MEDIUM
Cagayan de Oro,Kauswagan,2015-09-14,9,8.68,28.36,26.36,31.65,32.91,1.49,85.5,Zone 6,Evacuated,7,1,0,0,0,0,0,1,Medium,65,MEDIUM
Cagayan de Oro,Kauswagan,2019-11-08,11,11.79,26.82,23.79,30.59,30.85,1.69,80.3,Zone 6,Unaccounted,5,1,0,0,1,0,0,1,Medium,100,HIGH
Cagayan de Oro,Kauswagan,2005-07-07,7,8.36,28.1,26.24,30.32,33.04,3.33,89.4,Zone 2,Evacuated,10,1,0,0,0,1,0,1,Medium,68,MEDIUM
Cagayan de Oro,Kauswagan,2003-04-11,4,3.92,28.59,26.79,32.51,32.22,2.47,76.3,Zone 1,Safe,2,0,0,0,0,0,0,0,,27,LOW
Cagayan de Oro,Kauswagan,2003-08-24,8,7.88,27.01,25.04,28.89,31.48,3.57,84.7,Zone 3,Safe,6,1,0,0,1,1,0,1,Medium,100,HIGH
Cagayan de Oro,Kauswagan,2004-08-23,8,11.74,26.63,24.47,30.24,31.91,0.82,92.8,Zone 6,Unaccounted,1,1,0,0,0,0,0,1,Medium,87,HIGH
Cagayan de Oro,Kauswagan,2008-09-16,9,13.37,27.11,25.23,30.71,31.37,1.17,82.6,Zone 4,Unaccounted,1,1,0,1,0,1,0,1,Medium,75,HIGH
Cagayan de Oro,Kauswagan,2004-08-08,8,10.39,28.31,26.41,31.65,32.55,2.5,82.4,Zone 1,Safe,4,1,0,0,1,0,0,1,Medium,59,MEDIUM
Cagayan de Oro,Kauswagan,2004-06-06,6,10.4,28.33,25.34,31.2,31.91,2.14,75.8,Zone 1,Safe,8,2,0,0,0,0,0,1,Medium,64,MEDIUM
Cagayan de Oro,Kauswagan,2009-01-28,1,8.32,26.49,23.04,28.58,29.96,1.84,74.7,Zone 3,Safe,1,0,0,0,0,0,0,1,Medium,93,HIGH
Cagayan de Oro,Kauswagan,2010-02-13,2,10.08,27.01,25.49,28.61,30.84,1.96,78.3,Zone 3,Evacuated,8,1,0,0,0,0,0,1,Medium,96,HIGH
Cagayan de Oro,Kauswagan,2008-02-08,2,7.94,27.59,25.09,30.8,31.03,2.3,74.4,Zone 1,Safe,1,0,0,0,0,0,1,1,Medium,47,MEDIUM
Cagayan de Oro,Kauswagan,2018-02-05,2,10.59,27.61,25.64,31.56,31.03,1.05,74.2,Zone 1,Evacuated,6,2,0,0,0,0,0,1,Medium,46,MEDIUM
Cagayan de Oro,Kauswagan,2015-04-01,4,13.08,28.96,26.74,30.8,32.54,0.75,75.8,Zone 5,Unaccounted,8,1,0,0,0,0,1,1,Medium,100,HIGH
Cagayan de Oro,Kauswagan,2009-12-16,12,6.68,27.73,25.1,30.59,31.44,1.32,77.1,Zone 6,Safe,8,0,0,1,0,0,1,1,,85,HIGH
Cagayan de Oro,Kauswagan,2007-02-17,2,4.82,28.33,25.93,31.88,31.59,0.96,72.6,Zone 1,Safe,8,0,0,0,0,1,0,0,,45,MEDIUM
Cagayan de Oro,Kauswagan,2003-12-06,12,6.13,26.3,23.56,28.71,30.21,1.11,79.1,Zone 6,Evacuated,6,1,0,0,0,0,1,1,,63,MEDIUM
Cagayan de Oro,Kauswagan,2019-07-07,7,6.3,28.04,25.17,31.45,32.42,3.08,83.8,Zone 4,Safe,5,1,1,0,0,0,0,1,Medium,58,MEDIUM
Cagayan de Oro,Kauswagan,2005-02-17,2,6.73,27.2,25.61,31.04,31.23,3.48,80.3,Zone 5,Safe,1,0,0,0,0,0,0,1,Medium,97,HIGH
Cagayan de Oro,Kauswagan,2021-02-02,2,11.41,28.06,25.28,30.53,32.01,1.16,79.5,Zone 3,Safe,10,1,0,0,0,0,0,1,Medium,100,HIGH
Cagayan de Oro,Kauswagan,2022-06-08,6,8.07,28.98,26.04,30.51,32.74,3.61,77.6,Zone 2,Unaccounted,8,3,1,0,0,1,0,1,Medium,100,HIGH
Cagayan de Oro,Kauswagan,2016-06-18,6,6.58,26.99,23.85,30.48,31.28,4.56,82.9,Zone 3,Safe,10,1,0,0,0,0,0,1,Medium,100,HIGH
Cagayan de Oro,Kauswagan,2012-02-27,2,6.62,26.2,24.54,28.24,29.42,2.21,72.2,Zone 2,Safe,2,1,0,1,0,0,0,1,,68,MEDIUM
Cagayan de Oro,Kauswagan,2010-04-17,4,4.9,29.37,26.73,33.24,33.01,4.0,76.4,Zone 6,Safe,9,0,0,0,0,0,0,0,Medium,67,MEDIUM
Cagayan de Oro,Kauswagan,2014-11-19,11,13.57,28.25,25.4,31.51,32.46,3.53,82.1,Zone 3,Safe,2,1,0,0,0,0,0,1,Medium,100,HIGH
Cagayan de Oro,Kauswagan,2013-07-17,7,7.7,28.21,25.39,31.04,32.68,1.41,84.7,Zone 3,Safe,6,3,0,0,1,0,0,1,Medium,100,HIGH
Cagayan de Oro,Kauswagan,2016-06-14,6,7.33,27.96,24.81,30.27,32.33,5.0,83.7,Zone 2,Safe,9,1,0,0,1,0,1,1,High,98,HIGH
Cagayan de Oro,Kauswagan,2015-08-15,8,6.32,28.07,26.57,29.66,32.54,3.04,84.7,Zone 3,Safe,1,1,1,1,1,0,0,1,Medium,100,HIGH
Cagayan de Oro,Kauswagan,2013-04-07,4,3.08,28.56,27.02,32.11,31.25,2.22,66.9,Zone 5,Evacuated,5,2,0,0,0,0,1,0,,93,HIGH
Cagayan de Oro,Kauswagan,2006-10-05,10,6.11,28.32,26.74,30.71,32.89,3.02,85.7,Zone 3,Safe,6,3,0,0,0,0,0,1,Medium,100,HIGH
Cagayan de Oro,Kauswagan,2012-05-26,5,6.95,28.79,27.11,31.29,31.96,1.74,71.7,Zone 1,Unaccounted,2,1,0,1,0,1,0,1,,77,HIGH
Cagayan de Oro,Kauswagan,2021-12-23,12,8.32,27.25,24.11,28.99,31.13,0.94,78.8,Zone 5,Evacuated,1,1,1,0,0,0,0,1,Medium,100,HIGH
Cagayan de Oro,Kauswagan,2013-01-25,1,8.61,25.41,23.21,28.95,29.37,2.28,79.6,Zone 2,Safe,2,2,0,0,0,0,0,1,Medium,71,HIGH
Cagayan de Oro,Kauswagan,2022-11-28,11,14.98,29.17,25.81,32.25,33.46,1.88,82.9,Zone 3,Evacuated,1,1,0,0,0,0,0,1,Medium,84,HIGH
Cagayan de Oro,Kauswagan,2007-09-19,9,8.49,27.44,25.29,30.68,32.63,3.1,91.9,Zone 1,Safe,7,3,1,0,0,0,1,1,Medium,88,HIGH
Cagayan de Oro,Kauswagan,2012-04-14,4,4.69,28.07,25.0,29.94,31.44,3.08,73.7,Zone 1,Safe,8,0,0,0,0,0,0,0,Medium,44,MEDIUM
Cagayan de Oro,Kauswagan,2005-07-09,7,6.33,28.72,26.42,31.31,33.28,3.01,85.6,Zone 5,Evacuated,3,1,0,0,0,0,0,1,Medium,92,HIGH
Cagayan de Oro,Kauswagan,2021-07-21,7,8.14,27.57,25.68,30.61,31.54,0.36,79.7,Zone 5,Evacuated,4,1,0,0,0,0,0,1,Medium,93,HIGH
Cagayan de Oro,Kauswagan,2021-07-11,7,10.25,27.26,25.58,30.44,31.51,2.08,82.5,Zone 5,Safe,6,1,0,0,0,0,0,1,Medium,100,HIGH
Cagayan de Oro,Kauswagan,2012-11-01,11,5.43,27.37,25.53,29.74,31.73,3.72,83.6,Zone 3,Unaccounted,8,2,0,0,0,0,0,1,Medium,100,HIGH
Cagayan de Oro,Kauswagan,2014-04-07,4,5.25,28.6,26.79,31.92,32.45,4.22,78.5,Zone 3,Safe,1,0,0,1,0,0,0,1,Medium,100,HIGH
Cagayan de Oro,Kauswagan,2013-05-01,5,10.68,29.48,26.59,31.26,33.73,1.9,82.5,Zone 5,Safe,1,0,0,1,0,0,0,1,Medium,100,HIGH
Cagayan de Oro,Kauswagan,2019-04-18,4,3.43,29.8,26.8,32.67,33.01,3.9,72.1,Zone 3,Evacuated,3,1,0,0,0,1,0,0,Medium,88,HIGH
Cagayan de Oro,Kauswagan,2019-10-22,10,15.15,27.12,25.53,29.05,32.46,0.0,93.4,Zone 3,Safe,10,1,0,0,0,0,0,1,High,100,HIGH
Cagayan de Oro,Kauswagan,2015-01-03,1,6.53,27.13,24.31,30.29,31.53,1.67,84.0,Zone 3,Unaccounted,6,2,0,0,0,0,0,1,,100,HIGH
Cagayan de Oro,Kauswagan,2010-11-13,11,11.18,27.22,23.76,29.99,31.55,2.1,83.3,Zone 5,Evacuated,6,1,1,0,0,0,0,1,Medium,100,HIGH
Cagayan de Oro,Kauswagan,2019-03-07,3,7.44,27.18,23.75,30.08,30.39,1.27,72.1,Zone 4,Evacuated,1,0,0,0,1,0,0,1,Medium,26,LOW
Cagayan de Oro,Kauswagan,2008-08-13,8,8.79,27.33,25.79,30.54,32.43,1.93,91.0,Zone 6,Safe,5,1,1,0,1,0,1,1,Medium,100,HIGH
Cagayan de Oro,Kauswagan,2015-11-09,11,5.92,27.42,24.14,30.96,31.27,2.91,78.5,Zone 3,Safe,9,3,0,0,0,0,0,1,,100,HIGH
Cagayan de Oro,Kauswagan,2007-06-13,6,6.5,28.09,26.41,30.55,32.05,2.37,79.6,Zone 1,Unaccounted,10,3,0,0,0,1,0,1,,89,HIGH
Cagayan de Oro,Kauswagan,2007-04-19,4,5.0,28.73,26.38,31.01,31.96,2.54,72.3,Zone 5,Evacuated,8,0,0,0,0,0,0,1,,87,HIGH
Cagayan de Oro,Kauswagan,2020-03-19,3,4.69,27.7,24.83,29.71,31.34,2.41,76.4,Zone 4,Safe,9,2,0,0,0,0,0,0,,42,MEDIUM
Cagayan de Oro,Kauswagan,2021-03-21,3,3.45,28.85,25.52,31.14,32.25,3.44,74.0,Zone 4,Safe,2,0,1,1,0,0,0,0,Medium,49,MEDIUM
Cagayan de Oro,Kauswagan,2016-06-14,6,8.17,28.28,26.17,31.64,32.24,3.29,79.6,Zone 2,Unaccounted,5,1,0,0,0,0,0,1,Medium,88,HIGH
Cagayan de Oro,Kauswagan,2003-03-06,3,6.61,27.61,24.59,30.64,31.38,1.57,77.7,Zone 1,Safe,10,1,0,1,0,0,0,1,,61,MEDIUM
Cagayan de Oro,Kauswagan,2014-11-01,11,6.6,27.06,25.4,30.51,31.63,0.0,85.7,Zone 2,Safe,10,1,0,1,0,0,0,1,,78,HIGH
Cagayan de Oro,Kauswagan,2018-07-16,7,10.35,28.37,26.59,30.35,32.7,2.3,83.3,Zone 3,Safe,1,3,1,1,0,0,1,1,Medium,100,HIGH
Cagayan de Oro,Kauswagan,2017-02-06,2,6.84,26.81,23.58,29.53,31.14,1.47,83.3,Zone 2,Safe,8,2,0,0,0,0,0,1,,74,HIGH
Cagayan de Oro,Kauswagan,2015-01-20,1,7.8,26.94,24.0,29.43,30.61,3.23,76.7,Zone 3,Unaccounted,10,0,1,0,0,0,0,1,Medium,100,HIGH
Cagayan de Oro,Kauswagan,2017-09-04,9,10.15,26.48,24.07,30.17,31.19,3.67,87.1,Zone 5,Unaccounted,4,1,0,0,0,0,0,1,Medium,100,HIGH
Cagayan de Oro,Kauswagan,2020-12-02,12,7.2,26.74,24.47,30.15,31.4,1.13,86.6,Zone 3,Unaccounted,4,0,0,0,0,0,0,1,Medium,100,HIGH
Cagayan de Oro,Kauswagan,2012-05-25,5,5.36,30.09,27.67,32.65,34.11,2.77,80.2,Zone 3,Evacuated,1,1,1,0,0,1,1,1,,100,HIGH
Cagayan de Oro,Kauswagan,2006-12-17,12,5.78,28.71,26.85,31.67,32.08,1.56,73.7,Zone 5,Unaccounted,9,0,0,0,0,0,0,1,,100,HIGH
Cagayan de Oro,Kauswagan,2008-08-01,8,14.13,28.03,25.62,31.77,33.12,2.85,90.9,Zone 1,Unaccounted,8,1,0,0,0,0,0,1,Medium,76,HIGH
Cagayan de Oro,Kauswagan,2008-11-23,11,12.28,27.02,24.08,28.83,31.55,2.02,85.3,Zone 2,Safe,8,2,0,0,0,0,0,1,Medium,81,HIGH
Cagayan de Oro,Kauswagan,2019-12-13,12,5.15,28.02,25.3,29.92,32.48,4.53,84.6,Zone 5,Safe,1,1,1,1,0,0,1,1,Medium,100,HIGH
Cagayan de Oro,Kauswagan,2004-03-06,3,5.22,29.56,27.22,31.83,33.43,1.58,78.7,Zone 2,Evacuated,8,0,0,0,0,0,0,1,,47,MEDIUM
Cagayan de Oro,Kauswagan,2003-03-07,3,7.66,27.05,24.3,29.18,30.23,3.35,71.8,Zone 1,Safe,8,0,0,0,0,0,0,1,Medium,52,MEDIUM
Cagayan de Oro,Kauswagan,2009-08-08,8,8.99,27.86,25.18,30.55,32.25,0.0,83.9,Zone 6,Safe,2,2,0,0,0,0,0,1,Medium,77,HIGH
Cagayan de Oro,Kauswagan,2022-09-09,9,8.69,27.38,24.62,30.93,31.81,2.11,84.3,Zone 1,Safe,3,1,1,0,0,0,0,1,Medium,62,MEDIUM
Cagayan de Oro,Kauswagan,2004-03-28,3,7.94,26.33,23.5,29.93,29.61,1.46,72.8,Zone 5,Safe,2,0,0,0,0,0,0,1,Medium,99,HIGH
Cagayan de Oro,Kauswagan,2012-03-06,3,15.21,29.66,26.94,32.89,32.85,2.5,71.9,Zone 2,Safe,9,0,0,0,0,0,0,1,High,77,HIGH
Cagayan de Oro,Kauswagan,2004-10-12,10,10.48,27.31,25.62,29.56,31.28,2.16,79.7,Zone 5,Safe,7,3,1,0,0,0,1,1,Medium,100,HIGH
Cagayan de Oro,Kauswagan,2007-05-16,5,7.44,29.4,27.66,33.05,33.04,2.68,76.4,Zone 5,Safe,7,0,0,0,0,0,1,1,Medium,100,HIGH
Cagayan de Oro,Kauswagan,2021-01-04,1,7.5,27.4,24.44,30.47,31.46,1.13,80.6,Zone 5,Unaccounted,8,1,0,0,1,0,0,1,Medium,100,HIGH
Cagayan de Oro,Kauswagan,2013-07-20,7,11.07,26.8,24.78,29.74,30.41,3.35,76.1,Zone 2,Evacuated,3,2,0,0,0,0,0,1,Medium,58,MEDIUM
Cagayan de Oro,Kauswagan,2018-12-21,12,4.74,27.53,25.04,29.48,32.24,1.71,87.1,Zone 5,Evacuated,5,3,0,0,0,0,0,0,,92,HIGH
Cagayan de Oro,Kauswagan,2006-01-15,1,3.28,26.59,23.62,28.61,30.4,2.14,78.1,Zone 6,Evacuated,7,0,0,0,0,0,0,0,,44,MEDIUM
Cagayan de Oro,Kauswagan,2009-09-26,9,17.89,29.61,28.09,31.61,34.15,1.49,85.4,Zone 3,Safe,2,1,0,0,1,0,0,1,High,100,HIGH
Cagayan de Oro,Kauswagan,2013-01-04,1,5.61,26.72,24.54,30.03,30.41,1.76,76.9,Zone 2,Evacuated,1,2,0,0,0,0,0,1,,47,MEDIUM
Cagayan de Oro,Kauswagan,2018-06-22,6,7.35,28.72,25.39,32.21,33.35,2.61,86.3,Zone 6,Evacuated,8,1,0,0,0,0,0,1,Medium,66,MEDIUM
Cagayan de Oro,Kauswagan,2017-09-11,9,9.86,28.21,25.14,30.74,32.38,0.54,81.7,Zone 5,Evacuated,9,1,0,0,1,0,0,1,Medium,100,HIGH
Cagayan de Oro,Kauswagan,2003-09-18,9,10.45,27.08,25.16,30.29,31.21,2.89,81.3,Zone 5,Evacuated,6,1,0,0,0,0,0,1,Medium,97,HIGH
Cagayan de Oro,Kauswagan,2015-01-11,1,8.78,27.86,25.11,31.47,31.66,3.8,78.0,Zone 5,Safe,7,0,0,0,0,0,0,1,Medium,100,HIGH
Cagayan de Oro,Kauswagan,2013-05-23,5,6.94,27.81,24.89,29.99,31.83,2.92,80.2,Zone 2,Safe,4,0,0,1,1,0,0,1,,73,HIGH
Cagayan de Oro,Kauswagan,2008-09-10,9,10.76,26.89,25.17,30.35,31.05,2.6,81.6,Zone 1,Evacuated,2,1,0,0,0,0,0,1,Medium,33,LOW
Cagayan de Oro,Kauswagan,2007-08-17,8,9.01,29.42,27.54,33.23,34.18,0.98,87.6,Zone 5,Evacuated,9,1,0,0,0,0,0,1,Medium,100,HIGH
Cagayan de Oro,Kauswagan,2019-02-27,2,5.9,27.48,24.63,29.31,30.84,1.2,73.6,Zone 5,Evacuated,8,0,1,0,0,0,1,1,,100,HIGH
Cagayan de Oro,Kauswagan,2022-05-02,5,11.69,30.23,26.99,32.56,33.51,4.14,72.8,Zone 5,Unaccounted,2,0,0,0,1,0,0,1,Medium,100,HIGH
Cagayan de Oro,Kauswagan,2012-01-19,1,6.68,26.46,23.68,28.48,29.45,3.47,69.9,Zone 6,Safe,5,0,0,0,0,0,0,1,Medium,70,HIGH
Cagayan de Oro,Kauswagan,2006-08-22,8,7.19,27.48,25.43,29.37,32.29,3.71,88.1,Zone 3,Safe,10,1,0,0,0,0,0,1,Medium,100,HIGH
Cagayan de Oro,Kauswagan,2020-09-12,9,12.6,26.94,24.8,28.79,30.54,1.09,76.0,Zone 6,Evacuated,5,1,0,0,0,0,0,1,Medium,61,MEDIUM
Cagayan de Oro,Kauswagan,2013-05-20,5,5.58,28.42,25.84,30.05,31.98,2.91,75.6,Zone 1,Safe,1,0,0,0,0,0,0,1,,33,LOW
Cagayan de Oro,Kauswagan,2008-07-13,7,7.19,27.82,24.91,31.55,31.39,1.68,75.7,Zone 3,Evacuated,8,2,0,0,0,0,0,1,Medium,100,HIGH
Cagayan de Oro,Kauswagan,2020-04-23,4,2.95,29.57,27.91,33.38,33.5,1.16,79.3,Zone 3,Evacuated,10,0,1,0,0,1,0,0,,95,HIGH
Cagayan de Oro,Kauswagan,2017-08-10,8,10.81,28.01,25.57,31.88,33.49,1.85,94.8,Zone 5,Safe,10,1,0,0,0,0,0,1,Medium,100,HIGH
Cagayan de Oro,Kauswagan,2013-03-23,3,4.21,27.81,24.73,31.52,30.86,2.07,70.5,Zone 5,Safe,1,0,0,0,0,0,0,0,,82,HIGH
Cagayan de Oro,Kauswagan,2008-08-15,8,8.28,27.06,25.0,29.43,31.96,2.81,89.0,Zone 5,Safe,9,1,1,0,1,0,0,1,Medium,100,HIGH
Cagayan de Oro,Kauswagan,2005-09-21,9,9.26,28.51,25.43,31.34,33.06,1.55,85.5,Zone 6,Safe,7,1,0,0,0,0,0,1,Medium,80,HIGH
Cagayan de Oro,Kauswagan,2015-03-16,3,4.24,27.75,26.12,29.77,31.16,1.12,74.1,Zone 5,Evacuated,7,1,0,0,0,0,0,0,,84,HIGH
Cagayan de Oro,Kauswagan,2010-06-18,6,8.25,28.75,26.9,31.92,32.93,1.5,81.8,Zone 5,Evacuated,10,3,0,0,0,0,0,1,Medium,100,HIGH
Cagayan de Oro,Kauswagan,2013-10-15,10,11.69,28.22,25.61,31.78,32.84,1.52,86.2,Zone 1,Safe,7,1,0,0,0,0,0,1,Medium,57,MEDIUM
Cagayan de Oro,Kauswagan,2015-10-25,10,11.29,27.93,25.78,31.04,32.4,3.07,84.7,Zone 3,Safe,4,3,1,1,0,0,0,1,Medium,100,HIGH
Cagayan de Oro,Kauswagan,2017-11-05,11,10.89,28.28,25.72,30.75,32.51,1.22,82.3,Zone 5,Safe,4,1,0,0,1,0,1,1,Medium,100,HIGH
Cagayan de Oro,Kauswagan,2014-07-23,7,8.77,27.33,23.85,30.29,31.64,3.47,83.1,Zone 2,Evacuated,9,1,0,0,0,0,0,1,Medium,60,MEDIUM
Cagayan de Oro,Kauswagan,2014-05-02,5,6.58,30.17,26.87,34.09,34.23,1.83,80.6,Zone 4,Safe,9,2,0,0,0,0,0,1,,50,MEDIUM
Cagayan de Oro,Kauswagan,2003-05-28,5,10.99,29.66,27.69,32.92,32.65,4.6,69.9,Zone 6,Safe,6,1,0,0,0,0,0,1,Medium,78,HIGH
Cagayan de Oro,Kauswagan,2009-07-18,7,8.19,28.2,25.38,30.89,33.04,4.82,88.4,Zone 2,Safe,7,3,0,0,0,0,0,1,Medium,86,HIGH
Cagayan de Oro,Kauswagan,2012-07-05,7,8.78,28.24,24.75,31.42,32.02,2.66,77.8,Zone 5,Safe,2,2,0,0,0,0,0,1,Medium,100,HIGH
Cagayan de Oro,Kauswagan,2016-08-22,8,6.53,27.43,23.98,29.27,31.72,1.84,82.9,Zone 3,Safe,7,3,0,0,0,1,1,1,,100,HIGH
Cagayan de Oro,Kauswagan,2017-10-06,10,7.54,25.5,22.98,28.38,28.95,2.09,74.5,Zone 6,Safe,6,1,0,0,0,0,0,1,Medium,78,HIGH
Cagayan de Oro,Kauswagan,2018-01-19,1,3.94,27.21,24.02,29.3,31.06,1.62,78.5,Zone 5,Safe,7,3,1,0,0,0,0,0,,100,HIGH
Cagayan de Oro,Kauswagan,2018-01-19,1,11.06,27.26,24.35,29.04,31.9,3.22,86.4,Zone 1,Safe,2,0,0,0,1,0,0,1,Medium,50,MEDIUM
Cagayan de Oro,Kauswagan,2005-08-17,8,15.77,28.26,25.71,31.29,32.1,2.64,78.4,Zone 3,Safe,2,2,0,0,0,0,1,1,High,100,HIGH
Cagayan de Oro,Kauswagan,2004-05-20,5,18.49,29.3,25.99,32.14,32.77,1.29,74.7,Zone 4,Safe,8,0,0,0,0,0,0,1,High,53,MEDIUM
Cagayan de Oro,Kauswagan,2016-12-11,12,4.33,28.72,26.51,32.66,31.76,2.11,70.4,Zone 1,Safe,3,0,1,0,1,0,1,0,,56,MEDIUM
Cagayan de Oro,Kauswagan,2021-11-16,11,7.84,28.01,26.17,29.64,31.94,3.86,79.3,Zone 3,Unaccounted,10,1,0,0,0,0,0,1,Medium,100,HIGH
Cagayan de Oro,Kauswagan,2005-03-17,3,4.93,28.93,25.73,31.12,31.87,5.67,69.4,Zone 6,Safe,5,0,0,0,0,0,0,0,High,70,HIGH
Cagayan de Oro,Kauswagan,2022-12-04,12,4.53,26.25,24.4,29.23,30.55,2.08,83.0,Zone 5,Safe,8,0,0,0,0,0,0,0,,94,HIGH
Cagayan de Oro,Kauswagan,2018-12-08,12,4.44,25.94,24.08,28.76,29.8,3.79,78.6,Zone 5,Safe,2,3,0,1,0,0,0,0,Medium,100,HIGH
Cagayan de Oro,Kauswagan,2016-08-25,8,10.34,27.83,24.79,29.92,32.47,2.84,86.4,Zone 1,Safe,3,1,0,0,1,0,0,1,Medium,58,MEDIUM
Cagayan de Oro,Kauswagan,2011-01-21,1,7.48,26.34,23.33,28.13,29.26,3.82,69.2,Zone 4,Safe,7,0,0,0,0,0,0,1,Medium,44,MEDIUM
Cagayan de Oro,Kauswagan,2015-09-08,9,25.19,26.74,23.87,29.22,30.84,2.16,81.0,Zone 2,Safe,9,3,0,0,0,0,0,1,High,95,HIGH
Cagayan de Oro,Kauswagan,2013-08-13,8,17.81,26.67,23.25,29.88,30.12,1.87,74.5,Zone 3,Safe,9,2,0,1,1,1,0,1,High,100,HIGH
Cagayan de Oro,Kauswagan,2006-05-09,5,6.02,29.41,27.4,32.37,34.04,0.87,86.3,Zone 5,Safe,4,1,0,1,0,0,0,1,,100,HIGH
Cagayan de Oro,Kauswagan,2008-09-11,9,9.71,26.9,24.77,28.43,30.75,3.02,78.5,Zone 5,Safe,2,1,0,0,0,0,0,1,Medium,100,HIGH
Cagayan de Oro,Kauswagan,2017-02-22,2,6.97,28.16,25.96,31.47,31.76,5.43,76.0,Zone 2,Safe,1,0,0,0,0,0,0,1,High,65,MEDIUM
Cagayan de Oro,Kauswagan,2009-10-22,10,9.82,26.32,22.92,29.42,29.98,2.64,76.6,Zone 1,Evacuated,2,1,0,0,0,1,0,1,Medium,41,MEDIUM
Cagayan de Oro,Kauswagan,2021-11-25,11,9.55,26.87,23.76,28.83,31.2,2.07,83.3,Zone 6,Safe,3,1,0,0,0,0,0,1,Medium,73,HIGH
Cagayan de Oro,Kauswagan,2017-02-21,2,3.48,27.45,24.1,29.64,31.49,5.04,80.4,Zone 3,Safe,6,0,1,0,1,0,0,0,High,100,HIGH
Cagayan de Oro,Kauswagan,2013-07-13,7,9.37,27.84,24.35,29.99,32.61,2.72,87.7,Zone 5,Unaccounted,3,1,0,0,0,0,0,1,Medium,100,HIGH
Cagayan de Oro,Kauswagan,2015-04-20,4,9.34,28.45,26.59,31.18,31.81,3.49,73.6,Zone 2,Safe,7,0,0,0,0,1,0,1,Medium,76,HIGH
Cagayan de Oro,Kauswagan,2006-12-09,12,5.51,26.7,25.13,28.38,31.01,0.3,83.1,Zone 5,Evacuated,8,0,0,0,0,0,0,1,,87,HIGH
Cagayan de Oro,Kauswagan,2003-11-21,11,7.44,27.76,24.39,30.92,31.46,2.61,77.0,Zone 3,Safe,6,3,0,0,0,0,1,1,Medium,100,HIGH
Cagayan de Oro,Kauswagan,2018-12-25,12,8.07,28.25,25.79,30.76,32.31,3.7,80.6,Zone 5,Evacuated,2,0,0,0,0,0,0,1,Medium,84,HIGH
Cagayan de Oro,Kauswagan,2018-12-27,12,8.94,27.46,25.72,30.3,31.82,2.06,83.6,Zone 1,Unaccounted,6,1,0,0,0,0,0,1,Medium,73,HIGH
Cagayan de Oro,Kauswagan,2005-11-21,11,7.01,27.96,25.73,31.59,32.07,2.06,81.1,Zone 6,Safe,8,2,0,0,0,0,0,1,Medium,87,HIGH
Cagayan de Oro,Kauswagan,2020-04-06,4,3.75,29.41,27.83,31.87,33.03,3.44,76.2,Zone 3,Safe,7,2,0,0,1,0,0,0,Medium,100,HIGH
Cagayan de Oro,Kauswagan,2017-08-03,8,9.65,27.75,24.78,29.6,32.65,1.66,89.0,Zone 5,Safe,10,1,0,0,0,0,0,1,Medium,100,HIGH
Cagayan de Oro,Kauswagan,2012-09-21,9,11.23,27.73,25.23,31.64,32.38,1.51,86.5,Zone 5,Unaccounted,1,1,0,0,0,0,0,1,Medium,100,HIGH
Cagayan de Oro,Kauswagan,2015-12-02,12,7.79,26.13,24.39,29.65,29.96,0.36,78.3,Zone 5,Evacuated,8,3,0,1,0,0,1,1,Medium,100,HIGH
Cagayan de Oro,Kauswagan,2010-12-19,12,8.8,26.17,22.82,27.76,29.94,1.73,77.7,Zone 5,Safe,1,0,1,1,1,0,0,1,Medium,100,HIGH
Cagayan de Oro,Kauswagan,2003-11-05,11,15.04,27.05,25.21,28.67,30.75,1.11,77.0,Zone 1,Safe,2,1,0,0,0,0,0,1,High,56,MEDIUM
Cagayan de Oro,Kauswagan,2006-10-03,10,8.81,27.14,25.41,30.13,31.94,1.8,88.0,Zone 6,Evacuated,2,3,0,0,0,0,0,1,Medium,68,MEDIUM
Cagayan de Oro,Kauswagan,2015-12-22,12,5.72,27.64,25.49,31.58,31.87,2.67,82.3,Zone 5,Safe,3,0,1,1,1,0,0,1,,100,HIGH
Cagayan de Oro,Kauswagan,2005-03-11,3,6.93,28.11,26.37,29.96,31.19,2.53,70.8,Zone 3,Safe,6,0,0,0,0,0,0,1,,95,HIGH
Cagayan de Oro,Kauswagan,2007-10-02,10,11.84,27.77,26.07,31.39,32.65,3.43,88.8,Zone 5,Evacuated,3,1,0,0,0,0,0,1,Medium,92,HIGH
Cagayan de Oro,Kauswagan,2008-01-01,1,13.76,26.86,23.51,30.13,30.82,1.63,79.6,Zone 5,Safe,5,0,0,1,0,1,0,1,Medium,100,HIGH
Cagayan de Oro,Kauswagan,2011-04-05,4,6.75,28.51,25.96,31.04,31.73,4.67,72.2,Zone 6,Unaccounted,10,1,0,0,0,1,0,1,Medium,100,HIGH
Cagayan de Oro,Kauswagan,2012-10-03,10,8.89,27.23,25.03,28.74,31.09,2.75,78.6,Zone 5,Safe,2,3,0,0,1,1,1,1,Medium,100,HIGH
Cagayan de Oro,Kauswagan,2017-09-08,9,9.09,29.24,26.2,32.39,33.89,2.95,86.5,Zone 5,Safe,4,1,0,0,0,0,0,1,Medium,100,HIGH
Cagayan de Oro,Kauswagan,2008-08-16,8,8.31,28.35,26.53,32.16,32.46,4.19,81.1,Zone 6,Safe,6,1,0,0,0,0,0,1,Medium,78,HIGH
Cagayan de Oro,Kauswagan,2017-06-20,6,10.46,27.76,26.17,31.11,31.99,2.72,82.3,Zone 5,Unaccounted,3,1,0,0,0,0,0,1,Medium,100,HIGH
Cagayan de Oro,Kauswagan,2005-09-04,9,9.74,26.82,23.53,30.12,30.91,2.14,80.9,Zone 1,Safe,6,1,0,0,1,0,0,1,Medium,63,MEDIUM
Cagayan de Oro,Kauswagan,2006-04-25,4,5.1,28.98,26.83,30.73,31.73,1.0,67.5,Zone 4,Evacuated,4,0,0,0,0,0,0,1,,16,LOW
Cagayan de Oro,Kauswagan,2018-08-19,8,9.26,28.44,26.83,31.03,32.48,2.53,80.4,Zone 6,Safe,10,1,0,0,0,0,0,1,Medium,81,HIGH
Cagayan de Oro,Kauswagan,2009-03-15,3,4.58,27.65,24.89,31.59,30.53,4.6,68.8,Zone 3,Safe,3,0,0,0,1,0,0,0,Medium,97,HIGH
Cagayan de Oro,Kauswagan,2017-03-04,3,8.62,27.71,25.29,29.64,30.81,4.69,71.0,Zone 3,Safe,5,1,0,1,0,0,1,1,Medium,100,HIGH
Cagayan de Oro,Kauswagan,2010-10-18,10,8.07,28.82,27.15,32.46,33.58,0.49,87.6,Zone 6,Safe,4,1,1,0,1,0,0,1,Medium,94,HIGH
Cagayan de Oro,Kauswagan,2010-12-14,12,6.69,27.8,25.8,30.39,31.34,2.01,75.4,Zone 1,Safe,10,3,1,0,0,1,1,1,,90,HIGH
Cagayan de Oro,Kauswagan,2019-01-16,1,12.07,27.74,26.17,30.57,31.6,2.15,78.6,Zone 6,Safe,2,0,0,0,0,0,0,1,Medium,65,MEDIUM
Cagayan de Oro,Kauswagan,2003-09-25,9,9.52,26.57,23.68,29.09,30.58,0.71,80.1,Zone 5,Safe,6,1,1,0,0,0,0,1,Medium,100,HIGH
Cagayan de Oro,Kauswagan,2012-01-16,1,7.9,26.84,25.02,29.49,30.41,3.81,75.7,Zone 3,Safe,10,0,0,0,0,0,0,1,Medium,100,HIGH
Cagayan de Oro,Kauswagan,2015-03-28,3,8.02,28.12,26.25,31.8,31.54,4.31,74.2,Zone 6,Evacuated,1,2,0,0,0,0,0,1,Medium,60,MEDIUM
Cagayan de Oro,Kauswagan,2019-12-11,12,7.43,26.0,24.43,28.56,30.22,1.82,82.2,Zone 3,Safe,10,0,1,0,1,0,0,1,Medium,100,HIGH
Cagayan de Oro,Kauswagan,2019-12-02,12,3.8,26.89,23.5,30.08,30.78,3.74,78.9,Zone 5,Unaccounted,2,0,0,0,0,0,0,0,Medium,100,HIGH
Cagayan de Oro,Kauswagan,2014-01-12,1,3.14,26.57,24.72,29.47,30.46,0.91,78.9,Zone 3,Safe,4,0,0,0,0,0,0,0,,83,HIGH
Cagayan de Oro,Kauswagan,2018-09-04,9,10.34,27.16,24.19,30.54,31.65,3.6,84.9,Zone 3,Unaccounted,4,2,0,0,1,0,1,1,Medium,100,HIGH
Cagayan de Oro,Kauswagan,2016-05-17,5,3.78,28.35,26.3,30.01,31.58,1.91,72.3,Zone 5,Safe,8,0,0,0,1,1,0,0,,100,HIGH
Cagayan de Oro,Kauswagan,2014-08-20,8,7.0,27.86,24.76,31.72,32.55,1.94,86.9,Zone 4,Unaccounted,2,1,1,0,0,0,1,1,Medium,78,HIGH
Cagayan de Oro,Kauswagan,2012-07-06,7,7.24,27.98,24.56,29.67,33.01,2.58,90.3,Zone 6,Safe,2,2,0,0,0,0,0,1,Medium,77,HIGH
Cagayan de Oro,Kauswagan,2003-04-17,4,9.36,28.09,26.0,32.01,31.05,0.74,69.6,Zone 3,Safe,3,0,0,0,0,0,0,1,Medium,97,HIGH
Cagayan de Oro,Kauswagan,2003-12-21,12,8.05,26.61,24.53,28.27,30.51,1.42,79.0,Zone 4,Unaccounted,4,2,0,0,1,0,0,1,Medium,76,HIGH
Cagayan de Oro,Kauswagan,2013-07-19,7,12.77,28.84,26.03,32.31,33.31,1.07,84.7,Zone 2,Safe,9,3,0,0,0,0,0,1,Medium,87,HIGH
Cagayan de Oro,Kauswagan,2007-05-19,5,5.42,29.12,25.82,31.39,32.67,2.99,75.5,Zone 1,Evacuated,4,0,1,1,0,1,0,1,,53,MEDIUM
Cagayan de Oro,Kauswagan,2008-05-15,5,5.65,29.09,26.35,30.99,32.85,1.84,77.6,Zone 2,Safe,3,3,0,1,0,0,1,1,,89,HIGH
Cagayan de Oro,Kauswagan,2004-04-04,4,16.05,28.35,24.86,31.29,32.13,0.73,77.8,Zone 2,Safe,6,0,1,0,0,0,0,1,High,86,HIGH
Cagayan de Oro,Kauswagan,2014-11-11,11,7.25,28.29,26.49,30.91,32.09,1.17,78.0,Zone 5,Unaccounted,9,1,1,0,0,1,1,1,Medium,100,HIGH
Cagayan de Oro,Kauswagan,2007-08-11,8,9.12,26.73,25.22,30.08,31.05,3.92,83.2,Zone 2,Unaccounted,6,2,0,0,0,0,0,1,Medium,96,HIGH
Cagayan de Oro,Kauswagan,2021-05-25,5,4.38,28.38,25.55,31.88,32.45,4.51,80.7,Zone 5,Evacuated,8,0,0,0,0,0,0,0,Medium,86,HIGH
Cagayan de Oro,Kauswagan,2007-08-02,8,8.36,28.03,25.17,29.82,33.09,2.33,90.6,Zone 2,Safe,10,3,0,0,0,0,0,1,Medium,87,HIGH
Cagayan de Oro,Kauswagan,2004-02-11,2,3.82,28.14,25.42,30.13,31.4,3.88,72.6,Zone 1,Safe,5,0,0,0,0,0,0,0,Medium,39,LOW
Cagayan de Oro,Kauswagan,2005-08-22,8,9.72,26.49,23.04,28.98,30.78,2.18,82.9,Zone 6,Safe,10,2,1,0,1,1,0,1,Medium,100,HIGH
Cagayan de Oro,Kauswagan,2016-12-28,12,4.16,27.26,25.02,29.69,31.55,2.24,82.9,Zone 2,Safe,6,0,0,0,0,0,0,0,,51,MEDIUM
Cagayan de Oro,Kauswagan,2009-09-03,9,18.59,26.75,23.79,29.36,31.65,2.65,89.0,Zone 4,Unaccounted,8,1,0,0,0,1,1,1,High,92,HIGH
Cagayan de Oro,Kauswagan,2021-03-27,3,5.32,27.76,25.06,29.62,31.16,3.21,74.0,Zone 3,Safe,9,3,0,0,0,0,0,1,Medium,100,HIGH
Cagayan de Oro,Kauswagan,2015-10-25,10,11.76,27.39,25.71,29.91,32.04,4.31,86.5,Zone 6,Unaccounted,7,1,0,0,0,0,0,1,Medium,98,HIGH
Cagayan de Oro,Kauswagan,2007-10-25,10,7.01,26.16,24.26,29.74,30.86,1.5,87.0,Zone 6,Safe,8,1,0,0,1,0,1,1,Medium,96,HIGH
Cagayan de Oro,Kauswagan,2017-08-18,8,9.45,27.52,25.57,31.0,31.79,0.0,82.7,Zone 3,Safe,5,3,1,0,0,1,0,1,Medium,100,HIGH
Cagayan de Oro,Kauswagan,2012-11-22,11,15.22,27.92,25.59,30.65,32.0,3.78,80.8,Zone 3,Evacuated,4,1,1,0,0,1,0,1,High,100,HIGH
Cagayan de Oro,Kauswagan,2014-10-24,10,13.95,27.06,24.4,29.97,31.52,3.19,84.6,Zone 5,Unaccounted,8,3,1,0,1,0,0,1,Medium,100,HIGH
Cagayan de Oro,Kauswagan,2021-05-06,5,9.07,30.07,28.45,32.37,33.62,1.82,75.5,Zone 5,Unaccounted,3,0,0,0,0,0,0,1,Medium,100,HIGH
Cagayan de Oro,Kauswagan,2014-06-14,6,7.85,29.53,27.93,31.76,33.28,3.09,77.5,Zone 5,Evacuated,2,1,1,1,0,0,0,1,Medium,100,HIGH
Cagayan de Oro,Kauswagan,2008-10-25,10,8.81,26.76,24.17,30.44,31.11,4.5,83.5,Zone 2,Unaccounted,5,1,0,0,1,0,0,1,Medium,96,HIGH
Cagayan de Oro,Kauswagan,2021-02-18,2,13.17,25.43,23.23,27.29,29.15,3.64,77.2,Zone 5,Safe,5,0,0,0,0,0,0,1,Medium,100,HIGH
Cagayan de Oro,Kauswagan,2006-06-06,6,6.64,28.38,26.44,31.14,32.88,1.08,85.0,Zone 6,Unaccounted,9,2,1,0,0,0,1,1,,100,HIGH
Cagayan de Oro,Kauswagan,2005-07-15,7,10.07,27.22,25.49,29.05,32.23,3.29,90.1,Zone 5,Safe,6,1,0,0,0,0,0,1,Medium,100,HIGH
Cagayan de Oro,Kauswagan,2019-08-20,8,16.76,28.29,25.26,30.65,32.56,2.74,82.7,Zone 6,Evacuated,1,2,0,0,0,0,0,1,High,68,MEDIUM
Cagayan de Oro,Kauswagan,2007-03-28,3,4.89,27.66,24.78,29.93,30.5,4.31,68.4,Zone 3,Safe,2,0,1,0,0,0,1,0,Medium,100,HIGH
Cagayan de Oro,Kauswagan,2018-01-25,1,10.84,26.9,23.89,28.51,30.74,2.33,78.4,Zone 6,Safe,9,0,0,0,0,0,0,1,Medium,75,HIGH
Cagayan de Oro,Kauswagan,2005-05-02,5,3.89,29.0,26.9,30.53,32.73,4.71,77.3,Zone 5,Safe,2,3,0,0,0,0,0,0,Medium,100,HIGH
Cagayan de Oro,Kauswagan,2014-04-06,4,4.09,27.3,25.74,29.16,30.76,3.56,74.6,Zone 3,Evacuated,5,3,0,0,0,0,0,0,Medium,95,HIGH
Cagayan de Oro,Kauswagan,2019-03-28,3,13.01,28.24,25.18,31.27,31.06,2.73,68.2,Zone 1,Safe,2,0,1,0,0,0,0,1,Medium,54,MEDIUM
Cagayan de Oro,Kauswagan,2009-09-07,9,11.32,26.84,23.41,28.77,32.33,4.0,94.9,Zone 5,Evacuated,1,3,0,0,0,0,0,1,Medium,100,HIGH
Cagayan de Oro,Kauswagan,2018-04-17,4,4.8,27.6,25.37,30.57,30.93,2.65,73.3,Zone 5,Safe,2,0,0,0,0,0,0,0,,84,HIGH
Cagayan de Oro,Kauswagan,2009-07-14,7,8.96,29.01,26.48,31.53,33.31,5.5,83.0,Zone 4,Evacuated,6,1,0,0,0,0,0,1,High,41,MEDIUM
Cagayan de Oro,Kauswagan,2014-03-16,3,3.31,28.17,25.26,31.06,31.46,3.11,72.9,Zone 1,Safe,6,0,0,0,0,0,0,0,Medium,41,MEDIUM
Cagayan de Oro,Kauswagan,2012-08-20,8,8.46,29.15,26.28,32.75,33.83,0.46,86.8,Zone 3,Safe,7,1,1,1,0,0,0,1,Medium,100,HIGH
Cagayan de Oro,Kauswagan,2014-08-22,8,15.61,28.26,26.4,32.26,33.23,1.47,89.7,Zone 1,Safe,2,1,1,0,0,0,0,1,High,68,MEDIUM
Cagayan de Oro,Kauswagan,2015-02-05,2,6.33,27.31,25.01,30.29,31.02,2.18,77.1,Zone 5,Safe,3,0,0,1,1,0,1,1,,100,HIGH
Cagayan de Oro,Kauswagan,2010-07-04,7,11.58,28.1,24.92,31.41,32.46,0.59,83.6,Zone 3,Safe,10,1,0,0,1,1,0,1,Medium,100,HIGH
Cagayan de Oro,Kauswagan,2022-08-22,8,7.02,27.11,23.71,31.08,32.24,2.53,91.3,Zone 1,Safe,3,2,0,0,0,0,0,1,Medium,56,MEDIUM
Cagayan de Oro,Kauswagan,2018-05-16,5,8.26,29.03,27.07,32.89,32.42,0.6,73.9,Zone 1,Safe,1,2,0,0,0,0,0,1,Medium,52,MEDIUM
Cagayan de Oro,Kauswagan,2015-01-06,1,7.67,28.68,25.97,31.0,31.99,1.15,73.1,Zone 2,Safe,10,0,0,0,0,0,0,1,Medium,69,MEDIUM
Cagayan de Oro,Kauswagan,2018-09-25,9,9.39,27.14,24.05,29.14,31.75,3.72,86.1,Zone 5,Evacuated,8,1,0,0,0,0,1,1,Medium,100,HIGH
Cagayan de Oro,Kauswagan,2004-09-01,9,8.08,29.12,25.64,32.82,34.27,2.36,91.5,Zone 3,Safe,8,1,0,0,0,0,0,1,Medium,100,HIGH
Cagayan de Oro,Kauswagan,2004-08-02,8,9.52,27.58,25.73,30.73,32.45,5.15,88.7,Zone 3,Evacuated,3,1,0,0,0,0,0,1,High,96,HIGH
Cagayan de Oro,Kauswagan,2018-12-13,12,6.65,28.22,25.19,31.14,31.94,2.54,77.2,Zone 1,Safe,9,1,0,0,0,1,0,1,,59,MEDIUM
Cagayan de Oro,Kauswagan,2008-09-28,9,19.12,26.09,23.58,28.57,30.68,1.85,85.9,Zone 6,Safe,7,2,0,0,0,0,0,1,High,94,HIGH
Cagayan de Oro,Kauswagan,2004-05-11,5,7.29,28.39,26.83,30.0,31.79,4.21,74.0,Zone 6,Unaccounted,6,2,0,0,1,0,0,1,Medium,100,HIGH
Cagayan de Oro,Kauswagan,2016-07-04,7,10.59,28.45,26.26,30.84,32.69,1.58,82.4,Zone 2,Safe,4,1,0,0,0,0,1,1,Medium,75,HIGH
Cagayan de Oro,Kauswagan,2005-02-23,2,11.75,28.4,25.16,30.19,31.73,1.81,73.3,Zone 5,Safe,9,0,0,0,0,0,0,1,Medium,100,HIGH
Cagayan de Oro,Kauswagan,2019-07-19,7,9.69,26.74,23.44,28.91,31.1,2.2,83.6,Zone 3,Evacuated,10,1,0,0,0,0,0,1,Medium,96,HIGH
Cagayan de Oro,Kauswagan,2013-10-13,10,7.29,27.21,24.56,30.73,31.45,4.27,82.4,Zone 5,Safe,4,1,0,0,1,0,0,1,Medium,100,HIGH
Cagayan de Oro,Kauswagan,2012-03-20,3,3.5,27.7,25.47,30.29,31.23,2.58,75.3,Zone 2,Safe,2,2,0,0,1,0,0,0,,64,MEDIUM
Cagayan de Oro,Kauswagan,2012-05-02,5,6.61,29.81,26.32,32.32,33.34,2.69,75.3,Zone 6,Safe,2,1,0,0,0,0,1,1,,71,HIGH
Cagayan de Oro,Kauswagan,2005-06-09,6,11.14,28.83,26.2,31.66,33.25,2.29,84.2,Zone 3,Safe,6,2,0,0,1,0,0,1,Medium,100,HIGH
Cagayan de Oro,Kauswagan,2012-09-26,9,10.03,28.02,25.65,30.87,32.78,3.47,87.6,Zone 1,Safe,7,1,0,0,0,0,1,1,Medium,64,MEDIUM
Cagayan de Oro,Kauswagan,2019-03-01,3,3.99,27.23,24.0,30.17,31.21,1.91,79.8,Zone 3,Safe,8,0,0,0,0,0,1,0,,97,HIGH
Cagayan de Oro,Kauswagan,2004-07-19,7,12.63,26.92,24.38,29.33,31.08,4.2,81.6,Zone 5,Safe,3,2,0,0,0,1,1,1,Medium,100,HIGH
Cagayan de Oro,Kauswagan,2005-06-28,6,7.72,29.1,26.33,32.71,33.24,2.12,81.4,Zone 3,Safe,5,2,0,0,0,0,0,1,Medium,100,HIGH
Cagayan de Oro,Kauswagan,2015-10-08,10,6.49,26.15,24.17,28.02,30.6,1.74,84.5,Zone 6,Safe,5,1,0,0,0,1,0,1,,77,HIGH
Cagayan de Oro,Kauswagan,2004-07-21,7,9.38,28.6,26.7,30.78,33.68,1.68,90.8,Zone 3,Safe,5,2,0,0,0,0,0,1,Medium,100,HIGH
Cagayan de Oro,Kauswagan,2018-01-24,1,6.03,27.28,24.22,28.92,31.14,2.45,78.6,Zone 3,Unaccounted,6,1,0,0,1,1,0,1,,100,HIGH
Cagayan de Oro,Kauswagan,2005-11-22,11,8.85,27.99,25.7,31.59,32.83,2.94,88.4,Zone 6,Unaccounted,4,1,1,0,0,0,0,1,Medium,100,HIGH
Cagayan de Oro,Kauswagan,2021-09-22,9,7.27,26.99,23.59,30.82,31.18,2.46,81.9,Zone 4,Safe,2,1,0,0,0,0,0,1,Medium,41,MEDIUM
Cagayan de Oro,Kauswagan,2021-06-11,6,8.17,28.76,25.79,32.27,33.05,4.01,82.9,Zone 1,Evacuated,7,1,0,0,0,0,0,1,Medium,42,MEDIUM
Cagayan de Oro,Kauswagan,2017-04-09,4,11.65,28.89,26.57,32.55,32.65,2.38,77.6,Zone 3,Safe,9,0,0,1,1,1,0,1,Medium,100,HIGH
Cagayan de Oro,Kauswagan,2011-11-08,11,6.75,27.02,23.76,30.86,31.26,4.31,82.4,Zone 2,Safe,6,3,0,0,0,0,0,1,Medium,84,HIGH
Cagayan de Oro,Kauswagan,2004-10-02,10,8.11,27.36,24.48,30.83,31.23,2.43,78.7,Zone 6,Safe,9,1,0,0,1,0,0,1,Medium,89,HIGH
Cagayan de Oro,Kauswagan,2020-11-04,11,7.38,28.39,25.16,32.03,32.65,1.17,82.6,Zone 5,Safe,7,3,1,0,1,1,0,1,Medium,100,HIGH
Cagayan de Oro,Kauswagan,2008-05-07,5,6.02,29.95,26.62,33.03,32.87,5.67,69.2,Zone 3,Unaccounted,7,1,0,0,0,0,0,1,High,100,HIGH
Cagayan de Oro,Kauswagan,2018-02-27,2,10.05,28.09,25.65,30.62,32.06,2.72,79.7,Zone 6,Unaccounted,7,2,0,1,1,0,0,1,Medium,100,HIGH
Cagayan de Oro,Kauswagan,2014-09-03,9,8.19,27.1,24.76,30.42,30.94,3.23,78.4,Zone 3,Safe,6,1,0,0,0,0,0,1,Medium,100,HIGH
Cagayan de Oro,Kauswagan,2008-01-21,1,4.96,27.32,24.56,30.8,31.04,1.09,77.2,Zone 4,Safe,7,0,0,0,0,0,0,0,,29,LOW
Cagayan de Oro,Kauswagan,2006-10-03,10,7.42,27.29,25.47,30.08,31.63,3.02,83.4,Zone 5,Unaccounted,3,3,0,0,1,0,0,1,Medium,100,HIGH
Cagayan de Oro,Kauswagan,2007-08-16,8,14.39,27.62,25.6,30.84,31.98,0.53,83.6,Zone 5,Unaccounted,5,1,0,0,0,0,0,1,Medium,100,HIGH
Cagayan de Oro,Kauswagan,2015-03-13,3,9.45,29.92,26.53,33.63,32.95,2.1,70.3,Zone 6,Safe,1,3,0,1,0,0,0,1,Medium,91,HIGH
Cagayan de Oro,Kauswagan,2009-02-15,2,12.07,27.47,25.45,31.1,31.27,0.67,78.0,Zone 5,Safe,10,0,0,0,0,0,0,1,Medium,100,HIGH
Cagayan de Oro,Kauswagan,2008-02-12,2,7.26,27.01,23.62,28.8,30.55,1.14,75.4,Zone 3,Evacuated,7,1,1,0,0,1,1,1,Medium,100,HIGH
Cagayan de Oro,Kauswagan,2009-12-07,12,6.81,28.51,25.12,32.04,32.75,4.14,82.4,Zone 3,Safe,8,0,0,0,0,0,0,1,Medium,100,HIGH
Cagayan de Oro,Kauswagan,2009-04-20,4,7.02,28.22,24.73,30.43,30.83,2.54,66.1,Zone 1,Evacuated,7,0,1,0,1,0,0,1,Medium,56,MEDIUM
Cagayan de Oro,Kauswagan,2022-05-08,5,4.73,29.67,27.27,31.79,33.3,3.07,76.3,Zone 6,Safe,8,0,0,0,0,0,0,0,Medium,67,MEDIUM
Cagayan de Oro,Kauswagan,2015-06-23,6,8.31,28.66,25.79,31.94,33.51,3.25,88.5,Zone 3,Evacuated,10,1,0,0,0,0,0,1,Medium,96,HIGH
Cagayan de Oro,Kauswagan,2013-01-02,1,2.23,26.48,23.12,29.16,30.13,3.16,76.5,Zone 6,Safe,10,3,1,0,0,1,1,0,Medium,100,HIGH
Cagayan de Oro,Kauswagan,2022-05-17,5,13.27,28.2,25.94,32.14,31.04,1.78,68.4,Zone 4,Evacuated,3,3,0,0,0,0,1,1,Medium,47,MEDIUM
Cagayan de Oro,Kauswagan,2008-03-09,3,7.93,27.38,24.87,31.21,30.25,1.03,68.7,Zone 3,Unaccounted,3,0,0,0,0,1,0,1,Medium,100,HIGH
Cagayan de Oro,Kauswagan,2006-03-09,3,4.52,27.63,25.5,31.58,30.6,0.0,69.7,Zone 5,Safe,5,1,0,0,1,1,1,0,,100,HIGH
Cagayan de Oro,Kauswagan,2013-05-17,5,17.56,28.31,25.94,30.22,32.21,4.34,79.0,Zone 2,Evacuated,8,1,0,0,0,0,0,1,High,68,MEDIUM
Cagayan de Oro,Kauswagan,2017-11-21,11,10.03,27.07,25.46,28.94,31.04,3.32,79.7,Zone 6,Safe,1,1,0,0,0,0,0,1,Medium,69,MEDIUM
Cagayan de Oro,Kauswagan,2006-08-14,8,7.45,28.56,25.07,32.38,32.88,2.09,83.2,Zone 6,Safe,6,3,0,0,0,1,0,1,Medium,98,HIGH
Cagayan de Oro,Kauswagan,2007-08-04,8,7.16,26.7,24.95,28.43,31.53,5.12,88.3,Zone 2,Unaccounted,3,3,0,0,1,0,0,1,High,100,HIGH
Cagayan de Oro,Kauswagan,2021-10-22,10,7.38,26.96,25.04,30.96,32.02,1.64,90.6,Zone 2,Safe,10,1,0,1,1,1,0,1,Medium,100,HIGH
Cagayan de Oro,Kauswagan,2003-02-11,2,5.46,27.45,25.38,31.4,30.7,1.43,72.5,Zone 4,Safe,6,0,1,1,1,0,0,1,,65,MEDIUM
Cagayan de Oro,Kauswagan,2018-02-15,2,8.41,27.58,25.17,31.47,31.84,1.25,82.6,Zone 3,Safe,1,0,0,0,0,0,0,1,Medium,93,HIGH
Cagayan de Oro,Kauswagan,2013-10-15,10,5.57,26.77,23.38,30.77,31.59,3.41,88.2,Zone 3,Unaccounted,10,1,0,0,1,0,1,1,Medium,100,HIGH
Cagayan de Oro,Kauswagan,2005-01-24,1,8.74,25.77,23.18,28.78,29.94,3.82,81.7,Zone 6,Safe,5,0,1,0,0,1,1,1,Medium,97,HIGH
Cagayan de Oro,Kauswagan,2015-04-06,4,4.65,30.08,27.02,32.29,33.55,4.37,74.7,Zone 3,Evacuated,3,0,0,0,0,0,0,0,Medium,74,HIGH
Cagayan de Oro,Kauswagan,2012-07-24,7,9.99,26.36,23.05,29.37,30.83,3.65,84.7,Zone 5,Safe,2,3,0,0,0,1,0,1,Medium,100,HIGH
Cagayan de Oro,Kauswagan,2018-08-13,8,7.73,27.53,25.49,30.53,32.04,0.89,85.1,Zone 3,Safe,7,3,0,0,0,1,0,1,Medium,100,HIGH
Cagayan de Oro,Kauswagan,2005-11-14,11,6.3,27.51,25.93,29.86,31.57,2.88,80.6,Zone 5,Safe,4,2,0,0,0,1,0,1,,100,HIGH
Cagayan de Oro,Kauswagan,2019-09-21,9,12.34,27.63,25.96,30.3,32.54,3.03,89.1,Zone 5,Safe,8,1,0,1,1,0,1,1,Medium,100,HIGH
Cagayan de Oro,Kauswagan,2021-07-10,7,12.04,25.81,24.21,27.5,30.25,2.11,84.4,Zone 1,Safe,2,1,0,0,0,0,0,1,Medium,48,MEDIUM
Cagayan de Oro,Kauswagan,2021-08-22,8,9.61,26.15,23.02,28.54,30.81,1.57,86.6,Zone 5,Safe,9,1,0,0,0,1,0,1,Medium,100,HIGH
Cagayan de Oro,Kauswagan,2008-03-26,3,4.11,28.94,25.75,30.55,32.05,2.4,71.1,Zone 5,Safe,5,0,0,0,0,1,0,0,,97,HIGH
Cagayan de Oro,Kauswagan,2011-10-26,10,13.6,28.39,26.21,32.19,32.63,1.76,82.4,Zone 3,Unaccounted,4,1,0,0,0,0,1,1,Medium,100,HIGH
Cagayan de Oro,Kauswagan,2006-05-28,5,14.22,29.5,27.13,31.04,32.85,2.91,73.5,Zone 5,Safe,1,0,0,0,0,0,0,1,Medium,97,HIGH
Cagayan de Oro,Kauswagan,2022-12-13,12,4.77,28.28,25.33,30.54,32.51,2.3,82.3,Zone 1,Unaccounted,10,0,0,0,0,1,0,0,,63,MEDIUM
Cagayan de Oro,Kauswagan,2007-05-03,5,8.84,29.61,27.84,31.59,33.74,4.09,81.3,Zone 2,Unaccounted,4,2,0,0,0,0,0,1,Medium,92,HIGH
Cagayan de Oro,Kauswagan,2010-11-05,11,9.11,27.54,25.17,30.61,32.27,1.95,87.3,Zone 5,Evacuated,4,1,0,1,0,1,0,1,Medium,100,HIGH
Cagayan de Oro,Kauswagan,2006-07-01,7,8.94,27.29,25.46,29.17,32.0,2.43,87.1,Zone 5,Evacuated,8,1,0,1,0,0,1,1,Medium,100,HIGH
Cagayan de Oro,Kauswagan,2021-04-10,4,3.17,28.83,25.67,31.31,32.1,2.78,72.7,Zone 3,Safe,2,1,0,0,0,1,0,0,,94,HIGH
Cagayan de Oro,Kauswagan,2021-08-24,8,9.94,28.61,25.92,31.5,32.71,3.6,81.0,Zone 3,Safe,8,1,0,0,0,0,1,1,Medium,100,HIGH
Cagayan de Oro,Kauswagan,2018-11-27,11,6.58,27.69,25.73,29.34,32.39,2.82,87.0,Zone 6,Safe,10,1,0,0,0,0,0,1,,74,HIGH
Cagayan de Oro,Kauswagan,2018-11-14,11,7.49,27.54,25.81,30.6,32.24,3.14,87.0,Zone 3,Evacuated,8,2,0,0,0,0,0,1,Medium,100,HIGH
Cagayan de Oro,Kauswagan,2009-05-24,5,6.45,27.94,25.5,30.54,31.45,3.91,75.1,Zone 3,Safe,10,2,0,0,0,0,0,1,Medium,100,HIGH
Cagayan de Oro,Kauswagan,2017-10-28,10,9.67,27.24,25.48,29.47,31.13,2.9,78.9,Zone 2,Evacuated,7,3,0,0,1,0,0,1,Medium,79,HIGH
Cagayan de Oro,Kauswagan,2008-08-26,8,8.23,27.1,24.36,29.31,31.64,1.79,85.4,Zone 5,Evacuated,8,1,0,0,0,0,0,1,Medium,100,HIGH
Cagayan de Oro,Kauswagan,2006-10-16,10,9.38,26.13,23.04,29.99,30.83,4.18,87.0,Zone 5,Safe,4,1,0,0,0,0,0,1,Medium,100,HIGH
Cagayan de Oro,Kauswagan,2011-01-12,1,7.2,27.7,25.49,29.6,31.15,2.09,74.5,Zone 2,Unaccounted,9,0,0,0,0,0,0,1,Medium,87,HIGH
Cagayan de Oro,Kauswagan,2022-07-04,7,9.44,28.17,26.22,31.07,33.32,3.99,91.5,Zone 5,Safe,6,2,0,0,1,0,1,1,Medium,100,HIGH
Cagayan de Oro,Kauswagan,2019-03-28,3,7.78,28.46,25.75,30.22,32.32,0.86,78.6,Zone 3,Safe,8,1,1,0,1,0,1,1,Medium,100,HIGH
Cagayan de Oro,Kauswagan,2006-10-26,10,16.69,27.13,23.98,28.73,31.74,1.52,86.1,Zone 2,Safe,2,3,0,1,1,1,0,1,High,100,HIGH
Cagayan de Oro,Kauswagan,2019-08-25,8,9.17,27.59,25.09,31.27,31.91,2.05,83.2,Zone 5,Safe,6,1,0,0,0,0,0,1,Medium,100,HIGH
Cagayan de Oro,Kauswagan,2016-04-15,4,3.65,29.34,26.3,30.86,32.83,1.44,74.9,Zone 5,Unaccounted,8,0,1,0,0,0,0,0,,100,HIGH
Cagayan de Oro,Kauswagan,2016-05-12,5,8.21,27.71,25.49,30.87,31.4,2.45,76.9,Zone 3,Safe,9,0,0,0,0,0,0,1,Medium,100,HIGH
Cagayan de Oro,Kauswagan,2016-07-14,7,9.12,26.24,22.94,30.12,30.77,2.28,85.3,Zone 3,Safe,6,3,0,0,0,0,0,1,Medium,100,HIGH
Cagayan de Oro,Kauswagan,2019-01-23,1,11.28,26.61,23.22,28.32,30.39,3.09,77.8,Zone 6,Safe,3,0,0,0,0,0,0,1,Medium,67,MEDIUM
Cagayan de Oro,Kauswagan,2007-01-22,1,6.66,26.73,23.42,28.37,30.3,2.17,75.7,Zone 2,Evacuated,9,3,0,0,0,0,0,1,,65,MEDIUM
Cagayan de Oro,Kauswagan,2020-11-23,11,8.19,27.32,24.07,30.62,31.16,3.15,78.4,Zone 2,Safe,6,1,0,0,0,0,0,1,Medium,72,HIGH
Cagayan de Oro,Kauswagan,2007-09-20,9,9.69,26.39,23.49,29.01,31.68,3.0,92.9,Zone 5,Safe,9,2,0,0,0,1,0,1,Medium,100,HIGH
Cagayan de Oro,Kauswagan,2015-12-12,12,9.15,27.21,24.16,30.91,31.8,2.81,85.9,Zone 6,Safe,9,0,0,1,0,0,0,1,Medium,85,HIGH
Cagayan de Oro,Kauswagan,2012-09-18,9,9.43,28.36,26.43,31.14,32.42,3.45,80.6,Zone 5,Safe,6,2,0,0,0,0,0,1,Medium,100,HIGH
Cagayan de Oro,Kauswagan,2020-01-26,1,4.67,27.27,24.58,29.37,31.68,0.86,84.1,Zone 3,Evacuated,7,3,0,0,0,0,0,0,,92,HIGH
Cagayan de Oro,Kauswagan,2014-01-27,1,7.0,26.58,24.56,29.35,30.43,2.36,78.5,Zone 5,Safe,2,0,1,0,0,0,0,1,Medium,100,HIGH
Cagayan de Oro,Kauswagan,2010-08-11,8,8.25,27.41,24.3,31.38,32.0,3.36,85.9,Zone 5,Safe,9,3,0,0,0,0,0,1,Medium,100,HIGH
Cagayan de Oro,Kauswagan,2021-05-10,5,6.84,28.06,25.22,31.35,31.77,2.13,77.1,Zone 3,Safe,4,0,0,1,0,0,0,1,,100,HIGH
Cagayan de Oro,Kauswagan,2006-06-15,6,11.6,27.21,25.42,29.77,31.31,3.02,81.0,Zone 5,Safe,2,1,0,1,0,1,0,1,Medium,100,HIGH
Cagayan de Oro,Kauswagan,2014-08-03,8,28.83,26.93,24.08,29.44,31.52,2.59,85.9,Zone 6,Safe,7,3,0,0,0,1,0,1,High,100,HIGH
Cagayan de Oro,Kauswagan,2018-08-23,8,9.2,27.86,24.9,30.4,32.16,1.48,83.0,Zone 2,Safe,9,1,0,1,0,0,0,1,Medium,85,HIGH
Cagayan de Oro,Kauswagan,2019-12-17,12,5.7,28.23,26.49,30.26,32.23,1.7,80.0,Zone 6,Safe,3,3,0,0,0,0,0,1,,78,HIGH
Cagayan de Oro,Kauswagan,2016-02-20,2,5.59,27.26,25.54,29.68,30.82,2.29,75.6,Zone 1,Safe,9,0,0,0,0,0,0,1,,45,MEDIUM
Cagayan de Oro,Kauswagan,2012-06-10,6,7.91,28.61,26.14,32.09,33.3,2.49,86.9,Zone 3,Safe,10,1,1,0,1,0,1,1,Medium,100,HIGH
Cagayan de Oro,Kauswagan,2018-03-27,3,6.43,28.54,27.04,31.41,32.59,0.85,80.5,Zone 1,Safe,1,0,0,0,0,0,1,1,,40,MEDIUM
Cagayan de Oro,Kauswagan,2015-08-11,8,8.99,27.61,25.16,30.91,32.65,2.37,90.4,Zone 3,Evacuated,3,1,0,0,0,0,0,1,Medium,88,HIGH
Cagayan de Oro,Kauswagan,2017-08-22,8,13.2,27.78,25.98,31.1,32.97,0.73,91.9,Zone 5,Safe,10,2,0,0,0,0,0,1,Medium,100,HIGH
Cagayan de Oro,Kauswagan,2013-04-13,4,3.69,28.26,25.68,32.16,31.21,3.88,69.5,Zone 4,Unaccounted,5,1,1,0,1,0,0,0,Medium,76,HIGH
Cagayan de Oro,Kauswagan,2006-09-21,9,8.07,28.23,25.44,29.94,32.5,3.0,82.7,Zone 1,Unaccounted,9,1,0,0,0,0,0,1,Medium,76,HIGH
Cagayan de Oro,Kauswagan,2009-10-17,10,5.99,29.32,26.32,32.08,33.62,2.51,83.0,Zone 3,Safe,9,1,0,0,0,0,0,1,,100,HIGH
Cagayan de Oro,Kauswagan,2021-04-08,4,8.27,28.47,26.08,31.99,32.04,1.81,75.7,Zone 5,Evacuated,7,0,0,0,0,0,0,1,Medium,93,HIGH
Cagayan de Oro,Kauswagan,2016-01-11,1,5.55,26.15,24.29,27.71,29.83,3.94,76.8,Zone 3,Safe,7,0,0,0,0,0,0,1,Medium,100,HIGH
Cagayan de Oro,Kauswagan,2008-02-18,2,9.25,29.06,26.99,31.02,32.18,2.43,71.2,Zone 5,Evacuated,3,0,0,0,0,0,0,1,Medium,86,HIGH
Cagayan de Oro,Kauswagan,2022-03-02,3,4.83,28.24,24.82,30.19,32.85,1.79,86.1,Zone 6,Evacuated,5,0,0,0,0,0,0,0,,40,MEDIUM
Cagayan de Oro,Kauswagan,2011-07-11,7,13.79,27.49,25.24,31.06,31.8,5.67,83.1,Zone 2,Safe,4,1,0,1,0,0,0,1,High,86,HIGH
Cagayan de Oro,Kauswagan,2019-08-17,8,9.65,27.46,25.19,29.25,32.11,2.34,86.5,Zone 4,Safe,8,1,0,0,0,0,0,1,Medium,51,MEDIUM
Cagayan de Oro,Kauswagan,2010-01-14,1,6.12,27.3,23.97,28.85,30.78,2.2,74.8,Zone 5,Safe,10,1,0,0,0,0,0,1,,100,HIGH
Cagayan de Oro,Kauswagan,2007-09-21,9,8.89,27.95,25.84,30.47,32.32,1.11,83.7,Zone 6,Safe,9,1,1,1,1,0,0,1,Medium,100,HIGH
Cagayan de Oro,Kauswagan,2020-09-14,9,12.08,25.3,22.9,26.8,29.31,3.65,80.1,Zone 5,Safe,10,1,1,1,0,0,1,1,Medium,100,HIGH
Cagayan de Oro,Kauswagan,2011-05-20,5,3.59,29.79,26.61,32.24,33.76,3.38,79.7,Zone 5,Safe,4,0,1,0,0,0,0,0,Medium,100,HIGH
Cagayan de Oro,Kauswagan,2020-03-24,3,5.19,27.47,24.84,29.72,31.33,3.86,78.6,Zone 2,Safe,2,2,0,0,1,0,0,1,Medium,79,HIGH
Cagayan de Oro,Kauswagan,2022-07-07,7,7.37,26.52,24.01,30.03,30.41,1.0,78.9,Zone 1,Unaccounted,6,2,1,0,1,1,0,1,Medium,100,HIGH
Cagayan de Oro,Kauswagan,2013-11-11,11,9.63,27.82,25.9,31.72,32.29,1.89,84.7,Zone 5,Safe,3,2,0,0,0,0,0,1,Medium,100,HIGH
Cagayan de Oro,Kauswagan,2003-08-01,8,6.14,28.37,25.52,30.9,33.38,1.75,90.1,Zone 5,Unaccounted,8,2,1,0,0,0,0,1,,100,HIGH
Cagayan de Oro,Kauswagan,2017-09-01,9,9.21,27.87,25.03,30.25,32.33,4.37,84.6,Zone 6,Unaccounted,10,1,0,0,0,0,0,1,Medium,99,HIGH
Cagayan de Oro,Kauswagan,2006-12-01,12,12.84,27.74,25.31,31.58,32.07,1.83,83.3,Zone 6,Safe,4,1,0,1,1,0,0,1,Medium,92,HIGH
Cagayan de Oro,Kauswagan,2022-02-27,2,4.95,26.56,23.81,30.08,31.01,3.67,84.5,Zone 1,Safe,8,3,0,0,0,0,0,0,Medium,62,MEDIUM
Cagayan de Oro,Kauswagan,2022-08-23,8,17.22,27.38,25.46,29.37,31.96,3.12,85.8,Zone 5,Unaccounted,7,1,0,0,0,0,0,1,High,100,HIGH
Cagayan de Oro,Kauswagan,2008-09-16,9,5.81,29.09,26.49,32.24,33.27,2.5,81.8,Zone 5,Safe,10,1,0,0,0,0,0,1,,100,HIGH
Cagayan de Oro,Kauswagan,2005-03-24,3,5.51,29.37,27.62,33.2,33.03,1.35,76.6,Zone 2,Unaccounted,9,1,0,0,0,0,0,1,,86,HIGH
Cagayan de Oro,Kauswagan,2020-11-01,11,11.59,27.89,25.16,31.09,32.2,3.17,83.1,Zone 1,Unaccounted,1,3,1,0,0,0,0,1,Medium,88,HIGH
Cagayan de Oro,Kauswagan,2016-06-14,6,10.53,28.0,25.95,31.2,30.96,2.65,69.6,Zone 5,Safe,6,1,0,0,0,0,0,1,Medium,100,HIGH
Cagayan de Oro,Kauswagan,2004-12-08,12,7.63,28.92,26.86,31.47,32.95,1.51,80.3,Zone 6,Safe,1,0,0,0,0,0,0,1,Medium,63,MEDIUM
Cagayan de Oro,Kauswagan,2003-10-26,10,13.5,27.2,23.72,29.26,31.76,1.71,85.6,Zone 2,Evacuated,2,3,0,0,0,0,0,1,Medium,62,MEDIUM
Cagayan de Oro,Kauswagan,2005-06-10,6,10.91,28.03,25.28,29.77,32.49,0.98,84.6,Zone 3,Safe,1,1,0,0,1,0,0,1,Medium,100,HIGH
Cagayan de Oro,Kauswagan,2006-05-08,5,8.51,30.02,27.57,33.92,33.54,1.26,75.2,Zone 2,Unaccounted,6,0,0,0,0,0,0,1,Medium,84,HIGH
Cagayan de Oro,Kauswagan,2022-02-25,2,7.01,27.71,24.97,31.12,31.95,2.53,82.4,Zone 6,Evacuated,10,0,1,1,0,1,0,1,Medium,90,HIGH
Cagayan de Oro,Kauswagan,2007-12-03,12,7.41,27.81,26.19,31.32,32.34,2.11,85.3,Zone 3,Safe,10,1,0,0,0,0,0,1,Medium,100,HIGH
Cagayan de Oro,Kauswagan,2020-11-02,11,9.62,27.57,25.97,31.19,31.73,3.9,81.6,Zone 3,Safe,10,2,0,0,0,0,0,1,Medium,100,HIGH
Cagayan de Oro,Kauswagan,2022-10-26,10,7.63,27.83,26.31,30.29,32.2,4.25,83.7,Zone 3,Evacuated,10,2,0,0,0,0,0,1,Medium,100,HIGH
Cagayan de Oro,Kauswagan,2003-11-26,11,5.95,27.18,24.77,29.5,30.72,2.04,75.4,Zone 1,Safe,2,1,0,0,0,0,1,1,,48,MEDIUM
Cagayan de Oro,Kauswagan,2007-04-19,4,6.12,30.27,27.5,32.41,33.27,0.05,70.0,Zone 6,Safe,10,0,0,0,0,0,0,1,,68,MEDIUM
Cagayan de Oro,Kauswagan,2007-01-02,1,4.76,26.55,24.43,29.14,30.98,2.19,84.3,Zone 2,Unaccounted,6,0,0,1,0,0,1,0,,86,HIGH
Cagayan de Oro,Kauswagan,2022-08-10,8,11.15,27.33,25.14,29.75,31.56,3.89,82.3,Zone 5,Safe,10,2,0,0,0,0,0,1,Medium,100,HIGH
Cagayan de Oro,Kauswagan,2020-04-17,4,3.13,29.13,25.91,31.69,32.29,3.54,71.6,Zone 5,Safe,4,1,0,0,0,0,0,0,Medium,100,HIGH
Cagayan de Oro,Kauswagan,2009-02-11,2,4.92,26.44,23.6,29.68,30.41,2.26,79.7,Zone 4,Unaccounted,10,1,0,0,1,0,1,0,,69,MEDIUM
Cagayan de Oro,Kauswagan,2016-10-10,10,9.05,28.53,26.37,30.29,32.78,2.67,82.5,Zone 2,Unaccounted,1,1,0,1,0,1,1,1,Medium,100,HIGH
Cagayan de Oro,Kauswagan,2010-10-07,10,7.16,28.69,26.23,32.11,32.77,1.94,80.8,Zone 3,Unaccounted,7,1,0,0,0,0,0,1,Medium,100,HIGH
Cagayan de Oro,Kauswagan,2003-01-12,1,5.86,28.48,26.83,30.06,32.2,1.44,77.2,Zone 6,Safe,5,0,0,0,1,0,0,1,,71,HIGH
Cagayan de Oro,Kauswagan,2009-01-01,1,7.09,28.32,26.42,30.26,31.8,2.16,74.8,Zone 6,Unaccounted,3,0,0,1,0,0,0,1,Medium,95,HIGH
Cagayan de Oro,Kauswagan,2008-04-01,4,7.43,27.78,24.59,31.56,32.02,2.22,82.4,Zone 6,Safe,3,0,1,0,1,0,0,1,Medium,87,HIGH
Cagayan de Oro,Kauswagan,2017-04-10,4,4.76,28.85,26.87,32.37,31.88,3.0,70.3,Zone 5,Evacuated,9,3,1,0,0,1,1,0,Medium,100,HIGH
Cagayan de Oro,Kauswagan,2009-03-05,3,2.96,27.44,25.56,29.89,30.39,1.65,69.5,Zone 3,Safe,10,0,1,0,0,0,0,0,,100,HIGH
Cagayan de Oro,Kauswagan,2009-10-19,10,8.14,27.62,24.41,29.86,32.04,4.01,84.2,Zone 4,Safe,4,1,0,1,0,1,0,1,Medium,62,MEDIUM
Cagayan de Oro,Kauswagan,2005-04-24,4,4.82,28.41,25.34,31.89,32.06,0.48,76.5,Zone 2,Evacuated,3,0,0,0,1,0,1,0,,46,MEDIUM
Cagayan de Oro,Kauswagan,2017-08-17,8,8.46,28.09,26.23,31.37,32.29,2.0,82.0,Zone 2,Safe,8,2,0,0,0,0,0,1,Medium,81,HIGH
Cagayan de Oro,Kauswagan,2015-05-19,5,9.29,29.69,26.91,33.17,33.36,2.97,76.7,Zone 2,Evacuated,4,0,0,0,0,0,0,1,Medium,47,MEDIUM
Cagayan de Oro,Kauswagan,2009-04-13,4,3.21,29.2,27.09,32.92,32.58,1.99,73.8,Zone 3,Safe,6,0,0,0,0,0,0,0,,87,HIGH
Cagayan de Oro,Kauswagan,2017-02-10,2,10.69,27.7,25.16,29.78,30.99,0.48,72.9,Zone 1,Safe,9,1,0,0,0,0,0,1,Medium,58,MEDIUM
Cagayan de Oro,Kauswagan,2016-08-14,8,9.3,26.83,24.59,29.57,31.81,1.71,89.8,Zone 5,Safe,1,1,0,0,0,0,0,1,Medium,100,HIGH
Cagayan de Oro,Kauswagan,2014-11-03,11,5.62,26.44,23.14,28.68,30.89,1.97,84.5,Zone 5,Safe,9,2,1,1,0,0,0,1,,100,HIGH
Cagayan de Oro,Kauswagan,2014-02-03,2,3.62,27.28,25.7,29.28,30.62,2.86,73.4,Zone 6,Safe,6,0,0,0,1,0,0,0,,65,MEDIUM
Cagayan de Oro,Kauswagan,2022-04-23,4,8.68,27.31,23.81,31.31,30.66,3.53,73.5,Zone 2,Evacuated,9,2,0,0,0,0,0,1,Medium,66,MEDIUM
Cagayan de Oro,Kauswagan,2014-05-10,5,6.35,30.0,26.93,32.51,33.96,2.94,79.6,Zone 6,Safe,10,1,0,0,0,0,0,1,,74,HIGH
Cagayan de Oro,Kauswagan,2007-11-17,11,14.17,26.88,23.65,28.95,31.53,3.47,86.5,Zone 5,Evacuated,4,1,0,0,0,0,1,1,Medium,100,HIGH
Cagayan de Oro,Kauswagan,2017-08-24,8,8.7,28.31,26.13,30.02,32.78,1.47,84.7,Zone 2,Unaccounted,7,2,0,1,0,0,0,1,Medium,100,HIGH
Cagayan de Oro,Kauswagan,2020-08-15,8,8.68,27.4,25.84,29.25,32.76,3.57,93.6,Zone 5,Unaccounted,5,3,0,0,0,0,0,1,Medium,100,HIGH
Cagayan de Oro,Kauswagan,2014-11-27,11,11.56,27.38,25.2,29.93,31.61,2.73,82.3,Zone 6,Evacuated,7,2,0,0,1,0,0,1,Medium,79,HIGH
Cagayan de Oro,Kauswagan,2003-06-19,6,12.73,28.5,25.86,30.08,32.58,1.79,80.8,Zone 5,Safe,6,1,0,0,0,1,1,1,Medium,100,HIGH
Cagayan de Oro,Kauswagan,2015-07-07,7,10.7,28.76,27.13,31.23,32.66,3.44,79.0,Zone 3,Safe,6,1,0,0,0,0,0,1,Medium,100,HIGH
Cagayan de Oro,Kauswagan,2008-05-03,5,10.56,28.83,27.12,31.71,33.04,2.94,82.1,Zone 5,Safe,10,0,0,0,0,0,0,1,Medium,100,HIGH
Cagayan de Oro,Kauswagan,2012-02-13,2,5.56,27.66,25.75,29.89,31.55,2.42,78.9,Zone 3,Safe,8,0,0,1,0,0,0,1,,100,HIGH
Cagayan de Oro,Kauswagan,2016-06-28,6,7.79,28.4,26.12,32.37,32.92,2.03,85.2,Zone 6,Safe,7,1,0,0,0,0,0,1,Medium,80,HIGH
Cagayan de Oro,Kauswagan,2009-04-05,4,4.32,28.47,26.35,32.01,32.18,1.67,77.1,Zone 3,Evacuated,3,1,0,1,1,0,1,0,,98,HIGH
Cagayan de Oro,Kauswagan,2017-12-22,12,6.64,28.35,26.3,29.87,31.62,1.36,72.7,Zone 3,Safe,2,2,0,1,0,0,0,1,,100,HIGH
Cagayan de Oro,Kauswagan,2021-09-11,9,9.53,28.31,25.05,30.96,33.63,2.85,93.2,Zone 3,Safe,2,1,0,0,1,1,0,1,Medium,100,HIGH
Cagayan de Oro,Kauswagan,2012-12-27,12,6.32,27.52,25.24,31.08,32.36,3.66,88.4,Zone 1,Unaccounted,7,0,0,0,0,1,1,1,Medium,84,HIGH
Cagayan de Oro,Kauswagan,2008-07-22,7,13.1,28.3,25.4,30.04,32.43,2.23,81.3,Zone 2,Evacuated,1,1,0,0,1,0,1,1,Medium,63,MEDIUM
Cagayan de Oro,Kauswagan,2009-11-03,11,14.65,25.68,22.36,28.21,30.11,4.64,84.3,Zone 4,Evacuated,2,3,0,0,0,0,0,1,Medium,38,LOW
Cagayan de Oro,Kauswagan,2013-02-17,2,3.93,27.92,25.6,29.83,31.55,0.87,76.3,Zone 3,Safe,1,0,0,0,0,0,0,0,,78,HIGH
Cagayan de Oro,Kauswagan,2017-12-22,12,7.4,28.33,26.07,31.69,32.31,3.97,79.8,Zone 1,Unaccounted,7,0,0,0,0,0,0,1,Medium,69,MEDIUM
Cagayan de Oro,Kauswagan,2013-12-05,12,6.22,27.53,24.69,30.19,31.41,2.53,78.8,Zone 5,Safe,2,0,0,0,0,0,0,1,,92,HIGH
Cagayan de Oro,Kauswagan,2018-08-05,8,15.15,28.0,24.86,31.6,32.77,2.42,87.7,Zone 5,Safe,1,2,0,0,0,0,0,1,High,100,HIGH
Cagayan de Oro,Kauswagan,2015-02-18,2,2.41,27.33,25.49,30.51,30.04,0.49,67.1,Zone 5,Safe,5,0,0,0,0,0,0,0,,89,HIGH
Cagayan de Oro,Kauswagan,2004-04-23,4,4.14,27.79,24.5,30.62,31.29,3.69,75.0,Zone 3,Safe,1,2,1,0,0,1,0,0,Medium,100,HIGH
Cagayan de Oro,Kauswagan,2017-12-10,12,13.66,28.02,26.42,29.53,31.93,2.54,79.1,Zone 3,Evacuated,4,3,0,0,0,0,0,1,Medium,100,HIGH
Cagayan de Oro,Kauswagan,2005-04-07,4,5.56,30.45,28.92,32.02,33.4,3.66,69.5,Zone 5,Safe,4,1,0,0,0,0,0,1,Medium,100,HIGH
Cagayan de Oro,Kauswagan,2008-02-26,2,5.58,27.08,24.13,28.69,30.77,0.34,76.9,Zone 3,Safe,6,0,0,0,0,0,1,1,,100,HIGH
Cagayan de Oro,Kauswagan,2015-04-18,4,4.97,29.47,26.09,31.27,32.68,2.84,72.1,Zone 6,Safe,6,0,0,0,0,0,0,0,,57,MEDIUM
Cagayan de Oro,Kauswagan,2003-11-11,11,6.36,28.19,25.91,30.84,32.54,0.12,83.5,Zone 6,Safe,5,2,0,0,0,0,0,1,,75,HIGH
Cagayan de Oro,Kauswagan,2016-02-07,2,4.89,27.19,25.09,30.19,30.38,1.97,71.9,Zone 3,Unaccounted,2,1,0,1,0,0,1,0,,100,HIGH
Cagayan de Oro,Kauswagan,2022-05-04,5,6.1,29.38,27.23,32.46,33.1,2.5,77.2,Zone 3,Safe,3,0,0,0,1,0,0,1,,98,HIGH
Cagayan de Oro,Kauswagan,2005-11-16,11,6.24,26.3,24.13,29.32,30.29,3.57,79.9,Zone 5,Safe,7,1,0,0,0,0,1,1,Medium,100,HIGH
Cagayan de Oro,Kauswagan,2003-10-23,10,12.48,27.57,25.6,30.61,32.67,4.97,91.0,Zone 2,Unaccounted,5,1,0,0,0,0,0,1,Medium,88,HIGH
Cagayan de Oro,Kauswagan,2005-04-20,4,1.47,28.98,27.36,31.42,32.31,1.99,73.3,Zone 4,Safe,3,0,0,1,0,0,0,0,,32,LOW
Cagayan de Oro,Kauswagan,2017-12-20,12,14.87,27.28,24.3,29.6,31.86,2.72,85.8,Zone 6,Safe,1,0,1,0,1,1,0,1,Medium,91,HIGH
Cagayan de Oro,Kauswagan,2013-12-11,12,7.52,27.08,25.1,29.93,31.36,1.05,82.8,Zone 3,Unaccounted,4,2,0,1,0,0,0,1,Medium,100,HIGH
Cagayan de Oro,Kauswagan,2015-10-28,10,5.95,26.84,24.3,28.8,31.37,2.66,85.3,Zone 3,Evacuated,2,3,0,0,0,0,0,1,,91,HIGH
Cagayan de Oro,Kauswagan,2007-04-02,4,7.86,28.26,24.88,30.07,31.84,3.93,75.8,Zone 5,Safe,9,2,1,1,0,0,1,1,Medium,100,HIGH
Cagayan de Oro,Kauswagan,2012-12-15,12,8.36,27.94,26.11,29.93,32.07,1.27,81.3,Zone 2,Safe,10,0,0,0,0,0,0,1,Medium,69,MEDIUM
Cagayan de Oro,Kauswagan,2009-08-21,8,12.53,27.33,25.29,30.78,32.09,2.49,87.6,Zone 3,Safe,6,1,0,0,0,0,0,1,Medium,100,HIGH
Cagayan de Oro,Kauswagan,2019-08-14,8,9.91,28.84,26.12,31.42,33.05,0.51,82.1,Zone 2,Safe,8,1,0,0,0,0,0,1,Medium,75,HIGH
Cagayan de Oro,Kauswagan,2012-02-25,2,13.62,26.75,24.06,28.63,30.19,3.23,74.4,Zone 1,Evacuated,5,0,0,0,0,0,0,1,Medium,32,LOW
Cagayan de Oro,Kauswagan,2020-05-13,5,7.02,29.73,27.02,31.41,33.2,2.67,74.7,Zone 5,Safe,8,0,1,0,1,0,1,1,Medium,100,HIGH
Cagayan de Oro,Kauswagan,2014-12-24,12,10.84,28.45,25.97,32.26,32.78,1.96,83.3,Zone 5,Unaccounted,6,0,0,0,0,0,0,1,Medium,100,HIGH
Cagayan de Oro,Kauswagan,2016-10-03,10,18.51,27.05,23.78,31.03,31.7,1.75,86.5,Zone 2,Safe,10,1,0,0,1,0,1,1,High,98,HIGH
Cagayan de Oro,Kauswagan,2018-09-23,9,7.58,28.25,25.48,30.67,32.83,3.94,85.8,Zone 6,Safe,7,3,0,1,0,0,0,1,Medium,100,HIGH
Cagayan de Oro,Kauswagan,2014-08-02,8,16.12,26.66,23.9,29.85,31.12,3.69,84.6,Zone 5,Evacuated,3,1,0,0,0,0,0,1,High,100,HIGH
Cagayan de Oro,Kauswagan,2011-11-05,11,7.09,26.2,24.21,29.15,30.55,1.5,83.5,Zone 4,Evacuated,3,1,0,0,0,1,1,1,Medium,43,MEDIUM
Cagayan de Oro,Kauswagan,2005-12-19,12,3.74,26.76,24.22,28.73,31.88,3.28,91.2,Zone 1,Safe,7,0,0,0,0,0,0,0,Medium,43,MEDIUM
Cagayan de Oro,Kauswagan,2015-09-22,9,11.21,28.52,25.85,31.85,32.62,1.84,81.0,Zone 5,Evacuated,2,1,0,0,1,0,0,1,Medium,98,HIGH
Cagayan de Oro,Kauswagan,2009-03-09,3,5.37,27.3,23.94,29.79,29.98,3.81,66.8,Zone 3,Safe,3,2,0,0,0,0,0,1,Medium,100,HIGH
Cagayan de Oro,Kauswagan,2016-02-25,2,6.74,27.68,25.13,30.82,31.07,0.83,73.9,Zone 5,Evacuated,3,0,0,0,0,0,0,1,,79,HIGH
Cagayan de Oro,Kauswagan,2018-03-07,3,10.16,27.6,25.74,31.47,30.78,0.0,71.8,Zone 1,Safe,4,0,0,0,0,0,0,1,Medium,45,MEDIUM
Cagayan de Oro,Kauswagan,2009-03-26,3,3.91,29.25,27.23,33.01,32.39,0.67,71.4,Zone 6,Safe,10,0,1,0,0,0,0,0,,72,HIGH
Cagayan de Oro,Kauswagan,2015-05-03,5,8.06,28.92,27.17,30.58,32.63,2.31,77.1,Zone 5,Safe,4,0,1,0,0,0,0,1,Medium,100,HIGH
Cagayan de Oro,Kauswagan,2011-01-02,1,4.78,28.18,25.18,29.7,32.02,4.17,78.4,Zone 2,Safe,1,0,1,0,0,0,0,0,Medium,61,MEDIUM
Cagayan de Oro,Kauswagan,2019-07-20,7,8.34,27.85,24.38,31.25,32.55,2.03,87.0,Zone 5,Unaccounted,8,2,0,0,1,0,0,1,Medium,100,HIGH
Cagayan de Oro,Kauswagan,2013-06-22,6,6.81,29.01,25.51,32.55,33.22,0.0,82.1,Zone 5,Unaccounted,7,1,0,0,0,0,0,1,,100,HIGH
Cagayan de Oro,Kauswagan,2013-06-28,6,6.75,26.46,23.35,27.97,31.19,2.7,87.3,Zone 2,Unaccounted,7,2,1,1,0,0,0,1,,100,HIGH
Cagayan de Oro,Kauswagan,2019-10-04,10,12.58,28.97,26.91,32.22,33.08,4.5,81.1,Zone 2,Unaccounted,6,1,0,0,0,1,0,1,Medium,98,HIGH
Cagayan de Oro,Kauswagan,2009-09-14,9,13.3,27.71,26.2,30.81,32.48,2.18,87.7,Zone 5,Unaccounted,6,1,0,0,0,0,0,1,Medium,100,HIGH
Cagayan de Oro,Kauswagan,2013-01-26,1,6.05,26.95,24.09,29.03,30.74,4.25,77.9,Zone 6,Safe,10,1,0,0,0,0,0,1,Medium,81,HIGH
Cagayan de Oro,Kauswagan,2006-08-22,8,9.31,27.44,24.47,29.67,32.06,3.29,86.2,Zone 6,Safe,3,3,1,0,0,0,1,1,Medium,100,HIGH
Cagayan de Oro,Kauswagan,2005-03-16,3,3.38,28.75,26.65,31.93,32.03,1.69,72.8,Zone 3,Safe,8,0,0,0,0,0,0,0,,90,HIGH
Cagayan de Oro,Kauswagan,2020-02-16,2,3.85,27.18,25.2,29.21,31.12,0.43,79.4,Zone 3,Evacuated,2,0,1,1,0,1,0,0,,95,HIGH
Cagayan de Oro,Kauswagan,2011-07-25,7,8.94,28.03,26.09,30.17,32.12,3.9,80.9,Zone 5,Safe,2,2,1,0,1,1,0,1,Medium,100,HIGH
Cagayan de Oro,Kauswagan,2010-06-28,6,6.93,27.8,24.44,31.22,31.76,3.38,79.6,Zone 1,Evacuated,6,1,0,0,0,1,0,1,Medium,48,MEDIUM
Cagayan de Oro,Kauswagan,2020-11-21,11,7.28,28.37,24.94,30.96,32.81,0.57,84.4,Zone 4,Safe,5,1,0,0,0,0,0,1,Medium,46,MEDIUM
Cagayan de Oro,Kauswagan,2021-02-11,2,7.51,27.2,23.83,30.56,31.35,1.19,81.5,Zone 1,Safe,6,0,0,0,0,0,0,1,Medium,49,MEDIUM
Cagayan de Oro,Kauswagan,2003-07-19,7,9.21,26.14,24.02,29.12,30.81,1.2,86.7,Zone 5,Safe,7,3,0,0,0,0,0,1,Medium,100,HIGH
Cagayan de Oro,Kauswagan,2007-06-26,6,10.1,29.48,26.94,32.48,34.13,1.87,86.5,Zone 3,Safe,7,1,0,1,1,0,0,1,Medium,100,HIGH
Cagayan de Oro,Kauswagan,2010-05-27,5,6.35,30.31,27.81,32.95,33.76,0.26,74.5,Zone 5,Evacuated,3,1,1,0,1,0,0,1,,100,HIGH
Cagayan de Oro,Kauswagan,2006-05-17,5,14.49,29.65,27.6,33.27,33.56,1.32,79.1,Zone 5,Safe,4,0,0,0,0,1,0,1,Medium,100,HIGH
Cagayan de Oro,Kauswagan,2013-01-26,1,9.21,27.06,25.25,30.35,30.26,2.08,72.0,Zone 3,Unaccounted,4,1,0,0,0,0,0,1,Medium,100,HIGH
Cagayan de Oro,Kauswagan,2018-03-28,3,9.85,26.95,24.0,29.2,30.35,1.71,74.0,Zone 2,Unaccounted,3,3,0,0,1,0,0,1,Medium,100,HIGH
Cagayan de Oro,Kauswagan,2018-07-22,7,16.79,28.9,25.42,32.29,32.91,1.96,80.1,Zone 5,Safe,9,2,0,0,0,0,0,1,High,100,HIGH
Cagayan de Oro,Kauswagan,2020-04-23,4,11.61,28.03,25.74,29.86,31.3,3.86,72.7,Zone 6,Evacuated,10,2,0,0,0,0,0,1,Medium,72,HIGH
Cagayan de Oro,Kauswagan,2017-12-10,12,7.0,26.74,23.93,29.68,30.11,3.14,73.7,Zone 2,Safe,8,0,0,0,0,0,0,1,Medium,69,MEDIUM
Cagayan de Oro,Kauswagan,2009-04-26,4,4.03,28.65,25.68,30.17,31.55,1.33,69.0,Zone 2,Evacuated,10,0,0,1,0,1,0,0,,57,MEDIUM
Cagayan de Oro,Kauswagan,2008-07-22,7,8.65,27.26,23.91,29.0,31.83,2.13,85.7,Zone 3,Unaccounted,3,3,0,0,0,0,0,1,Medium,100,HIGH
Cagayan de Oro,Kauswagan,2013-09-21,9,8.5,28.13,25.44,32.05,32.53,1.06,84.0,Zone 3,Evacuated,7,1,0,0,0,0,0,1,Medium,95,HIGH
Cagayan de Oro,Kauswagan,2012-07-16,7,11.47,27.78,24.9,31.67,32.12,1.92,83.4,Zone 3,Evacuated,7,2,1,0,1,1,0,1,Medium,100,HIGH
Cagayan de Oro,Kauswagan,2017-07-09,7,10.43,27.07,24.84,28.87,31.63,2.93,85.6,Zone 4,Safe,8,2,1,1,1,0,0,1,Medium,87,HIGH
Cagayan de Oro,Kauswagan,2018-10-19,10,11.52,26.22,24.17,29.58,30.48,0.15,82.6,Zone 3,Evacuated,3,1,0,0,1,1,1,1,Medium,100,HIGH
Cagayan de Oro,Kauswagan,2013-03-04,3,12.65,27.87,26.24,31.64,31.09,2.55,72.2,Zone 2,Evacuated,3,0,0,0,0,1,0,1,Medium,54,MEDIUM
Cagayan de Oro,Kauswagan,2020-09-27,9,6.12,26.36,23.29,29.19,31.12,3.47,87.6,Zone 3,Safe,10,1,1,1,0,0,0,1,Medium,100,HIGH
Cagayan de Oro,Kauswagan,2008-11-04,11,8.79,27.03,23.81,30.27,31.29,4.23,82.6,Zone 2,Safe,8,3,0,0,0,0,0,1,Medium,87,HIGH
Cagayan de Oro,Kauswagan,2009-03-19,3,4.15,29.58,26.77,31.3,33.26,2.52,76.8,Zone 6,Safe,1,0,0,0,0,0,0,0,,48,MEDIUM
Cagayan de Oro,Kauswagan,2020-05-12,5,4.7,29.63,27.79,33.57,33.49,1.21,78.6,Zone 3,Evacuated,4,0,0,0,1,1,1,0,,91,HIGH
Cagayan de Oro,Kauswagan,2007-09-15,9,15.87,26.69,24.04,29.93,31.03,1.26,83.4,Zone 5,Safe,6,2,1,0,0,0,0,1,High,100,HIGH
Cagayan de Oro,Kauswagan,2004-11-27,11,6.67,26.56,24.59,28.53,31.73,1.15,91.7,Zone 1,Safe,4,3,0,1,0,0,0,1,,66,MEDIUM
Cagayan de Oro,Kauswagan,2011-10-12,10,8.96,26.32,24.56,29.38,30.9,2.2,85.8,Zone 5,Safe,5,1,0,1,0,0,0,1,Medium,100,HIGH
Cagayan de Oro,Kauswagan,2005-07-15,7,7.49,27.15,23.76,30.34,31.21,0.61,80.6,Zone 2,Unaccounted,3,1,0,0,0,0,0,1,Medium,85,HIGH
Cagayan de Oro,Kauswagan,2009-12-09,12,7.79,27.77,24.84,30.68,31.95,1.63,81.8,Zone 3,Evacuated,9,1,0,0,0,0,0,1,Medium,96,HIGH
Cagayan de Oro,Kauswagan,2016-03-11,3,7.98,27.87,25.61,31.78,31.6,1.69,77.3,Zone 3,Safe,5,0,0,0,0,0,0,1,Medium,100,HIGH
Cagayan de Oro,Kauswagan,2005-09-14,9,11.54,26.56,24.4,28.28,31.33,2.44,87.7,Zone 6,Unaccounted,5,1,1,0,1,0,0,1,Medium,100,HIGH
Cagayan de Oro,Kauswagan,2010-02-13,2,3.52,27.18,24.92,28.94,29.65,3.43,64.7,Zone 6,Unaccounted,3,0,0,0,0,1,1,0,Medium,92,HIGH
Cagayan de Oro,Kauswagan,2014-02-17,2,11.61,25.58,22.68,29.24,28.7,1.99,71.2,Zone 2,Safe,10,0,0,0,0,0,0,1,Medium,69,MEDIUM
Cagayan de Oro,Kauswagan,2015-06-25,6,5.6,29.13,27.27,32.65,33.5,2.93,83.7,Zone 3,Evacuated,9,1,0,0,0,1,1,1,,100,HIGH
Cagayan de Oro,Kauswagan,2011-10-05,10,8.02,26.74,25.22,29.52,30.97,1.15,82.3,Zone 6,Safe,3,1,0,0,1,0,0,1,Medium,81,HIGH
Cagayan de Oro,Kauswagan,2014-01-24,1,7.75,27.09,24.17,29.21,31.69,3.87,86.0,Zone 1,Evacuated,8,0,0,1,1,1,0,1,Medium,63,MEDIUM
Cagayan de Oro,Kauswagan,2010-07-17,7,10.09,28.61,26.5,32.25,32.45,3.8,78.4,Zone 2,Unaccounted,7,2,1,0,0,0,1,1,Medium,100,HIGH
Cagayan de Oro,Kauswagan,2005-12-08,12,4.89,27.08,25.25,28.72,31.18,4.4,81.0,Zone 3,Evacuated,9,3,1,0,0,1,0,0,Medium,100,HIGH
Cagayan de Oro,Kauswagan,2007-11-17,11,11.9,28.26,25.8,31.05,32.59,1.8,83.3,Zone 5,Unaccounted,9,2,0,0,0,0,0,1,Medium,100,HIGH
Cagayan de Oro,Kauswagan,2003-10-07,10,7.95,27.27,24.34,30.53,30.62,0.95,73.5,Zone 1,Evacuated,4,3,0,0,0,0,1,1,Medium,55,MEDIUM
Cagayan de Oro,Kauswagan,2004-11-20,11,12.25,25.9,23.19,29.81,30.67,3.74,87.7,Zone 6,Evacuated,9,3,0,0,0,0,0,1,Medium,78,HIGH
Cagayan de Oro,Kauswagan,2007-06-27,6,9.6,28.41,25.88,32.29,32.06,3.66,76.5,Zone 2,Safe,7,1,0,1,1,0,1,1,Medium,99,HIGH
Cagayan de Oro,Kauswagan,2012-02-10,2,10.75,26.53,24.06,28.69,29.67,2.34,71.4,Zone 5,Safe,10,0,1,1,0,0,1,1,Medium,100,HIGH
Cagayan de Oro,Kauswagan,2018-10-28,10,8.5,25.7,24.09,27.21,30.73,2.01,90.3,Zone 5,Safe,5,1,0,0,0,0,0,1,Medium,100,HIGH
Cagayan de Oro,Kauswagan,2015-12-06,12,10.36,27.35,25.14,29.1,31.57,2.85,82.2,Zone 3,Safe,2,0,1,0,0,1,0,1,Medium,100,HIGH
Cagayan de Oro,Kauswagan,2007-08-01,8,7.96,27.52,24.48,29.65,31.71,1.56,81.9,Zone 1,Safe,6,1,0,0,0,0,0,1,Medium,55,MEDIUM
Cagayan de Oro,Kauswagan,2011-03-18,3,13.21,28.79,27.07,31.39,32.19,3.31,74.0,Zone 5,Unaccounted,3,0,1,0,0,0,0,1,Medium,100,HIGH
Cagayan de Oro,Kauswagan,2009-06-28,6,7.36,28.17,26.45,30.38,32.1,3.97,79.3,Zone 3,Safe,7,2,0,1,0,1,1,1,Medium,100,HIGH
Cagayan de Oro,Kauswagan,2006-11-09,11,8.12,26.97,24.63,29.85,31.02,3.53,80.5,Zone 2,Evacuated,3,1,0,0,0,1,1,1,Medium,67,MEDIUM
Cagayan de Oro,Kauswagan,2006-03-04,3,5.22,28.53,25.44,30.35,31.94,1.73,74.1,Zone 5,Safe,1,1,0,0,0,0,0,1,,96,HIGH
Cagayan de Oro,Kauswagan,2013-11-27,11,9.36,28.64,26.28,31.63,32.71,2.49,80.7,Zone 6,Safe,8,1,0,0,0,0,0,1,Medium,81,HIGH
Cagayan de Oro,Kauswagan,2022-07-08,7,9.09,27.06,25.26,29.84,31.72,0.55,86.6,Zone 5,Safe,2,3,1,1,0,1,0,1,Medium,100,HIGH
Cagayan de Oro,Kauswagan,2006-08-23,8,8.76,28.18,25.28,30.94,33.36,0.0,91.8,Zone 5,Safe,10,2,0,0,0,0,0,1,Medium,100,HIGH
Cagayan de Oro,Kauswagan,2015-02-05,2,10.04,26.55,24.97,30.53,30.83,1.61,82.8,Zone 1,Unaccounted,7,0,0,0,0,0,0,1,Medium,69,MEDIUM
Cagayan de Oro,Kauswagan,2016-01-13,1,5.94,27.17,24.62,30.42,31.28,2.56,81.1,Zone 3,Unaccounted,4,0,0,0,0,0,0,1,,100,HIGH
Cagayan de Oro,Kauswagan,2004-09-14,9,10.03,27.19,25.08,29.36,31.85,2.2,86.6,Zone 6,Safe,6,2,0,0,0,0,0,1,Medium,84,HIGH
Cagayan de Oro,Kauswagan,2004-01-06,1,14.83,27.38,25.88,30.53,31.0,2.9,76.2,Zone 5,Safe,5,0,1,0,0,1,1,1,Medium,100,HIGH
Cagayan de Oro,Kauswagan,2014-05-16,5,3.39,29.19,27.02,30.97,32.6,1.15,74.1,Zone 3,Evacuated,9,1,0,0,0,0,0,0,,81,HIGH
Cagayan de Oro,Kauswagan,2014-06-24,6,9.73,27.86,24.87,30.83,32.18,0.97,83.2,Zone 5,Evacuated,4,2,0,0,0,0,0,1,Medium,99,HIGH
Cagayan de Oro,Kauswagan,2006-07-03,7,8.8,28.77,27.01,32.13,33.02,4.31,82.5,Zone 3,Safe,10,3,0,1,0,0,1,1,Medium,100,HIGH
Cagayan de Oro,Kauswagan,2006-12-15,12,6.81,28.06,26.41,30.93,32.25,3.1,81.9,Zone 2,Safe,8,3,0,0,0,0,0,1,Medium,87,HIGH
Cagayan de Oro,Kauswagan,2004-12-05,12,7.68,27.56,25.8,30.11,31.08,3.32,75.2,Zone 1,Evacuated,9,3,1,0,0,1,0,1,Medium,75,HIGH
Cagayan de Oro,Kauswagan,2018-07-03,7,7.77,27.54,25.2,31.37,32.59,1.76,90.5,Zone 6,Safe,1,1,0,0,0,0,0,1,Medium,69,MEDIUM
Cagayan de Oro,Kauswagan,2004-03-10,3,5.15,26.99,23.58,28.64,30.56,2.0,75.7,Zone 5,Unaccounted,4,1,0,0,0,0,0,1,,100,HIGH
Cagayan de Oro,Kauswagan,2019-11-18,11,13.73,26.76,23.32,28.67,30.97,3.66,82.1,Zone 3,Evacuated,7,1,0,0,0,0,0,1,Medium,95,HIGH
Cagayan de Oro,Kauswagan,2009-10-09,10,6.38,26.55,24.68,28.45,30.92,2.71,83.7,Zone 3,Safe,1,3,0,0,1,1,0,1,,100,HIGH
Cagayan de Oro,Kauswagan,2010-05-28,5,7.79,28.2,26.11,30.37,32.04,2.98,78.4,Zone 5,Safe,4,0,0,0,0,0,0,1,Medium,100,HIGH
Cagayan de Oro,Kauswagan,2007-01-21,1,7.87,26.82,23.44,29.01,30.7,2.37,78.8,Zone 5,Safe,1,1,0,0,0,0,0,1,Medium,100,HIGH
Cagayan de Oro,Kauswagan,2006-04-18,4,6.71,27.63,26.13,30.0,31.46,3.2,78.3,Zone 2,Evacuated,6,0,0,0,1,1,1,1,Medium,74,HIGH
Cagayan de Oro,Kauswagan,2022-03-14,3,13.02,28.53,26.44,32.49,32.06,4.08,75.3,Zone 3,Evacuated,1,2,0,0,0,0,0,1,Medium,90,HIGH
Cagayan de Oro,Kauswagan,2011-05-06,5,7.23,29.65,26.21,32.49,33.96,1.03,83.1,Zone 5,Unaccounted,10,0,0,0,0,1,0,1,Medium,100,HIGH
Cagayan de Oro,Kauswagan,2022-11-09,11,8.54,27.36,24.76,30.9,31.62,0.56,82.6,Zone 6,Safe,5,1,0,0,0,1,0,1,Medium,84,HIGH
Cagayan de Oro,Kauswagan,2010-03-15,3,4.54,28.29,25.33,30.87,31.89,2.49,76.0,Zone 5,Safe,8,0,0,0,0,0,0,0,,94,HIGH
Cagayan de Oro,Kauswagan,2008-03-27,3,2.62,28.11,26.23,30.84,32.16,1.96,80.5,Zone 5,Evacuated,5,0,0,0,0,0,0,0,,74,HIGH
Cagayan de Oro,Kauswagan,2015-03-27,3,4.44,28.7,25.83,30.67,32.22,0.0,75.2,Zone 5,Safe,7,0,1,0,1,1,0,0,,100,HIGH
Cagayan de Oro,Kauswagan,2003-09-05,9,11.55,24.57,21.86,27.01,29.25,1.94,86.8,Zone 4,Safe,1,2,1,0,0,0,0,1,Medium,57,MEDIUM
Cagayan de Oro,Kauswagan,2005-03-08,3,3.77,28.51,26.47,32.36,32.03,1.16,75.2,Zone 2,Safe,1,3,0,0,0,0,0,0,,60,MEDIUM
Cagayan de Oro,Kauswagan,2013-12-27,12,12.78,26.71,23.5,28.42,30.12,0.85,74.1,Zone 5,Safe,10,2,0,0,1,0,1,1,Medium,100,HIGH
Cagayan de Oro,Kauswagan,2010-08-05,8,8.79,26.99,25.38,30.22,31.02,2.54,80.3,Zone 5,Evacuated,2,1,0,0,0,0,0,1,Medium,90,HIGH
Cagayan de Oro,Kauswagan,2006-09-10,9,10.59,27.51,24.99,31.1,31.79,2.05,82.8,Zone 3,Safe,4,1,0,0,0,0,0,1,Medium,100,HIGH
Cagayan de Oro,Kauswagan,2012-03-12,3,10.1,28.08,26.13,31.78,31.34,2.41,72.6,Zone 4,Safe,2,0,1,1,0,0,1,1,Medium,64,MEDIUM
Cagayan de Oro,Kauswagan,2022-06-03,6,10.39,28.06,25.89,30.46,32.41,3.52,83.5,Zone 3,Unaccounted,2,3,0,1,0,0,0,1,Medium,100,HIGH
Cagayan de Oro,Kauswagan,2013-07-17,7,10.53,28.01,25.31,31.21,32.46,2.09,84.5,Zone 6,Safe,5,2,0,0,0,0,0,1,Medium,82,HIGH
Cagayan de Oro,Kauswagan,2018-02-09,2,4.7,27.76,24.94,31.59,31.37,2.96,76.1,Zone 6,Unaccounted,2,1,0,1,0,0,1,0,,91,HIGH
Cagayan de Oro,Kauswagan,2015-06-05,6,7.33,28.56,26.17,32.05,32.11,2.06,75.5,Zone 2,Unaccounted,2,1,0,0,0,0,0,1,Medium,83,HIGH
Cagayan de Oro,Kauswagan,2007-12-09,12,8.21,25.38,23.7,29.37,28.93,1.17,75.5,Zone 6,Safe,7,0,0,0,0,0,0,1,Medium,74,HIGH
Cagayan de Oro,Kauswagan,2016-08-23,8,10.52,27.29,24.59,30.38,31.64,3.36,83.5,Zone 2,Safe,4,1,0,0,0,0,1,1,Medium,75,HIGH
Cagayan de Oro,Kauswagan,2020-09-16,9,13.35,28.96,26.39,31.04,32.96,3.13,80.0,Zone 4,Safe,7,1,1,1,0,0,0,1,Medium,72,HIGH
Cagayan de Oro,Kauswagan,2003-04-12,4,5.28,28.76,26.85,32.39,32.26,3.41,75.0,Zone 1,Safe,8,3,1,1,1,0,0,1,Medium,100,HIGH
Cagayan de Oro,Kauswagan,2017-03-10,3,2.59,28.08,26.29,31.71,30.67,2.25,65.9,Zone 5,Unaccounted,7,0,1,1,0,0,0,0,,100,HIGH
Cagayan de Oro,Kauswagan,2007-02-23,2,2.56,27.09,24.84,28.66,31.18,1.69,80.9,Zone 1,Unaccounted,6,0,0,0,0,0,0,0,,52,MEDIUM
Cagayan de Oro,Kauswagan,2018-10-03,10,15.42,27.71,24.54,31.39,31.88,2.28,81.7,Zone 6,Safe,6,1,0,0,0,0,0,1,High,86,HIGH
Cagayan de Oro,Kauswagan,2016-01-19,1,3.59,28.78,26.98,30.74,31.96,5.9,71.8,Zone 5,Evacuated,9,1,0,0,0,0,0,0,High,100,HIGH
Cagayan de Oro,Kauswagan,2013-07-24,7,6.84,27.31,24.92,30.42,31.4,3.22,80.9,Zone 5,Safe,2,1,1,1,0,0,0,1,Medium,100,HIGH
Cagayan de Oro,Kauswagan,2003-09-06,9,6.34,27.62,25.33,30.18,32.46,0.97,88.4,Zone 4,Unaccounted,8,1,0,0,1,0,1,1,,77,HIGH
Cagayan de Oro,Kauswagan,2016-12-08,12,15.45,26.62,23.26,28.8,31.85,0.0,92.3,Zone 3,Safe,7,3,0,0,0,0,0,1,High,100,HIGH
Cagayan de Oro,Kauswagan,2022-04-13,4,6.47,28.59,26.98,31.07,31.82,3.03,72.3,Zone 1,Unaccounted,9,1,0,0,0,0,0,1,Medium,76,HIGH
Cagayan de Oro,Kauswagan,2018-12-15,12,6.0,27.43,25.3,30.53,31.68,3.33,82.5,Zone 3,Unaccounted,3,0,0,0,0,0,0,1,Medium,100,HIGH
Cagayan de Oro,Kauswagan,2011-07-07,7,9.47,28.75,27.03,30.44,33.1,0.0,83.5,Zone 5,Evacuated,6,1,0,0,0,0,0,1,Medium,97,HIGH
Cagayan de Oro,Kauswagan,2005-09-04,9,8.72,27.94,26.02,29.47,32.13,2.81,81.9,Zone 5,Unaccounted,4,1,1,0,0,0,0,1,Medium,100,HIGH
Cagayan de Oro,Kauswagan,2005-04-09,4,3.24,28.14,24.69,31.05,32.06,0.45,79.2,Zone 2,Safe,8,0,0,0,0,0,0,0,,54,MEDIUM
Cagayan de Oro,Kauswagan,2014-05-01,5,8.03,29.68,26.68,33.58,33.02,2.16,73.4,Zone 6,Safe,6,1,0,1,0,0,0,1,Medium,88,HIGH
Cagayan de Oro,Kauswagan,2006-12-22,12,8.07,26.54,24.38,30.28,29.93,2.85,73.9,Zone 1,Safe,9,2,0,0,0,0,0,1,Medium,64,MEDIUM
Cagayan de Oro,Kauswagan,2015-10-26,10,7.95,28.03,25.58,31.7,32.7,4.62,86.7,Zone 3,Safe,3,1,0,0,0,0,0,1,Medium,100,HIGH
Cagayan de Oro,Kauswagan,2010-11-03,11,8.52,26.72,23.45,30.24,30.44,4.74,77.2,Zone 3,Evacuated,3,3,0,0,0,0,1,1,Medium,100,HIGH
Cagayan de Oro,Kauswagan,2013-11-17,11,7.32,28.65,26.26,30.48,32.2,3.0,75.5,Zone 2,Safe,10,3,0,0,0,0,0,1,Medium,87,HIGH
Cagayan de Oro,Kauswagan,2015-12-25,12,4.58,27.8,25.82,31.79,31.54,4.39,77.4,Zone 3,Evacuated,3,0,1,0,0,1,1,0,Medium,100,HIGH
Cagayan de Oro,Kauswagan,2005-05-18,5,5.61,28.99,26.49,31.63,33.02,0.99,80.3,Zone 5,Safe,5,0,0,0,0,0,0,1,,97,HIGH
Cagayan de Oro,Kauswagan,2005-06-12,6,6.44,28.36,26.72,31.64,32.5,2.76,81.4,Zone 2,Safe,8,3,0,1,0,1,0,1,,98,HIGH
Cagayan de Oro,Kauswagan,2018-02-19,2,5.12,26.78,25.2,30.43,29.94,3.97,71.6,Zone 5,Safe,10,2,0,0,0,0,0,1,Medium,100,HIGH
Cagayan de Oro,Kauswagan,2022-06-17,6,10.03,27.49,24.09,29.92,31.73,1.28,82.4,Zone 3,Evacuated,9,1,1,0,0,0,1,1,Medium,100,HIGH
Cagayan de Oro,Kauswagan,2010-12-26,12,7.12,27.52,24.62,30.42,31.06,1.92,75.4,Zone 3,Safe,2,0,0,0,0,0,0,1,Medium,95,HIGH
Cagayan de Oro,Kauswagan,2005-07-28,7,9.87,27.62,25.67,31.31,31.46,0.76,78.4,Zone 3,Evacuated,6,1,0,0,0,1,0,1,Medium,100,HIGH
Cagayan de Oro,Kauswagan,2008-02-03,2,10.43,28.76,25.8,32.55,32.87,1.86,81.1,Zone 1,Unaccounted,7,0,0,0,0,0,0,1,Medium,69,MEDIUM
Cagayan de Oro,Kauswagan,2022-06-11,6,10.44,28.75,26.28,32.01,33.79,2.46,90.4,Zone 1,Safe,5,1,0,0,0,1,0,1,Medium,61,MEDIUM
Cagayan de Oro,Kauswagan,2009-03-21,3,7.67,27.56,25.42,29.14,30.99,1.18,74.3,Zone 4,Evacuated,7,0,0,0,0,1,1,1,Medium,44,MEDIUM
Cagayan de Oro,Kauswagan,2009-04-02,4,3.57,30.22,26.98,34.1,33.56,3.06,73.4,Zone 5,Evacuated,5,0,0,0,0,0,0,0,Medium,81,HIGH
Cagayan de Oro,Kauswagan,2011-03-03,3,2.2,27.27,24.96,29.52,31.21,2.75,79.4,Zone 1,Evacuated,7,0,0,0,1,0,0,0,,29,LOW
Cagayan de Oro,Kauswagan,2004-03-27,3,3.33,28.49,26.81,32.24,32.19,4.89,77.0,Zone 5,Safe,5,0,0,0,0,0,0,0,Medium,96,HIGH
Cagayan de Oro,Kauswagan,2018-07-16,7,7.76,26.95,24.38,30.41,31.3,3.23,83.5,Zone 3,Unaccounted,7,1,0,0,0,1,0,1,Medium,100,HIGH
Cagayan de Oro,Kauswagan,2022-01-18,1,7.25,26.48,24.58,29.79,30.05,3.52,75.7,Zone 3,Safe,3,0,1,0,1,1,0,1,Medium,100,HIGH
Cagayan de Oro,Kauswagan,2018-08-05,8,11.98,27.17,23.94,28.95,32.83,2.83,96.6,Zone 5,Unaccounted,7,1,0,0,0,1,0,1,Medium,100,HIGH
Cagayan de Oro,Kauswagan,2017-03-21,3,6.17,29.53,26.75,32.48,33.87,3.35,83.4,Zone 3,Safe,4,0,0,1,0,0,0,1,Medium,100,HIGH
Cagayan de Oro,Kauswagan,2009-10-13,10,7.07,27.18,24.98,31.06,32.08,2.5,89.0,Zone 5,Unaccounted,10,3,0,0,0,0,0,1,Medium,100,HIGH
Cagayan de Oro,Kauswagan,2012-06-01,6,10.37,27.13,23.84,29.89,30.84,1.99,77.1,Zone 1,Unaccounted,8,2,0,0,0,0,0,1,Medium,82,HIGH
Cagayan de Oro,Kauswagan,2014-07-12,7,10.58,27.38,24.22,29.94,31.88,2.64,85.0,Zone 3,Unaccounted,6,1,0,0,0,0,0,1,Medium,100,HIGH
Cagayan de Oro,Kauswagan,2008-07-12,7,12.66,27.32,24.71,29.23,31.18,2.24,78.6,Zone 4,Safe,5,3,0,0,0,1,0,1,Medium,66,MEDIUM
Cagayan de Oro,Kauswagan,2022-11-10,11,9.36,28.24,24.86,32.0,32.23,2.89,79.9,Zone 5,Safe,2,3,0,0,0,0,0,1,Medium,100,HIGH
Cagayan de Oro,Kauswagan,2022-11-01,11,8.47,27.3,23.94,29.06,31.13,2.67,78.3,Zone 5,Evacuated,10,3,0,0,0,0,0,1,Medium,100,HIGH
Cagayan de Oro,Kauswagan,2021-08-17,8,7.82,26.64,23.53,29.81,31.32,2.78,86.8,Zone 5,Unaccounted,4,1,0,0,0,0,0,1,Medium,100,HIGH
Cagayan de Oro,Kauswagan,2009-07-04,7,10.64,26.97,23.76,30.85,31.04,4.61,80.7,Zone 5,Safe,8,1,1,0,0,1,0,1,Medium,100,HIGH
Cagayan de Oro,Kauswagan,2010-06-26,6,9.51,29.1,26.58,31.27,33.68,1.03,85.8,Zone 2,Evacuated,5,3,0,1,0,1,0,1,Medium,85,HIGH
Cagayan de Oro,Kauswagan,2004-01-14,1,6.52,27.71,26.18,29.59,31.1,3.17,73.9,Zone 5,Safe,9,2,0,0,1,0,0,1,Medium,100,HIGH
Cagayan de Oro,Kauswagan,2016-03-19,3,4.07,27.28,25.3,31.21,30.21,1.8,69.3,Zone 3,Safe,7,2,0,0,0,1,1,0,,100,HIGH
Cagayan de Oro,Kauswagan,2015-03-21,3,5.76,27.95,24.5,29.88,30.98,2.77,70.3,Zone 5,Unaccounted,9,0,0,0,0,0,0,1,,100,HIGH
Cagayan de Oro,Kauswagan,2007-12-26,12,8.15,27.54,25.03,30.62,32.0,2.34,84.6,Zone 5,Evacuated,5,2,0,0,0,0,0,1,Medium,100,HIGH
Cagayan de Oro,Kauswagan,2005-06-07,6,7.18,29.27,27.58,31.86,33.43,2.15,81.6,Zone 5,Evacuated,10,1,0,0,0,0,1,1,Medium,100,HIGH
Cagayan de Oro,Kauswagan,2015-02-19,2,3.93,27.17,25.62,30.51,30.59,0.21,74.2,Zone 3,Unaccounted,6,0,0,1,0,0,0,0,,100,HIGH
Cagayan de Oro,Kauswagan,2020-05-07,5,5.19,30.77,27.59,34.09,34.12,1.27,73.5,Zone 5,Unaccounted,7,1,0,0,1,0,0,1,,100,HIGH
Cagayan de Oro,Kauswagan,2003-02-05,2,4.61,28.08,25.3,31.03,32.11,3.66,80.3,Zone 5,Safe,8,3,0,0,0,0,0,0,Medium,100,HIGH
Cagayan de Oro,Kauswagan,2011-03-10,3,5.09,28.19,24.9,29.92,32.21,3.18,80.2,Zone 4,Safe,6,2,0,0,0,0,0,1,Medium,54,MEDIUM
Cagayan de Oro,Kauswagan,2003-02-16,2,5.99,26.43,24.1,29.15,30.43,2.97,80.0,Zone 3,Evacuated,4,1,0,0,0,0,0,1,,82,HIGH
Cagayan de Oro,Kauswagan,2017-06-21,6,12.2,28.63,25.51,30.58,33.54,5.84,89.1,Zone 5,Safe,3,2,1,0,0,0,0,1,High,100,HIGH
Cagayan de Oro,Kauswagan,2014-02-11,2,10.27,27.98,25.51,31.02,31.32,2.45,73.4,Zone 5,Safe,3,0,0,0,0,0,0,1,Medium,100,HIGH
Cagayan de Oro,Kauswagan,2022-02-07,2,6.8,26.63,25.07,28.19,30.19,3.14,75.6,Zone 5,Safe,3,0,0,0,0,0,0,1,Medium,100,HIGH
Cagayan de Oro,Kauswagan,2013-04-01,4,10.21,30.19,28.41,31.9,33.06,4.06,68.7,Zone 3,Evacuated,3,0,0,0,0,0,0,1,Medium,82,HIGH
Cagayan de Oro,Kauswagan,2020-02-12,2,21.67,28.52,25.72,31.19,32.04,2.33,75.2,Zone 1,Unaccounted,7,0,0,0,0,0,0,1,High,77,HIGH
Cagayan de Oro,Kauswagan,2008-04-09,4,5.45,30.06,28.16,33.68,32.84,1.71,67.8,Zone 3,Evacuated,7,0,0,0,1,0,1,1,,97,HIGH
Cagayan de Oro,Kauswagan,2009-03-26,3,3.59,28.72,25.31,31.44,32.23,2.86,75.1,Zone 6,Unaccounted,7,0,0,0,0,0,0,0,,77,HIGH
Cagayan de Oro,Kauswagan,2006-06-20,6,7.21,28.7,25.99,31.27,33.18,2.35,84.8,Zone 4,Safe,6,3,0,1,0,1,0,1,Medium,78,HIGH
Cagayan de Oro,Kauswagan,2011-01-17,1,7.16,27.38,24.71,29.61,31.43,1.18,80.5,Zone 1,Unaccounted,9,0,0,0,0,0,0,1,Medium,70,HIGH
Cagayan de Oro,Kauswagan,2013-03-26,3,6.79,27.52,25.16,29.48,30.88,0.25,73.6,Zone 5,Safe,4,1,0,0,0,0,0,1,,100,HIGH
Cagayan de Oro,Kauswagan,2003-06-04,6,6.49,29.35,27.21,30.88,33.17,3.04,78.2,Zone 5,Safe,8,1,0,0,0,0,0,1,Medium,100,HIGH
Cagayan de Oro,Kauswagan,2005-04-18,4,1.68,28.44,26.17,31.44,31.4,3.56,69.6,Zone 6,Safe,2,0,1,0,0,0,0,0,Medium,69,MEDIUM
Cagayan de Oro,Kauswagan,2016-10-21,10,14.23,26.51,23.65,29.1,30.83,1.57,83.2,Zone 5,Unaccounted,4,1,1,0,0,1,0,1,Medium,100,HIGH
Cagayan de Oro,Kauswagan,2006-05-14,5,6.29,29.86,28.11,31.79,33.13,2.2,72.7,Zone 5,Safe,7,0,0,0,0,0,0,1,,100,HIGH
Cagayan de Oro,Kauswagan,2021-01-21,1,5.3,27.87,24.39,31.65,31.2,1.01,73.3,Zone 1,Safe,7,0,0,0,0,0,1,1,,51,MEDIUM
Cagayan de Oro,Kauswagan,2003-01-11,1,5.48,27.22,25.58,28.96,29.89,3.89,66.7,Zone 1,Unaccounted,5,0,1,0,0,1,0,1,Medium,85,HIGH
Cagayan de Oro,Kauswagan,2013-09-25,9,12.0,27.28,24.79,28.9,32.31,5.15,90.3,Zone 2,Safe,8,1,1,0,0,0,0,1,High,95,HIGH
Cagayan de Oro,Kauswagan,2006-06-20,6,9.77,29.19,27.63,30.81,33.19,1.76,80.0,Zone 3,Safe,2,3,0,1,0,1,0,1,Medium,100,HIGH
Cagayan de Oro,Kauswagan,2009-03-03,3,2.9,27.82,24.87,31.35,31.45,1.82,76.3,Zone 6,Unaccounted,9,3,1,0,1,0,1,0,,100,HIGH
Cagayan de Oro,Kauswagan,2012-02-02,2,3.21,27.2,25.55,29.52,30.23,2.63,70.3,Zone 6,Evacuated,7,0,0,0,0,0,0,0,,44,MEDIUM
Cagayan de Oro,Kauswagan,2017-03-19,3,8.65,28.81,27.07,31.11,31.78,0.37,69.7,Zone 5,Safe,10,2,0,0,1,1,1,1,Medium,100,HIGH
Cagayan de Oro,Kauswagan,2019-02-17,2,6.31,25.96,23.98,28.65,29.12,2.03,71.6,Zone 6,Safe,5,0,0,1,0,0,0,1,,73,HIGH
Cagayan de Oro,Kauswagan,2012-02-09,2,6.56,26.75,23.83,29.13,30.08,4.33,73.3,Zone 6,Unaccounted,4,1,0,1,0,0,0,1,Medium,100,HIGH
Cagayan de Oro,Kauswagan,2005-12-03,12,6.99,27.22,23.78,28.87,31.85,2.33,86.3,Zone 5,Safe,4,0,0,0,0,0,0,1,,95,HIGH
Cagayan de Oro,Kauswagan,2013-08-04,8,11.81,27.59,25.67,30.57,32.48,3.3,88.9,Zone 3,Safe,6,2,0,0,0,0,0,1,Medium,100,HIGH
Cagayan de Oro,Kauswagan,2007-08-21,8,7.76,26.33,23.13,28.09,30.63,2.05,83.0,Zone 2,Safe,6,1,0,0,0,0,0,1,Medium,72,HIGH
Cagayan de Oro,Kauswagan,2009-10-17,10,5.8,28.32,25.26,30.29,32.21,0.86,78.9,Zone 1,Safe,3,2,1,0,0,1,1,1,,76,HIGH
Cagayan de Oro,Kauswagan,2006-08-04,8,13.07,28.38,26.4,32.12,33.7,3.2,93.2,Zone 3,Safe,1,1,0,0,1,0,0,1,Medium,100,HIGH
Cagayan de Oro,Kauswagan,2020-05-04,5,9.79,27.71,26.04,30.29,31.11,3.17,74.0,Zone 3,Safe,9,0,0,0,0,0,0,1,Medium,100,HIGH
Cagayan de Oro,Kauswagan,2014-08-09,8,7.56,27.35,25.65,30.47,32.42,2.52,90.7,Zone 3,Evacuated,7,1,0,0,0,0,0,1,Medium,95,HIGH
Cagayan de Oro,Kauswagan,2011-03-20,3,5.99,28.73,26.17,31.46,31.55,2.42,68.2,Zone 6,Safe,1,1,1,1,0,1,0,1,,92,HIGH
Cagayan de Oro,Kauswagan,2011-01-19,1,6.06,26.5,24.52,29.33,30.12,4.04,76.2,Zone 3,Safe,10,1,0,0,0,0,0,1,Medium,100,HIGH
Cagayan de Oro,Kauswagan,2010-07-04,7,14.6,25.91,22.94,29.61,30.63,1.16,87.2,Zone 2,Safe,4,1,0,0,0,0,0,1,Medium,68,MEDIUM
Cagayan de Oro,Kauswagan,2022-11-10,11,8.63,26.75,24.67,28.26,30.71,3.17,79.6,Zone 1,Safe,10,1,0,0,0,0,0,1,Medium,58,MEDIUM
Cagayan de Oro,Kauswagan,2008-12-08,12,14.32,26.94,24.81,28.61,31.19,3.09,82.5,Zone 2,Safe,8,0,0,0,0,0,0,1,Medium,69,MEDIUM
Cagayan de Oro,Kauswagan,2013-08-14,8,13.18,28.73,27.19,32.67,32.74,1.49,80.1,Zone 2,Unaccounted,3,2,0,0,1,0,1,1,Medium,100,HIGH
Cagayan de Oro,Kauswagan,2003-08-19,8,7.84,28.47,25.99,30.59,32.08,2.02,76.1,Zone 5,Safe,1,1,1,1,0,0,1,1,Medium,100,HIGH
Cagayan de Oro,Kauswagan,2012-02-04,2,10.36,26.62,23.51,28.96,30.46,1.31,78.4,Zone 5,Safe,6,3,0,0,0,0,0,1,Medium,100,HIGH
Cagayan de Oro,Kauswagan,2014-08-09,8,15.71,27.09,24.67,30.66,32.4,2.93,93.1,Zone 5,Safe,6,3,0,0,0,1,1,1,High,100,HIGH
Cagayan de Oro,Kauswagan,2019-02-09,2,3.51,27.19,24.23,28.74,31.85,1.58,86.6,Zone 1,Unaccounted,4,1,0,0,0,0,0,0,,54,MEDIUM
Cagayan de Oro,Kauswagan,2010-08-01,8,8.39,27.24,24.58,30.48,31.32,3.01,80.8,Zone 6,Safe,4,2,0,0,0,0,0,1,Medium,80,HIGH
Cagayan de Oro,Kauswagan,2006-07-21,7,10.19,28.52,25.09,32.21,32.55,3.27,80.3,Zone 2,Evacuated,8,3,0,1,1,0,0,1,Medium,90,HIGH
Cagayan de Oro,Kauswagan,2013-11-12,11,9.68,26.44,24.16,28.98,31.01,3.3,85.7,Zone 3,Unaccounted,5,1,0,0,1,0,0,1,Medium,100,HIGH
Cagayan de Oro,Kauswagan,2016-10-04,10,12.26,28.29,25.2,31.21,32.39,1.41,81.0,Zone 3,Evacuated,6,1,0,1,0,1,1,1,Medium,100,HIGH
Cagayan de Oro,Kauswagan,2019-11-05,11,6.0,27.06,23.63,30.12,31.71,2.38,86.5,Zone 2,Evacuated,5,1,0,0,0,0,0,1,,48,MEDIUM
Cagayan de Oro,Kauswagan,2017-05-01,5,7.71,29.43,27.85,31.64,33.08,3.43,76.5,Zone 3,Safe,1,0,0,0,0,0,0,1,Medium,93,HIGH
Cagayan de Oro,Kauswagan,2003-06-22,6,11.9,27.64,26.04,29.48,32.67,1.56,90.3,Zone 2,Unaccounted,9,2,1,1,0,0,0,1,Medium,100,HIGH
Cagayan de Oro,Kauswagan,2007-12-09,12,8.44,28.54,25.05,30.53,32.31,5.15,77.7,Zone 6,Safe,2,0,0,0,0,0,0,1,High,73,HIGH
Cagayan de Oro,Kauswagan,2015-06-08,6,9.27,28.87,26.52,32.79,32.5,1.93,76.3,Zone 3,Safe,5,3,0,1,0,0,0,1,Medium,100,HIGH
Cagayan de Oro,Kauswagan,2013-10-14,10,12.49,26.26,23.15,28.11,30.44,3.85,81.8,Zone 5,Evacuated,5,1,0,0,1,0,0,1,Medium,100,HIGH
Cagayan de Oro,Kauswagan,2012-05-03,5,5.52,29.01,26.38,32.08,32.5,1.91,74.9,Zone 6,Safe,7,1,1,1,0,0,0,1,,95,HIGH
Cagayan de Oro,Kauswagan,2013-09-15,9,8.64,28.85,26.34,32.06,33.47,1.81,86.2,Zone 1,Safe,6,1,0,0,0,0,0,1,Medium,55,MEDIUM
Cagayan de Oro,Kauswagan,2003-07-15,7,14.3,28.3,24.97,29.87,32.04,1.26,77.4,Zone 3,Evacuated,2,2,0,0,1,0,0,1,Medium,100,HIGH
Cagayan de Oro,Kauswagan,2019-04-19,4,6.86,29.46,27.21,32.51,32.75,2.09,72.9,Zone 3,Unaccounted,5,0,0,1,0,1,0,1,,100,HIGH
Cagayan de Oro,Kauswagan,2017-11-01,11,6.56,29.12,26.01,32.81,34.05,1.81,89.3,Zone 5,Safe,1,1,0,0,0,0,0,1,,96,HIGH
Cagayan de Oro,Kauswagan,2013-11-04,11,12.5,26.46,23.77,30.01,30.04,3.92,75.8,Zone 3,Safe,6,3,0,0,0,0,0,1,Medium,100,HIGH
Cagayan de Oro,Kauswagan,2019-10-22,10,7.86,27.13,24.15,28.76,31.66,1.69,85.3,Zone 5,Safe,3,1,0,1,1,0,1,1,Medium,100,HIGH
Cagayan de Oro,Kauswagan,2007-11-28,11,17.62,26.49,24.39,28.77,30.8,3.02,83.1,Zone 6,Unaccounted,1,3,0,1,0,0,0,1,High,100,HIGH
Cagayan de Oro,Kauswagan,2003-02-03,2,3.8,26.43,24.62,30.13,30.63,2.9,82.0,Zone 6,Safe,4,0,0,0,0,0,0,0,,53,MEDIUM
Cagayan de Oro,Kauswagan,2015-09-15,9,8.01,27.75,26.14,29.55,32.93,2.46,91.8,Zone 5,Safe,3,3,0,0,1,0,1,1,Medium,100,HIGH
Cagayan de Oro,Kauswagan,2017-10-22,10,8.21,28.88,25.66,31.92,33.67,1.39,87.9,Zone 3,Safe,1,1,0,1,0,0,1,1,Medium,100,HIGH
Cagayan de Oro,Kauswagan,2020-09-24,9,6.53,27.61,25.71,30.31,31.76,2.86,81.5,Zone 5,Safe,2,3,0,0,0,0,0,1,,100,HIGH
Cagayan de Oro,Kauswagan,2015-11-09,11,8.24,27.04,24.77,30.54,31.48,2.6,84.4,Zone 3,Safe,7,1,0,0,0,0,0,1,Medium,100,HIGH
Cagayan de Oro,Kauswagan,2015-02-19,2,7.08,26.99,25.47,29.25,30.71,3.14,77.2,Zone 3,Evacuated,10,0,0,1,1,1,0,1,Medium,100,HIGH
Cagayan de Oro,Kauswagan,2011-12-15,12,6.55,28.39,26.87,30.29,32.69,2.33,83.0,Zone 1,Safe,9,0,0,0,1,1,1,1,,68,MEDIUM
Cagayan de Oro,Kauswagan,2007-02-06,2,4.65,27.94,25.74,31.24,31.73,0.52,77.9,Zone 5,Safe,3,0,0,0,1,1,0,0,,100,HIGH
Cagayan de Oro,Kauswagan,2018-02-27,2,4.7,26.81,24.56,29.49,29.94,0.5,71.3,Zone 5,Evacuated,10,1,0,0,0,0,1,0,,92,HIGH
Cagayan de Oro,Kauswagan,2013-05-05,5,14.16,28.39,25.71,31.34,31.06,2.07,66.7,Zone 3,Safe,7,0,0,0,0,0,0,1,Medium,100,HIGH
Cagayan de Oro,Kauswagan,2010-12-06,12,4.73,28.76,27.07,30.53,33.07,1.9,83.1,Zone 5,Unaccounted,8,0,0,0,0,0,0,0,,100,HIGH
Cagayan de Oro,Kauswagan,2010-12-26,12,8.16,26.18,24.47,29.88,29.89,1.56,77.1,Zone 5,Evacuated,7,1,0,0,0,0,0,1,Medium,99,HIGH
Cagayan de Oro,Kauswagan,2022-02-02,2,3.48,27.02,25.02,28.61,30.73,3.38,77.1,Zone 3,Evacuated,8,1,1,0,0,0,0,0,Medium,100,HIGH
Cagayan de Oro,Kauswagan,2006-03-11,3,8.07,27.27,24.37,29.71,30.56,1.01,72.9,Zone 3,Unaccounted,10,0,0,0,0,0,0,1,Medium,100,HIGH
Cagayan de Oro,Kauswagan,2012-08-15,8,11.51,26.25,24.3,29.61,31.01,2.33,87.6,Zone 3,Safe,9,3,0,0,0,0,0,1,Medium,100,HIGH
Cagayan de Oro,Kauswagan,2006-10-01,10,9.81,27.2,25.29,30.73,31.54,2.08,83.4,Zone 2,Unaccounted,6,2,1,0,0,0,0,1,Medium,100,HIGH
Cagayan de Oro,Kauswagan,2019-06-06,6,5.3,29.29,26.8,32.87,34.63,2.86,93.4,Zone 3,Safe,8,1,0,0,0,0,0,1,,100,HIGH
Cagayan de Oro,Kauswagan,2007-09-28,9,9.46,27.71,24.61,30.31,32.1,3.4,83.9,Zone 4,Evacuated,2,1,0,0,0,0,0,1,Medium,26,LOW
Cagayan de Oro,Kauswagan,2006-09-10,9,9.37,26.6,24.86,28.68,30.53,2.65,79.3,Zone 3,Evacuated,6,1,0,0,1,0,1,1,Medium,100,HIGH
Cagayan de Oro,Kauswagan,2014-07-23,7,11.13,27.95,26.31,31.63,33.08,3.02,91.3,Zone 5,Unaccounted,2,1,0,0,0,0,0,1,Medium,100,HIGH
Cagayan de Oro,Kauswagan,2019-09-20,9,11.25,26.78,24.66,29.83,30.58,1.39,78.0,Zone 5,Safe,2,1,1,0,1,1,0,1,Medium,100,HIGH
Cagayan de Oro,Kauswagan,2011-06-14,6,8.33,28.64,26.74,32.36,32.33,4.64,76.9,Zone 6,Safe,4,1,1,0,0,0,0,1,Medium,86,HIGH
Cagayan de Oro,Kauswagan,2005-04-16,4,3.72,28.97,25.86,31.88,32.5,1.66,75.3,Zone 1,Evacuated,1,0,0,0,0,0,0,0,,10,LOW
Cagayan de Oro,Kauswagan,2022-07-20,7,13.6,26.54,23.18,30.26,30.52,4.05,79.8,Zone 2,Safe,3,1,0,0,0,0,0,1,Medium,67,MEDIUM
Cagayan de Oro,Kauswagan,2019-01-16,1,5.01,29.23,27.28,31.61,33.06,4.54,78.3,Zone 3,Safe,4,0,0,0,0,0,0,1,Medium,98,HIGH
Cagayan de Oro,Kauswagan,2022-04-18,4,5.22,27.41,24.19,30.61,30.63,3.9,72.2,Zone 1,Evacuated,9,0,0,0,0,0,0,1,Medium,37,LOW
Cagayan de Oro,Kauswagan,2007-07-23,7,7.93,27.81,25.45,30.38,32.03,2.74,82.2,Zone 2,Safe,8,1,0,0,1,0,0,1,Medium,83,HIGH
Cagayan de Oro,Kauswagan,2013-06-07,6,11.6,29.36,26.99,31.0,33.47,2.58,81.1,Zone 5,Safe,10,1,0,0,0,0,0,1,Medium,100,HIGH
Cagayan de Oro,Kauswagan,2004-09-19,9,13.34,26.59,23.11,28.13,30.88,1.91,82.9,Zone 3,Evacuated,1,1,0,0,0,0,0,1,Medium,84,HIGH
Cagayan de Oro,Kauswagan,2004-03-10,3,1.87,29.06,26.93,32.07,31.94,4.38,68.8,Zone 3,Unaccounted,5,0,0,0,0,0,0,0,Medium,100,HIGH
Cagayan de Oro,Kauswagan,2005-11-04,11,13.17,27.94,26.29,31.79,31.8,2.48,78.6,Zone 5,Safe,6,3,0,0,1,1,0,1,Medium,100,HIGH
Cagayan de Oro,Kauswagan,2020-06-25,6,6.78,28.42,26.33,31.55,32.56,2.65,81.4,Zone 6,Safe,5,1,1,0,0,0,0,1,,81,HIGH
Cagayan de Oro,Kauswagan,2016-01-12,1,11.85,27.01,24.1,30.06,31.3,3.08,82.9,Zone 3,Safe,4,2,0,1,0,0,1,1,Medium,100,HIGH
Cagayan de Oro,Kauswagan,2020-05-24,5,9.82,29.15,27.23,31.58,31.55,1.19,64.0,Zone 5,Unaccounted,3,0,0,0,0,0,0,1,Medium,100,HIGH
Cagayan de Oro,Kauswagan,2017-08-21,8,11.38,27.78,24.37,29.33,32.48,2.46,87.0,Zone 5,Unaccounted,5,1,0,0,0,0,0,1,Medium,100,HIGH
Cagayan de Oro,Kauswagan,2011-02-02,2,8.77,27.09,23.88,29.55,31.21,3.06,81.2,Zone 1,Safe,7,0,0,0,0,0,0,1,Medium,51,MEDIUM
Cagayan de Oro,Kauswagan,2008-04-13,4,7.16,28.98,26.16,31.81,31.82,1.34,68.4,Zone 4,Evacuated,1,0,0,0,0,0,0,1,Medium,18,LOW
Cagayan de Oro,Kauswagan,2013-01-20,1,4.73,26.87,23.52,30.64,30.52,1.9,76.5,Zone 3,Unaccounted,10,0,0,0,0,0,0,0,,100,HIGH
Cagayan de Oro,Kauswagan,2022-12-27,12,7.08,28.54,26.17,31.11,32.85,4.02,83.1,Zone 2,Evacuated,1,2,0,0,1,0,0,1,Medium,62,MEDIUM
Cagayan de Oro,Kauswagan,2016-09-15,9,6.28,26.41,23.76,29.33,31.12,4.36,87.1,Zone 3,Safe,3,3,0,0,0,0,0,1,Medium,100,HIGH
Cagayan de Oro,Kauswagan,2003-04-05,4,3.76,27.64,25.58,30.85,31.15,0.0,75.1,Zone 2,Safe,4,1,0,0,0,0,0,0,,53,MEDIUM
Cagayan de Oro,Kauswagan,2004-10-13,10,9.91,28.02,25.29,30.42,32.6,2.49,85.8,Zone 3,Evacuated,10,1,0,0,0,0,0,1,Medium,96,HIGH
Cagayan de Oro,Kauswagan,2011-11-11,11,9.42,26.97,23.77,29.58,31.64,3.32,86.7,Zone 5,Safe,1,1,0,1,0,1,1,1,Medium,100,HIGH
Cagayan de Oro,Kauswagan,2005-01-19,1,8.0,27.07,25.02,30.1,30.87,3.22,78.0,Zone 6,Safe,2,0,0,0,0,0,0,1,Medium,65,MEDIUM
Cagayan de Oro,Kauswagan,2018-05-09,5,4.9,30.7,28.95,33.78,34.32,0.55,76.2,Zone 3,Safe,10,1,0,0,0,0,0,0,,96,HIGH
Cagayan de Oro,Kauswagan,2008-11-02,11,7.2,27.49,24.62,31.14,32.4,2.99,89.1,Zone 2,Safe,1,1,0,0,0,0,0,1,Medium,63,MEDIUM
Cagayan de Oro,Kauswagan,2011-12-09,12,6.92,26.7,25.17,30.31,30.52,2.08,78.2,Zone 6,Unaccounted,9,1,0,0,1,0,0,1,,100,HIGH
Cagayan de Oro,Kauswagan,2019-02-03,2,4.63,27.23,24.84,30.01,30.66,2.66,74.3,Zone 6,Safe,6,0,1,0,0,1,0,0,,77,HIGH
Cagayan de Oro,Kauswagan,2012-11-14,11,15.96,26.32,24.53,28.64,30.63,2.36,83.1,Zone 3,Evacuated,6,3,0,0,1,1,0,1,High,100,HIGH
Cagayan de Oro,Kauswagan,2003-05-20,5,6.04,28.29,26.47,29.9,31.39,2.11,71.0,Zone 5,Unaccounted,10,0,0,0,1,0,0,1,,100,HIGH
Cagayan de Oro,Kauswagan,2019-09-23,9,10.96,28.27,25.2,31.55,32.91,1.68,86.4,Zone 3,Unaccounted,7,3,0,0,0,0,0,1,Medium,100,HIGH
Cagayan de Oro,Kauswagan,2015-12-05,12,14.28,26.54,23.51,29.66,30.83,2.36,82.9,Zone 3,Unaccounted,4,0,0,0,1,1,1,1,Medium,100,HIGH
Cagayan de Oro,Kauswagan,2019-12-04,12,14.75,27.69,24.59,30.71,31.63,0.59,79.4,Zone 4,Evacuated,9,0,0,0,0,0,0,1,Medium,30,LOW
Cagayan de Oro,Kauswagan,2010-10-10,10,7.7,26.12,23.96,29.62,30.56,2.39,84.4,Zone 5,Unaccounted,4,1,1,0,0,0,0,1,Medium,100,HIGH
Cagayan de Oro,Kauswagan,2017-12-08,12,6.78,28.33,25.36,32.03,32.49,2.4,81.6,Zone 6,Safe,6,0,0,0,0,0,0,1,,65,MEDIUM
Cagayan de Oro,Kauswagan,2018-06-21,6,10.36,28.64,25.93,31.26,32.21,2.6,75.7,Zone 2,Safe,10,3,0,1,0,1,1,1,Medium,100,HIGH
Cagayan de Oro,Kauswagan,2007-11-19,11,11.39,26.71,24.0,30.2,30.51,2.75,78.0,Zone 3,Safe,2,1,0,0,0,0,0,1,Medium,100,HIGH
Cagayan de Oro,Kauswagan,2018-03-19,3,4.05,27.33,24.56,30.76,31.14,2.71,78.1,Zone 3,Unaccounted,8,0,0,0,0,0,0,0,,100,HIGH
Cagayan de Oro,Kauswagan,2020-05-25,5,6.43,29.95,27.03,32.62,33.1,3.9,71.5,Zone 3,Safe,1,2,0,0,0,0,0,1,Medium,100,HIGH
Cagayan de Oro,Kauswagan,2007-03-03,3,12.78,28.74,26.21,31.56,32.17,3.92,74.3,Zone 3,Safe,7,0,0,0,0,0,0,1,Medium,100,HIGH
Cagayan de Oro,Kauswagan,2012-09-08,9,9.53,25.49,23.75,29.23,29.97,2.03,84.8,Zone 5,Unaccounted,10,2,0,0,0,0,0,1,Medium,100,HIGH
Cagayan de Oro,Kauswagan,2005-12-02,12,9.35,27.49,24.51,29.88,31.61,2.09,81.2,Zone 5,Safe,7,1,0,0,0,1,0,1,Medium,100,HIGH
Cagayan de Oro,Kauswagan,2018-05-25,5,6.01,28.88,25.98,32.21,32.45,3.7,75.7,Zone 6,Evacuated,10,2,1,1,0,0,1,1,Medium,100,HIGH
Cagayan de Oro,Kauswagan,2014-10-19,10,10.78,27.97,25.12,30.6,31.94,4.49,79.7,Zone 4,Safe,3,1,1,0,0,0,0,1,Medium,55,MEDIUM
Cagayan de Oro,Kauswagan,2018-04-10,4,6.29,27.55,25.37,30.46,30.95,1.66,74.0,Zone 3,Unaccounted,10,0,0,1,1,0,1,1,,100,HIGH
Cagayan de Oro,Kauswagan,2008-06-25,6,7.89,28.66,25.25,30.26,33.42,3.08,87.6,Zone 5,Unaccounted,4,1,0,0,0,0,0,1,Medium,100,HIGH
Cagayan de Oro,Kauswagan,2006-10-11,10,7.95,28.09,25.9,30.0,32.47,3.74,83.8,Zone 4,Safe,8,1,0,0,1,0,1,1,Medium,66,MEDIUM
Cagayan de Oro,Kauswagan,2006-10-25,10,14.52,28.24,24.89,31.41,32.35,0.69,81.1,Zone 3,Safe,4,1,0,1,0,0,0,1,Medium,100,HIGH
Cagayan de Oro,Kauswagan,2004-01-20,1,5.87,26.86,23.44,29.71,30.74,1.91,78.8,Zone 2,Evacuated,1,0,0,1,1,0,0,1,,53,MEDIUM
Cagayan de Oro,Kauswagan,2016-05-19,5,5.68,29.06,26.1,31.86,32.83,2.85,77.7,Zone 2,Unaccounted,5,2,1,0,0,0,0,1,,99,HIGH
Cagayan de Oro,Kauswagan,2018-08-14,8,10.44,27.53,25.5,31.19,32.06,4.42,85.3,Zone 5,Unaccounted,2,3,1,1,0,0,0,1,Medium,100,HIGH
Cagayan de Oro,Kauswagan,2019-06-06,6,12.44,28.49,26.32,31.12,32.79,2.99,83.0,Zone 4,Evacuated,2,2,0,0,0,0,0,1,Medium,32,LOW
Cagayan de Oro,Kauswagan,2006-01-14,1,6.75,25.48,22.12,28.97,28.9,4.67,74.2,Zone 5,Safe,9,1,1,0,0,0,1,1,Medium,100,HIGH
Cagayan de Oro,Kauswagan,2021-04-05,4,8.56,27.85,25.6,31.71,31.82,1.51,79.7,Zone 3,Evacuated,5,0,0,0,0,0,0,1,Medium,85,HIGH
Cagayan de Oro,Kauswagan,2018-03-24,3,6.35,28.89,26.82,30.89,32.29,2.06,74.0,Zone 6,Unaccounted,9,2,1,0,0,0,0,1,,100,HIGH
Cagayan de Oro,Kauswagan,2018-07-03,7,16.74,26.73,24.11,28.75,30.52,3.36,77.9,Zone 6,Safe,7,2,0,0,0,0,1,1,High,100,HIGH
Cagayan de Oro,Kauswagan,2014-04-21,4,4.92,29.76,27.29,32.9,32.41,1.66,66.5,Zone 5,Safe,5,2,0,0,0,1,1,0,,100,HIGH
Cagayan de Oro,Kauswagan,2022-11-13,11,13.58,26.87,24.66,29.57,31.64,2.95,87.7,Zone 3,Safe,2,3,0,0,1,1,0,1,Medium,100,HIGH
Cagayan de Oro,Kauswagan,2010-08-11,8,8.73,26.24,23.42,28.03,29.91,0.39,76.7,Zone 2,Safe,6,2,0,0,0,0,0,1,Medium,78,HIGH
Cagayan de Oro,Kauswagan,2007-07-23,7,10.38,27.33,24.28,30.04,31.16,1.95,78.3,Zone 5,Unaccounted,8,2,1,0,0,0,0,1,Medium,100,HIGH
Cagayan de Oro,Kauswagan,2019-05-09,5,7.59,27.34,25.41,30.97,30.75,2.02,74.1,Zone 6,Safe,9,1,0,0,0,0,0,1,Medium,81,HIGH
Cagayan de Oro,Kauswagan,2015-06-14,6,8.04,28.43,25.31,30.99,33.82,2.37,93.9,Zone 5,Safe,1,1,0,0,1,0,0,1,Medium,100,HIGH
Cagayan de Oro,Kauswagan,2004-11-27,11,9.63,27.02,24.9,29.54,31.32,1.15,83.0,Zone 2,Safe,3,1,1,0,1,0,0,1,Medium,87,HIGH
Cagayan de Oro,Kauswagan,2020-03-20,3,2.82,27.76,26.22,31.07,31.38,4.69,76.2,Zone 2,Unaccounted,2,1,0,0,0,0,0,0,Medium,75,HIGH
Cagayan de Oro,Kauswagan,2020-06-25,6,6.34,28.87,27.24,30.49,32.42,3.77,75.5,Zone 5,Safe,9,1,0,0,0,0,0,1,Medium,100,HIGH
Cagayan de Oro,Kauswagan,2010-09-13,9,8.86,27.3,25.22,29.2,31.68,0.94,83.8,Zone 5,Safe,7,1,1,0,0,0,0,1,Medium,100,HIGH
Cagayan de Oro,Kauswagan,2003-01-28,1,5.13,26.95,23.94,29.77,30.93,2.62,79.8,Zone 5,Safe,8,0,0,0,0,0,0,1,,100,HIGH
Cagayan de Oro,Kauswagan,2010-01-08,1,6.85,27.3,25.73,30.67,30.89,3.64,75.9,Zone 3,Unaccounted,7,1,0,0,0,0,0,1,Medium,100,HIGH
Cagayan de Oro,Kauswagan,2005-12-09,12,7.81,27.32,25.67,30.08,31.11,2.51,77.9,Zone 5,Evacuated,7,0,0,0,0,0,1,1,Medium,100,HIGH
Cagayan de Oro,Kauswagan,2006-10-05,10,12.99,26.5,23.53,29.98,31.28,2.29,87.8,Zone 6,Safe,10,3,1,0,0,1,0,1,Medium,100,HIGH
Cagayan de Oro,Kauswagan,2017-05-09,5,7.44,29.48,27.57,31.64,32.29,2.45,68.1,Zone 5,Evacuated,8,0,0,0,0,0,0,1,Medium,94,HIGH
Cagayan de Oro,Kauswagan,2020-04-14,4,4.54,28.56,26.5,30.77,31.59,4.37,70.3,Zone 2,Evacuated,9,0,0,0,0,0,0,0,Medium,46,MEDIUM
Cagayan de Oro,Kauswagan,2015-08-24,8,7.99,27.16,23.76,30.57,31.32,3.51,81.6,Zone 3,Evacuated,8,1,0,1,0,1,1,1,Medium,100,HIGH
Cagayan de Oro,Kauswagan,2021-06-16,6,8.22,28.67,26.95,30.95,33.55,4.35,88.8,Zone 3,Safe,2,1,0,0,0,0,0,1,Medium,100,HIGH
Cagayan de Oro,Kauswagan,2010-08-19,8,9.22,27.06,25.39,29.57,31.08,2.52,80.2,Zone 2,Unaccounted,9,2,0,1,0,0,0,1,Medium,100,HIGH
Cagayan de Oro,Kauswagan,2018-01-25,1,4.83,26.53,24.53,28.81,30.08,1.59,75.5,Zone 2,Safe,3,0,0,0,0,0,1,0,,53,MEDIUM
Cagayan de Oro,Kauswagan,2003-07-28,7,16.29,28.23,26.19,30.25,32.2,1.73,79.7,Zone 3,Safe,8,1,0,0,0,0,0,1,High,100,HIGH
Cagayan de Oro,Kauswagan,2013-11-08,11,6.84,29.23,26.81,31.94,33.76,3.22,85.3,Zone 2,Safe,2,3,0,0,0,0,0,1,Medium,77,HIGH
Cagayan de Oro,Kauswagan,2007-02-13,2,4.8,26.93,23.92,28.84,30.79,0.52,78.6,Zone 3,Evacuated,3,0,1,0,0,0,1,0,,86,HIGH
Cagayan de Oro,Kauswagan,2008-07-16,7,16.79,27.22,24.47,30.03,31.26,2.01,80.4,Zone 6,Safe,9,1,0,0,0,0,0,1,High,89,HIGH
Cagayan de Oro,Kauswagan,2012-02-14,2,5.71,29.02,26.08,32.72,32.52,0.0,75.0,Zone 5,Safe,6,1,0,0,0,0,0,1,,100,HIGH
Cagayan de Oro,Kauswagan,2007-11-06,11,7.49,27.84,25.76,31.05,31.94,4.56,81.0,Zone 3,Unaccounted,6,1,0,0,0,0,0,1,Medium,100,HIGH
Cagayan de Oro,Kauswagan,2013-08-07,8,6.86,27.62,24.27,30.92,32.76,2.33,91.4,Zone 3,Unaccounted,3,1,0,0,0,1,0,1,,100,HIGH
Cagayan de Oro,Kauswagan,2016-01-11,1,5.88,28.12,26.26,30.8,31.82,2.12,77.0,Zone 3,Unaccounted,1,0,0,0,0,0,0,1,,100,HIGH
Cagayan de Oro,Kauswagan,2020-12-04,12,12.1,26.27,23.85,28.01,30.64,4.48,83.7,Zone 3,Evacuated,10,0,0,0,0,0,0,1,Medium,90,HIGH
Cagayan de Oro,Kauswagan,2014-09-08,9,9.74,27.21,24.45,31.03,32.11,0.9,89.0,Zone 3,Safe,7,1,0,0,0,0,0,1,Medium,100,HIGH
Cagayan de Oro,Kauswagan,2015-10-25,10,7.76,26.5,23.13,29.4,31.54,1.72,90.4,Zone 4,Evacuated,4,1,0,0,0,0,0,1,Medium,29,LOW
Cagayan de Oro,Kauswagan,2011-12-07,12,13.83,26.83,24.97,29.74,31.24,2.69,84.1,Zone 1,Safe,9,0,0,0,1,0,1,1,Medium,67,MEDIUM
Cagayan de Oro,Kauswagan,2022-12-28,12,7.33,27.77,24.93,30.45,31.96,2.65,81.9,Zone 5,Safe,4,3,0,0,0,0,0,1,Medium,100,HIGH
Cagayan de Oro,Kauswagan,2007-10-05,10,8.35,27.48,25.65,31.17,31.81,4.85,83.3,Zone 2,Safe,1,1,0,0,0,1,1,1,Medium,78,HIGH
Cagayan de Oro,Kauswagan,2019-06-10,6,7.64,27.95,24.93,30.05,32.19,5.35,82.4,Zone 5,Safe,7,2,0,0,0,0,0,1,High,100,HIGH
Cagayan de Oro,Kauswagan,2019-09-11,9,13.0,28.77,27.11,31.78,34.05,3.52,92.8,Zone 3,Safe,3,3,0,1,0,1,0,1,Medium,100,HIGH
Cagayan de Oro,Kauswagan,2018-09-15,9,15.66,26.73,23.84,28.86,30.78,0.72,80.5,Zone 2,Safe,7,2,0,0,0,0,0,1,High,88,HIGH
Cagayan de Oro,Kauswagan,2017-06-28,6,8.94,28.45,25.41,30.81,33.05,1.81,86.0,Zone 5,Safe,10,1,0,1,0,1,1,1,Medium,100,HIGH
Cagayan de Oro,Kauswagan,2003-03-24,3,6.3,29.0,27.11,31.4,32.39,1.9,73.9,Zone 5,Safe,10,0,0,0,0,0,0,1,,100,HIGH
Cagayan de Oro,Kauswagan,2019-06-09,6,18.33,28.5,25.16,31.52,32.53,1.49,80.3,Zone 5,Safe,5,2,0,0,0,0,0,1,High,100,HIGH
Cagayan de Oro,Kauswagan,2011-12-23,12,5.27,27.72,25.67,29.36,31.84,2.59,81.2,Zone 5,Safe,1,2,0,1,0,1,1,1,,100,HIGH
Cagayan de Oro,Kauswagan,2020-03-16,3,7.76,29.17,26.06,30.77,33.02,5.0,78.5,Zone 6,Safe,3,1,0,0,0,0,0,1,High,81,HIGH
Cagayan de Oro,Kauswagan,2016-03-03,3,7.89,28.36,25.19,30.16,32.76,0.0,84.0,Zone 5,Safe,1,0,0,1,1,0,0,1,Medium,100,HIGH
Cagayan de Oro,Kauswagan,2003-11-20,11,9.24,29.65,27.48,32.83,33.99,1.98,83.4,Zone 5,Unaccounted,3,3,0,0,1,0,0,1,Medium,100,HIGH
Cagayan de Oro,Kauswagan,2015-09-01,9,9.94,28.71,26.38,31.88,33.19,2.8,84.8,Zone 2,Safe,4,3,0,0,1,0,0,1,Medium,88,HIGH
Cagayan de Oro,Kauswagan,2017-02-06,2,5.41,28.78,27.19,31.8,32.2,2.79,74.2,Zone 6,Evacuated,7,0,1,0,0,0,0,1,,64,MEDIUM
Cagayan de Oro,Kauswagan,2020-05-09,5,5.59,27.66,25.46,30.01,31.66,2.14,80.0,Zone 6,Safe,2,0,0,0,0,0,0,1,,58,MEDIUM
Cagayan de Oro,Kauswagan,2008-02-03,2,5.24,27.86,24.9,29.82,30.91,3.17,70.5,Zone 5,Safe,1,1,0,1,1,0,0,1,Medium,100,HIGH
Cagayan de Oro,Kauswagan,2010-08-03,8,5.61,28.22,26.1,31.42,33.17,0.86,89.5,Zone 6,Unaccounted,4,2,0,0,1,0,0,1,,99,HIGH
Cagayan de Oro,Kauswagan,2012-01-13,1,6.57,27.74,25.88,29.59,30.43,3.82,66.9,Zone 1,Safe,4,2,0,0,0,0,0,1,Medium,57,MEDIUM
Cagayan de Oro,Kauswagan,2012-04-06,4,6.23,30.18,28.16,32.78,33.67,4.43,74.9,Zone 1,Safe,6,0,0,0,0,0,0,1,Medium,49,MEDIUM
Cagayan de Oro,Kauswagan,2017-11-17,11,5.32,28.13,24.97,31.35,32.38,1.55,82.5,Zone 4,Safe,10,1,0,1,0,0,0,1,,54,MEDIUM
Cagayan de Oro,Kauswagan,2014-12-14,12,7.27,28.37,25.58,31.58,32.94,1.57,85.7,Zone 5,Safe,6,1,0,0,1,0,0,1,Medium,100,HIGH
Cagayan de Oro,Kauswagan,2009-02-17,2,6.58,27.52,25.5,30.19,30.85,4.28,73.3,Zone 6,Safe,2,0,0,0,0,1,0,1,Medium,73,HIGH
Cagayan de Oro,Kauswagan,2021-03-15,3,7.1,28.53,26.38,31.44,31.79,1.17,72.6,Zone 3,Evacuated,1,0,0,0,0,0,0,1,Medium,78,HIGH
Cagayan de Oro,Kauswagan,2003-06-28,6,6.59,28.55,26.73,31.24,33.46,2.74,89.1,Zone 3,Safe,2,1,0,0,0,0,0,1,,94,HIGH
Cagayan de Oro,Kauswagan,2020-03-15,3,5.2,27.28,25.41,28.83,30.75,5.77,74.7,Zone 5,Unaccounted,8,0,0,0,0,1,0,1,High,100,HIGH
Cagayan de Oro,Kauswagan,2010-08-27,8,7.81,27.42,25.41,29.85,31.42,3.55,80.0,Zone 6,Safe,7,1,1,1,0,0,1,1,Medium,100,HIGH
Cagayan de Oro,Kauswagan,2011-07-25,7,9.37,26.25,22.84,28.75,31.09,0.08,88.4,Zone 2,Safe,9,1,0,0,0,0,0,1,Medium,75,HIGH
Cagayan de Oro,Kauswagan,2019-10-23,10,22.65,26.77,24.87,30.7,30.81,4.18,80.4,Zone 5,Evacuated,3,2,1,0,0,0,1,1,High,100,HIGH
Cagayan de Oro,Kauswagan,2007-05-26,5,5.75,29.45,26.35,32.1,33.24,3.34,77.9,Zone 2,Safe,1,1,0,0,0,0,0,1,Medium,63,MEDIUM
Cagayan de Oro,Kauswagan,2012-03-10,3,3.67,26.78,25.12,28.87,30.25,2.04,74.7,Zone 5,Safe,2,1,0,0,0,0,0,0,,90,HIGH
Cagayan de Oro,Kauswagan,2014-09-28,9,18.32,27.46,25.95,29.36,31.74,2.57,82.8,Zone 3,Safe,9,2,0,0,0,1,0,1,High,100,HIGH
Cagayan de Oro,Kauswagan,2017-11-13,11,8.36,27.04,24.13,30.45,31.5,3.13,84.6,Zone 3,Safe,3,1,0,1,1,1,0,1,Medium,100,HIGH
Cagayan de Oro,Kauswagan,2016-11-24,11,6.95,27.41,24.72,30.25,31.51,2.51,81.0,Zone 2,Safe,10,1,0,1,0,0,1,1,,85,HIGH
Cagayan de Oro,Kauswagan,2013-06-12,6,12.86,29.73,27.23,31.23,33.01,2.86,72.8,Zone 5,Safe,7,3,0,1,0,0,0,1,Medium,100,HIGH
Cagayan de Oro,Kauswagan,2004-08-07,8,12.89,28.34,26.42,30.93,32.6,1.18,82.6,Zone 3,Safe,3,1,0,0,0,0,0,1,Medium,100,HIGH
Cagayan de Oro,Kauswagan,2018-07-22,7,7.63,28.73,27.16,32.63,33.01,1.26,82.8,Zone 6,Safe,3,1,1,0,0,0,0,1,Medium,85,HIGH
Cagayan de Oro,Kauswagan,2005-08-26,8,7.08,29.19,27.0,32.52,33.68,1.56,84.9,Zone 5,Evacuated,7,3,0,0,0,0,0,1,Medium,100,HIGH
Cagayan de Oro,Kauswagan,2021-06-05,6,8.57,29.05,26.54,32.27,33.72,0.23,86.7,Zone 5,Safe,7,1,0,0,0,0,0,1,Medium,100,HIGH
Cagayan de Oro,Kauswagan,2006-07-09,7,7.68,28.13,25.42,31.64,32.23,1.97,81.0,Zone 5,Safe,6,2,0,0,0,0,1,1,Medium,100,HIGH
Cagayan de Oro,Kauswagan,2008-06-04,6,7.76,28.58,25.12,31.41,33.78,4.59,92.0,Zone 3,Safe,2,1,0,0,0,0,0,1,Medium,100,HIGH
Cagayan de Oro,Kauswagan,2011-12-19,12,8.81,26.84,24.94,30.37,31.78,1.99,89.4,Zone 6,Evacuated,8,0,0,0,0,0,0,1,Medium,60,MEDIUM
Cagayan de Oro,Kauswagan,2018-01-04,1,5.61,27.6,25.18,29.23,32.03,3.41,84.3,Zone 6,Safe,6,0,0,0,0,0,0,1,Medium,72,HIGH
Cagayan de Oro,Kauswagan,2003-05-25,5,5.48,30.54,27.95,32.49,34.49,1.62,79.5,Zone 4,Safe,1,0,0,0,0,0,0,1,,26,LOW
Cagayan de Oro,Kauswagan,2006-01-20,1,7.23,25.58,23.37,27.17,28.83,4.54,72.5,Zone 2,Evacuated,4,0,0,1,0,0,0,1,Medium,57,MEDIUM
Cagayan de Oro,Kauswagan,2018-12-05,12,16.72,27.37,25.01,29.56,30.76,1.2,73.9,Zone 3,Unaccounted,10,0,0,0,0,1,1,1,High,100,HIGH
Cagayan de Oro,Kauswagan,2013-01-03,1,7.81,28.85,26.6,30.72,32.2,2.49,73.5,Zone 4,Unaccounted,2,0,1,0,1,1,0,1,Medium,81,HIGH
Cagayan de Oro,Kauswagan,2016-12-10,12,7.4,28.16,25.86,30.12,32.58,2.27,84.2,Zone 5,Evacuated,2,2,0,0,0,0,0,1,Medium,96,HIGH
Cagayan de Oro,Kauswagan,2009-02-26,2,8.6,27.41,24.77,31.4,31.24,2.85,78.3,Zone 2,Evacuated,9,2,0,0,0,0,0,1,Medium,66,MEDIUM
Cagayan de Oro,Kauswagan,2021-01-12,1,4.15,26.45,24.0,29.85,30.17,2.08,77.2,Zone 2,Safe,3,0,0,0,0,0,1,0,,53,MEDIUM
Cagayan de Oro,Kauswagan,2012-07-06,7,8.28,28.9,26.85,31.42,33.3,2.41,84.0,Zone 3,Safe,7,2,0,0,0,0,0,1,Medium,100,HIGH
Cagayan de Oro,Kauswagan,2013-08-20,8,9.05,28.43,26.74,30.49,33.32,3.62,88.9,Zone 1,Evacuated,4,1,0,0,0,0,0,1,Medium,36,LOW
Cagayan de Oro,Kauswagan,2017-12-20,12,14.87,27.62,24.94,30.71,31.82,2.0,82.0,Zone 6,Safe,7,0,0,0,1,0,0,1,Medium,82,HIGH
Cagayan de Oro,Kauswagan,2014-06-11,6,10.84,28.58,25.43,30.46,33.62,1.05,90.4,Zone 3,Unaccounted,8,1,0,0,0,1,0,1,Medium,100,HIGH
Cagayan de Oro,Kauswagan,2004-05-13,5,12.6,28.55,25.73,31.48,32.56,3.28,80.1,Zone 5,Safe,8,0,0,0,0,0,0,1,Medium,100,HIGH
Cagayan de Oro,Kauswagan,2019-04-24,4,9.66,28.75,26.51,30.98,32.22,0.09,74.7,Zone 6,Safe,8,0,0,1,0,0,0,1,Medium,85,HIGH
Cagayan de Oro,Kauswagan,2021-10-12,10,13.6,29.44,27.08,33.43,34.03,2.16,85.9,Zone 6,Safe,5,1,0,0,0,0,0,1,Medium,76,HIGH
Cagayan de Oro,Kauswagan,2020-04-13,4,4.09,29.49,27.73,32.51,32.72,4.56,72.3,Zone 2,Unaccounted,2,0,0,0,0,0,0,0,Medium,69,MEDIUM
Cagayan de Oro,Kauswagan,2012-02-19,2,13.38,27.24,25.38,29.14,30.91,2.47,76.7,Zone 2,Evacuated,7,0,0,0,0,0,0,1,Medium,53,MEDIUM
Cagayan de Oro,Kauswagan,2022-04-14,4,3.77,29.8,27.74,33.23,33.54,3.79,77.4,Zone 5,Evacuated,6,0,0,1,0,0,0,0,Medium,93,HIGH
Cagayan de Oro,Kauswagan,2017-07-16,7,9.21,28.49,26.42,32.3,32.33,2.22,78.4,Zone 3,Safe,3,1,0,0,0,0,0,1,Medium,100,HIGH
Cagayan de Oro,Kauswagan,2017-06-25,6,5.6,29.06,26.25,32.27,33.67,1.61,86.1,Zone 3,Safe,10,2,0,1,1,1,0,1,,100,HIGH
Cagayan de Oro,Kauswagan,2010-01-20,1,5.53,26.72,24.94,29.77,30.47,1.21,77.5,Zone 4,Unaccounted,10,0,0,0,0,0,0,1,,56,MEDIUM
Cagayan de Oro,Kauswagan,2022-01-11,1,8.84,27.59,25.59,30.51,31.37,2.39,77.8,Zone 3,Safe,2,3,0,0,0,0,0,1,Medium,100,HIGH
Cagayan de Oro,Kauswagan,2015-10-26,10,6.57,26.61,24.01,30.27,31.84,2.83,92.3,Zone 3,Unaccounted,3,1,0,1,0,0,0,1,,100,HIGH
Cagayan de Oro,Kauswagan,2009-03-16,3,6.06,27.32,25.17,29.55,30.65,2.54,73.3,Zone 1,Unaccounted,4,0,0,0,0,0,0,1,,56,MEDIUM
Cagayan de Oro,Kauswagan,2017-11-20,11,8.21,27.74,24.26,31.23,32.32,4.26,85.8,Zone 5,Unaccounted,9,2,0,1,1,0,0,1,Medium,100,HIGH
Cagayan de Oro,Kauswagan,2005-04-15,4,4.42,27.58,26.07,29.16,31.59,5.23,80.1,Zone 5,Evacuated,9,3,1,0,0,1,0,0,High,100,HIGH
Cagayan de Oro,Kauswagan,2020-05-23,5,13.14,28.83,27.09,32.27,32.91,2.48,80.8,Zone 4,Evacuated,9,1,0,0,0,0,0,1,Medium,36,LOW
Cagayan de Oro,Kauswagan,2012-12-02,12,8.92,26.82,23.7,30.39,30.62,3.12,78.0,Zone 3,Evacuated,1,0,0,0,0,0,1,1,Medium,85,HIGH
Cagayan de Oro,Kauswagan,2017-11-21,11,8.75,26.84,24.48,28.65,31.49,0.02,86.5,Zone 2,Safe,5,2,1,0,0,0,0,1,Medium,88,HIGH
Cagayan de Oro,Kauswagan,2014-12-06,12,11.55,26.28,23.95,28.63,30.03,3.32,77.5,Zone 6,Unaccounted,8,0,0,0,0,0,0,1,Medium,93,HIGH
Cagayan de Oro,Kauswagan,2005-11-23,11,8.09,27.37,24.95,30.64,31.42,1.17,80.5,Zone 5,Evacuated,5,1,0,0,1,0,0,1,Medium,100,HIGH
Cagayan de Oro,Kauswagan,2011-08-23,8,10.73,28.82,26.18,31.81,33.01,4.3,81.9,Zone 2,Evacuated,3,1,0,0,0,0,0,1,Medium,52,MEDIUM
Cagayan de Oro,Kauswagan,2014-06-19,6,11.79,28.14,25.21,30.41,32.82,2.67,86.8,Zone 5,Evacuated,10,2,0,0,0,0,0,1,Medium,100,HIGH
Cagayan de Oro,Kauswagan,2012-08-22,8,8.05,28.32,26.51,31.83,33.16,2.09,88.4,Zone 2,Safe,10,1,0,0,0,0,0,1,Medium,75,HIGH
Cagayan de Oro,Kauswagan,2003-11-08,11,7.28,27.97,24.77,30.93,32.36,2.26,83.9,Zone 5,Safe,1,1,0,0,0,0,1,1,Medium,100,HIGH
Cagayan de Oro,Kauswagan,2022-07-16,7,9.11,28.77,25.47,32.7,32.92,1.44,81.5,Zone 4,Evacuated,10,3,0,0,0,0,0,1,Medium,48,MEDIUM
Cagayan de Oro,Kauswagan,2018-06-13,6,9.64,28.98,26.18,32.66,33.74,2.99,87.6,Zone 2,Safe,8,3,0,0,0,0,0,1,Medium,87,HIGH
Cagayan de Oro,Kauswagan,2010-02-11,2,4.77,26.65,24.53,28.71,30.74,2.22,80.9,Zone 3,Safe,2,1,0,0,0,0,0,0,,86,HIGH
Cagayan de Oro,Kauswagan,2003-08-19,8,8.21,26.23,23.05,29.84,30.98,0.0,87.5,Zone 6,Evacuated,9,3,0,0,1,0,0,1,Medium,86,HIGH
Cagayan de Oro,Kauswagan,2015-11-02,11,13.53,26.24,23.49,30.12,30.79,2.58,85.5,Zone 6,Safe,5,1,0,0,0,0,1,1,Medium,83,HIGH
Cagayan de Oro,Kauswagan,2004-02-26,2,3.83,28.65,26.26,31.46,31.99,0.0,73.4,Zone 1,Safe,3,1,0,1,0,0,0,0,,45,MEDIUM
Cagayan de Oro,Kauswagan,2017-04-23,4,6.8,27.39,25.54,31.34,30.34,1.88,69.5,Zone 3,Safe,5,0,0,0,0,0,0,1,,93,HIGH
Cagayan de Oro,Kauswagan,2019-02-05,2,3.19,27.63,25.52,29.65,30.84,2.54,72.1,Zone 5,Safe,10,0,0,0,0,0,0,0,,94,HIGH
Cagayan de Oro,Kauswagan,2005-01-11,1,8.32,26.41,24.52,28.2,30.27,1.67,78.6,Zone 3,Safe,4,0,0,0,0,0,1,1,Medium,100,HIGH
Cagayan de Oro,Kauswagan,2021-08-10,8,10.56,27.63,26.11,30.2,33.01,4.07,93.8,Zone 3,Unaccounted,8,2,0,0,0,0,0,1,Medium,100,HIGH
Cagayan de Oro,Kauswagan,2017-11-20,11,14.7,28.35,24.87,30.48,32.56,3.9,82.1,Zone 5,Safe,5,1,0,0,0,0,0,1,Medium,100,HIGH
Cagayan de Oro,Kauswagan,2019-09-16,9,13.59,26.66,24.59,29.77,30.75,1.23,80.9,Zone 3,Safe,9,1,0,0,0,0,0,1,Medium,100,HIGH
Cagayan de Oro,Kauswagan,2012-09-17,9,10.86,27.83,25.08,29.61,32.23,2.04,84.0,Zone 3,Evacuated,3,1,0,0,0,0,0,1,Medium,88,HIGH
Cagayan de Oro,Kauswagan,2018-09-16,9,8.77,28.35,26.52,30.01,32.63,0.22,82.8,Zone 5,Safe,5,1,0,1,1,0,0,1,Medium,100,HIGH
Cagayan de Oro,Kauswagan,2006-04-25,4,3.61,28.56,25.53,30.59,31.58,0.82,70.2,Zone 6,Safe,6,1,0,0,0,0,0,0,,63,MEDIUM
Cagayan de Oro,Kauswagan,2022-11-10,11,11.05,26.71,24.79,29.89,31.56,2.43,88.5,Zone 6,Safe,4,2,0,1,0,0,1,1,Medium,97,HIGH
Cagayan de Oro,Kauswagan,2018-06-17,6,14.63,29.21,26.4,32.68,33.19,0.0,79.8,Zone 5,Evacuated,5,1,0,0,0,0,0,1,Medium,95,HIGH
Cagayan de Oro,Kauswagan,2007-05-12,5,10.6,29.7,27.59,33.02,33.63,0.69,79.3,Zone 5,Unaccounted,6,0,0,0,0,0,0,1,Medium,100,HIGH
Cagayan de Oro,Kauswagan,2016-07-25,7,14.11,25.98,24.47,29.83,30.33,2.05,83.5,Zone 2,Safe,7,1,0,0,1,1,0,1,Medium,90,HIGH
Cagayan de Oro,Kauswagan,2009-01-27,1,6.9,24.63,22.71,27.92,28.65,2.39,80.2,Zone 2,Safe,6,0,0,0,0,0,0,1,,59,MEDIUM
Cagayan de Oro,Kauswagan,2020-07-11,7,9.78,29.12,26.5,31.12,33.45,3.28,83.3,Zone 3,Safe,9,1,0,0,0,0,0,1,Medium,100,HIGH
Cagayan de Oro,Kauswagan,2008-02-08,2,2.55,28.13,25.98,30.83,31.89,1.04,77.6,Zone 4,Evacuated,8,3,1,0,0,1,1,0,,60,MEDIUM
Cagayan de Oro,Kauswagan,2021-05-20,5,5.66,30.38,28.13,32.13,33.93,0.86,75.5,Zone 5,Evacuated,5,0,0,0,0,0,0,1,,82,HIGH
Cagayan de Oro,Kauswagan,2018-05-04,5,5.14,28.44,26.67,31.81,32.28,2.68,78.4,Zone 5,Safe,7,2,0,0,1,0,1,1,,100,HIGH
Cagayan de Oro,Kauswagan,2020-10-07,10,8.31,27.42,25.74,29.53,31.75,3.21,83.3,Zone 6,Safe,5,1,1,1,0,0,0,1,Medium,98,HIGH
Cagayan de Oro,Kauswagan,2013-02-28,2,7.45,26.79,23.38,29.19,29.99,2.95,72.0,Zone 3,Evacuated,4,0,0,0,0,0,0,1,Medium,83,HIGH
Cagayan de Oro,Kauswagan,2013-08-12,8,6.73,27.29,25.39,31.22,31.78,1.88,84.9,Zone 6,Safe,10,2,0,0,0,0,0,1,,80,HIGH
Cagayan de Oro,Kauswagan,2016-02-21,2,5.56,28.55,26.2,32.07,33.02,2.56,84.7,Zone 5,Evacuated,9,0,1,0,1,0,1,1,,100,HIGH
Cagayan de Oro,Kauswagan,2019-07-02,7,12.77,27.43,24.18,29.75,30.92,3.26,74.9,Zone 3,Safe,5,1,1,0,0,0,0,1,Medium,100,HIGH
Cagayan de Oro,Kauswagan,2020-10-03,10,10.0,28.29,25.23,31.12,32.55,3.93,82.6,Zone 2,Evacuated,2,1,0,0,0,0,0,1,Medium,50,MEDIUM
Cagayan de Oro,Kauswagan,2005-11-07,11,6.55,27.18,24.15,29.76,31.98,1.38,88.0,Zone 5,Safe,8,3,1,1,1,0,0,1,,100,HIGH
Cagayan de Oro,Kauswagan,2021-03-21,3,2.93,27.38,25.2,30.2,30.42,2.68,70.4,Zone 2,Evacuated,7,2,0,0,0,0,0,0,,50,MEDIUM
Cagayan de Oro,Kauswagan,2022-05-01,5,12.62,29.59,26.43,31.14,32.5,1.15,69.1,Zone 5,Safe,7,0,0,0,1,0,1,1,Medium,100,HIGH
Cagayan de Oro,Kauswagan,2009-09-15,9,10.32,26.93,23.89,29.87,30.83,1.72,79.0,Zone 3,Safe,10,1,0,1,1,0,0,1,Medium,100,HIGH
Cagayan de Oro,Kauswagan,2003-03-04,3,4.35,27.51,24.94,31.37,30.91,2.43,74.0,Zone 5,Safe,3,0,1,0,1,0,1,0,,100,HIGH
Cagayan de Oro,Kauswagan,2009-11-07,11,7.19,27.3,25.19,29.86,31.86,3.17,85.6,Zone 3,Safe,4,2,0,0,0,0,0,1,Medium,100,HIGH
Cagayan de Oro,Kauswagan,2015-08-04,8,9.08,28.45,26.9,32.12,33.1,2.22,86.5,Zone 2,Unaccounted,4,1,0,0,0,0,0,1,Medium,86,HIGH
Cagayan de Oro,Kauswagan,2009-07-07,7,19.79,28.45,25.41,31.43,32.9,2.77,84.5,Zone 2,Safe,3,1,0,0,0,0,1,1,High,82,HIGH
Cagayan de Oro,Kauswagan,2009-02-06,2,5.38,26.96,25.22,29.68,30.39,4.22,74.3,Zone 3,Evacuated,6,0,0,0,0,0,0,1,Medium,87,HIGH
Cagayan de Oro,Kauswagan,2019-02-26,2,5.43,27.21,24.99,29.35,30.65,2.88,74.4,Zone 5,Safe,8,0,0,0,0,0,0,1,,100,HIGH
Cagayan de Oro,Kauswagan,2006-07-13,7,8.17,27.53,25.32,31.39,31.92,2.0,83.9,Zone 4,Unaccounted,7,3,0,1,0,0,0,1,Medium,90,HIGH
Cagayan de Oro,Kauswagan,2015-12-03,12,6.04,26.54,23.29,28.08,31.08,3.3,85.4,Zone 4,Unaccounted,6,0,1,1,0,0,0,1,Medium,82,HIGH
Cagayan de Oro,Kauswagan,2007-03-17,3,5.53,27.38,25.6,30.05,30.68,1.7,73.0,Zone 2,Safe,10,2,0,0,1,0,1,1,,89,HIGH
Cagayan de Oro,Kauswagan,2008-10-14,10,9.95,27.57,25.23,29.51,32.18,1.13,86.1,Zone 5,Safe,3,2,0,1,1,0,0,1,Medium,100,HIGH
Cagayan de Oro,Kauswagan,2008-02-26,2,5.4,26.79,25.23,28.8,30.77,1.34,79.8,Zone 5,Safe,6,2,0,0,0,0,0,1,,100,HIGH
Cagayan de Oro,Kauswagan,2003-06-01,6,7.75,29.74,27.58,33.46,33.81,1.15,80.7,Zone 5,Safe,3,3,0,0,0,0,0,1,Medium,100,HIGH
Cagayan de Oro,Kauswagan,2022-07-25,7,16.09,27.19,24.24,29.11,31.63,0.02,84.4,Zone 1,Safe,6,3,0,0,0,0,0,1,High,75,HIGH
Cagayan de Oro,Kauswagan,2018-02-04,2,5.15,28.54,26.11,31.08,31.53,2.01,69.9,Zone 3,Unaccounted,8,0,1,0,0,0,0,1,,100,HIGH
Cagayan de Oro,Kauswagan,2018-05-16,5,3.9,28.26,24.96,30.4,31.76,3.88,75.0,Zone 4,Safe,9,0,1,0,0,0,0,0,Medium,49,MEDIUM
Cagayan de Oro,Kauswagan,2021-08-16,8,8.51,28.94,27.05,30.99,33.67,3.25,87.3,Zone 2,Safe,3,1,0,0,0,0,0,1,Medium,67,MEDIUM
Cagayan de Oro,Kauswagan,2015-02-23,2,7.0,28.39,26.33,31.43,31.27,1.68,68.8,Zone 4,Safe,5,0,0,0,1,0,0,1,Medium,48,MEDIUM
Cagayan de Oro,Kauswagan,2021-12-15,12,5.4,27.8,25.26,30.74,31.86,0.64,80.6,Zone 4,Unaccounted,3,0,0,0,0,0,0,1,,48,MEDIUM
Cagayan de Oro,Kauswagan,2004-03-19,3,3.46,27.67,24.67,31.17,31.55,3.41,78.8,Zone 3,Evacuated,4,3,0,0,0,0,0,0,Medium,93,HIGH
Cagayan de Oro,Kauswagan,2010-11-02,11,9.62,27.93,26.11,30.24,32.01,1.87,80.8,Zone 2,Safe,8,3,0,0,0,0,0,1,Medium,87,HIGH
Cagayan de Oro,Kauswagan,2017-10-13,10,7.34,28.82,25.33,31.45,33.5,3.47,86.8,Zone 5,Safe,8,1,0,0,0,0,0,1,Medium,100,HIGH
Cagayan de Oro,Kauswagan,2013-09-11,9,10.15,28.11,24.62,30.08,33.02,3.28,89.1,Zone 3,Safe,8,2,0,0,0,0,0,1,Medium,100,HIGH
Cagayan de Oro,Kauswagan,2013-02-22,2,3.71,27.94,24.91,30.1,31.63,1.33,76.9,Zone 5,Evacuated,7,1,1,1,0,1,0,0,,100,HIGH
Cagayan de Oro,Kauswagan,2006-08-27,8,7.35,26.95,25.21,30.23,31.75,2.66,88.0,Zone 2,Safe,6,1,0,0,0,0,0,1,Medium,72,HIGH
Cagayan de Oro,Kauswagan,2019-02-28,2,14.98,26.52,24.65,30.07,30.44,1.71,79.2,Zone 3,Unaccounted,9,0,1,1,0,0,0,1,Medium,100,HIGH
Cagayan de Oro,Kauswagan,2014-04-24,4,4.74,28.51,25.96,31.96,32.69,0.03,81.8,Zone 6,Safe,9,0,0,1,1,0,0,0,,78,HIGH
Cagayan de Oro,Kauswagan,2008-12-17,12,5.18,28.36,26.11,30.11,33.09,1.46,87.3,Zone 6,Safe,10,0,1,1,0,1,0,1,,98,HIGH
Cagayan de Oro,Kauswagan,2015-05-02,5,6.62,29.32,27.23,33.07,32.92,0.72,76.0,Zone 1,Unaccounted,8,0,0,0,0,0,0,1,,63,MEDIUM
Cagayan de Oro,Kauswagan,2005-05-01,5,5.03,29.21,27.21,32.1,32.85,0.42,76.4,Zone 5,Safe,10,0,0,0,0,0,0,1,,100,HIGH
Cagayan de Oro,Kauswagan,2007-07-05,7,13.95,29.24,26.78,31.14,33.5,2.16,82.6,Zone 5,Unaccounted,4,1,0,0,0,0,0,1,Medium,100,HIGH
Cagayan de Oro,Kauswagan,2021-07-13,7,10.34,28.46,26.57,32.05,32.46,2.6,80.0,Zone 5,Safe,5,1,0,0,0,0,0,1,Medium,100,HIGH
Cagayan de Oro,Kauswagan,2021-12-24,12,6.87,28.61,25.22,30.49,31.85,1.74,72.4,Zone 3,Safe,5,1,0,0,0,0,0,1,,99,HIGH
Cagayan de Oro,Kauswagan,2012-02-17,2,7.64,28.41,25.86,31.84,32.1,0.79,76.9,Zone 5,Safe,4,1,0,0,0,0,0,1,Medium,100,HIGH
Cagayan de Oro,Kauswagan,2022-02-18,2,7.28,27.67,25.26,29.35,30.98,4.59,73.1,Zone 6,Unaccounted,6,2,1,1,0,1,0,1,Medium,100,HIGH
Cagayan de Oro,Kauswagan,2017-02-21,2,5.15,26.77,24.42,28.69,30.61,2.86,78.4,Zone 6,Evacuated,8,1,0,0,0,0,0,1,,59,MEDIUM
Cagayan de Oro,Kauswagan,2022-02-03,2,4.21,27.78,24.36,31.44,31.92,2.14,81.4,Zone 3,Safe,8,2,1,0,1,1,0,0,,100,HIGH
Cagayan de Oro,Kauswagan,2011-02-28,2,8.7,27.55,24.37,30.88,31.68,2.76,81.3,Zone 3,Unaccounted,9,0,0,0,1,0,0,1,Medium,100,HIGH
Cagayan de Oro,Kauswagan,2003-06-03,6,5.14,29.05,27.35,32.56,33.33,2.27,82.8,Zone 4,Safe,8,1,0,0,0,0,0,1,,44,MEDIUM
Cagayan de Oro,Kauswagan,2018-05-04,5,13.23,29.97,27.35,33.56,33.35,1.5,73.8,Zone 4,Safe,9,2,1,0,0,0,0,1,Medium,69,MEDIUM
Cagayan de Oro,Kauswagan,2021-10-04,10,8.47,26.44,23.26,29.55,31.41,1.51,89.7,Zone 4,Safe,2,1,0,0,1,1,0,1,Medium,57,MEDIUM
Cagayan de Oro,Kauswagan,2004-07-23,7,6.88,28.57,26.38,32.04,33.26,2.88,86.9,Zone 5,Unaccounted,10,3,0,0,0,0,0,1,,100,HIGH
Cagayan de Oro,Kauswagan,2016-07-27,7,8.86,27.01,24.17,28.57,31.8,3.62,87.9,Zone 2,Safe,1,2,0,0,0,0,0,1,Medium,69,MEDIUM
Cagayan de Oro,Kauswagan,2003-05-14,5,9.23,29.61,26.65,33.23,32.8,2.06,71.9,Zone 5,Safe,6,0,1,0,1,1,0,1,Medium,100,HIGH
Cagayan de Oro,Kauswagan,2011-06-15,6,15.37,28.23,25.19,30.13,32.03,5.13,78.0,Zone 6,Safe,9,2,0,0,1,0,0,1,High,100,HIGH
Cagayan de Oro,Kauswagan,2018-03-28,3,2.21,27.7,24.49,30.03,31.31,3.68,76.1,Zone 5,Evacuated,4,0,0,0,0,0,0,0,Medium,79,HIGH
Cagayan de Oro,Kauswagan,2015-12-03,12,7.36,26.6,24.47,29.34,30.61,2.12,80.1,Zone 1,Safe,7,0,0,0,1,1,0,1,Medium,67,MEDIUM
Cagayan de Oro,Kauswagan,2017-06-26,6,7.82,27.71,24.42,31.1,32.22,2.94,85.1,Zone 5,Unaccounted,6,1,0,0,0,0,0,1,Medium,100,HIGH
Cagayan de Oro,Kauswagan,2020-05-17,5,11.61,29.97,27.88,32.87,33.25,1.08,72.8,Zone 3,Safe,10,1,0,0,0,0,0,1,Medium,100,HIGH
Cagayan de Oro,Kauswagan,2022-02-23,2,6.54,25.23,21.9,28.39,28.52,4.39,72.9,Zone 3,Unaccounted,3,1,0,0,0,1,0,1,Medium,100,HIGH
Cagayan de Oro,Kauswagan,2006-03-13,3,5.32,27.47,24.28,30.81,31.28,3.91,78.1,Zone 3,Unaccounted,5,1,0,1,1,1,0,1,Medium,100,HIGH
Cagayan de Oro,Kauswagan,2020-01-08,1,6.26,29.37,27.56,33.35,32.97,6.08,76.0,Zone 5,Safe,4,2,0,1,0,1,1,1,High,100,HIGH
Cagayan de Oro,Kauswagan,2009-11-26,11,10.57,27.23,25.44,29.47,31.49,1.67,82.6,Zone 2,Unaccounted,10,1,0,0,0,0,0,1,Medium,93,HIGH
Cagayan de Oro,Kauswagan,2021-09-18,9,8.38,28.44,26.56,30.41,32.3,3.56,78.6,Zone 6,Safe,7,2,0,0,1,1,0,1,Medium,100,HIGH
Cagayan de Oro,Kauswagan,2014-12-26,12,9.44,27.8,24.69,29.96,31.82,4.09,80.2,Zone 3,Safe,4,0,0,0,0,0,0,1,Medium,98,HIGH
Cagayan de Oro,Kauswagan,2013-12-05,12,6.92,27.43,24.21,31.4,31.48,3.19,80.5,Zone 2,Safe,9,0,0,0,0,0,0,1,Medium,69,MEDIUM
Cagayan de Oro,Kauswagan,2018-09-23,9,8.2,26.99,24.42,28.75,31.28,5.39,82.9,Zone 6,Unaccounted,4,2,0,0,0,0,1,1,High,100,HIGH
Cagayan de Oro,Kauswagan,2011-04-15,4,4.15,29.35,26.7,30.98,32.83,2.86,74.8,Zone 5,Evacuated,8,0,0,0,0,0,0,0,,79,HIGH
Cagayan de Oro,Kauswagan,2020-03-01,3,11.43,26.43,24.03,29.56,29.78,2.21,73.5,Zone 3,Unaccounted,8,2,0,0,0,0,0,1,Medium,100,HIGH
Cagayan de Oro,Kauswagan,2005-11-12,11,7.39,28.21,24.8,30.4,32.63,3.39,84.2,Zone 3,Safe,1,2,0,0,0,0,0,1,Medium,100,HIGH
Cagayan de Oro,Kauswagan,2007-12-25,12,12.45,25.9,22.43,27.94,29.85,1.9,79.5,Zone 5,Safe,9,1,0,0,0,0,0,1,Medium,100,HIGH
Cagayan de Oro,Kauswagan,2019-04-19,4,5.8,29.28,25.89,31.14,32.94,2.39,76.6,Zone 3,Safe,10,0,0,0,0,0,0,1,,98,HIGH
Cagayan de Oro,Kauswagan,2014-10-02,10,6.63,26.56,23.89,30.0,31.02,4.34,84.6,Zone 3,Safe,2,1,0,1,0,0,0,1,Medium,100,HIGH
Cagayan de Oro,Kauswagan,2008-04-20,4,3.78,28.41,25.24,29.98,31.49,1.99,70.8,Zone 5,Unaccounted,2,0,0,0,0,0,0,0,,100,HIGH
Cagayan de Oro,Kauswagan,2015-07-19,7,10.65,29.12,26.01,31.57,33.72,3.88,86.0,Zone 3,Safe,6,1,0,0,0,0,0,1,Medium,100,HIGH
Cagayan de Oro,Kauswagan,2016-03-23,3,14.85,27.58,24.32,30.33,30.81,2.4,72.3,Zone 6,Safe,7,0,0,0,0,0,0,1,Medium,74,HIGH
Cagayan de Oro,Kauswagan,2005-11-21,11,11.14,28.18,26.0,31.56,32.27,2.5,80.9,Zone 5,Safe,1,3,0,0,0,0,0,1,Medium,100,HIGH
Cagayan de Oro,Kauswagan,2014-09-02,9,13.07,27.01,25.32,28.51,31.23,1.66,82.2,Zone 2,Unaccounted,1,1,0,0,0,0,0,1,Medium,81,HIGH
Cagayan de Oro,Kauswagan,2021-01-26,1,5.89,27.45,24.82,31.1,31.79,0.39,83.4,Zone 5,Unaccounted,4,1,0,0,0,0,0,1,,100,HIGH
Cagayan de Oro,Kauswagan,2014-09-07,9,8.81,27.44,25.75,30.65,32.45,1.29,90.1,Zone 2,Safe,6,1,0,1,0,0,1,1,Medium,89,HIGH
Cagayan de Oro,Kauswagan,2022-08-01,8,6.4,27.71,26.13,30.55,32.0,1.62,82.9,Zone 1,Unaccounted,2,3,0,0,0,0,0,1,,71,HIGH
Cagayan de Oro,Kauswagan,2014-05-04,5,7.24,29.19,26.32,32.17,32.47,2.77,72.8,Zone 5,Safe,2,0,0,0,0,0,1,1,Medium,100,HIGH
Cagayan de Oro,Kauswagan,2020-06-15,6,7.32,28.26,25.1,31.72,32.32,2.72,80.6,Zone 5,Unaccounted,9,1,0,0,0,0,0,1,Medium,100,HIGH
Cagayan de Oro,Kauswagan,2018-03-08,3,5.86,28.98,27.1,31.49,32.72,0.92,77.4,Zone 3,Safe,8,2,1,0,1,0,1,1,,100,HIGH
Cagayan de Oro,Kauswagan,2013-02-22,2,4.79,29.04,25.72,31.95,32.55,2.57,75.1,Zone 3,Evacuated,9,0,0,1,0,0,0,0,,85,HIGH
Cagayan de Oro,Kauswagan,2007-05-11,5,13.9,28.12,25.72,30.12,31.99,3.3,78.7,Zone 4,Unaccounted,7,0,0,0,0,0,0,1,Medium,62,MEDIUM
Cagayan de Oro,Kauswagan,2018-08-01,8,14.25,27.4,25.69,30.3,31.58,1.36,81.8,Zone 1,Evacuated,5,1,1,0,1,0,0,1,Medium,58,MEDIUM
Cagayan de Oro,Kauswagan,2004-09-27,9,11.12,27.05,25.17,28.77,31.67,2.25,86.2,Zone 5,Unaccounted,10,1,1,0,0,0,0,1,Medium,100,HIGH
Cagayan de Oro,Kauswagan,2004-09-01,9,9.7,29.27,25.84,31.73,34.07,2.26,88.0,Zone 2,Safe,9,1,0,1,0,1,0,1,Medium,93,HIGH
Cagayan de Oro,Kauswagan,2004-09-12,9,9.4,25.67,22.35,27.42,30.67,0.0,90.0,Zone 2,Unaccounted,4,2,0,0,0,0,0,1,Medium,92,HIGH
Cagayan de Oro,Kauswagan,2009-04-16,4,4.26,28.34,25.7,31.37,32.41,1.18,80.7,Zone 5,Safe,7,0,0,0,1,0,0,0,,100,HIGH
Cagayan de Oro,Kauswagan,2013-01-08,1,5.27,26.71,23.24,30.68,31.1,0.92,83.9,Zone 3,Unaccounted,6,2,0,0,0,0,0,1,,100,HIGH
Cagayan de Oro,Kauswagan,2022-03-05,3,9.11,28.16,26.17,31.33,31.8,1.35,76.4,Zone 3,Unaccounted,7,1,0,0,1,0,0,1,Medium,100,HIGH
Cagayan de Oro,Kauswagan,2011-04-21,4,2.6,29.1,26.78,30.63,32.47,2.92,73.7,Zone 5,Unaccounted,7,0,0,0,1,1,1,0,,100,HIGH
Cagayan de Oro,Kauswagan,2015-01-21,1,5.0,25.94,24.36,29.36,29.53,1.43,75.9,Zone 3,Safe,4,0,0,0,0,0,0,1,,91,HIGH
Cagayan de Oro,Kauswagan,2018-03-26,3,4.64,27.6,25.97,30.44,31.19,2.57,75.9,Zone 3,Safe,5,3,0,0,0,1,0,0,,100,HIGH
Cagayan de Oro,Kauswagan,2012-05-18,5,5.74,29.32,27.25,32.25,33.14,4.03,78.2,Zone 3,Safe,2,0,1,1,0,0,0,1,Medium,100,HIGH
Cagayan de Oro,Kauswagan,2018-09-28,9,10.41,26.91,25.01,29.71,32.13,2.98,92.2,Zone 5,Safe,8,1,0,0,0,0,0,1,Medium,100,HIGH
Cagayan de Oro,Kauswagan,2005-07-06,7,7.94,26.43,23.4,29.95,31.18,2.01,87.5,Zone 3,Safe,10,1,0,0,0,1,0,1,Medium,100,HIGH
Cagayan de Oro,Kauswagan,2004-10-25,10,13.36,27.84,25.01,30.6,32.63,1.91,87.9,Zone 3,Unaccounted,4,2,0,0,0,0,0,1,Medium,100,HIGH
Cagayan de Oro,Kauswagan,2013-01-05,1,6.44,26.01,22.79,28.14,29.35,1.43,73.4,Zone 6,Safe,8,0,0,0,0,1,0,1,,76,HIGH
Cagayan de Oro,Kauswagan,2012-07-05,7,8.38,27.68,25.17,29.74,32.09,2.29,84.1,Zone 4,Evacuated,6,2,0,0,0,0,0,1,Medium,39,LOW
Cagayan de Oro,Kauswagan,2010-08-03,8,13.95,27.14,24.44,29.36,32.1,3.97,89.6,Zone 6,Safe,9,3,0,0,0,0,0,1,Medium,93,HIGH
Cagayan de Oro,Kauswagan,2016-11-03,11,11.66,27.13,24.59,28.67,30.78,1.46,76.5,Zone 3,Evacuated,6,1,0,0,0,0,0,1,Medium,93,HIGH
Cagayan de Oro,Kauswagan,2010-02-22,2,5.61,27.46,25.95,28.97,32.09,2.05,86.3,Zone 5,Safe,7,1,0,0,0,0,0,1,,100,HIGH
Cagayan de Oro,Kauswagan,2004-04-25,4,2.21,27.61,24.98,29.29,31.18,2.27,75.7,Zone 5,Evacuated,8,3,0,0,1,0,0,0,,100,HIGH
Cagayan de Oro,Kauswagan,2015-11-20,11,6.67,26.85,24.45,30.22,31.25,1.53,84.0,Zone 2,Evacuated,10,1,1,0,0,1,1,1,,80,HIGH
Cagayan de Oro,Kauswagan,2014-08-18,8,9.53,29.22,27.27,31.44,33.55,2.34,83.3,Zone 6,Evacuated,7,3,1,0,1,0,0,1,Medium,97,HIGH
Cagayan de Oro,Kauswagan,2012-07-26,7,14.26,27.94,26.15,30.59,32.53,2.81,85.9,Zone 3,Evacuated,9,3,1,1,1,0,0,1,Medium,100,HIGH
Cagayan de Oro,Kauswagan,2016-07-14,7,14.47,27.63,25.21,30.26,31.31,5.66,76.8,Zone 2,Unaccounted,8,1,0,0,0,0,0,1,High,100,HIGH
Cagayan de Oro,Kauswagan,2019-07-05,7,11.1,26.72,24.81,28.76,30.92,0.72,82.0,Zone 3,Safe,4,3,0,0,0,0,1,1,Medium,100,HIGH
Cagayan de Oro,Kauswagan,2020-06-15,6,9.22,29.05,25.83,32.53,32.92,2.69,78.7,Zone 5,Safe,5,1,0,0,0,0,0,1,Medium,100,HIGH
Cagayan de Oro,Kauswagan,2017-02-18,2,3.66,28.13,26.03,31.71,31.11,1.29,69.8,Zone 6,Evacuated,10,0,0,0,0,0,0,0,,45,MEDIUM
Cagayan de Oro,Kauswagan,2008-06-18,6,6.1,28.66,25.84,32.5,33.08,2.84,84.2,Zone 3,Safe,8,1,0,0,0,0,0,1,,100,HIGH
Cagayan de Oro,Kauswagan,2008-10-22,10,9.15,28.13,26.08,31.49,33.6,1.99,94.7,Zone 5,Safe,3,2,0,1,0,0,0,1,Medium,100,HIGH
Cagayan de Oro,Kauswagan,2013-03-14,3,3.58,29.12,26.68,32.79,32.3,2.2,71.8,Zone 5,Safe,8,0,1,0,1,0,1,0,,100,HIGH
Cagayan de Oro,Kauswagan,2005-02-26,2,11.33,27.15,25.48,28.67,31.36,0.5,82.1,Zone 5,Unaccounted,1,0,0,0,0,0,0,1,Medium,100,HIGH
Cagayan de Oro,Kauswagan,2007-06-07,6,8.17,29.24,25.82,31.51,33.48,2.49,82.4,Zone 3,Safe,10,3,0,0,0,1,0,1,Medium,100,HIGH
Cagayan de Oro,Kauswagan,2008-08-11,8,9.45,27.65,25.57,29.4,32.42,3.29,87.7,Zone 5,Safe,3,1,0,0,0,0,0,1,Medium,100,HIGH
Cagayan de Oro,Kauswagan,2008-10-14,10,7.67,27.29,24.67,30.36,32.53,3.22,92.4,Zone 4,Evacuated,5,2,1,1,0,1,0,1,Medium,67,MEDIUM
Cagayan de Oro,Kauswagan,2004-02-25,2,3.99,28.85,27.08,31.3,32.57,5.15,77.2,Zone 3,Safe,3,1,0,0,1,0,0,0,High,100,HIGH
Cagayan de Oro,Kauswagan,2021-08-19,8,7.3,27.2,25.34,30.93,31.51,1.65,83.1,Zone 5,Unaccounted,10,1,0,0,0,0,0,1,Medium,100,HIGH
Cagayan de Oro,Kauswagan,2005-02-12,2,7.03,27.12,25.27,30.18,30.55,3.39,74.3,Zone 3,Evacuated,3,0,0,1,1,0,1,1,Medium,100,HIGH
Cagayan de Oro,Kauswagan,2005-12-26,12,14.08,28.01,25.8,31.97,32.05,1.56,80.4,Zone 5,Safe,10,2,0,0,0,0,0,1,Medium,100,HIGH
Cagayan de Oro,Kauswagan,2011-03-12,3,6.29,27.21,25.33,29.41,31.15,1.69,79.4,Zone 6,Safe,1,0,1,1,1,0,0,1,,86,HIGH
Cagayan de Oro,Kauswagan,2017-05-09,5,5.42,29.4,25.91,31.74,33.09,1.69,76.9,Zone 3,Safe,8,1,0,0,0,0,0,1,,100,HIGH
Cagayan de Oro,Kauswagan,2022-01-05,1,9.97,26.49,24.97,29.42,29.04,2.56,65.5,Zone 3,Safe,4,2,0,0,0,0,0,1,Medium,100,HIGH
Cagayan de Oro,Kauswagan,2011-01-23,1,8.34,27.54,24.65,29.88,31.04,4.34,75.0,Zone 5,Unaccounted,7,0,0,0,0,0,0,1,Medium,100,HIGH
Cagayan de Oro,Kauswagan,2011-06-24,6,7.1,28.28,25.68,31.0,32.42,2.45,81.4,Zone 4,Safe,8,3,0,0,0,0,0,1,Medium,63,MEDIUM
Cagayan de Oro,Kauswagan,2019-11-11,11,9.07,27.62,24.33,29.18,31.48,0.23,78.6,Zone 3,Safe,2,1,0,0,0,0,0,1,Medium,100,HIGH
Cagayan de Oro,Kauswagan,2021-02-05,2,11.21,28.19,25.09,31.64,32.03,2.97,78.4,Zone 2,Unaccounted,1,1,0,0,1,0,0,1,Medium,89,HIGH
Cagayan de Oro,Kauswagan,2007-10-03,10,9.1,27.06,24.39,30.97,31.45,1.72,83.9,Zone 3,Unaccounted,6,2,0,0,0,0,0,1,Medium,100,HIGH
Cagayan de Oro,Kauswagan,2007-02-02,2,5.7,28.1,26.2,31.47,31.87,3.2,77.7,Zone 3,Safe,2,1,0,0,0,0,0,1,Medium,100,HIGH
Cagayan de Oro,Kauswagan,2010-07-26,7,8.36,27.0,25.08,30.29,31.44,0.98,84.4,Zone 5,Safe,9,1,0,1,0,1,0,1,Medium,100,HIGH
Cagayan de Oro,Kauswagan,2021-08-10,8,9.59,27.1,23.87,28.75,30.99,0.0,78.9,Zone 4,Safe,1,1,0,1,1,0,1,1,Medium,64,MEDIUM
Cagayan de Oro,Kauswagan,2006-10-07,10,10.24,27.21,24.3,28.9,30.84,3.24,76.3,Zone 3,Safe,6,2,0,0,0,0,0,1,Medium,100,HIGH
Cagayan de Oro,Kauswagan,2021-07-21,7,12.71,27.71,25.62,30.24,32.78,2.87,90.7,Zone 5,Evacuated,4,1,1,1,0,0,0,1,Medium,100,HIGH
Cagayan de Oro,Kauswagan,2011-11-22,11,9.57,27.9,25.84,29.8,31.42,0.69,75.2,Zone 5,Safe,8,1,0,0,0,0,1,1,Medium,100,HIGH
Cagayan de Oro,Kauswagan,2017-07-03,7,9.95,27.33,25.81,30.69,30.99,1.56,76.6,Zone 2,Safe,10,2,1,0,1,0,1,1,Medium,100,HIGH
Cagayan de Oro,Kauswagan,2013-05-24,5,6.02,29.16,26.76,32.52,33.34,3.32,81.8,Zone 5,Safe,8,0,0,0,0,0,0,1,Medium,100,HIGH
Cagayan de Oro,Kauswagan,2009-09-24,9,15.42,27.31,25.35,29.24,31.65,3.39,83.4,Zone 2,Evacuated,7,1,0,0,0,0,0,1,High,67,MEDIUM
Cagayan de Oro,Kauswagan,2017-07-15,7,10.36,26.3,23.9,28.16,31.31,3.11,90.1,Zone 4,Evacuated,7,3,0,0,1,1,0,1,Medium,63,MEDIUM
Cagayan de Oro,Kauswagan,2015-11-05,11,6.4,28.25,26.02,30.84,32.87,3.05,86.2,Zone 3,Unaccounted,3,1,1,1,0,1,0,1,Medium,100,HIGH
Cagayan de Oro,Kauswagan,2007-07-16,7,16.88,28.78,26.74,30.77,32.99,3.47,82.1,Zone 3,Safe,3,1,1,0,1,0,1,1,High,100,HIGH
Cagayan de Oro,Kauswagan,2022-04-16,4,9.55,29.77,26.82,32.35,33.06,2.81,72.9,Zone 4,Unaccounted,3,0,0,0,1,0,0,1,Medium,63,MEDIUM
Cagayan de Oro,Kauswagan,2013-02-03,2,5.54,27.32,24.41,30.34,31.05,2.62,77.3,Zone 2,Safe,9,3,0,0,0,1,1,1,,95,HIGH
Cagayan de Oro,Kauswagan,2008-01-10,1,7.43,28.6,26.42,30.88,32.64,2.0,80.4,Zone 5,Evacuated,10,0,0,0,0,0,0,1,Medium,94,HIGH
Cagayan de Oro,Kauswagan,2014-05-11,5,6.09,29.37,26.26,33.03,32.41,2.36,70.4,Zone 2,Safe,8,0,0,0,0,0,0,1,,62,MEDIUM
Cagayan de Oro,Kauswagan,2009-07-08,7,10.26,28.44,25.05,31.66,33.08,1.11,86.4,Zone 6,Unaccounted,6,2,0,0,1,1,1,1,Medium,100,HIGH
Cagayan de Oro,Kauswagan,2013-06-19,6,11.05,29.37,26.47,33.12,33.33,2.99,79.6,Zone 3,Unaccounted,10,3,0,0,0,0,0,1,Medium,100,HIGH
Cagayan de Oro,Kauswagan,2010-10-20,10,9.36,27.52,24.39,29.64,31.73,1.22,82.1,Zone 3,Safe,1,1,0,1,0,1,0,1,Medium,100,HIGH
Cagayan de Oro,Kauswagan,2005-10-11,10,10.95,27.86,25.3,30.52,31.68,2.65,78.2,Zone 4,Unaccounted,5,1,0,0,0,0,0,1,Medium,64,MEDIUM
Cagayan de Oro,Kauswagan,2011-04-26,4,4.4,29.37,26.45,31.78,32.1,0.85,67.3,Zone 6,Evacuated,8,0,0,0,1,0,0,0,,53,MEDIUM
Cagayan de Oro,Kauswagan,2022-06-27,6,9.37,29.16,26.69,31.03,33.56,0.56,84.0,Zone 6,Safe,6,1,0,0,0,0,0,1,Medium,78,HIGH
Cagayan de Oro,Kauswagan,2009-09-07,9,10.18,27.55,24.13,30.54,32.18,2.88,86.3,Zone 5,Safe,1,2,0,0,0,0,0,1,Medium,100,HIGH
Cagayan de Oro,Kauswagan,2010-09-10,9,9.14,27.97,24.89,30.53,31.55,4.49,75.8,Zone 5,Unaccounted,1,1,0,0,0,0,0,1,Medium,100,HIGH
Cagayan de Oro,Kauswagan,2003-05-01,5,8.53,28.14,25.34,31.55,32.07,1.28,79.3,Zone 2,Safe,8,1,0,0,1,1,1,1,Medium,98,HIGH
Cagayan de Oro,Kauswagan,2017-03-20,3,10.05,27.61,24.59,29.38,31.29,2.89,76.8,Zone 5,Safe,5,0,0,0,1,0,0,1,Medium,100,HIGH
Cagayan de Oro,Kauswagan,2007-03-19,3,3.92,26.64,24.49,28.18,29.97,4.49,73.3,Zone 3,Safe,6,0,0,0,0,0,0,0,Medium,94,HIGH
Cagayan de Oro,Kauswagan,2015-06-27,6,9.44,27.76,25.16,30.83,32.05,2.29,82.9,Zone 5,Evacuated,7,1,1,0,0,0,0,1,Medium,100,HIGH
Cagayan de Oro,Kauswagan,2013-11-10,11,18.57,27.46,24.83,30.38,31.3,1.94,78.4,Zone 3,Unaccounted,1,2,0,0,0,1,0,1,High,100,HIGH
Cagayan de Oro,Kauswagan,2007-02-03,2,6.11,28.5,26.7,31.31,33.02,3.08,85.2,Zone 2,Unaccounted,4,0,0,0,0,0,0,1,Medium,80,HIGH
Cagayan de Oro,Kauswagan,2005-06-11,6,9.5,28.4,26.07,31.78,32.91,1.15,85.1,Zone 3,Safe,9,1,0,0,0,0,0,1,Medium,100,HIGH
Cagayan de Oro,Kauswagan,2007-07-23,7,9.67,28.34,25.74,30.06,32.09,0.89,77.5,Zone 3,Safe,3,1,1,1,1,0,0,1,Medium,100,HIGH
Cagayan de Oro,Kauswagan,2020-01-21,1,3.39,28.3,26.75,31.41,32.27,3.22,79.7,Zone 5,Evacuated,8,0,0,0,0,0,0,0,Medium,86,HIGH
Cagayan de Oro,Kauswagan,2007-04-05,4,4.81,28.25,25.75,30.56,30.93,2.41,66.8,Zone 2,Evacuated,7,0,1,0,0,1,0,0,,58,MEDIUM
Cagayan de Oro,Kauswagan,2016-11-23,11,6.34,28.18,25.58,29.78,31.44,4.22,72.6,Zone 5,Safe,4,1,0,0,0,0,0,1,Medium,100,HIGH
Cagayan de Oro,Kauswagan,2005-06-23,6,12.95,29.37,26.71,31.79,33.55,2.17,81.8,Zone 5,Unaccounted,3,1,0,0,0,0,0,1,Medium,100,HIGH
Cagayan de Oro,Kauswagan,2022-01-21,1,5.68,27.54,25.48,30.43,30.91,3.1,73.7,Zone 5,Safe,3,2,0,0,1,0,1,1,Medium,100,HIGH
Cagayan de Oro,Kauswagan,2011-04-11,4,3.94,28.84,26.55,31.97,32.79,1.62,79.5,Zone 2,Safe,8,1,0,0,0,0,1,0,,67,MEDIUM
Cagayan de Oro,Kauswagan,2008-07-07,7,13.15,29.23,27.5,31.7,33.52,0.0,82.9,Zone 5,Safe,4,1,0,0,1,0,0,1,Medium,100,HIGH
Cagayan de Oro,Kauswagan,2009-12-22,12,6.53,28.72,25.45,32.26,32.58,1.74,78.6,Zone 1,Safe,1,1,0,0,0,0,0,1,,39,LOW
Cagayan de Oro,Kauswagan,2019-05-07,5,6.35,29.73,28.18,31.26,33.67,2.51,79.4,Zone 5,Unaccounted,6,0,0,1,1,1,0,1,,100,HIGH
Cagayan de Oro,Kauswagan,2008-07-20,7,12.19,27.3,23.96,30.0,32.11,1.87,88.1,Zone 2,Safe,4,1,0,0,0,0,0,1,Medium,68,MEDIUM
Cagayan de Oro,Kauswagan,2003-01-28,1,3.77,25.81,23.07,29.45,30.1,1.66,82.9,Zone 2,Unaccounted,1,0,0,0,0,0,0,0,,60,MEDIUM
Cagayan de Oro,Kauswagan,2006-10-06,10,8.14,27.1,25.49,29.14,32.01,1.79,89.1,Zone 5,Safe,7,2,0,0,0,0,0,1,Medium,100,HIGH
Cagayan de Oro,Kauswagan,2003-05-14,5,7.13,29.46,27.37,31.05,33.27,3.51,78.1,Zone 5,Safe,3,0,1,1,1,0,0,1,Medium,100,HIGH
Cagayan de Oro,Kauswagan,2003-12-22,12,10.86,27.81,24.55,31.64,31.82,0.0,80.1,Zone 1,Safe,2,0,0,0,0,0,0,1,Medium,42,MEDIUM
Cagayan de Oro,Kauswagan,2020-10-23,10,16.77,26.91,24.86,28.47,31.13,2.51,82.2,Zone 6,Safe,2,2,0,0,0,0,0,1,High,85,HIGH
Cagayan de Oro,Kauswagan,2015-02-13,2,7.97,27.61,26.05,30.35,31.18,1.45,75.7,Zone 3,Unaccounted,7,0,0,0,0,0,0,1,Medium,100,HIGH
Cagayan de Oro,Kauswagan,2005-01-22,1,6.4,27.58,24.16,31.27,31.5,3.45,79.2,Zone 3,Evacuated,8,0,0,0,0,0,0,1,Medium,90,HIGH
Cagayan de Oro,Kauswagan,2009-11-09,11,13.38,27.53,25.56,30.15,31.55,2.03,80.2,Zone 6,Safe,1,3,0,0,0,1,1,1,Medium,96,HIGH
Cagayan de Oro,Kauswagan,2004-04-23,4,5.46,28.26,26.19,29.98,32.14,0.78,78.8,Zone 5,Safe,8,0,0,0,0,0,0,1,,100,HIGH
Cagayan de Oro,Kauswagan,2020-06-24,6,9.55,28.88,26.3,31.18,33.18,2.15,83.0,Zone 5,Evacuated,7,1,0,0,0,0,0,1,Medium,99,HIGH
Cagayan de Oro,Kauswagan,2012-08-12,8,15.71,27.35,25.55,30.53,31.5,2.52,81.5,Zone 6,Unaccounted,9,1,1,0,1,0,1,1,High,100,HIGH
Cagayan de Oro,Kauswagan,2017-06-12,6,7.08,29.81,27.41,32.66,33.77,2.28,79.6,Zone 5,Evacuated,1,1,0,1,1,1,0,1,Medium,100,HIGH
Cagayan de Oro,Kauswagan,2008-11-27,11,9.61,27.4,24.2,30.33,31.51,0.29,81.1,Zone 4,Unaccounted,4,3,0,0,0,0,0,1,Medium,74,HIGH
Cagayan de Oro,Kauswagan,2019-07-04,7,7.34,28.3,25.71,31.1,32.62,1.63,83.2,Zone 5,Safe,5,3,0,1,0,0,0,1,Medium,100,HIGH
Cagayan de Oro,Kauswagan,2013-12-08,12,7.05,27.41,24.93,29.72,31.85,1.81,84.4,Zone 1,Unaccounted,6,0,0,0,0,0,0,1,Medium,67,MEDIUM
Cagayan de Oro,Kauswagan,2015-11-27,11,13.58,26.34,24.4,28.72,30.48,2.13,81.4,Zone 3,Safe,2,1,0,1,0,0,0,1,Medium,100,HIGH
Cagayan de Oro,Kauswagan,2009-12-25,12,8.72,27.63,24.7,31.36,32.18,4.44,85.5,Zone 3,Unaccounted,2,0,0,1,1,1,0,1,Medium,100,HIGH
Cagayan de Oro,Kauswagan,2009-05-27,5,7.57,28.97,26.39,30.71,32.12,3.19,71.5,Zone 6,Unaccounted,1,0,0,0,0,0,0,1,Medium,81,HIGH
Cagayan de Oro,Kauswagan,2005-04-06,4,11.14,28.71,27.08,31.34,32.39,1.31,76.8,Zone 5,Safe,6,1,0,0,0,0,0,1,Medium,100,HIGH
Cagayan de Oro,Kauswagan,2013-10-10,10,8.82,27.13,24.85,29.15,32.21,0.38,90.8,Zone 6,Safe,10,3,0,0,0,0,1,1,Medium,100,HIGH
Cagayan de Oro,Kauswagan,2018-01-22,1,8.95,26.77,23.32,29.52,30.43,4.26,76.6,Zone 2,Safe,5,1,1,0,0,1,0,1,Medium,90,HIGH
Cagayan de Oro,Kauswagan,2021-07-23,7,14.29,27.65,24.91,30.03,31.54,3.8,78.9,Zone 3,Unaccounted,8,3,0,0,0,0,0,1,Medium,100,HIGH
Cagayan de Oro,Kauswagan,2005-08-25,8,8.34,27.73,25.28,30.59,31.94,3.35,82.1,Zone 1,Safe,2,1,0,1,0,0,0,1,Medium,58,MEDIUM
Cagayan de Oro,Kauswagan,2004-10-16,10,13.05,28.34,26.19,31.22,32.94,4.65,86.0,Zone 6,Evacuated,8,1,0,0,0,0,0,1,Medium,66,MEDIUM
Cagayan de Oro,Kauswagan,2007-01-22,1,3.55,29.51,26.82,32.7,33.63,2.14,81.2,Zone 2,Safe,9,0,0,0,0,1,0,0,,62,MEDIUM
Cagayan de Oro,Kauswagan,2021-05-23,5,6.83,29.92,27.64,33.73,33.34,1.01,74.2,Zone 6,Evacuated,1,0,0,0,0,0,0,1,,41,MEDIUM
Cagayan de Oro,Kauswagan,2008-09-16,9,9.85,28.07,24.77,30.3,32.85,2.4,87.8,Zone 5,Safe,5,2,0,0,0,0,0,1,Medium,100,HIGH
Cagayan de Oro,Kauswagan,2005-11-05,11,10.12,28.11,26.21,30.83,32.8,2.78,86.9,Zone 3,Safe,3,2,0,0,0,0,0,1,Medium,100,HIGH
Cagayan de Oro,Kauswagan,2013-03-08,3,5.72,29.12,25.89,32.08,33.04,2.92,79.2,Zone 3,Safe,8,2,1,0,0,1,1,1,,100,HIGH
Cagayan de Oro,Kauswagan,2022-03-05,3,10.25,27.94,25.31,30.54,31.02,3.54,70.8,Zone 5,Safe,7,0,0,0,1,0,0,1,Medium,100,HIGH
Cagayan de Oro,Kauswagan,2006-11-18,11,9.05,26.76,24.42,28.34,30.93,2.34,81.7,Zone 6,Safe,7,1,0,0,0,0,0,1,Medium,80,HIGH
Cagayan de Oro,Kauswagan,2018-11-12,11,9.94,28.22,25.92,32.02,32.6,0.0,83.8,Zone 5,Unaccounted,3,1,0,0,0,0,0,1,Medium,100,HIGH
Cagayan de Oro,Kauswagan,2009-10-06,10,17.33,27.21,24.82,31.2,31.7,3.17,84.9,Zone 6,Safe,5,1,1,1,0,1,0,1,High,100,HIGH
Cagayan de Oro,Kauswagan,2010-09-02,9,9.39,27.53,25.63,29.78,30.86,1.13,73.3,Zone 5,Evacuated,7,1,0,0,0,0,0,1,Medium,99,HIGH
Cagayan de Oro,Kauswagan,2019-01-04,1,5.96,27.11,24.28,30.07,31.25,3.28,81.4,Zone 6,Safe,3,0,0,0,0,0,0,1,Medium,67,MEDIUM
Cagayan de Oro,Kauswagan,2009-08-26,8,10.56,27.49,25.61,30.18,32.15,4.24,86.6,Zone 5,Safe,2,1,0,0,0,0,1,1,Medium,100,HIGH
Cagayan de Oro,Kauswagan,2007-02-05,2,10.67,28.63,25.41,30.49,31.77,0.45,71.4,Zone 2,Evacuated,8,0,1,1,0,0,1,1,Medium,83,HIGH
Cagayan de Oro,Kauswagan,2016-11-25,11,6.94,26.9,23.72,29.3,31.64,0.48,87.4,Zone 6,Safe,5,1,1,0,1,0,0,1,,89,HIGH
Cagayan de Oro,Kauswagan,2009-07-01,7,8.71,28.46,25.62,32.29,32.91,0.0,84.5,Zone 4,Safe,10,3,0,0,0,0,0,1,Medium,63,MEDIUM
Cagayan de Oro,Kauswagan,2022-03-16,3,4.2,28.68,25.28,31.45,32.15,2.31,74.7,Zone 4,Safe,3,0,0,0,0,1,0,0,,30,LOW
Cagayan de Oro,Kauswagan,2022-02-14,2,4.72,27.18,25.62,28.85,30.45,0.65,72.7,Zone 5,Safe,3,1,0,0,0,0,0,0,,92,HIGH
Cagayan de Oro,Kauswagan,2011-05-13,5,9.11,29.03,26.6,32.55,31.93,5.02,69.0,Zone 5,Unaccounted,5,2,0,0,1,0,0,1,High,100,HIGH
Cagayan de Oro,Kauswagan,2018-08-17,8,16.3,25.96,23.69,29.64,30.92,1.23,89.6,Zone 5,Evacuated,9,3,0,0,0,0,1,1,High,100,HIGH
Cagayan de Oro,Kauswagan,2013-03-16,3,7.78,28.48,26.8,31.2,32.52,1.55,80.4,Zone 2,Safe,9,1,0,0,0,0,0,1,Medium,75,HIGH
Cagayan de Oro,Kauswagan,2011-11-09,11,9.33,27.83,24.58,30.82,32.63,4.15,88.0,Zone 2,Safe,6,3,0,0,1,0,0,1,Medium,92,HIGH
Cagayan de Oro,Kauswagan,2013-05-07,5,6.45,27.78,25.24,30.31,32.03,2.72,82.5,Zone 3,Safe,7,1,0,0,0,0,0,1,,100,HIGH
Cagayan de Oro,Kauswagan,2007-10-26,10,10.68,26.53,23.43,29.75,31.24,3.12,87.1,Zone 3,Safe,6,2,0,1,0,0,0,1,Medium,100,HIGH
Cagayan de Oro,Kauswagan,2019-08-19,8,9.7,28.02,26.17,31.33,32.13,1.07,81.1,Zone 5,Unaccounted,4,1,0,1,1,0,0,1,Medium,100,HIGH
Cagayan de Oro,Kauswagan,2018-11-26,11,8.49,26.9,24.65,29.38,31.32,3.26,84.2,Zone 6,Evacuated,10,1,0,0,0,0,0,1,Medium,66,MEDIUM
Cagayan de Oro,Kauswagan,2005-05-20,5,8.51,30.82,28.81,34.74,34.78,2.04,79.6,Zone 6,Unaccounted,7,0,0,0,0,0,0,1,Medium,92,HIGH
Cagayan de Oro,Kauswagan,2017-05-16,5,2.98,30.26,26.89,33.14,34.34,2.14,80.8,Zone 3,Unaccounted,9,0,0,0,0,0,0,0,,100,HIGH
Cagayan de Oro,Kauswagan,2018-01-14,1,13.32,26.38,23.69,29.07,29.71,3.47,73.3,Zone 3,Safe,2,0,0,0,0,0,0,1,Medium,95,HIGH
Cagayan de Oro,Kauswagan,2005-01-02,1,8.85,28.12,26.07,30.99,31.63,2.57,75.1,Zone 2,Safe,2,3,0,1,0,0,0,1,Medium,87,HIGH
Cagayan de Oro,Kauswagan,2021-01-22,1,6.39,27.28,25.66,29.06,31.22,2.69,79.4,Zone 4,Unaccounted,5,0,0,0,0,0,0,1,,51,MEDIUM
Cagayan de Oro,Kauswagan,2022-04-20,4,5.59,28.9,26.26,31.07,32.91,3.54,80.1,Zone 6,Safe,4,0,0,0,1,0,0,1,Medium,76,HIGH
Cagayan de Oro,Kauswagan,2015-04-06,4,1.86,29.56,27.65,32.6,33.36,4.44,78.0,Zone 2,Unaccounted,2,0,0,0,1,0,0,0,Medium,77,HIGH
Cagayan de Oro,Kauswagan,2006-08-04,8,7.25,27.85,25.86,30.37,32.64,1.88,87.9,Zone 3,Safe,10,1,0,0,0,0,0,1,Medium,100,HIGH
Cagayan de Oro,Kauswagan,2006-04-09,4,6.32,27.55,26.04,30.73,31.0,2.79,74.5,Zone 6,Safe,10,2,0,0,0,0,0,1,,80,HIGH
Cagayan de Oro,Kauswagan,2005-04-04,4,6.29,28.54,26.22,31.15,32.23,4.02,76.9,Zone 1,Safe,7,2,1,0,1,0,0,1,Medium,83,HIGH
Cagayan de Oro,Kauswagan,2018-04-22,4,7.81,27.55,25.18,31.24,30.54,4.72,69.9,Zone 3,Safe,1,0,0,0,0,1,0,1,Medium,100,HIGH
Cagayan de Oro,Kauswagan,2014-10-07,10,8.72,27.08,25.29,28.77,31.41,3.45,83.3,Zone 3,Unaccounted,7,1,0,0,0,0,0,1,Medium,100,HIGH
Cagayan de Oro,Kauswagan,2014-04-11,4,7.83,28.57,26.26,30.69,31.52,2.8,69.5,Zone 5,Safe,4,0,1,1,0,0,0,1,Medium,100,HIGH
Cagayan de Oro,Kauswagan,2005-11-23,11,10.27,28.48,26.08,31.98,32.74,3.76,82.6,Zone 3,Safe,6,1,0,0,0,0,0,1,Medium,100,HIGH
Cagayan de Oro,Kauswagan,2017-07-24,7,7.91,27.87,24.55,29.59,31.75,2.13,78.8,Zone 5,Safe,4,1,1,0,1,1,0,1,Medium,100,HIGH
Cagayan de Oro,Kauswagan,2021-03-08,3,4.14,26.99,24.2,29.99,30.56,3.88,75.7,Zone 5,Unaccounted,1,3,0,0,0,0,0,0,Medium,100,HIGH
Cagayan de Oro,Kauswagan,2008-04-03,4,9.33,29.34,27.66,32.58,32.97,2.19,76.3,Zone 3,Safe,2,0,0,0,0,0,0,1,Medium,95,HIGH
Cagayan de Oro,Kauswagan,2007-03-10,3,5.34,26.86,23.64,29.06,31.03,1.95,81.7,Zone 6,Unaccounted,4,0,0,0,0,0,0,1,,79,HIGH
Cagayan de Oro,Kauswagan,2005-02-08,2,6.48,27.13,24.39,30.06,30.88,1.48,77.5,Zone 2,Evacuated,3,0,0,0,0,0,0,1,,39,LOW
Cagayan de Oro,Kauswagan,2010-07-06,7,6.58,27.02,25.49,30.92,31.9,2.98,88.8,Zone 5,Evacuated,2,1,0,0,0,0,0,1,,83,HIGH
Cagayan de Oro,Kauswagan,2006-03-18,3,3.68,26.54,23.48,29.42,30.32,4.48,77.8,Zone 3,Safe,3,0,1,1,0,0,1,0,Medium,100,HIGH
Cagayan de Oro,Kauswagan,2011-03-25,3,5.9,27.88,25.35,29.43,31.53,1.48,76.5,Zone 2,Safe,1,0,0,0,0,0,0,1,,50,MEDIUM
Cagayan de Oro,Kauswagan,2007-08-05,8,9.42,26.49,24.51,29.51,31.16,1.6,86.7,Zone 1,Safe,5,1,0,0,0,0,0,1,Medium,53,MEDIUM
Cagayan de Oro,Kauswagan,2010-12-04,12,2.4,27.94,26.12,30.96,32.24,4.12,83.0,Zone 3,Safe,7,0,0,0,0,0,0,0,Medium,96,HIGH
Cagayan de Oro,Kauswagan,2018-09-26,9,9.25,27.86,25.0,30.35,31.77,3.02,79.1,Zone 1,Safe,7,3,0,0,0,0,0,1,Medium,69,MEDIUM
Cagayan de Oro,Kauswagan,2014-11-17,11,14.64,26.12,23.05,29.06,30.12,3.12,80.0,Zone 5,Unaccounted,7,2,0,0,0,1,0,1,Medium,100,HIGH
Cagayan de Oro,Kauswagan,2018-03-17,3,4.91,27.9,26.15,29.49,30.75,0.63,68.5,Zone 2,Safe,6,2,0,0,0,0,0,0,,63,MEDIUM
Cagayan de Oro,Kauswagan,2015-07-13,7,8.32,28.52,26.42,30.08,32.81,2.14,82.9,Zone 6,Safe,1,1,0,1,0,1,0,1,Medium,87,HIGH
Cagayan de Oro,Kauswagan,2007-10-26,10,9.89,27.84,25.04,30.09,32.29,2.78,84.5,Zone 5,Safe,1,3,0,1,1,1,0,1,Medium,100,HIGH
Cagayan de Oro,Kauswagan,2017-08-23,8,13.42,27.26,25.02,29.27,31.23,1.7,79.7,Zone 5,Safe,1,1,0,0,0,0,0,1,Medium,100,HIGH
Cagayan de Oro,Kauswagan,2012-11-04,11,8.87,27.09,24.84,29.47,31.71,2.34,86.2,Zone 3,Unaccounted,7,1,0,0,0,0,0,1,Medium,100,HIGH
Cagayan de Oro,Kauswagan,2018-09-18,9,10.35,27.25,25.67,31.2,31.62,0.89,83.7,Zone 5,Unaccounted,2,1,0,0,0,0,0,1,Medium,100,HIGH
Cagayan de Oro,Kauswagan,2003-09-06,9,9.46,28.18,24.7,30.04,32.44,2.47,82.6,Zone 5,Evacuated,5,1,0,0,0,0,1,1,Medium,100,HIGH
Cagayan de Oro,Kauswagan,2017-06-01,6,20.45,28.48,26.17,31.98,32.87,1.27,83.9,Zone 5,Safe,10,1,0,0,0,0,0,1,High,100,HIGH
Cagayan de Oro,Kauswagan,2006-09-19,9,13.29,26.78,23.51,30.18,30.83,3.92,80.5,Zone 4,Safe,9,1,1,0,0,0,1,1,Medium,70,HIGH
Cagayan de Oro,Kauswagan,2015-03-27,3,5.0,28.0,25.84,31.29,31.97,2.17,79.7,Zone 5,Evacuated,5,0,1,1,0,0,0,1,,100,HIGH
Cagayan de Oro,Kauswagan,2011-10-13,10,7.94,29.65,27.36,31.25,33.67,2.2,80.2,Zone 3,Safe,3,1,0,0,0,1,0,1,Medium,100,HIGH
Cagayan de Oro,Kauswagan,2020-03-14,3,3.54,27.4,24.76,31.38,31.09,2.24,76.9,Zone 3,Safe,2,0,0,0,0,0,0,0,,80,HIGH
Cagayan de Oro,Kauswagan,2005-12-16,12,11.32,27.52,25.58,31.31,32.13,2.64,86.1,Zone 3,Safe,8,0,0,0,1,0,0,1,Medium,100,HIGH
Cagayan de Oro,Kauswagan,2014-10-24,10,6.03,27.41,24.21,31.3,31.88,2.55,84.7,Zone 3,Safe,9,1,0,0,1,1,1,1,,100,HIGH
Cagayan de Oro,Kauswagan,2021-03-22,3,6.71,30.94,28.4,33.14,34.16,3.66,72.2,Zone 4,Safe,4,0,0,0,0,0,0,1,Medium,38,LOW
Cagayan de Oro,Kauswagan,2013-08-09,8,7.47,25.34,21.96,27.59,29.73,2.44,83.9,Zone 6,Unaccounted,7,1,0,0,1,0,0,1,Medium,100,HIGH
Cagayan de Oro,Kauswagan,2007-02-27,2,4.1,27.56,24.95,31.17,31.33,2.46,77.7,Zone 2,Safe,4,0,0,0,0,0,0,0,,47,MEDIUM
Cagayan de Oro,Kauswagan,2020-02-23,2,6.05,27.27,24.76,29.8,30.82,3.11,75.5,Zone 1,Safe,10,0,0,0,0,0,0,1,Medium,52,MEDIUM
Cagayan de Oro,Kauswagan,2018-03-20,3,7.71,27.15,23.75,30.31,30.24,3.3,70.9,Zone 6,Evacuated,1,0,0,1,0,1,0,1,Medium,66,MEDIUM
Cagayan de Oro,Kauswagan,2013-08-01,8,9.43,27.14,23.76,28.94,31.81,1.07,86.7,Zone 5,Safe,8,3,0,0,0,0,0,1,Medium,100,HIGH
Cagayan de Oro,Kauswagan,2016-04-13,4,4.3,29.73,26.53,31.95,33.46,0.0,77.3,Zone 5,Evacuated,3,0,0,0,0,0,1,0,,78,HIGH
Cagayan de Oro,Kauswagan,2005-07-28,7,6.05,26.96,25.26,28.67,31.93,1.85,89.7,Zone 3,Evacuated,3,1,0,0,0,0,0,1,,81,HIGH
Cagayan de Oro,Kauswagan,2007-02-26,2,11.58,26.17,22.69,27.68,29.96,4.25,77.9,Zone 4,Safe,3,0,1,0,1,0,0,1,Medium,57,MEDIUM
Cagayan de Oro,Kauswagan,2012-01-06,1,2.84,26.66,24.5,28.26,30.6,3.39,79.4,Zone 3,Safe,1,1,0,1,0,0,1,0,Medium,100,HIGH
Cagayan de Oro,Kauswagan,2018-07-27,7,9.1,27.03,25.31,30.01,31.31,2.37,82.8,Zone 5,Evacuated,9,1,0,1,0,0,0,1,Medium,100,HIGH
Cagayan de Oro,Kauswagan,2022-02-15,2,11.01,26.94,23.74,28.83,30.07,4.25,71.3,Zone 2,Evacuated,9,0,0,0,1,0,0,1,Medium,62,MEDIUM
Cagayan de Oro,Kauswagan,2013-01-13,1,8.34,27.87,25.04,31.11,31.72,1.63,78.5,Zone 5,Unaccounted,6,3,0,0,0,0,0,1,Medium,100,HIGH
Cagayan de Oro,Kauswagan,2015-11-23,11,7.05,28.57,26.23,32.4,32.76,1.34,81.9,Zone 6,Evacuated,5,2,0,0,0,0,0,1,Medium,67,MEDIUM
Cagayan de Oro,Kauswagan,2007-08-05,8,17.18,27.74,26.17,29.39,32.57,3.13,88.3,Zone 2,Unaccounted,3,1,0,0,0,0,0,1,High,93,HIGH
Cagayan de Oro,Kauswagan,2005-03-24,3,5.68,27.25,25.19,29.58,30.88,0.0,76.3,Zone 6,Safe,4,1,0,0,0,0,0,1,,67,MEDIUM
Cagayan de Oro,Kauswagan,2020-02-21,2,7.02,27.98,25.02,30.24,32.06,4.43,80.8,Zone 5,Evacuated,8,1,0,0,0,0,0,1,Medium,100,HIGH
Cagayan de Oro,Kauswagan,2014-07-07,7,12.98,27.89,26.26,29.47,32.18,3.84,82.9,Zone 3,Unaccounted,5,1,0,0,0,1,1,1,Medium,100,HIGH
Cagayan de Oro,Kauswagan,2013-12-28,12,12.64,27.07,24.67,30.61,30.79,2.49,77.2,Zone 5,Evacuated,7,1,1,1,0,0,1,1,Medium,100,HIGH
Cagayan de Oro,Kauswagan,2016-03-09,3,3.62,28.01,26.32,31.7,31.89,1.65,78.8,Zone 2,Safe,1,2,0,0,0,0,0,0,,54,MEDIUM
Cagayan de Oro,Kauswagan,2011-10-16,10,10.47,27.95,24.64,31.25,32.33,2.54,83.8,Zone 3,Safe,1,2,0,0,0,0,1,1,Medium,100,HIGH
Cagayan de Oro,Kauswagan,2003-06-11,6,14.44,29.6,27.89,33.03,33.43,4.62,78.3,Zone 1,Unaccounted,4,1,0,0,0,0,0,1,Medium,69,MEDIUM
Cagayan de Oro,Kauswagan,2019-11-28,11,10.8,29.2,27.15,31.68,33.38,3.35,81.8,Zone 3,Safe,10,2,0,0,0,1,0,1,Medium,100,HIGH
Cagayan de Oro,Kauswagan,2004-12-26,12,11.46,28.45,26.04,31.75,32.42,2.0,79.7,Zone 5,Safe,9,3,0,0,0,0,0,1,Medium,100,HIGH
Cagayan de Oro,Kauswagan,2003-05-11,5,5.48,30.16,27.85,33.23,33.52,3.9,73.6,Zone 2,Evacuated,8,2,0,0,0,0,0,1,Medium,66,MEDIUM
Cagayan de Oro,Kauswagan,2021-08-20,8,8.41,27.42,25.46,29.71,31.63,1.72,82.1,Zone 6,Safe,8,1,1,1,0,0,0,1,Medium,100,HIGH
Cagayan de Oro,Kauswagan,2011-11-19,11,5.91,28.45,26.16,29.96,32.81,1.16,83.6,Zone 3,Safe,4,3,0,0,0,0,0,1,,100,HIGH
Cagayan de Oro,Kauswagan,2016-07-01,7,5.26,27.64,26.04,29.33,32.33,2.33,86.9,Zone 6,Unaccounted,9,3,0,0,0,1,0,1,,100,HIGH
Cagayan de Oro,Kauswagan,2012-01-17,1,7.63,27.78,24.74,30.94,32.16,0.67,83.8,Zone 5,Safe,10,0,0,0,1,0,0,1,Medium,100,HIGH
Cagayan de Oro,Kauswagan,2010-02-28,2,5.94,27.47,24.12,29.94,31.07,4.03,76.0,Zone 5,Evacuated,3,0,0,0,0,0,0,1,Medium,86,HIGH
Cagayan de Oro,Kauswagan,2005-11-14,11,7.17,27.0,24.84,29.11,31.21,2.44,82.1,Zone 5,Safe,2,1,0,0,1,0,0,1,Medium,100,HIGH
Cagayan de Oro,Kauswagan,2012-03-22,3,4.09,28.21,25.37,30.75,31.92,2.66,77.1,Zone 6,Unaccounted,4,1,0,0,0,0,0,0,,77,HIGH
Cagayan de Oro,Kauswagan,2020-05-10,5,6.67,28.85,25.97,31.95,32.7,3.28,78.5,Zone 3,Safe,3,2,1,1,0,0,0,1,Medium,100,HIGH
Cagayan de Oro,Kauswagan,2011-02-25,2,6.87,28.22,24.79,30.0,31.76,1.84,75.4,Zone 6,Safe,2,0,0,0,0,1,1,1,,73,HIGH
Cagayan de Oro,Kauswagan,2018-09-04,9,7.21,26.57,23.73,28.77,31.34,5.24,87.7,Zone 2,Safe,2,1,0,0,0,0,0,1,High,73,HIGH
Cagayan de Oro,Kauswagan,2011-04-18,4,3.35,27.52,24.57,31.3,30.54,2.43,70.2,Zone 5,Evacuated,2,3,0,0,0,0,0,0,,87,HIGH
Cagayan de Oro,Kauswagan,2019-06-06,6,6.7,29.22,26.09,32.06,34.01,2.96,87.9,Zone 6,Safe,6,1,1,0,0,1,0,1,,91,HIGH
Cagayan de Oro,Kauswagan,2015-09-25,9,8.27,25.77,23.85,27.75,29.88,2.49,81.1,Zone 3,Evacuated,10,2,0,0,0,0,0,1,Medium,100,HIGH
Cagayan de Oro,Kauswagan,2018-12-08,12,6.16,27.42,24.81,30.06,31.94,2.85,85.2,Zone 2,Safe,6,0,0,0,0,0,0,1,,59,MEDIUM
Cagayan de Oro,Kauswagan,2003-08-07,8,9.68,27.27,24.63,28.81,31.48,2.3,82.1,Zone 5,Evacuated,6,2,0,0,0,0,0,1,Medium,100,HIGH
Cagayan de Oro,Kauswagan,2017-01-11,1,4.34,26.91,25.24,30.52,30.7,3.85,77.9,Zone 5,Safe,9,1,0,0,0,1,0,0,Medium,100,HIGH
Cagayan de Oro,Kauswagan,2020-08-18,8,8.75,27.3,24.35,29.65,31.57,2.94,82.7,Zone 2,Evacuated,1,2,0,1,0,0,0,1,Medium,64,MEDIUM
Cagayan de Oro,Kauswagan,2016-05-18,5,7.55,28.4,26.31,32.05,30.94,0.94,65.4,Zone 5,Safe,5,1,1,0,1,1,0,1,Medium,100,HIGH
Cagayan de Oro,Kauswagan,2016-05-11,5,8.78,29.93,26.47,33.87,33.13,1.08,72.0,Zone 3,Safe,8,0,0,0,0,0,0,1,Medium,100,HIGH
Cagayan de Oro,Kauswagan,2012-01-01,1,5.39,26.39,24.23,29.67,30.36,3.28,79.7,Zone 2,Unaccounted,9,1,1,0,1,0,0,1,Medium,100,HIGH
Cagayan de Oro,Kauswagan,2013-02-09,2,6.71,27.53,25.39,29.34,32.01,2.61,84.8,Zone 2,Safe,10,2,0,0,0,0,0,1,,74,HIGH
Cagayan de Oro,Kauswagan,2020-05-10,5,6.58,27.95,24.94,31.73,31.01,3.39,70.6,Zone 1,Safe,9,3,0,0,1,0,1,1,Medium,85,HIGH
Cagayan de Oro,Kauswagan,2012-09-22,9,7.55,27.06,25.36,29.57,31.26,2.04,82.0,Zone 4,Unaccounted,5,3,0,0,0,0,0,1,Medium,76,HIGH
Cagayan de Oro,Kauswagan,2011-11-11,11,11.17,28.42,25.44,30.26,33.41,3.09,89.9,Zone 5,Safe,10,1,1,0,0,1,0,1,Medium,100,HIGH
Cagayan de Oro,Kauswagan,2020-06-13,6,8.44,29.99,28.28,31.89,34.63,3.09,86.4,Zone 1,Unaccounted,4,1,0,0,0,0,0,1,Medium,69,MEDIUM
Cagayan de Oro,Kauswagan,2006-11-19,11,20.86,26.53,23.77,28.07,30.7,3.04,81.7,Zone 3,Safe,3,1,0,1,0,1,1,1,High,100,HIGH
Cagayan de Oro,Kauswagan,2019-01-22,1,3.44,26.89,23.64,29.83,30.15,0.75,72.6,Zone 6,Evacuated,4,0,0,0,0,0,0,0,,38,LOW
Cagayan de Oro,Kauswagan,2022-07-07,7,23.32,27.34,24.51,29.32,31.55,1.74,82.1,Zone 4,Safe,6,1,0,1,1,1,0,1,High,82,HIGH
Cagayan de Oro,Kauswagan,2006-04-20,4,6.04,28.18,25.27,30.32,31.68,2.23,75.0,Zone 5,Evacuated,1,3,0,0,0,0,0,1,,93,HIGH
Cagayan de Oro,Kauswagan,2011-04-24,4,5.09,29.22,26.34,32.16,32.13,0.98,69.1,Zone 6,Unaccounted,10,0,0,1,0,0,0,1,,96,HIGH
Cagayan de Oro,Kauswagan,2010-12-02,12,5.68,26.84,23.34,30.2,31.19,3.32,83.5,Zone 6,Evacuated,7,0,0,0,0,0,0,1,Medium,59,MEDIUM
Cagayan de Oro,Kauswagan,2003-02-19,2,6.28,26.8,24.0,30.09,30.42,2.66,76.2,Zone 2,Unaccounted,1,0,0,0,0,0,0,1,,68,MEDIUM
Cagayan de Oro,Kauswagan,2007-08-05,8,8.47,27.78,24.83,31.24,32.05,3.66,82.7,Zone 6,Unaccounted,6,3,0,0,0,0,0,1,Medium,100,HIGH
Cagayan de Oro,Kauswagan,2011-09-22,9,9.2,28.64,26.25,30.64,33.17,1.26,85.3,Zone 3,Evacuated,4,1,0,0,0,0,0,1,Medium,89,HIGH
Cagayan de Oro,Kauswagan,2010-11-28,11,11.51,27.75,25.27,31.62,32.07,2.3,83.2,Zone 5,Safe,5,1,0,0,0,0,0,1,Medium,100,HIGH
Cagayan de Oro,Kauswagan,2004-01-26,1,15.56,26.4,23.4,29.21,30.65,3.01,82.5,Zone 6,Safe,2,2,0,0,0,0,0,1,High,85,HIGH
Cagayan de Oro,Kauswagan,2016-05-06,5,11.28,28.37,25.33,31.05,31.96,3.9,75.9,Zone 2,Evacuated,2,0,0,0,0,0,0,1,Medium,44,MEDIUM
Cagayan de Oro,Kauswagan,2017-11-08,11,6.76,27.24,25.34,30.9,31.75,0.36,85.1,Zone 3,Unaccounted,7,1,0,0,0,0,0,1,,100,HIGH
Cagayan de Oro,Kauswagan,2003-08-05,8,8.75,27.59,24.53,30.7,31.94,2.29,83.5,Zone 6,Safe,9,1,1,0,1,1,0,1,Medium,100,HIGH
Cagayan de Oro,Kauswagan,2011-06-17,6,12.02,27.95,25.07,30.13,32.46,3.35,85.1,Zone 3,Evacuated,5,2,0,0,0,0,0,1,Medium,97,HIGH
Cagayan de Oro,Kauswagan,2010-10-04,10,7.5,27.86,24.56,29.99,32.4,2.93,85.4,Zone 3,Safe,9,3,0,0,0,0,1,1,Medium,100,HIGH
Cagayan de Oro,Kauswagan,2018-03-21,3,3.78,27.78,24.33,29.29,31.59,1.22,78.1,Zone 5,Unaccounted,6,1,0,0,1,1,0,0,,100,HIGH
Cagayan de Oro,Kauswagan,2009-01-16,1,4.07,26.31,24.44,29.64,30.32,1.81,80.1,Zone 3,Evacuated,7,0,0,1,0,0,1,0,,91,HIGH
Cagayan de Oro,Kauswagan,2022-11-13,11,5.9,27.57,24.94,29.96,31.73,1.88,81.6,Zone 6,Safe,10,1,0,0,0,0,0,1,,74,HIGH
Cagayan de Oro,Kauswagan,2013-01-28,1,11.45,28.0,25.79,31.4,31.95,0.45,79.5,Zone 5,Safe,8,0,1,0,0,1,1,1,Medium,100,HIGH
Cagayan de Oro,Kauswagan,2010-10-05,10,23.03,27.91,25.59,29.52,32.49,3.57,85.8,Zone 6,Safe,9,3,0,0,0,0,0,1,High,100,HIGH
Cagayan de Oro,Kauswagan,2017-11-18,11,8.18,28.28,25.34,30.33,32.67,0.85,83.9,Zone 3,Safe,6,1,0,0,0,0,0,1,Medium,100,HIGH
Cagayan de Oro,Kauswagan,2006-10-14,10,13.14,27.15,23.67,30.26,31.4,2.78,82.5,Zone 3,Unaccounted,4,1,1,0,0,1,1,1,Medium,100,HIGH
Cagayan de Oro,Kauswagan,2022-05-26,5,4.9,29.51,26.94,32.58,33.05,3.84,75.4,Zone 6,Evacuated,1,0,0,0,0,0,0,0,Medium,40,MEDIUM
Cagayan de Oro,Kauswagan,2003-03-22,3,4.7,27.75,24.4,30.47,31.25,2.32,75.0,Zone 2,Unaccounted,7,2,0,0,0,0,0,0,,83,HIGH
Cagayan de Oro,Kauswagan,2010-09-19,9,7.71,27.9,24.55,30.09,32.61,1.76,87.1,Zone 6,Safe,6,3,0,1,0,0,1,1,Medium,100,HIGH
Cagayan de Oro,Kauswagan,2006-01-24,1,4.9,27.07,23.61,30.0,31.31,0.93,82.4,Zone 1,Evacuated,4,0,0,0,0,0,0,0,,15,LOW
Cagayan de Oro,Kauswagan,2008-12-02,12,6.19,28.53,26.64,30.55,32.58,3.39,80.5,Zone 6,Safe,8,0,0,0,0,0,0,1,Medium,75,HIGH
Cagayan de Oro,Kauswagan,2004-10-05,10,9.64,27.23,25.49,31.01,31.47,3.08,82.4,Zone 5,Safe,5,3,0,0,0,0,0,1,Medium,100,HIGH
Cagayan de Oro,Kauswagan,2008-12-03,12,5.07,27.59,25.14,29.11,31.63,1.67,80.4,Zone 5,Safe,9,0,1,0,0,1,0,1,,100,HIGH
Cagayan de Oro,Kauswagan,2008-02-25,2,9.54,27.84,25.92,29.72,30.87,5.01,70.3,Zone 3,Safe,4,1,0,0,0,0,0,1,High,100,HIGH
Cagayan de Oro,Kauswagan,2020-12-17,12,8.49,26.7,23.43,29.53,31.22,2.65,85.2,Zone 4,Unaccounted,10,2,1,0,1,1,0,1,Medium,100,HIGH
Cagayan de Oro,Kauswagan,2021-10-18,10,8.1,28.42,26.49,31.04,33.03,1.01,86.1,Zone 3,Safe,8,1,0,0,0,0,0,1,Medium,100,HIGH
Cagayan de Oro,Kauswagan,2003-04-24,4,10.1,28.52,26.63,30.76,31.74,1.51,72.2,Zone 6,Evacuated,8,3,1,1,0,0,0,1,Medium,100,HIGH
Cagayan de Oro,Kauswagan,2020-01-08,1,8.66,26.59,23.19,28.37,30.86,0.9,82.7,Zone 5,Safe,10,1,1,1,0,0,0,1,Medium,100,HIGH
Cagayan de Oro,Kauswagan,2007-09-08,9,13.33,27.44,25.46,29.07,31.53,2.29,80.9,Zone 5,Unaccounted,9,3,0,0,0,0,0,1,Medium,100,HIGH
Cagayan de Oro,Kauswagan,2013-09-03,9,17.3,28.49,25.94,30.22,33.22,2.74,87.3,Zone 3,Safe,9,1,0,0,0,0,0,1,High,100,HIGH
Cagayan de Oro,Kauswagan,2009-07-16,7,8.0,26.22,24.44,29.7,30.18,2.18,79.6,Zone 6,Evacuated,2,1,1,0,0,0,0,1,Medium,68,MEDIUM
Cagayan de Oro,Kauswagan,2020-07-24,7,8.55,28.0,26.34,31.4,32.23,2.55,82.3,Zone 5,Safe,5,3,0,0,0,0,0,1,Medium,100,HIGH
Cagayan de Oro,Kauswagan,2003-01-25,1,6.29,27.32,24.26,30.76,31.47,0.77,81.5,Zone 5,Evacuated,1,0,0,0,0,0,0,1,,75,HIGH
Cagayan de Oro,Kauswagan,2021-12-26,12,6.33,27.6,25.94,30.82,31.47,2.02,78.7,Zone 6,Safe,2,0,1,0,1,0,0,1,,78,HIGH
Cagayan de Oro,Kauswagan,2022-11-24,11,8.91,27.24,25.69,29.11,31.69,3.19,84.5,Zone 5,Safe,7,2,0,0,1,0,1,1,Medium,100,HIGH
Cagayan de Oro,Kauswagan,2008-05-09,5,5.42,29.97,28.3,33.5,33.75,3.23,77.8,Zone 3,Evacuated,10,0,0,0,0,0,0,1,Medium,90,HIGH
Cagayan de Oro,Kauswagan,2005-09-25,9,9.45,27.39,25.59,30.95,31.51,3.6,81.2,Zone 5,Safe,10,2,0,0,0,0,0,1,Medium,100,HIGH
Cagayan de Oro,Kauswagan,2019-08-02,8,23.73,26.95,24.58,28.52,31.68,3.23,87.3,Zone 5,Safe,1,2,0,0,1,1,0,1,High,100,HIGH
Cagayan de Oro,Kauswagan,2005-11-11,11,10.03,26.73,24.51,29.52,30.96,2.9,82.3,Zone 6,Safe,7,1,0,0,0,0,0,1,Medium,80,HIGH
Cagayan de Oro,Kauswagan,2011-07-05,7,12.81,27.21,24.69,31.19,31.23,1.36,80.2,Zone 2,Safe,1,1,0,0,0,1,1,1,Medium,78,HIGH
Cagayan de Oro,Kauswagan,2020-12-02,12,6.78,26.73,23.8,29.79,30.49,2.78,77.6,Zone 6,Safe,4,0,0,0,0,0,1,1,,68,MEDIUM
Cagayan de Oro,Kauswagan,2022-09-15,9,10.65,27.6,25.39,31.6,32.06,0.93,84.6,Zone 5,Evacuated,9,1,0,0,0,0,0,1,Medium,100,HIGH
Cagayan de Oro,Kauswagan,2004-05-26,5,4.14,27.95,24.59,31.61,31.1,2.45,71.5,Zone 5,Safe,9,0,0,0,0,0,1,0,,100,HIGH
Cagayan de Oro,Kauswagan,2011-12-01,12,7.74,26.73,23.98,28.88,30.68,1.24,79.5,Zone 5,Unaccounted,3,0,0,0,0,0,0,1,Medium,100,HIGH
Cagayan de Oro,Kauswagan,2009-04-17,4,4.48,27.85,25.59,31.26,31.55,2.88,77.0,Zone 5,Safe,2,0,0,0,0,0,0,0,,84,HIGH
Cagayan de Oro,Kauswagan,2007-11-03,11,7.55,26.48,23.59,29.53,30.72,2.58,82.4,Zone 5,Safe,3,1,0,0,1,0,0,1,Medium,100,HIGH
Cagayan de Oro,Kauswagan,2008-07-10,7,8.88,27.36,25.82,31.06,31.81,3.67,84.5,Zone 3,Evacuated,3,1,0,0,0,0,1,1,Medium,95,HIGH
Cagayan de Oro,Kauswagan,2006-07-07,7,8.43,28.64,26.52,32.09,33.13,5.4,84.9,Zone 3,Safe,1,3,0,0,0,0,0,1,High,100,HIGH
Cagayan de Oro,Kauswagan,2008-11-13,11,7.51,28.24,26.03,31.62,33.09,2.23,88.5,Zone 2,Evacuated,1,1,0,0,1,0,1,1,Medium,63,MEDIUM
Cagayan de Oro,Kauswagan,2008-09-22,9,7.67,28.31,26.22,32.21,32.66,2.86,83.5,Zone 5,Unaccounted,1,2,0,0,0,0,0,1,Medium,100,HIGH
Cagayan de Oro,Kauswagan,2011-05-14,5,2.89,30.0,26.77,32.78,33.84,0.89,78.4,Zone 4,Unaccounted,9,0,1,1,0,0,1,0,,77,HIGH
Cagayan de Oro,Kauswagan,2019-04-18,4,16.69,26.48,23.94,30.06,29.52,2.86,70.4,Zone 3,Safe,3,0,1,0,1,0,0,1,High,100,HIGH
Cagayan de Oro,Kauswagan,2004-01-10,1,5.93,27.14,23.65,29.37,30.1,2.28,69.6,Zone 1,Safe,4,0,0,1,1,0,0,1,,56,MEDIUM
Cagayan de Oro,Kauswagan,2021-09-09,9,10.93,26.23,24.1,29.5,30.67,0.73,84.4,Zone 6,Safe,4,3,1,0,0,0,1,1,Medium,100,HIGH
Cagayan de Oro,Kauswagan,2017-12-20,12,9.34,27.87,25.32,31.17,31.91,2.24,80.4,Zone 6,Evacuated,9,0,1,1,1,0,0,1,Medium,90,HIGH
Cagayan de Oro,Kauswagan,2018-11-07,11,10.5,28.16,26.23,30.67,33.03,2.7,88.7,Zone 5,Safe,4,1,0,0,0,0,0,1,Medium,100,HIGH
Cagayan de Oro,Kauswagan,2005-01-24,1,6.68,29.17,25.76,32.97,33.55,1.91,83.8,Zone 2,Evacuated,9,0,1,1,0,1,0,1,,77,HIGH
Cagayan de Oro,Kauswagan,2016-09-28,9,11.89,27.31,24.25,30.61,32.32,0.59,90.1,Zone 2,Safe,1,1,0,0,0,0,0,1,Medium,63,MEDIUM
Cagayan de Oro,Kauswagan,2003-01-26,1,10.93,28.18,25.51,30.52,32.56,1.71,83.8,Zone 5,Safe,9,0,1,0,0,0,0,1,Medium,100,HIGH
Cagayan de Oro,Kauswagan,2015-04-23,4,5.87,26.85,24.68,29.94,29.48,1.71,66.3,Zone 5,Safe,5,2,0,0,0,1,0,1,,100,HIGH
Cagayan de Oro,Kauswagan,2009-01-20,1,8.07,27.01,24.73,30.03,30.8,2.24,77.9,Zone 3,Safe,1,0,1,0,0,0,0,1,Medium,100,HIGH
Cagayan de Oro,Kauswagan,2021-09-21,9,19.49,27.23,25.16,30.08,31.72,3.69,84.9,Zone 5,Safe,7,1,0,0,0,0,0,1,High,100,HIGH
Cagayan de Oro,Kauswagan,2007-01-19,1,5.06,27.08,24.07,29.6,30.18,3.71,71.0,Zone 5,Safe,3,3,0,0,0,0,1,1,Medium,100,HIGH
Cagayan de Oro,Kauswagan,2010-03-03,3,10.78,26.67,24.27,29.01,30.48,4.28,78.1,Zone 5,Safe,2,0,0,0,0,0,0,1,Medium,99,HIGH
Cagayan de Oro,Kauswagan,2012-12-28,12,7.63,26.39,24.63,29.23,30.33,0.83,79.4,Zone 2,Unaccounted,1,2,0,0,1,0,0,1,Medium,95,HIGH
Cagayan de Oro,Kauswagan,2015-04-16,4,2.76,29.16,26.8,33.08,31.93,2.96,67.7,Zone 5,Evacuated,9,1,0,0,0,0,0,0,,85,HIGH
Cagayan de Oro,Kauswagan,2003-03-14,3,8.55,27.12,23.74,30.98,30.57,2.92,74.5,Zone 2,Unaccounted,1,0,0,0,0,0,0,1,Medium,75,HIGH
Cagayan de Oro,Kauswagan,2022-07-13,7,9.29,27.8,26.12,31.48,32.37,1.38,85.7,Zone 3,Safe,3,2,0,0,0,0,0,1,Medium,100,HIGH
Cagayan de Oro,Kauswagan,2006-12-07,12,6.03,28.95,25.54,32.37,32.89,2.94,79.4,Zone 5,Safe,6,0,0,1,0,0,1,1,,100,HIGH
Cagayan de Oro,Kauswagan,2006-07-19,7,7.96,26.93,24.46,30.55,31.16,3.25,82.3,Zone 3,Safe,9,2,0,0,0,0,0,1,Medium,100,HIGH
Cagayan de Oro,Kauswagan,2011-04-17,4,5.71,28.36,26.28,32.27,31.45,2.99,70.9,Zone 3,Safe,5,2,0,0,0,0,0,1,,100,HIGH
Cagayan de Oro,Kauswagan,2009-09-15,9,13.45,26.25,24.06,28.34,30.8,1.85,85.5,Zone 2,Unaccounted,9,2,0,0,0,1,0,1,Medium,100,HIGH
Cagayan de Oro,Kauswagan,2010-01-07,1,8.19,26.49,23.7,29.53,29.63,0.93,71.4,Zone 3,Safe,2,1,0,0,0,0,0,1,Medium,100,HIGH
Cagayan de Oro,Kauswagan,2022-12-01,12,12.71,28.75,25.61,31.52,32.73,3.26,79.8,Zone 5,Unaccounted,10,1,0,1,1,0,0,1,Medium,100,HIGH
Cagayan de Oro,Kauswagan,2017-01-23,1,3.27,26.63,23.15,29.59,30.69,1.6,80.6,Zone 3,Safe,10,1,0,0,0,1,0,0,,100,HIGH
Cagayan de Oro,Kauswagan,2015-10-19,10,17.51,26.59,23.35,29.73,31.06,3.06,84.7,Zone 6,Unaccounted,10,2,0,0,0,1,0,1,High,100,HIGH
Cagayan de Oro,Kauswagan,2012-02-17,2,10.27,26.16,24.37,29.62,29.91,1.05,77.5,Zone 3,Safe,10,0,0,0,0,0,0,1,Medium,100,HIGH
Cagayan de Oro,Kauswagan,2003-02-10,2,5.41,28.13,25.09,31.85,31.72,2.93,75.9,Zone 6,Safe,4,3,1,1,0,0,0,1,,100,HIGH
Cagayan de Oro,Kauswagan,2007-04-10,4,4.69,29.1,26.05,31.67,32.47,2.44,73.7,Zone 3,Safe,1,0,0,0,0,0,1,0,,85,HIGH
Cagayan de Oro,Kauswagan,2015-08-05,8,9.96,27.3,24.52,29.94,31.74,4.01,84.4,Zone 5,Safe,1,2,0,0,0,0,0,1,Medium,100,HIGH
Cagayan de Oro,Kauswagan,2020-04-10,4,2.14,29.12,25.73,32.43,32.41,3.23,72.9,Zone 3,Safe,4,0,0,0,1,0,0,0,Medium,98,HIGH
Cagayan de Oro,Kauswagan,2019-11-08,11,7.76,27.19,25.41,30.93,31.79,2.75,86.0,Zone 3,Evacuated,5,3,1,0,0,1,0,1,Medium,100,HIGH
Cagayan de Oro,Kauswagan,2021-03-23,3,3.89,27.92,25.2,30.27,31.71,2.05,77.9,Zone 5,Safe,3,0,0,1,0,0,1,0,,100,HIGH
Cagayan de Oro,Kauswagan,2011-07-22,7,6.67,28.53,26.84,31.41,32.76,1.85,82.3,Zone 3,Safe,6,1,0,0,0,0,0,1,,100,HIGH
Cagayan de Oro,Kauswagan,2020-04-01,4,3.62,28.37,25.91,30.93,31.38,3.68,70.1,Zone 3,Evacuated,3,1,0,0,1,0,1,0,Medium,95,HIGH
Cagayan de Oro,Kauswagan,2009-02-09,2,4.69,26.62,23.57,29.12,30.95,3.46,83.3,Zone 5,Safe,10,1,0,0,0,0,0,0,Medium,100,HIGH
Cagayan de Oro,Kauswagan,2004-09-09,9,10.06,26.49,23.28,30.07,30.52,1.77,80.3,Zone 3,Safe,4,1,0,0,0,0,1,1,Medium,100,HIGH
Cagayan de Oro,Kauswagan,2015-07-20,7,7.75,28.2,24.89,30.67,32.63,2.32,84.3,Zone 2,Unaccounted,2,3,0,1,0,0,1,1,Medium,100,HIGH
Cagayan de Oro,Kauswagan,2009-02-03,2,5.89,27.96,24.83,30.3,31.41,1.18,74.5,Zone 2,Unaccounted,1,0,0,0,0,0,0,1,,68,MEDIUM
Cagayan de Oro,Kauswagan,2022-09-02,9,9.59,27.6,24.8,29.3,32.26,3.03,86.6,Zone 1,Evacuated,2,3,0,0,0,0,0,1,Medium,45,MEDIUM
Cagayan de Oro,Kauswagan,2008-08-14,8,6.92,28.8,25.57,31.6,33.14,3.49,83.4,Zone 6,Unaccounted,8,2,1,0,0,0,0,1,Medium,100,HIGH
Cagayan de Oro,Kauswagan,2010-12-12,12,7.17,27.37,24.59,29.55,31.0,0.0,76.3,Zone 6,Unaccounted,8,0,0,0,0,0,0,1,Medium,93,HIGH
Cagayan de Oro,Kauswagan,2017-03-02,3,4.58,28.21,24.94,31.53,31.88,3.69,76.7,Zone 3,Evacuated,7,1,0,0,1,0,0,0,Medium,95,HIGH
Cagayan de Oro,Kauswagan,2005-01-18,1,4.07,27.23,24.24,29.96,30.82,1.88,75.9,Zone 5,Evacuated,8,3,1,1,0,0,1,0,,100,HIGH
Cagayan de Oro,Kauswagan,2019-01-13,1,3.52,26.84,23.99,29.0,31.36,3.58,85.2,Zone 5,Unaccounted,4,0,0,0,0,0,0,0,Medium,100,HIGH
Cagayan de Oro,Kauswagan,2014-03-11,3,5.01,28.02,25.09,29.95,31.24,1.51,72.2,Zone 2,Safe,7,0,1,0,0,0,0,1,,73,HIGH
Cagayan de Oro,Kauswagan,2009-08-01,8,11.39,28.7,25.5,32.45,33.18,3.87,84.8,Zone 2,Safe,2,1,0,0,0,0,0,1,Medium,65,MEDIUM
Cagayan de Oro,Kauswagan,2010-07-04,7,9.33,29.06,26.06,31.15,34.25,2.9,91.9,Zone 5,Safe,6,1,0,0,0,0,0,1,Medium,100,HIGH
Cagayan de Oro,Kauswagan,2015-10-12,10,14.9,27.85,26.11,29.9,32.57,1.14,87.2,Zone 6,Safe,9,1,0,0,0,0,0,1,Medium,81,HIGH
Cagayan de Oro,Kauswagan,2008-01-24,1,6.39,27.92,24.69,30.23,31.77,1.72,78.5,Zone 2,Safe,7,0,0,0,0,0,0,1,,61,MEDIUM
Cagayan de Oro,Kauswagan,2011-02-14,2,14.0,27.54,25.47,29.17,31.34,1.34,78.0,Zone 3,Safe,5,2,0,0,0,0,0,1,Medium,100,HIGH
Cagayan de Oro,Kauswagan,2007-09-04,9,5.66,28.07,24.76,31.42,32.64,2.82,85.7,Zone 5,Safe,9,1,0,0,0,0,0,1,,100,HIGH
Cagayan de Oro,Kauswagan,2008-01-27,1,4.1,26.66,23.88,30.36,30.71,2.93,80.5,Zone 5,Unaccounted,10,0,0,0,0,0,0,0,,100,HIGH
Cagayan de Oro,Kauswagan,2011-11-07,11,7.21,27.49,24.95,31.42,32.49,0.03,90.0,Zone 5,Safe,9,1,0,0,0,1,1,1,Medium,100,HIGH
Cagayan de Oro,Kauswagan,2016-04-25,4,1.3,27.17,23.94,29.25,30.94,2.01,77.7,Zone 3,Unaccounted,4,2,0,1,1,0,0,0,,100,HIGH
Cagayan de Oro,Kauswagan,2013-07-01,7,9.66,28.23,26.27,31.61,32.82,2.19,85.9,Zone 5,Unaccounted,1,1,0,0,0,0,1,1,Medium,100,HIGH
Cagayan de Oro,Kauswagan,2016-12-21,12,6.83,27.91,25.6,31.73,31.76,1.31,78.5,Zone 3,Safe,8,1,0,0,0,0,0,1,,100,HIGH
Cagayan de Oro,Kauswagan,2015-08-08,8,8.98,28.25,25.71,31.77,32.72,4.56,84.7,Zone 1,Unaccounted,1,1,0,0,0,0,0,1,Medium,64,MEDIUM
Cagayan de Oro,Kauswagan,2005-09-05,9,9.77,27.65,24.83,29.58,32.43,1.42,87.8,Zone 5,Safe,6,1,0,0,0,0,0,1,Medium,100,HIGH
Cagayan de Oro,Kauswagan,2014-07-22,7,8.21,28.99,27.46,31.33,33.84,3.4,88.5,Zone 6,Unaccounted,2,2,0,0,0,0,0,1,Medium,95,HIGH
Cagayan de Oro,Kauswagan,2005-03-24,3,3.6,27.85,25.3,31.28,31.61,1.32,77.6,Zone 6,Safe,10,0,0,0,0,1,0,0,,68,MEDIUM
Cagayan de Oro,Kauswagan,2020-10-02,10,8.04,26.82,24.14,30.25,30.5,2.04,76.8,Zone 3,Safe,7,2,0,0,0,0,1,1,Medium,100,HIGH
Cagayan de Oro,Kauswagan,2007-01-06,1,8.21,27.02,23.74,28.61,30.55,3.51,75.3,Zone 5,Safe,1,3,0,1,0,0,0,1,Medium,100,HIGH
Cagayan de Oro,Kauswagan,2020-11-27,11,9.12,29.19,26.82,32.49,33.89,1.95,87.0,Zone 5,Evacuated,5,1,0,0,0,0,0,1,Medium,95,HIGH
Cagayan de Oro,Kauswagan,2022-03-10,3,4.84,27.42,25.24,30.76,30.86,2.01,74.4,Zone 5,Safe,2,1,0,0,0,0,0,0,,90,HIGH
Cagayan de Oro,Kauswagan,2020-08-21,8,9.33,28.27,25.75,32.18,33.1,1.4,88.3,Zone 5,Evacuated,1,2,0,0,0,0,0,1,Medium,94,HIGH
Cagayan de Oro,Kauswagan,2010-06-06,6,8.43,27.32,24.03,29.82,31.61,3.29,82.9,Zone 2,Safe,4,1,1,1,1,0,0,1,Medium,98,HIGH
Cagayan de Oro,Kauswagan,2015-08-09,8,12.83,26.4,23.34,30.31,30.94,4.58,85.4,Zone 5,Safe,8,1,0,0,0,1,0,1,Medium,100,HIGH
Cagayan de Oro,Kauswagan,2022-09-05,9,10.59,27.68,25.03,30.27,32.17,1.14,84.9,Zone 3,Safe,3,3,0,0,0,0,0,1,Medium,100,HIGH
Cagayan de Oro,Kauswagan,2009-09-19,9,11.31,27.75,25.26,31.12,32.19,2.7,84.4,Zone 5,Evacuated,9,1,0,0,0,1,0,1,Medium,100,HIGH
Cagayan de Oro,Kauswagan,2010-11-06,11,7.41,27.23,24.99,30.47,31.72,1.31,84.9,Zone 4,Unaccounted,6,2,0,0,0,0,0,1,Medium,72,HIGH
Cagayan de Oro,Kauswagan,2013-12-20,12,6.46,28.1,25.23,31.02,32.24,1.69,81.4,Zone 1,Safe,2,0,0,1,1,0,0,1,,53,MEDIUM
Cagayan de Oro,Kauswagan,2011-06-09,6,14.1,28.95,27.08,31.76,33.25,3.98,83.0,Zone 3,Safe,7,1,0,0,0,0,0,1,Medium,100,HIGH
Cagayan de Oro,Kauswagan,2008-10-10,10,8.93,26.32,23.54,29.4,30.5,1.62,81.8,Zone 3,Safe,9,2,0,1,0,1,0,1,Medium,100,HIGH
Cagayan de Oro,Kauswagan,2021-04-18,4,4.34,28.93,25.56,31.28,32.55,3.93,76.2,Zone 5,Safe,2,1,0,1,1,1,0,0,Medium,100,HIGH
Cagayan de Oro,Kauswagan,2013-08-06,8,9.16,27.43,25.15,31.35,31.65,3.15,82.2,Zone 3,Safe,10,1,0,0,1,0,0,1,Medium,100,HIGH
Cagayan de Oro,Kauswagan,2014-09-20,9,7.68,27.22,25.52,30.87,31.78,1.96,85.6,Zone 6,Unaccounted,2,1,0,0,0,0,0,1,Medium,89,HIGH
Cagayan de Oro,Kauswagan,2018-06-01,6,7.91,28.81,26.27,32.7,32.65,1.97,78.4,Zone 5,Unaccounted,9,1,0,0,0,1,0,1,Medium,100,HIGH
Cagayan de Oro,Kauswagan,2011-11-10,11,9.51,28.08,26.13,30.07,33.24,3.42,91.6,Zone 6,Evacuated,2,3,1,0,0,0,1,1,Medium,87,HIGH
Cagayan de Oro,Kauswagan,2022-02-16,2,6.23,26.8,24.33,28.42,30.03,2.99,72.3,Zone 3,Safe,6,0,0,0,0,0,0,1,,95,HIGH
Cagayan de Oro,Kauswagan,2014-01-03,1,4.85,26.95,25.03,29.22,30.77,2.59,78.2,Zone 3,Safe,8,0,1,1,0,0,0,0,,100,HIGH
Cagayan de Oro,Kauswagan,2008-04-24,4,6.5,27.5,25.27,31.22,30.79,2.9,72.9,Zone 3,Unaccounted,8,1,1,1,0,1,0,1,,100,HIGH
Cagayan de Oro,Kauswagan,2013-08-28,8,9.03,27.16,25.57,31.06,31.62,3.15,84.6,Zone 6,Safe,3,2,1,0,0,0,0,1,Medium,91,HIGH
Cagayan de Oro,Kauswagan,2005-05-25,5,11.75,29.02,27.45,31.4,33.33,0.15,83.1,Zone 1,Safe,10,0,0,0,1,1,1,1,Medium,75,HIGH
Cagayan de Oro,Kauswagan,2007-01-20,1,7.24,27.73,24.71,29.25,31.44,0.07,77.1,Zone 5,Safe,4,2,0,0,1,0,0,1,Medium,100,HIGH
Cagayan de Oro,Kauswagan,2007-07-06,7,6.58,28.4,25.03,31.29,32.85,2.3,84.5,Zone 6,Unaccounted,7,1,0,1,0,1,1,1,,100,HIGH
Cagayan de Oro,Kauswagan,2011-09-15,9,8.29,27.43,25.33,29.35,31.47,2.7,80.4,Zone 5,Safe,6,1,0,0,1,1,1,1,Medium,100,HIGH
Cagayan de Oro,Kauswagan,2014-10-14,10,15.83,26.94,23.85,29.23,31.32,2.21,83.8,Zone 2,Evacuated,10,1,0,0,1,0,0,1,High,76,HIGH
Cagayan de Oro,Kauswagan,2005-10-04,10,7.97,26.61,23.49,29.18,30.33,1.66,77.2,Zone 5,Safe,3,3,0,0,0,0,0,1,Medium,100,HIGH
Cagayan de Oro,Kauswagan,2007-01-02,1,10.48,26.88,23.78,29.31,30.96,1.96,80.8,Zone 5,Safe,4,0,0,0,0,0,0,1,Medium,100,HIGH
Cagayan de Oro,Kauswagan,2006-11-27,11,8.15,26.67,23.57,30.34,31.04,2.4,83.7,Zone 6,Safe,1,1,0,0,0,0,0,1,Medium,69,MEDIUM
Cagayan de Oro,Kauswagan,2016-09-07,9,6.52,27.47,24.86,29.43,32.36,2.22,88.9,Zone 4,Safe,5,1,0,0,0,0,1,1,,46,MEDIUM
Cagayan de Oro,Kauswagan,2021-07-13,7,9.02,27.33,24.59,30.62,31.5,5.21,81.7,Zone 2,Safe,4,1,0,0,1,1,0,1,High,92,HIGH
Cagayan de Oro,Kauswagan,2007-11-14,11,7.75,28.06,25.07,29.88,32.57,0.0,85.1,Zone 5,Unaccounted,3,3,0,0,0,0,0,1,Medium,100,HIGH
Cagayan de Oro,Kauswagan,2009-02-17,2,5.37,26.51,23.4,28.44,30.71,3.66,82.0,Zone 6,Safe,2,1,0,0,0,0,0,1,Medium,71,HIGH
Cagayan de Oro,Kauswagan,2009-02-05,2,7.19,26.66,23.95,30.36,30.58,4.88,79.2,Zone 2,Evacuated,5,1,0,0,0,0,0,1,Medium,55,MEDIUM
Cagayan de Oro,Kauswagan,2005-12-01,12,9.66,28.4,25.86,30.94,32.09,2.46,76.9,Zone 1,Safe,4,1,0,0,0,0,0,1,Medium,51,MEDIUM
Cagayan de Oro,Kauswagan,2008-01-18,1,5.69,27.12,24.09,29.63,31.18,3.87,80.6,Zone 4,Evacuated,8,0,0,0,0,0,0,1,Medium,30,LOW
Cagayan de Oro,Kauswagan,2017-06-16,6,7.3,28.66,26.52,32.03,32.85,1.32,81.9,Zone 6,Safe,5,1,0,0,0,0,0,1,Medium,76,HIGH
Cagayan de Oro,Kauswagan,2013-10-02,10,15.1,29.0,27.22,30.73,33.62,3.22,86.2,Zone 6,Unaccounted,8,1,0,1,0,0,0,1,High,100,HIGH
Cagayan de Oro,Kauswagan,2015-12-04,12,5.17,27.3,25.69,30.97,31.17,2.67,78.7,Zone 4,Evacuated,2,1,0,0,0,0,0,1,,19,LOW
Cagayan de Oro,Kauswagan,2009-08-22,8,13.28,26.48,24.58,29.95,30.94,3.31,84.6,Zone 3,Evacuated,10,2,1,0,1,0,1,1,Medium,100,HIGH
Cagayan de Oro,Kauswagan,2021-03-05,3,7.52,28.37,24.96,32.14,31.78,4.17,74.1,Zone 5,Safe,7,2,0,0,1,1,1,1,Medium,100,HIGH
Cagayan de Oro,Kauswagan,2012-10-03,10,10.64,26.48,24.51,29.36,31.06,4.57,85.8,Zone 1,Safe,3,1,0,0,0,0,0,1,Medium,50,MEDIUM
Cagayan de Oro,Kauswagan,2021-04-26,4,2.36,28.01,24.8,30.86,30.98,3.57,69.7,Zone 3,Safe,5,0,0,0,0,0,0,0,Medium,92,HIGH
Cagayan de Oro,Kauswagan,2017-12-21,12,7.79,27.1,24.13,30.81,31.16,1.5,80.6,Zone 6,Safe,7,0,0,1,1,0,1,1,Medium,99,HIGH
Cagayan de Oro,Kauswagan,2018-05-19,5,6.73,27.85,25.13,31.16,31.33,3.41,74.8,Zone 6,Safe,8,1,0,0,0,1,1,1,Medium,96,HIGH
Cagayan de Oro,Kauswagan,2021-01-06,1,3.79,26.0,24.15,27.67,30.11,4.2,81.1,Zone 3,Safe,4,1,0,0,0,0,1,0,Medium,100,HIGH
Cagayan de Oro,Kauswagan,2006-08-24,8,9.28,27.72,25.79,30.99,31.9,3.2,81.8,Zone 4,Unaccounted,3,1,0,0,0,0,1,1,Medium,68,MEDIUM
Cagayan de Oro,Kauswagan,2007-04-05,4,2.87,29.29,27.73,32.48,32.58,2.26,72.9,Zone 1,Unaccounted,3,1,0,0,0,0,0,0,,53,MEDIUM
Cagayan de Oro,Kauswagan,2004-12-28,12,11.58,27.33,24.73,29.26,31.33,1.46,80.0,Zone 6,Unaccounted,5,1,0,0,0,0,0,1,Medium,94,HIGH
Cagayan de Oro,Kauswagan,2019-11-15,11,9.7,28.35,25.84,32.01,32.76,0.96,84.1,Zone 5,Safe,4,2,0,0,1,0,0,1,Medium,100,HIGH
Cagayan de Oro,Kauswagan,2014-11-17,11,11.54,27.92,26.05,31.01,31.28,3.81,73.6,Zone 6,Safe,1,2,1,1,0,0,1,1,Medium,100,HIGH
Cagayan de Oro,Kauswagan,2010-05-10,5,7.66,30.75,27.4,33.86,34.13,1.88,73.8,Zone 3,Unaccounted,10,0,0,0,0,0,0,1,Medium,100,HIGH
Cagayan de Oro,Kauswagan,2008-06-27,6,6.84,27.02,23.61,30.7,31.39,4.89,83.7,Zone 3,Safe,2,1,0,0,0,0,0,1,Medium,100,HIGH
Cagayan de Oro,Kauswagan,2021-10-06,10,9.85,28.49,25.49,31.65,33.06,2.66,85.7,Zone 6,Safe,4,1,0,0,0,0,1,1,Medium,81,HIGH
Cagayan de Oro,Kauswagan,2022-04-02,4,3.39,29.18,26.03,32.96,32.62,2.55,74.4,Zone 4,Safe,8,0,0,0,0,1,0,0,,38,LOW
Cagayan de Oro,Kauswagan,2006-02-20,2,11.14,27.57,25.78,29.19,30.63,3.24,70.6,Zone 1,Safe,3,0,0,0,0,0,0,1,Medium,44,MEDIUM
Cagayan de Oro,Kauswagan,2017-11-23,11,12.53,27.07,24.75,30.45,31.01,1.76,79.4,Zone 6,Safe,2,2,1,0,0,0,0,1,Medium,89,HIGH
Cagayan de Oro,Kauswagan,2015-02-04,2,6.76,28.69,26.38,30.51,32.72,2.65,80.3,Zone 5,Safe,2,1,0,0,0,0,0,1,,98,HIGH
Cagayan de Oro,Kauswagan,2013-03-24,3,4.8,28.33,25.51,32.14,32.08,2.57,77.5,Zone 5,Evacuated,4,0,0,1,0,0,0,0,,82,HIGH
Cagayan de Oro,Kauswagan,2021-01-10,1,10.28,27.56,25.68,30.01,31.34,2.59,77.8,Zone 2,Safe,1,1,0,0,0,0,0,1,Medium,63,MEDIUM
Cagayan de Oro,Kauswagan,2012-11-26,11,7.48,28.19,25.14,29.95,31.99,2.01,78.0,Zone 3,Evacuated,5,1,0,0,0,0,0,1,Medium,91,HIGH
Cagayan de Oro,Kauswagan,2020-01-26,1,4.6,26.88,24.01,29.94,30.11,2.28,72.3,Zone 3,Safe,6,2,0,0,1,0,0,0,,100,HIGH
Cagayan de Oro,Kauswagan,2022-03-05,3,4.91,28.86,26.79,30.68,31.84,4.38,69.8,Zone 6,Unaccounted,10,0,0,0,1,1,0,0,Medium,100,HIGH
Cagayan de Oro,Kauswagan,2003-02-26,2,13.76,27.02,23.91,29.06,30.36,2.57,73.4,Zone 3,Evacuated,10,0,0,0,0,1,1,1,Medium,100,HIGH
Cagayan de Oro,Kauswagan,2006-01-25,1,4.76,27.41,25.45,30.04,31.44,2.56,80.3,Zone 2,Safe,4,0,0,0,0,0,0,0,,47,MEDIUM
Cagayan de Oro,Kauswagan,2014-06-18,6,9.05,28.6,26.33,32.01,33.5,3.17,89.0,Zone 2,Safe,1,1,0,0,0,0,0,1,Medium,63,MEDIUM
Cagayan de Oro,Kauswagan,2007-12-25,12,8.93,26.35,24.8,30.33,31.16,1.29,88.1,Zone 6,Unaccounted,7,0,0,0,0,1,0,1,Medium,100,HIGH
Cagayan de Oro,Kauswagan,2018-04-18,4,10.34,27.62,25.56,29.54,30.95,2.55,73.3,Zone 5,Evacuated,8,1,0,0,1,1,1,1,Medium,100,HIGH
Cagayan de Oro,Kauswagan,2010-01-14,1,7.18,27.9,26.14,31.55,31.2,1.64,73.0,Zone 1,Safe,2,0,0,0,0,0,0,1,Medium,42,MEDIUM
Cagayan de Oro,Kauswagan,2003-03-27,3,4.21,27.19,25.25,30.47,31.12,5.24,79.3,Zone 2,Safe,4,0,0,0,0,0,0,0,High,62,MEDIUM
Cagayan de Oro,Kauswagan,2018-06-13,6,7.82,28.05,25.42,31.47,32.35,0.91,83.0,Zone 5,Safe,7,3,0,0,0,0,0,1,Medium,100,HIGH
Cagayan de Oro,Kauswagan,2017-02-12,2,4.08,26.57,23.89,30.02,30.09,3.15,75.2,Zone 5,Safe,5,0,0,0,0,0,0,0,Medium,96,HIGH
Cagayan de Oro,Kauswagan,2018-04-09,4,5.36,28.26,25.08,30.1,31.2,2.42,69.4,Zone 1,Unaccounted,8,0,0,0,0,0,0,1,,63,MEDIUM
Cagayan de Oro,Kauswagan,2006-09-02,9,8.17,26.3,23.21,29.09,30.62,3.2,83.2,Zone 6,Safe,1,3,0,0,0,1,0,1,Medium,89,HIGH
Cagayan de Oro,Kauswagan,2006-09-08,9,16.47,27.24,24.84,29.43,32.42,4.89,91.8,Zone 6,Unaccounted,8,1,0,0,0,0,1,1,High,100,HIGH
Cagayan de Oro,Kauswagan,2006-01-17,1,18.6,27.29,24.17,30.47,32.26,3.07,89.7,Zone 5,Safe,3,0,1,0,1,0,0,1,High,100,HIGH
Cagayan de Oro,Kauswagan,2017-12-02,12,7.53,27.87,26.2,30.64,31.89,2.74,80.2,Zone 6,Safe,2,0,0,0,0,0,0,1,Medium,65,MEDIUM
Cagayan de Oro,Kauswagan,2005-04-11,4,5.74,28.43,24.99,31.96,30.96,2.04,65.3,Zone 5,Safe,9,3,0,0,0,0,0,1,,100,HIGH
Cagayan de Oro,Kauswagan,2015-04-26,4,7.29,27.28,25.43,30.54,30.52,3.61,72.4,Zone 3,Safe,10,0,0,0,0,0,0,1,Medium,100,HIGH
Cagayan de Oro,Kauswagan,2014-09-22,9,8.8,27.66,25.27,30.92,32.66,2.19,90.0,Zone 1,Safe,8,1,0,0,0,0,0,1,Medium,58,MEDIUM
Cagayan de Oro,Kauswagan,2009-01-11,1,8.63,27.96,24.46,31.47,31.29,4.0,73.3,Zone 2,Evacuated,10,0,0,0,1,1,0,1,Medium,70,HIGH
Cagayan de Oro,Kauswagan,2016-07-13,7,11.57,27.7,24.55,29.4,31.32,1.65,76.2,Zone 3,Safe,9,1,0,0,0,0,0,1,Medium,100,HIGH
Cagayan de Oro,Kauswagan,2004-08-01,8,7.77,27.39,25.77,29.56,31.77,2.38,83.8,Zone 2,Safe,2,1,0,0,0,0,0,1,Medium,65,MEDIUM
Cagayan de Oro,Kauswagan,2005-10-01,10,12.4,26.52,23.43,28.15,31.17,4.47,86.5,Zone 6,Safe,8,1,0,0,0,0,0,1,Medium,81,HIGH
Cagayan de Oro,Kauswagan,2011-01-24,1,4.09,27.35,24.68,30.21,30.76,1.89,74.1,Zone 5,Unaccounted,2,2,0,0,1,0,0,0,,100,HIGH
Cagayan de Oro,Kauswagan,2013-10-01,10,11.25,25.95,23.95,29.94,30.06,4.59,81.1,Zone 6,Safe,3,1,0,0,0,0,1,1,Medium,80,HIGH
Cagayan de Oro,Kauswagan,2021-01-26,1,8.8,26.71,24.61,30.29,30.64,0.66,79.3,Zone 6,Unaccounted,7,1,0,0,0,1,0,1,Medium,100,HIGH
Cagayan de Oro,Kauswagan,2005-11-08,11,11.23,27.01,25.11,29.99,31.39,0.62,83.8,Zone 2,Evacuated,7,1,0,0,1,0,0,1,Medium,67,MEDIUM
Cagayan de Oro,Kauswagan,2015-02-14,2,5.33,28.54,25.13,30.41,32.25,1.42,77.1,Zone 2,Safe,1,0,0,1,0,0,0,1,,60,MEDIUM
Cagayan de Oro,Kauswagan,2008-04-27,4,5.49,29.69,26.67,32.28,33.25,5.09,75.6,Zone 6,Safe,9,1,0,0,0,0,1,1,High,96,HIGH
Cagayan de Oro,Kauswagan,2022-10-04,10,13.22,27.6,25.21,29.14,31.46,2.29,78.6,Zone 5,Evacuated,5,1,0,0,0,0,0,1,Medium,95,HIGH
Cagayan de Oro,Kauswagan,2003-11-05,11,8.52,27.54,25.61,29.17,32.24,2.44,87.0,Zone 5,Safe,9,3,0,0,0,0,0,1,Medium,100,HIGH
Cagayan de Oro,Kauswagan,2008-07-02,7,11.46,26.31,23.49,29.46,31.5,1.71,91.9,Zone 1,Evacuated,5,1,1,0,0,1,1,1,Medium,65,MEDIUM
Cagayan de Oro,Kauswagan,2022-06-22,6,7.82,27.54,24.9,30.53,31.78,0.14,82.4,Zone 6,Unaccounted,10,1,0,0,0,0,0,1,Medium,99,HIGH
Cagayan de Oro,Kauswagan,2017-02-03,2,6.05,27.85,24.42,31.18,31.19,0.6,73.4,Zone 3,Safe,10,3,1,0,0,1,1,1,,100,HIGH
Cagayan de Oro,Kauswagan,2011-09-13,9,13.08,27.24,25.13,29.09,32.01,4.71,87.7,Zone 3,Evacuated,8,3,0,1,0,0,1,1,Medium,100,HIGH
Cagayan de Oro,Kauswagan,2019-10-15,10,9.12,26.42,24.17,30.25,31.2,2.5,87.8,Zone 3,Safe,1,3,0,0,0,0,0,1,Medium,100,HIGH
Cagayan de Oro,Kauswagan,2018-01-14,1,9.23,26.51,24.37,29.68,29.7,0.98,71.9,Zone 3,Unaccounted,3,2,0,0,0,0,0,1,Medium,100,HIGH
Cagayan de Oro,Kauswagan,2022-02-10,2,3.86,27.82,25.51,31.23,31.66,2.97,78.4,Zone 3,Evacuated,3,0,0,0,0,0,0,0,,67,MEDIUM
Cagayan de Oro,Kauswagan,2008-10-09,10,12.07,29.27,26.57,31.83,34.03,2.68,87.6,Zone 6,Unaccounted,3,1,0,0,0,1,1,1,Medium,100,HIGH
Cagayan de Oro,Kauswagan,2004-11-21,11,9.32,27.7,25.67,30.67,32.2,1.63,85.0,Zone 3,Safe,2,1,0,0,0,1,1,1,Medium,100,HIGH
Cagayan de Oro,Kauswagan,2016-02-12,2,6.46,26.23,24.64,29.98,30.12,1.11,78.9,Zone 2,Evacuated,3,0,0,0,0,0,1,1,,46,MEDIUM
Cagayan de Oro,Kauswagan,2013-09-08,9,6.86,26.83,23.88,29.22,31.41,0.95,85.8,Zone 3,Evacuated,8,1,0,1,0,1,0,1,,100,HIGH
Cagayan de Oro,Kauswagan,2004-05-21,5,3.43,30.34,27.07,34.16,33.25,2.24,69.1,Zone 3,Evacuated,5,2,0,0,0,0,0,0,,82,HIGH
Cagayan de Oro,Kauswagan,2011-09-08,9,10.83,27.51,24.14,30.08,31.69,2.41,81.8,Zone 6,Safe,9,1,0,0,0,0,0,1,Medium,81,HIGH
Cagayan de Oro,Kauswagan,2020-01-05,1,11.1,26.83,24.65,29.29,30.94,2.97,81.1,Zone 5,Safe,6,0,0,0,0,0,0,1,Medium,100,HIGH
Cagayan de Oro,Kauswagan,2011-11-14,11,7.04,28.28,25.69,30.09,32.29,2.12,80.1,Zone 6,Safe,10,3,0,0,1,1,0,1,Medium,100,HIGH
Cagayan de Oro,Kauswagan,2019-09-23,9,6.42,27.77,25.81,29.37,32.23,2.84,84.6,Zone 5,Safe,5,1,0,0,0,0,0,1,,100,HIGH
Cagayan de Oro,Kauswagan,2022-09-15,9,11.59,26.55,23.9,29.11,31.18,2.74,86.3,Zone 5,Evacuated,2,1,0,0,0,0,0,1,Medium,90,HIGH
Cagayan de Oro,Kauswagan,2010-02-19,2,4.32,28.21,25.99,31.6,32.39,2.83,81.8,Zone 2,Safe,3,3,1,0,0,1,0,0,,84,HIGH
Cagayan de Oro,Kauswagan,2018-04-07,4,8.3,28.97,26.03,32.71,32.15,1.04,71.8,Zone 5,Safe,4,0,0,0,0,0,0,1,Medium,100,HIGH
Cagayan de Oro,Kauswagan,2006-09-17,9,7.37,26.51,24.21,29.96,31.31,3.96,88.0,Zone 5,Evacuated,3,1,1,0,1,1,0,1,Medium,100,HIGH
Cagayan de Oro,Kauswagan,2022-05-04,5,6.3,29.68,27.99,31.97,32.81,2.26,71.3,Zone 5,Safe,4,1,0,0,0,0,0,1,,100,HIGH
Cagayan de Oro,Kauswagan,2015-10-14,10,7.61,25.86,22.67,28.54,29.99,4.65,81.3,Zone 6,Evacuated,2,2,0,0,0,0,0,1,Medium,62,MEDIUM
Cagayan de Oro,Kauswagan,2020-05-20,5,8.18,29.05,26.4,31.92,32.66,2.79,76.1,Zone 5,Safe,9,3,0,0,0,1,0,1,Medium,100,HIGH
Cagayan de Oro,Kauswagan,2020-08-27,8,9.43,27.44,25.65,29.62,31.73,1.61,82.9,Zone 3,Safe,7,1,0,1,1,1,0,1,Medium,100,HIGH
Cagayan de Oro,Kauswagan,2015-03-13,3,7.89,27.95,24.56,30.81,31.35,1.58,74.0,Zone 5,Evacuated,9,1,0,0,1,1,1,1,Medium,100,HIGH
Cagayan de Oro,Kauswagan,2017-10-18,10,6.88,27.87,25.75,30.64,32.31,3.4,84.4,Zone 5,Safe,2,1,0,0,1,0,0,1,Medium,100,HIGH
Cagayan de Oro,Kauswagan,2006-11-02,11,7.57,29.67,27.92,31.51,33.32,5.41,76.5,Zone 6,Safe,3,1,0,0,0,1,0,1,High,89,HIGH
Cagayan de Oro,Kauswagan,2015-06-08,6,7.09,27.24,23.96,28.85,31.23,2.06,79.9,Zone 6,Safe,8,1,1,0,0,0,0,1,Medium,93,HIGH
Cagayan de Oro,Kauswagan,2022-04-27,4,5.44,28.97,26.39,32.4,32.42,0.39,74.5,Zone 1,Unaccounted,4,0,0,0,0,0,0,1,,56,MEDIUM
Cagayan de Oro,Kauswagan,2007-12-21,12,10.94,26.1,24.4,29.05,30.05,0.25,79.5,Zone 3,Safe,10,0,0,0,0,0,0,1,Medium,100,HIGH
Cagayan de Oro,Kauswagan,2022-01-01,1,6.1,27.55,24.74,30.48,31.23,0.22,76.8,Zone 6,Unaccounted,5,0,0,1,0,0,0,1,,91,HIGH
Cagayan de Oro,Kauswagan,2015-01-10,1,4.13,27.46,23.96,30.67,31.58,4.6,81.2,Zone 4,Safe,9,1,0,0,0,0,0,0,Medium,43,MEDIUM
Cagayan de Oro,Kauswagan,2013-07-02,7,12.8,27.21,24.13,29.37,32.15,2.7,89.4,Zone 2,Safe,5,1,0,0,0,1,1,1,Medium,85,HIGH
Cagayan de Oro,Kauswagan,2003-06-18,6,10.43,28.18,25.54,31.64,32.26,2.73,80.8,Zone 4,Safe,6,3,0,0,0,0,0,1,Medium,60,MEDIUM
Cagayan de Oro,Kauswagan,2022-09-26,9,9.18,26.06,24.5,27.89,29.71,4.0,76.5,Zone 3,Unaccounted,6,1,0,0,0,0,0,1,Medium,100,HIGH
Cagayan de Oro,Kauswagan,2007-07-26,7,8.58,27.75,24.54,29.71,32.12,2.59,83.7,Zone 1,Safe,5,1,0,0,0,0,0,1,Medium,53,MEDIUM
Cagayan de Oro,Kauswagan,2022-06-20,6,17.45,29.92,27.73,33.73,33.84,3.76,79.2,Zone 3,Safe,7,1,0,0,0,0,0,1,High,100,HIGH
Cagayan de Oro,Kauswagan,2012-03-05,3,12.98,28.46,26.6,31.87,31.84,2.04,73.8,Zone 5,Safe,8,1,0,0,0,0,0,1,Medium,100,HIGH
Cagayan de Oro,Kauswagan,2013-07-05,7,7.48,27.19,24.46,29.67,31.9,2.33,87.1,Zone 6,Safe,3,1,1,0,1,1,0,1,Medium,100,HIGH
Cagayan de Oro,Kauswagan,2019-05-18,5,7.65,27.5,24.72,31.48,31.05,0.81,75.5,Zone 3,Safe,9,0,0,0,0,0,0,1,Medium,100,HIGH
Cagayan de Oro,Kauswagan,2018-09-13,9,7.5,26.58,23.66,30.56,30.65,3.37,80.7,Zone 3,Safe,2,1,0,0,1,0,0,1,Medium,100,HIGH
Cagayan de Oro,Kauswagan,2003-08-26,8,9.62,28.19,24.83,30.37,32.68,1.16,84.9,Zone 5,Safe,7,2,1,0,0,1,0,1,Medium,100,HIGH
Cagayan de Oro,Kauswagan,2006-03-24,3,3.54,28.06,24.72,29.69,31.55,1.87,74.9,Zone 3,Safe,4,1,0,1,1,0,0,0,,100,HIGH
Cagayan de Oro,Kauswagan,2021-07-12,7,11.79,29.58,26.62,33.25,33.95,0.0,83.7,Zone 1,Safe,8,1,0,1,1,0,1,1,Medium,83,HIGH
Cagayan de Oro,Kauswagan,2012-09-06,9,15.75,28.4,26.64,31.58,33.08,3.26,86.8,Zone 3,Evacuated,4,1,0,0,1,0,1,1,High,100,HIGH
Cagayan de Oro,Kauswagan,2016-01-02,1,7.18,28.78,26.77,31.91,33.45,2.06,86.7,Zone 5,Safe,8,0,0,0,0,0,0,1,Medium,100,HIGH
Cagayan de Oro,Kauswagan,2005-04-28,4,7.39,29.42,27.7,33.28,32.84,5.15,74.2,Zone 5,Safe,8,0,0,0,0,1,0,1,High,100,HIGH
Cagayan de Oro,Kauswagan,2005-11-20,11,10.35,28.69,26.29,32.44,32.96,2.79,82.7,Zone 3,Safe,4,1,0,0,0,0,0,1,Medium,100,HIGH
Cagayan de Oro,Kauswagan,2008-11-22,11,7.8,26.46,23.98,28.04,30.64,4.83,81.8,Zone 6,Unaccounted,9,1,1,0,0,0,0,1,Medium,100,HIGH
Cagayan de Oro,Kauswagan,2003-08-12,8,9.83,27.35,24.54,29.0,31.79,2.7,84.4,Zone 1,Unaccounted,10,2,1,1,1,0,0,1,Medium,100,HIGH
Cagayan de Oro,Kauswagan,2009-12-21,12,3.43,28.06,26.49,31.08,32.11,3.68,80.5,Zone 3,Evacuated,4,0,0,1,0,0,0,0,Medium,85,HIGH
Cagayan de Oro,Kauswagan,2010-05-20,5,13.2,29.36,27.2,31.43,33.55,2.58,81.9,Zone 2,Safe,1,2,1,0,0,0,1,1,Medium,88,HIGH
Cagayan de Oro,Kauswagan,2015-12-28,12,7.71,28.46,26.08,31.22,32.73,1.2,82.7,Zone 2,Safe,2,2,0,0,0,0,0,1,Medium,71,HIGH
Cagayan de Oro,Kauswagan,2011-03-09,3,11.33,27.51,25.5,30.69,31.41,3.55,79.0,Zone 4,Safe,5,0,0,1,1,0,0,1,Medium,58,MEDIUM
Cagayan de Oro,Kauswagan,2018-12-03,12,7.28,26.53,23.82,28.57,30.47,4.1,79.4,Zone 2,Evacuated,9,0,0,0,1,0,0,1,Medium,62,MEDIUM
Cagayan de Oro,Kauswagan,2022-04-21,4,7.23,28.62,26.87,31.46,32.03,0.78,74.1,Zone 5,Unaccounted,9,1,0,0,0,1,1,1,Medium,100,HIGH
Cagayan de Oro,Kauswagan,2019-10-17,10,8.16,26.82,23.77,30.53,30.9,3.37,80.8,Zone 2,Evacuated,10,1,0,0,1,1,1,1,Medium,83,HIGH
Cagayan de Oro,Kauswagan,2018-12-05,12,13.51,27.71,26.0,31.31,31.56,1.14,78.5,Zone 3,Evacuated,5,0,0,0,0,0,0,1,Medium,85,HIGH
Cagayan de Oro,Kauswagan,2022-02-28,2,13.89,28.21,25.63,32.12,31.77,2.92,75.6,Zone 6,Evacuated,3,0,0,1,1,0,1,1,Medium,77,HIGH
Cagayan de Oro,Kauswagan,2019-08-06,8,8.69,27.1,25.13,30.02,31.32,2.82,82.2,Zone 3,Safe,2,3,0,0,0,1,0,1,Medium,100,HIGH
Cagayan de Oro,Kauswagan,2008-01-13,1,20.17,27.92,24.53,30.84,31.34,1.49,74.2,Zone 3,Unaccounted,9,2,1,1,0,0,1,1,High,100,HIGH
Cagayan de Oro,Kauswagan,2004-03-04,3,2.33,28.73,25.6,30.27,32.05,3.05,73.2,Zone 3,Safe,1,0,0,0,0,1,0,0,Medium,93,HIGH
Cagayan de Oro,Kauswagan,2015-08-14,8,6.86,27.58,25.85,31.36,31.73,2.47,81.5,Zone 5,Safe,10,2,0,0,0,1,0,1,,100,HIGH
Cagayan de Oro,Kauswagan,2006-12-13,12,9.76,26.24,24.72,27.95,30.57,3.3,83.3,Zone 5,Safe,6,0,0,0,0,0,0,1,Medium,100,HIGH
Cagayan de Oro,Kauswagan,2010-01-24,1,10.4,27.72,24.42,29.94,32.08,2.9,83.6,Zone 5,Safe,4,1,0,0,0,0,0,1,Medium,100,HIGH
Cagayan de Oro,Kauswagan,2004-09-25,9,23.05,26.68,23.61,28.87,31.47,1.34,87.9,Zone 1,Evacuated,9,2,0,0,0,0,0,1,High,57,MEDIUM
Cagayan de Oro,Kauswagan,2021-05-14,5,7.49,29.87,27.74,33.06,33.75,0.87,78.8,Zone 5,Safe,1,0,1,0,0,1,0,1,Medium,100,HIGH
Cagayan de Oro,Kauswagan,2003-07-06,7,14.31,27.93,25.69,31.47,32.9,2.35,89.7,Zone 2,Unaccounted,10,1,1,0,1,0,0,1,Medium,100,HIGH
Cagayan de Oro,Kauswagan,2016-12-02,12,5.78,26.48,24.11,30.22,30.67,2.18,81.9,Zone 1,Safe,5,0,0,0,0,0,0,1,,40,MEDIUM
Cagayan de Oro,Kauswagan,2014-11-13,11,7.95,26.63,24.53,28.35,30.59,1.45,79.6,Zone 3,Safe,4,3,0,0,0,0,0,1,Medium,100,HIGH
Cagayan de Oro,Kauswagan,2013-08-18,8,10.61,27.54,25.84,30.58,32.66,0.56,91.2,Zone 3,Unaccounted,10,1,1,0,0,0,0,1,Medium,100,HIGH
Cagayan de Oro,Kauswagan,2003-09-20,9,7.44,26.81,24.58,29.71,31.47,1.54,86.6,Zone 6,Safe,7,1,0,0,0,0,0,1,Medium,80,HIGH
Cagayan de Oro,Kauswagan,2020-03-13,3,5.41,28.19,25.24,31.1,31.63,4.02,74.4,Zone 5,Safe,7,1,0,1,0,0,1,1,Medium,100,HIGH
Cagayan de Oro,Kauswagan,2020-09-14,9,6.41,27.48,24.87,31.22,31.88,1.08,84.0,Zone 2,Safe,8,1,0,0,0,1,0,1,,76,HIGH
Cagayan de Oro,Kauswagan,2014-10-03,10,12.43,25.55,23.99,29.06,30.05,2.55,85.0,Zone 2,Safe,6,1,0,0,0,0,0,1,Medium,72,HIGH
Cagayan de Oro,Kauswagan,2003-08-13,8,8.58,28.45,25.56,30.54,32.28,1.53,78.3,Zone 3,Safe,2,1,0,0,1,1,0,1,Medium,100,HIGH
Cagayan de Oro,Kauswagan,2021-11-17,11,7.94,28.07,25.45,31.75,32.8,3.23,87.3,Zone 3,Safe,5,3,1,0,0,0,0,1,Medium,100,HIGH
Cagayan de Oro,Kauswagan,2007-10-12,10,11.47,27.33,23.95,30.79,32.14,0.85,88.1,Zone 6,Safe,9,1,0,1,0,1,1,1,Medium,100,HIGH
Cagayan de Oro,Kauswagan,2005-05-23,5,6.07,28.6,25.76,30.44,32.72,1.09,81.2,Zone 6,Safe,10,0,0,0,0,0,0,1,,68,MEDIUM
Cagayan de Oro,Kauswagan,2020-09-22,9,11.89,27.03,25.24,28.76,31.42,1.97,83.9,Zone 6,Evacuated,7,3,0,0,0,0,0,1,Medium,77,HIGH
Cagayan de Oro,Kauswagan,2007-03-06,3,7.92,28.7,25.99,31.39,32.0,3.48,73.0,Zone 6,Safe,2,0,0,0,1,0,1,1,Medium,80,HIGH
Cagayan de Oro,Kauswagan,2006-05-05,5,7.72,30.5,27.35,32.87,33.96,1.85,74.6,Zone 5,Safe,8,2,0,0,0,0,0,1,Medium,100,HIGH
Cagayan de Oro,Kauswagan,2019-07-25,7,10.15,28.8,27.05,32.41,33.48,2.26,86.8,Zone 1,Safe,6,1,0,0,0,0,0,1,Medium,55,MEDIUM
Cagayan de Oro,Kauswagan,2004-10-01,10,13.48,27.15,25.52,29.65,31.65,1.21,85.0,Zone 6,Unaccounted,6,1,1,1,0,1,0,1,Medium,100,HIGH
Cagayan de Oro,Kauswagan,2018-03-09,3,6.19,28.6,25.12,31.36,32.21,2.69,76.1,Zone 3,Unaccounted,10,0,0,0,1,0,0,1,,100,HIGH
Cagayan de Oro,Kauswagan,2005-01-02,1,4.95,26.3,23.83,29.43,29.4,3.85,71.0,Zone 6,Unaccounted,9,0,0,0,0,1,0,0,Medium,93,HIGH
Cagayan de Oro,Kauswagan,2007-04-03,4,3.07,28.97,25.48,30.65,32.49,1.32,75.2,Zone 5,Unaccounted,9,3,1,0,1,0,0,0,,100,HIGH
Cagayan de Oro,Kauswagan,2004-08-03,8,8.69,27.39,24.32,31.25,31.62,1.61,82.3,Zone 6,Evacuated,1,1,1,0,0,0,0,1,Medium,66,MEDIUM
Cagayan de Oro,Kauswagan,2017-10-06,10,8.45,25.52,22.25,27.29,29.74,2.77,82.2,Zone 3,Unaccounted,2,1,0,0,0,0,0,1,Medium,100,HIGH
Cagayan de Oro,Kauswagan,2014-12-02,12,7.01,26.61,24.66,30.15,30.99,2.65,83.8,Zone 1,Evacuated,1,2,0,0,0,0,0,1,Medium,37,LOW
Cagayan de Oro,Kauswagan,2017-01-02,1,7.16,27.28,25.64,29.86,31.7,2.82,84.2,Zone 6,Safe,1,0,0,0,0,0,0,1,Medium,63,MEDIUM
Cagayan de Oro,Kauswagan,2005-12-27,12,10.29,26.29,23.04,29.23,30.3,2.28,80.1,Zone 6,Safe,6,1,0,0,0,0,0,1,Medium,78,HIGH
Cagayan de Oro,Kauswagan,2021-11-05,11,6.76,27.31,24.77,29.84,31.11,2.95,78.0,Zone 3,Safe,4,3,0,0,0,0,0,1,,100,HIGH
Cagayan de Oro,Kauswagan,2011-03-20,3,10.25,27.98,25.92,30.66,30.47,2.44,64.9,Zone 5,Safe,2,3,0,1,0,0,1,1,Medium,100,HIGH
Cagayan de Oro,Kauswagan,2012-08-07,8,7.98,27.05,23.93,28.76,32.14,2.42,90.9,Zone 6,Unaccounted,2,1,0,0,0,0,0,1,Medium,89,HIGH
Cagayan de Oro,Kauswagan,2020-03-12,3,4.99,30.15,27.32,32.66,33.57,2.92,74.2,Zone 5,Evacuated,2,0,0,0,0,0,0,0,,69,MEDIUM
Cagayan de Oro,Kauswagan,2017-12-12,12,6.43,27.03,25.02,30.44,30.78,0.93,77.5,Zone 2,Unaccounted,6,2,0,0,0,0,0,1,,89,HIGH
Cagayan de Oro,Kauswagan,2015-09-02,9,11.75,26.39,23.17,30.34,30.82,1.44,84.3,Zone 5,Safe,7,1,0,1,0,0,0,1,Medium,100,HIGH
Cagayan de Oro,Kauswagan,2012-12-09,12,12.22,26.08,22.72,28.84,29.87,3.66,77.9,Zone 3,Safe,3,0,0,0,0,0,0,1,Medium,97,HIGH
Cagayan de Oro,Kauswagan,2012-11-28,11,9.1,26.77,24.46,28.61,30.83,2.23,80.6,Zone 2,Safe,6,1,1,0,1,0,0,1,Medium,92,HIGH
Cagayan de Oro,Kauswagan,2017-07-12,7,16.02,26.97,24.23,29.35,30.81,3.04,78.4,Zone 6,Safe,7,1,1,0,0,0,0,1,High,100,HIGH
Cagayan de Oro,Kauswagan,2020-10-02,10,8.78,28.47,25.1,32.23,32.88,3.13,84.1,Zone 3,Safe,1,1,1,0,0,0,0,1,Medium,100,HIGH
Cagayan de Oro,Kauswagan,2006-11-20,11,11.77,27.11,23.83,28.86,31.5,0.77,83.9,Zone 2,Safe,2,1,0,0,0,1,0,1,Medium,73,HIGH
Cagayan de Oro,Kauswagan,2003-02-20,2,6.3,28.89,27.11,32.4,32.45,1.57,75.6,Zone 5,Evacuated,8,1,0,0,0,0,0,1,,93,HIGH
Cagayan de Oro,Kauswagan,2008-12-06,12,5.22,26.86,24.09,29.38,31.61,2.14,87.5,Zone 3,Evacuated,4,0,1,0,1,0,1,1,,100,HIGH
Cagayan de Oro,Kauswagan,2005-03-01,3,4.15,28.14,25.31,30.1,31.1,0.29,69.6,Zone 6,Unaccounted,10,0,1,1,0,1,0,0,,100,HIGH
Cagayan de Oro,Kauswagan,2005-12-02,12,9.25,28.66,26.52,31.0,32.89,3.25,82.3,Zone 5,Unaccounted,3,2,0,0,0,0,0,1,Medium,100,HIGH
Cagayan de Oro,Kauswagan,2021-11-22,11,8.53,27.04,25.02,30.12,31.56,0.38,85.2,Zone 3,Evacuated,1,1,0,0,0,0,0,1,Medium,84,HIGH
Cagayan de Oro,Kauswagan,2017-08-04,8,11.37,27.92,25.01,31.53,31.71,2.91,77.9,Zone 3,Safe,9,1,0,0,0,0,0,1,Medium,100,HIGH
Cagayan de Oro,Kauswagan,2014-12-19,12,6.56,27.16,24.37,30.94,31.84,0.96,86.8,Zone 3,Evacuated,2,0,0,1,1,1,0,1,,99,HIGH
Cagayan de Oro,Kauswagan,2009-12-01,12,9.48,28.18,25.3,31.13,32.41,1.55,82.3,Zone 3,Safe,6,0,0,0,0,0,0,1,Medium,100,HIGH
Cagayan de Oro,Kauswagan,2004-04-14,4,1.36,27.24,24.73,30.49,31.28,2.14,80.4,Zone 3,Evacuated,2,0,0,0,0,0,0,0,,65,MEDIUM
Cagayan de Oro,Kauswagan,2010-10-04,10,8.4,27.18,23.7,29.52,30.81,3.54,76.3,Zone 5,Evacuated,3,3,0,0,0,0,0,1,Medium,100,HIGH
Cagayan de Oro,Kauswagan,2021-04-12,4,6.25,26.32,24.14,27.93,30.19,3.95,78.7,Zone 3,Safe,1,0,1,0,1,0,1,1,Medium,100,HIGH
Cagayan de Oro,Kauswagan,2021-01-13,1,5.07,26.39,24.03,30.18,30.09,3.7,77.0,Zone 2,Unaccounted,1,0,0,0,0,0,0,1,Medium,75,HIGH
Cagayan de Oro,Kauswagan,2011-08-16,8,12.76,27.84,26.25,31.08,32.45,1.88,86.1,Zone 1,Safe,8,1,0,1,0,0,0,1,Medium,68,MEDIUM
Cagayan de Oro,Kauswagan,2009-12-07,12,5.32,27.08,24.44,29.3,31.13,2.66,80.5,Zone 3,Safe,6,2,0,0,0,0,0,1,,100,HIGH
Cagayan de Oro,Kauswagan,2017-07-16,7,11.3,28.41,26.16,32.03,32.51,2.68,81.0,Zone 3,Safe,6,1,0,0,0,0,0,1,Medium,100,HIGH
Cagayan de Oro,Kauswagan,2003-06-27,6,7.86,28.2,26.55,30.23,32.72,0.16,85.2,Zone 3,Safe,5,1,0,0,0,0,0,1,Medium,100,HIGH
Cagayan de Oro,Kauswagan,2017-05-04,5,5.18,30.69,28.12,32.65,34.28,1.63,75.9,Zone 5,Safe,3,1,0,1,0,0,0,1,,100,HIGH
Cagayan de Oro,Kauswagan,2010-04-26,4,3.89,29.54,27.42,33.18,32.35,5.5,68.1,Zone 6,Safe,1,0,0,0,0,1,0,0,High,71,HIGH
Cagayan de Oro,Kauswagan,2014-11-02,11,11.36,28.0,26.01,31.09,32.05,5.04,80.5,Zone 6,Unaccounted,9,3,0,1,0,0,0,1,High,100,HIGH
Cagayan de Oro,Kauswagan,2006-01-05,1,11.73,27.97,26.29,30.45,31.58,1.72,76.1,Zone 3,Safe,3,1,0,0,0,0,0,1,Medium,100,HIGH
Cagayan de Oro,Kauswagan,2017-11-11,11,10.09,27.83,25.66,31.52,33.17,5.1,93.4,Zone 4,Safe,9,1,1,1,0,0,0,1,High,81,HIGH
Cagayan de Oro,Kauswagan,2021-03-19,3,4.74,28.62,25.58,30.9,32.15,0.38,75.3,Zone 2,Safe,4,3,0,0,0,0,0,0,,65,MEDIUM
Cagayan de Oro,Kauswagan,2008-11-26,11,12.96,27.28,24.19,30.99,31.4,4.34,81.2,Zone 6,Safe,6,1,0,0,0,0,0,1,Medium,78,HIGH
Cagayan de Oro,Kauswagan,2017-05-15,5,4.74,30.13,26.85,33.37,33.9,3.03,77.7,Zone 6,Safe,8,0,0,1,0,0,1,0,Medium,84,HIGH
Cagayan de Oro,Kauswagan,2020-12-25,12,6.13,26.66,25.15,28.63,30.72,4.05,80.6,Zone 5,Evacuated,3,0,1,1,0,0,0,1,Medium,100,HIGH
Cagayan de Oro,Kauswagan,2006-06-17,6,10.73,26.95,24.41,30.72,30.66,2.15,77.1,Zone 3,Evacuated,6,1,0,0,0,0,0,1,Medium,93,HIGH
Cagayan de Oro,Kauswagan,2016-02-17,2,3.88,27.08,25.16,29.51,31.35,2.44,82.7,Zone 5,Safe,2,1,0,0,0,1,1,0,,100,HIGH
Cagayan de Oro,Kauswagan,2008-12-16,12,13.33,28.12,25.21,29.86,31.98,4.85,78.6,Zone 5,Safe,1,1,0,1,1,0,0,1,Medium,100,HIGH
Cagayan de Oro,Kauswagan,2022-08-18,8,8.09,27.99,24.77,29.66,32.81,1.59,88.2,Zone 1,Unaccounted,10,3,0,0,0,0,1,1,Medium,95,HIGH
Cagayan de Oro,Kauswagan,2019-08-06,8,8.95,28.06,26.01,31.96,32.56,2.27,85.0,Zone 5,Safe,1,2,0,1,1,0,1,1,Medium,100,HIGH
Cagayan de Oro,Kauswagan,2003-08-06,8,7.35,27.79,26.18,30.67,32.25,0.9,84.6,Zone 5,Evacuated,9,1,0,1,1,0,1,1,Medium,100,HIGH
Cagayan de Oro,Kauswagan,2011-03-02,3,3.45,27.65,25.97,29.85,30.84,1.62,71.9,Zone 3,Unaccounted,4,1,1,0,0,1,1,0,,100,HIGH
Cagayan de Oro,Kauswagan,2021-07-12,7,11.86,27.54,24.84,29.53,31.68,2.96,81.4,Zone 1,Safe,3,2,0,1,0,0,0,1,Medium,66,MEDIUM
Cagayan de Oro,Kauswagan,2009-01-21,1,10.56,27.04,23.58,29.23,30.93,2.54,78.9,Zone 6,Evacuated,3,0,0,0,0,0,0,1,Medium,52,MEDIUM
Cagayan de Oro,Kauswagan,2018-12-15,12,5.34,26.57,24.35,30.4,30.35,1.23,77.8,Zone 6,Evacuated,2,0,1,0,0,0,0,1,,55,MEDIUM
Cagayan de Oro,Kauswagan,2005-03-17,3,4.13,27.72,25.38,31.44,31.09,2.16,73.7,Zone 6,Safe,7,0,1,0,0,0,0,0,,71,HIGH
Cagayan de Oro,Kauswagan,2022-06-23,6,18.5,28.25,26.29,31.82,32.09,2.1,78.4,Zone 3,Safe,6,1,0,0,0,0,1,1,High,100,HIGH
Cagayan de Oro,Kauswagan,2007-09-08,9,8.03,27.19,24.15,30.4,31.81,2.45,86.2,Zone 3,Evacuated,10,1,1,0,0,0,0,1,Medium,100,HIGH
Cagayan de Oro,Kauswagan,2015-08-10,8,14.39,28.5,25.27,30.1,33.11,2.48,86.1,Zone 5,Unaccounted,10,2,1,0,0,0,0,1,Medium,100,HIGH
Cagayan de Oro,Kauswagan,2010-01-09,1,14.43,27.45,24.27,30.8,31.65,3.45,82.0,Zone 4,Unaccounted,2,1,0,0,0,0,0,1,Medium,59,MEDIUM
Cagayan de Oro,Kauswagan,2005-03-19,3,11.58,28.36,25.26,30.37,31.38,3.78,70.2,Zone 1,Safe,8,0,0,0,0,0,0,1,Medium,52,MEDIUM
Cagayan de Oro,Kauswagan,2014-07-18,7,13.76,28.37,24.93,30.91,32.88,2.16,85.1,Zone 6,Unaccounted,7,1,1,0,0,1,0,1,Medium,100,HIGH
Cagayan de Oro,Kauswagan,2015-04-23,4,6.55,29.93,26.57,31.64,33.26,5.28,73.3,Zone 4,Safe,7,0,0,0,0,0,0,1,High,52,MEDIUM
Cagayan de Oro,Kauswagan,2011-10-10,10,14.25,27.41,25.31,29.0,31.87,4.26,84.6,Zone 1,Unaccounted,7,3,0,0,0,0,1,1,Medium,94,HIGH
Cagayan de Oro,Kauswagan,2010-04-23,4,4.15,29.16,26.52,31.52,33.17,0.08,80.1,Zone 5,Safe,10,0,0,0,0,0,0,0,,94,HIGH
Cagayan de Oro,Kauswagan,2008-03-28,3,6.88,27.03,24.76,29.61,31.09,3.41,80.6,Zone 5,Unaccounted,2,0,0,0,0,0,0,1,Medium,100,HIGH
Cagayan de Oro,Kauswagan,2016-04-26,4,15.24,29.16,26.33,32.96,32.36,1.53,72.0,Zone 5,Evacuated,9,1,0,0,0,0,0,1,High,100,HIGH
Cagayan de Oro,Kauswagan,2019-03-04,3,7.24,27.65,24.45,30.74,31.68,1.44,80.3,Zone 3,Unaccounted,9,1,1,0,1,0,1,1,Medium,100,HIGH
Cagayan de Oro,Kauswagan,2007-10-14,10,9.02,26.58,23.8,29.89,30.54,2.22,79.6,Zone 5,Unaccounted,2,2,0,0,0,1,0,1,Medium,100,HIGH
Cagayan de Oro,Kauswagan,2009-05-08,5,6.67,29.02,26.4,32.53,33.86,2.22,88.4,Zone 6,Unaccounted,5,3,0,1,1,1,0,1,,100,HIGH
Cagayan de Oro,Kauswagan,2020-01-12,1,10.63,26.18,24.21,28.29,29.95,2.86,77.7,Zone 3,Unaccounted,1,2,0,0,0,0,0,1,Medium,100,HIGH
Cagayan de Oro,Kauswagan,2014-02-23,2,4.78,27.08,23.88,29.9,30.49,3.44,74.1,Zone 1,Safe,6,3,0,0,0,0,0,0,Medium,59,MEDIUM
Cagayan de Oro,Kauswagan,2015-08-25,8,18.91,26.73,23.4,29.64,31.3,3.52,85.7,Zone 2,Safe,6,2,0,0,0,0,0,1,High,86,HIGH
Cagayan de Oro,Kauswagan,2011-12-24,12,11.49,28.11,25.17,31.97,32.55,2.56,84.4,Zone 6,Unaccounted,6,3,0,0,0,0,0,1,Medium,100,HIGH
Cagayan de Oro,Kauswagan,2014-04-14,4,3.43,28.83,26.2,32.81,31.84,2.32,70.1,Zone 3,Safe,7,3,0,0,0,0,1,0,,100,HIGH
Cagayan de Oro,Kauswagan,2005-07-26,7,6.87,28.22,25.86,31.98,32.95,2.04,87.3,Zone 5,Safe,3,1,0,0,0,0,0,1,,100,HIGH
Cagayan de Oro,Kauswagan,2003-09-23,9,8.73,27.11,24.46,30.92,32.16,1.82,90.5,Zone 3,Unaccounted,5,1,0,1,0,1,0,1,Medium,100,HIGH
Cagayan de Oro,Kauswagan,2013-10-05,10,9.99,27.25,24.18,29.68,31.44,2.53,81.9,Zone 3,Safe,5,3,0,0,0,0,0,1,Medium,100,HIGH
Cagayan de Oro,Kauswagan,2017-04-01,4,9.89,28.65,25.41,30.84,32.19,2.72,75.4,Zone 5,Safe,10,3,0,0,0,0,0,1,Medium,100,HIGH
Cagayan de Oro,Kauswagan,2012-07-04,7,6.99,26.7,25.09,29.87,31.09,0.95,83.9,Zone 3,Safe,9,1,0,0,0,0,0,1,,100,HIGH
Cagayan de Oro,Kauswagan,2006-03-14,3,14.31,27.84,25.74,30.13,31.33,0.74,74.9,Zone 3,Safe,1,0,0,0,0,0,0,1,Medium,93,HIGH
Cagayan de Oro,Kauswagan,2017-11-25,11,9.11,27.23,25.28,31.13,32.06,0.0,88.3,Zone 6,Evacuated,1,1,1,0,0,0,0,1,Medium,66,MEDIUM
Cagayan de Oro,Kauswagan,2014-08-17,8,9.23,27.55,24.21,29.41,32.19,1.22,86.4,Zone 3,Safe,6,2,0,0,0,0,0,1,Medium,100,HIGH
Cagayan de Oro,Kauswagan,2013-09-09,9,12.67,26.43,24.62,28.84,30.44,2.96,80.1,Zone 3,Unaccounted,5,2,0,0,0,0,0,1,Medium,100,HIGH
Cagayan de Oro,Kauswagan,2017-09-26,9,9.79,25.66,23.64,29.27,30.69,4.88,90.3,Zone 5,Evacuated,8,1,0,0,0,0,0,1,Medium,100,HIGH
Cagayan de Oro,Kauswagan,2003-11-06,11,7.95,27.2,24.32,29.73,31.32,3.29,81.2,Zone 3,Safe,3,1,0,0,0,0,0,1,Medium,100,HIGH
Cagayan de Oro,Kauswagan,2021-08-05,8,11.64,27.95,25.59,31.15,32.43,1.64,84.8,Zone 5,Safe,4,1,0,0,0,0,0,1,Medium,100,HIGH
Cagayan de Oro,Kauswagan,2004-01-21,1,6.26,27.5,24.15,30.57,30.8,2.08,73.0,Zone 6,Safe,3,2,1,1,0,0,1,1,,100,HIGH
Cagayan de Oro,Kauswagan,2019-06-21,6,8.66,29.24,26.42,30.85,32.98,2.58,77.4,Zone 2,Safe,3,1,0,1,0,0,0,1,Medium,77,HIGH
Cagayan de Oro,Kauswagan,2008-02-10,2,5.73,27.03,24.89,30.19,31.3,2.01,82.7,Zone 3,Unaccounted,2,0,0,1,0,0,0,1,,100,HIGH
Cagayan de Oro,Kauswagan,2006-10-23,10,19.6,26.52,23.48,28.56,31.01,2.0,84.9,Zone 6,Safe,2,1,0,0,0,0,0,1,High,79,HIGH
Cagayan de Oro,Kauswagan,2006-01-07,1,8.55,29.47,27.57,32.53,33.13,2.25,76.6,Zone 3,Safe,3,0,0,0,0,0,0,1,Medium,97,HIGH
Cagayan de Oro,Kauswagan,2022-12-01,12,9.99,27.71,24.92,30.65,31.91,5.26,82.0,Zone 5,Evacuated,8,1,0,0,0,0,0,1,High,100,HIGH
Cagayan de Oro,Kauswagan,2022-12-12,12,7.16,28.03,25.83,31.76,32.27,4.75,82.4,Zone 6,Evacuated,4,2,0,0,0,0,0,1,Medium,65,MEDIUM
Cagayan de Oro,Kauswagan,2017-03-21,3,5.68,27.65,25.7,30.69,31.55,2.48,79.0,Zone 3,Unaccounted,10,1,0,0,0,0,0,1,,100,HIGH
Cagayan de Oro,Kauswagan,2018-06-28,6,8.09,29.29,26.41,32.86,32.66,2.74,73.7,Zone 3,Evacuated,4,2,0,0,0,0,0,1,Medium,95,HIGH
Cagayan de Oro,Kauswagan,2016-04-14,4,5.37,29.26,27.59,31.64,32.9,4.42,76.4,Zone 2,Safe,7,0,0,0,0,0,0,1,Medium,68,MEDIUM
Cagayan de Oro,Kauswagan,2019-08-02,8,10.11,27.0,25.13,30.02,31.7,5.12,87.0,Zone 5,Evacuated,2,2,0,1,0,1,0,1,High,100,HIGH
Cagayan de Oro,Kauswagan,2003-01-04,1,9.73,27.62,25.14,29.51,31.74,2.09,81.2,Zone 5,Safe,9,0,0,1,1,0,1,1,Medium,100,HIGH
Cagayan de Oro,Kauswagan,2018-02-28,2,7.51,27.69,24.86,31.29,30.52,3.36,68.3,Zone 5,Safe,5,0,0,0,0,0,0,1,Medium,100,HIGH
Cagayan de Oro,Kauswagan,2009-07-16,7,9.63,28.54,26.39,31.92,32.52,3.32,79.8,Zone 6,Safe,4,3,1,1,0,0,1,1,Medium,100,HIGH
Cagayan de Oro,Kauswagan,2003-12-17,12,10.09,28.17,25.4,31.56,31.82,2.63,76.5,Zone 4,Safe,3,0,0,1,1,0,1,1,Medium,62,MEDIUM
Cagayan de Oro,Kauswagan,2008-11-22,11,9.0,28.18,26.32,32.08,32.47,0.0,82.9,Zone 6,Safe,7,1,0,1,1,0,0,1,Medium,98,HIGH
Cagayan de Oro,Kauswagan,2004-06-21,6,6.61,28.88,25.58,30.99,32.88,4.21,80.0,Zone 6,Unaccounted,8,3,0,0,0,0,0,1,Medium,100,HIGH
Cagayan de Oro,Kauswagan,2020-11-04,11,8.94,27.38,25.77,29.87,31.49,1.29,81.1,Zone 5,Evacuated,5,1,0,0,0,0,0,1,Medium,95,HIGH
Cagayan de Oro,Kauswagan,2013-08-22,8,17.85,27.26,25.3,30.16,31.97,1.87,87.1,Zone 5,Safe,2,2,0,0,0,0,0,1,High,100,HIGH
Cagayan de Oro,Kauswagan,2005-01-22,1,4.1,26.88,24.94,29.34,30.18,1.91,73.0,Zone 5,Safe,1,0,0,0,0,0,0,0,,82,HIGH
Cagayan de Oro,Kauswagan,2021-07-08,7,22.84,27.57,24.41,30.25,32.3,2.67,87.3,Zone 4,Safe,2,1,0,0,0,0,0,1,High,49,MEDIUM
Cagayan de Oro,Kauswagan,2014-08-02,8,8.12,27.43,25.29,30.35,31.88,1.76,84.5,Zone 1,Evacuated,2,1,0,0,0,0,0,1,Medium,33,LOW
Cagayan de Oro,Kauswagan,2005-12-09,12,7.93,25.77,24.12,29.19,30.33,0.61,85.6,Zone 2,Evacuated,6,0,0,0,0,0,0,1,Medium,51,MEDIUM
Cagayan de Oro,Kauswagan,2021-11-03,11,8.12,27.45,24.51,30.43,31.85,3.83,84.0,Zone 4,Safe,6,1,0,0,0,0,0,1,Medium,48,MEDIUM
Cagayan de Oro,Kauswagan,2018-03-02,3,11.97,29.67,26.56,33.2,33.49,2.15,78.2,Zone 5,Safe,3,0,0,0,0,0,0,1,Medium,100,HIGH
Cagayan de Oro,Kauswagan,2022-01-03,1,8.16,27.06,23.83,29.8,30.27,0.0,72.1,Zone 4,Safe,2,0,0,0,0,0,0,1,Medium,35,LOW
Cagayan de Oro,Kauswagan,2010-04-19,4,3.26,27.67,24.67,30.24,30.02,4.26,63.5,Zone 5,Unaccounted,7,0,0,0,0,1,0,0,Medium,100,HIGH
Cagayan de Oro,Kauswagan,2021-07-02,7,10.88,28.39,24.98,31.08,32.81,2.02,84.2,Zone 6,Safe,7,1,0,0,0,0,0,1,Medium,80,HIGH
Cagayan de Oro,Kauswagan,2022-02-26,2,4.57,27.37,23.9,29.33,30.83,0.0,74.6,Zone 6,Safe,7,1,0,0,0,0,0,0,,65,MEDIUM
Cagayan de Oro,Kauswagan,2021-06-23,6,7.38,29.38,25.95,32.22,34.08,2.56,87.0,Zone 5,Safe,9,1,0,0,0,0,0,1,Medium,100,HIGH
Cagayan de Oro,Kauswagan,2021-11-07,11,7.41,27.31,24.01,30.56,31.03,5.02,77.2,Zone 5,Safe,2,2,0,0,0,1,0,1,High,100,HIGH
Cagayan de Oro,Kauswagan,2009-06-10,6,9.98,28.56,27.0,31.34,32.73,3.44,81.7,Zone 3,Evacuated,10,2,0,0,0,0,0,1,Medium,100,HIGH
Cagayan de Oro,Kauswagan,2004-02-05,2,5.7,28.02,26.2,30.99,31.52,3.48,75.0,Zone 2,Safe,1,1,0,0,0,0,0,1,Medium,63,MEDIUM
Cagayan de Oro,Kauswagan,2012-07-09,7,7.01,28.19,25.56,30.83,32.79,3.66,86.0,Zone 6,Unaccounted,8,1,0,0,0,0,0,1,Medium,99,HIGH
Cagayan de Oro,Kauswagan,2020-03-14,3,4.71,25.09,22.66,27.36,28.79,0.75,77.0,Zone 3,Safe,7,0,0,0,0,0,0,0,,89,HIGH
Cagayan de Oro,Kauswagan,2017-08-19,8,7.2,27.82,24.47,31.53,32.03,0.68,82.1,Zone 2,Safe,4,1,0,0,0,0,0,1,Medium,68,MEDIUM
Cagayan de Oro,Kauswagan,2011-12-02,12,8.31,28.46,25.24,30.04,32.47,4.15,80.1,Zone 4,Safe,6,0,0,0,0,0,0,1,Medium,42,MEDIUM
Cagayan de Oro,Kauswagan,2021-04-02,4,9.52,28.3,25.32,32.24,30.82,0.63,65.2,Zone 5,Safe,10,0,0,0,0,0,0,1,Medium,100,HIGH
Cagayan de Oro,Kauswagan,2021-02-04,2,3.22,26.96,24.16,28.8,30.16,1.72,72.0,Zone 5,Evacuated,4,0,0,0,0,0,0,0,,72,HIGH
Cagayan de Oro,Kauswagan,2017-06-19,6,11.02,29.48,26.54,31.43,33.69,2.66,82.1,Zone 3,Safe,3,1,0,0,0,0,0,1,Medium,100,HIGH
Cagayan de Oro,Kauswagan,2016-11-07,11,12.83,28.28,26.18,32.25,32.52,0.82,82.4,Zone 6,Unaccounted,10,1,0,0,0,0,1,1,Medium,100,HIGH
Cagayan de Oro,Kauswagan,2013-10-25,10,10.02,28.87,26.15,31.24,33.07,3.44,82.0,Zone 5,Safe,7,1,0,0,1,1,1,1,Medium,100,HIGH
Cagayan de Oro,Kauswagan,2011-04-10,4,4.3,29.53,26.46,33.01,32.87,2.18,73.4,Zone 3,Safe,2,0,0,1,1,0,1,0,,100,HIGH
Cagayan de Oro,Kauswagan,2011-04-27,4,1.89,28.53,26.48,31.16,31.11,0.92,65.8,Zone 5,Safe,5,2,0,0,0,0,0,0,,100,HIGH
Cagayan de Oro,Kauswagan,2020-09-25,9,11.98,27.45,25.61,29.51,32.03,3.05,85.8,Zone 1,Safe,9,1,0,0,0,1,0,1,Medium,66,MEDIUM
Cagayan de Oro,Kauswagan,2021-12-07,12,10.68,26.23,23.39,29.06,29.35,1.28,71.2,Zone 6,Evacuated,9,0,1,1,0,0,1,1,Medium,89,HIGH
Cagayan de Oro,Kauswagan,2021-02-01,2,5.76,27.93,25.54,29.58,31.27,2.42,73.4,Zone 5,Safe,8,1,0,0,0,0,0,1,,100,HIGH
Cagayan de Oro,Kauswagan,2019-05-28,5,4.8,28.6,26.4,30.82,31.77,2.23,71.7,Zone 2,Evacuated,7,0,0,0,0,0,0,0,,38,LOW
Cagayan de Oro,Kauswagan,2007-10-05,10,8.0,26.78,25.21,28.31,31.1,4.13,83.2,Zone 4,Safe,10,1,0,0,0,0,0,1,Medium,51,MEDIUM
Cagayan de Oro,Kauswagan,2022-02-05,2,3.79,27.35,25.4,28.99,31.72,2.87,83.7,Zone 5,Safe,6,0,0,1,0,1,0,0,,100,HIGH
Cagayan de Oro,Kauswagan,2015-06-28,6,8.57,28.2,24.97,31.02,32.94,1.57,87.4,Zone 4,Safe,4,1,0,0,0,0,0,1,Medium,44,MEDIUM
Cagayan de Oro,Kauswagan,2018-11-27,11,11.53,30.05,26.62,32.94,34.42,2.38,83.7,Zone 3,Safe,2,3,1,0,0,0,0,1,Medium,100,HIGH
Cagayan de Oro,Kauswagan,2014-05-23,5,3.87,29.05,26.44,31.02,33.81,2.64,87.6,Zone 3,Evacuated,7,0,0,0,0,0,0,0,,74,HIGH
Cagayan de Oro,Kauswagan,2020-04-18,4,2.61,29.64,27.4,33.35,32.9,4.43,72.6,Zone 2,Safe,3,0,0,0,0,0,0,0,Medium,53,MEDIUM
Cagayan de Oro,Kauswagan,2007-11-24,11,6.0,27.29,25.72,29.41,30.9,0.0,76.1,Zone 3,Safe,5,1,0,0,0,0,0,1,,99,HIGH
Cagayan de Oro,Kauswagan,2003-11-04,11,9.45,27.2,25.1,30.36,31.88,0.43,86.8,Zone 5,Evacuated,7,1,0,0,0,1,0,1,Medium,100,HIGH
Cagayan de Oro,Kauswagan,2003-09-27,9,14.76,28.3,26.73,31.78,32.83,0.0,85.3,Zone 5,Unaccounted,6,2,0,0,1,0,1,1,Medium,100,HIGH
Cagayan de Oro,Kauswagan,2021-07-25,7,13.26,27.13,23.71,29.01,31.39,4.25,82.6,Zone 3,Unaccounted,2,2,1,0,1,1,0,1,Medium,100,HIGH
Cagayan de Oro,Kauswagan,2009-08-09,8,7.62,27.57,24.08,29.83,32.74,5.15,91.7,Zone 2,Unaccounted,1,1,0,0,1,0,0,1,High,97,HIGH
Cagayan de Oro,Kauswagan,2008-01-06,1,6.89,27.9,24.77,30.92,32.23,1.73,83.3,Zone 3,Safe,7,0,0,0,0,0,0,1,,97,HIGH
Cagayan de Oro,Kauswagan,2008-06-24,6,12.24,29.42,27.52,31.25,33.03,3.04,76.1,Zone 3,Unaccounted,10,2,0,0,0,0,0,1,Medium,100,HIGH
Cagayan de Oro,Kauswagan,2013-01-05,1,7.4,27.6,25.3,31.58,31.45,2.11,78.5,Zone 3,Safe,1,0,0,0,0,0,0,1,Medium,93,HIGH
Cagayan de Oro,Kauswagan,2017-05-14,5,6.98,30.47,28.09,33.81,33.78,1.51,73.1,Zone 5,Safe,7,1,0,0,0,0,0,1,,100,HIGH
Cagayan de Oro,Kauswagan,2016-01-15,1,7.4,27.12,25.34,29.82,30.94,3.94,78.2,Zone 5,Evacuated,6,0,0,1,0,0,0,1,Medium,100,HIGH
Cagayan de Oro,Kauswagan,2014-05-21,5,4.02,29.94,28.02,31.64,33.42,2.74,74.8,Zone 6,Unaccounted,4,1,0,0,1,0,0,0,,85,HIGH
Cagayan de Oro,Kauswagan,2010-08-06,8,8.41,29.33,27.77,31.51,34.4,0.93,90.7,Zone 6,Unaccounted,3,1,0,0,0,1,0,1,Medium,99,HIGH
Cagayan de Oro,Kauswagan,2021-02-26,2,4.12,28.09,24.97,31.58,31.61,3.95,75.2,Zone 3,Unaccounted,1,0,0,1,0,0,0,0,Medium,100,HIGH
Cagayan de Oro,Kauswagan,2007-11-26,11,13.58,25.67,23.58,29.37,30.51,3.56,88.4,Zone 5,Safe,7,3,0,0,0,0,0,1,Medium,100,HIGH
Cagayan de Oro,Kauswagan,2006-09-15,9,6.24,26.79,23.63,29.48,31.73,2.48,89.4,Zone 5,Evacuated,8,1,0,0,0,0,0,1,,93,HIGH
Cagayan de Oro,Kauswagan,2022-02-20,2,3.99,28.29,24.92,30.25,31.74,3.0,74.5,Zone 5,Safe,7,0,0,0,0,0,1,0,Medium,100,HIGH
Cagayan de Oro,Kauswagan,2018-08-05,8,7.99,27.57,24.81,29.92,31.93,2.22,83.6,Zone 5,Unaccounted,2,1,0,0,0,0,0,1,Medium,100,HIGH
Cagayan de Oro,Kauswagan,2021-01-26,1,3.28,27.46,24.4,29.82,31.48,0.9,80.2,Zone 1,Safe,9,0,0,0,0,0,0,0,,37,LOW
Cagayan de Oro,Kauswagan,2007-09-24,9,15.26,27.42,24.03,30.13,31.68,2.23,82.6,Zone 3,Evacuated,8,1,1,1,0,1,0,1,High,100,HIGH
Cagayan de Oro,Kauswagan,2004-02-03,2,4.81,27.02,25.28,29.66,30.59,1.91,75.7,Zone 2,Safe,4,1,0,0,1,1,1,0,,76,HIGH
Cagayan de Oro,Kauswagan,2005-10-02,10,12.31,26.68,24.27,28.3,30.61,1.69,79.3,Zone 5,Unaccounted,5,2,0,1,0,0,1,1,Medium,100,HIGH
Cagayan de Oro,Kauswagan,2021-06-04,6,10.18,27.16,23.72,30.2,30.59,2.4,74.3,Zone 5,Evacuated,3,1,1,0,0,0,0,1,Medium,100,HIGH
Cagayan de Oro,Kauswagan,2008-08-04,8,10.79,27.24,25.39,31.0,32.17,2.71,89.3,Zone 6,Unaccounted,5,1,0,1,0,0,0,1,Medium,100,HIGH
Cagayan de Oro,Kauswagan,2014-03-01,3,5.45,26.75,23.54,28.62,30.42,1.82,76.7,Zone 5,Safe,3,0,0,0,0,0,0,1,,94,HIGH
Cagayan de Oro,Kauswagan,2015-05-19,5,12.02,29.98,26.78,31.96,34.14,4.84,81.6,Zone 1,Safe,1,1,0,1,1,0,0,1,Medium,64,MEDIUM
Cagayan de Oro,Kauswagan,2017-05-10,5,5.44,29.55,26.3,33.13,33.48,0.88,79.3,Zone 3,Safe,9,0,0,0,1,0,0,1,,100,HIGH
Cagayan de Oro,Kauswagan,2017-01-09,1,8.8,26.52,24.98,28.44,29.94,1.39,74.2,Zone 5,Unaccounted,10,1,1,0,1,0,0,1,Medium,100,HIGH
Cagayan de Oro,Kauswagan,2013-10-25,10,12.52,26.94,25.06,30.14,31.48,1.72,85.4,Zone 6,Safe,10,2,0,0,0,0,0,1,Medium,87,HIGH
Cagayan de Oro,Kauswagan,2009-07-21,7,16.48,26.62,24.8,30.31,30.57,3.46,79.5,Zone 5,Evacuated,7,1,0,0,0,0,0,1,High,100,HIGH
Cagayan de Oro,Kauswagan,2013-08-16,8,7.72,26.06,22.97,27.96,29.54,4.26,74.8,Zone 3,Safe,3,1,0,0,0,0,0,1,Medium,100,HIGH
Cagayan de Oro,Kauswagan,2020-07-12,7,8.62,26.75,25.08,30.27,30.93,3.07,81.8,Zone 2,Safe,6,1,1,1,1,0,0,1,Medium,100,HIGH
Cagayan de Oro,Kauswagan,2016-02-11,2,8.19,27.42,25.48,29.3,30.73,3.94,73.1,Zone 3,Safe,10,0,0,0,0,0,0,1,Medium,100,HIGH
Cagayan de Oro,Kauswagan,2007-08-22,8,10.25,27.11,24.32,29.04,31.49,2.51,83.8,Zone 5,Evacuated,5,2,1,1,0,1,0,1,Medium,100,HIGH
Cagayan de Oro,Kauswagan,2011-02-11,2,3.96,27.55,24.8,29.12,31.4,2.55,78.5,Zone 1,Evacuated,6,0,0,0,0,0,0,0,,19,LOW
Cagayan de Oro,Kauswagan,2020-02-08,2,4.0,26.84,23.82,28.44,31.0,1.97,81.6,Zone 6,Safe,9,2,0,0,0,0,0,0,,72,HIGH
Cagayan de Oro,Kauswagan,2005-03-03,3,6.31,28.64,26.79,30.52,31.07,3.56,64.3,Zone 2,Unaccounted,3,1,0,0,0,0,0,1,Medium,85,HIGH
Cagayan de Oro,Kauswagan,2006-05-17,5,7.81,28.85,25.93,31.7,32.24,2.95,73.9,Zone 2,Unaccounted,9,0,0,0,0,0,0,1,Medium,87,HIGH
Cagayan de Oro,Kauswagan,2003-07-10,7,15.51,27.89,26.18,30.85,32.31,1.66,84.2,Zone 4,Safe,5,1,0,0,0,0,0,1,High,54,MEDIUM
Cagayan de Oro,Kauswagan,2007-05-10,5,10.19,28.92,25.75,32.1,32.93,2.19,80.1,Zone 6,Safe,7,0,0,0,1,1,1,1,Medium,97,HIGH
Cagayan de Oro,Kauswagan,2010-09-16,9,23.6,27.02,23.86,29.82,31.81,2.75,87.9,Zone 3,Evacuated,7,2,0,0,0,0,0,1,High,100,HIGH
Cagayan de Oro,Kauswagan,2012-07-24,7,5.34,27.2,24.15,29.0,30.97,4.9,77.7,Zone 1,Safe,3,1,1,0,0,0,0,1,Medium,62,MEDIUM
Cagayan de Oro,Kauswagan,2016-10-05,10,20.88,29.57,26.45,31.52,34.18,1.88,86.1,Zone 3,Safe,1,1,0,0,0,0,0,1,High,100,HIGH
Cagayan de Oro,Kauswagan,2022-05-06,5,7.91,29.26,27.25,31.3,33.14,4.03,78.8,Zone 6,Unaccounted,5,1,1,0,0,1,1,1,Medium,100,HIGH
Cagayan de Oro,Kauswagan,2022-08-28,8,12.58,27.18,24.79,30.74,32.23,3.9,90.5,Zone 5,Safe,10,1,0,0,0,0,1,1,Medium,100,HIGH
Cagayan de Oro,Kauswagan,2006-12-17,12,9.94,26.87,24.07,29.65,30.61,1.81,77.4,Zone 5,Safe,9,0,0,0,0,0,0,1,Medium,100,HIGH
Cagayan de Oro,Kauswagan,2016-07-14,7,6.39,28.81,27.27,32.03,32.94,4.13,81.3,Zone 3,Safe,1,1,0,0,0,0,0,1,Medium,99,HIGH
Cagayan de Oro,Kauswagan,2008-04-24,4,3.08,29.88,27.3,31.86,33.85,0.0,79.7,Zone 5,Safe,2,0,0,0,1,0,0,0,,92,HIGH
Cagayan de Oro,Kauswagan,2010-03-09,3,7.4,28.57,25.3,32.32,32.28,3.54,77.1,Zone 5,Safe,1,3,0,1,0,0,0,1,Medium,100,HIGH
Cagayan de Oro,Kauswagan,2022-07-27,7,8.59,27.92,26.08,31.37,32.55,0.98,86.3,Zone 3,Evacuated,1,1,0,0,0,0,0,1,Medium,84,HIGH
Cagayan de Oro,Kauswagan,2008-12-14,12,17.33,27.2,24.05,30.59,31.92,1.08,87.2,Zone 1,Unaccounted,4,0,0,1,0,0,0,1,High,81,HIGH
Cagayan de Oro,Kauswagan,2015-09-20,9,9.73,27.8,24.95,31.51,32.6,1.55,88.0,Zone 5,Safe,8,1,0,0,0,0,1,1,Medium,100,HIGH
Cagayan de Oro,Kauswagan,2006-06-21,6,11.14,28.78,25.51,32.69,33.79,3.4,90.1,Zone 2,Unaccounted,7,1,0,0,0,0,0,1,Medium,92,HIGH
Cagayan de Oro,Kauswagan,2020-04-14,4,13.32,28.79,26.68,32.23,32.14,3.3,73.5,Zone 5,Safe,2,0,0,1,0,0,0,1,Medium,100,HIGH
Cagayan de Oro,Kauswagan,2022-04-08,4,4.81,27.42,25.62,30.6,30.81,1.97,73.9,Zone 3,Unaccounted,4,0,0,0,0,0,0,0,,100,HIGH
Cagayan de Oro,Kauswagan,2005-12-20,12,5.8,28.21,25.65,30.52,31.72,2.92,75.1,Zone 5,Unaccounted,1,0,0,0,0,1,1,1,,100,HIGH
Cagayan de Oro,Kauswagan,2004-02-21,2,6.06,27.36,25.02,30.43,30.98,3.36,76.2,Zone 5,Safe,10,0,0,0,0,0,1,1,Medium,100,HIGH
Cagayan de Oro,Kauswagan,2011-09-04,9,10.36,27.96,25.97,29.65,32.75,2.1,87.9,Zone 1,Safe,10,1,0,0,0,0,0,1,Medium,58,MEDIUM
Cagayan de Oro,Kauswagan,2006-08-17,8,7.83,27.59,25.39,30.57,31.59,2.03,80.0,Zone 5,Safe,9,2,0,0,1,0,0,1,Medium,100,HIGH
Cagayan de Oro,Kauswagan,2018-06-22,6,9.63,28.49,26.63,31.68,33.08,3.03,85.9,Zone 5,Unaccounted,3,2,0,0,0,0,0,1,Medium,100,HIGH
Cagayan de Oro,Kauswagan,2015-12-27,12,10.73,27.17,24.6,30.58,30.79,3.33,76.2,Zone 3,Evacuated,6,0,0,0,0,0,0,1,Medium,87,HIGH
Cagayan de Oro,Kauswagan,2009-06-15,6,8.14,29.18,27.06,31.95,32.61,1.26,74.3,Zone 5,Safe,3,1,0,0,0,0,0,1,Medium,100,HIGH
Cagayan de Oro,Kauswagan,2016-05-22,5,7.76,30.4,27.64,31.92,34.08,2.25,76.8,Zone 2,Safe,5,2,0,0,0,0,1,1,Medium,83,HIGH
Cagayan de Oro,Kauswagan,2011-01-15,1,13.12,26.48,23.73,28.34,29.89,1.11,74.1,Zone 3,Evacuated,7,0,1,0,1,1,0,1,Medium,100,HIGH
Cagayan de Oro,Kauswagan,2018-10-13,10,12.23,27.62,26.08,29.13,32.46,1.17,88.4,Zone 5,Evacuated,8,1,0,0,1,0,0,1,Medium,100,HIGH
Cagayan de Oro,Kauswagan,2022-09-12,9,7.86,25.41,22.21,27.62,29.36,1.16,79.5,Zone 5,Safe,9,1,0,0,0,0,1,1,Medium,100,HIGH
Cagayan de Oro,Kauswagan,2016-05-04,5,5.57,29.33,26.91,31.55,33.73,3.91,84.0,Zone 1,Safe,6,0,0,0,0,0,1,1,Medium,56,MEDIUM
Cagayan de Oro,Kauswagan,2015-09-04,9,14.6,26.2,24.11,29.16,30.72,2.86,85.2,Zone 5,Safe,5,1,0,1,0,1,0,1,Medium,100,HIGH
Cagayan de Oro,Kauswagan,2008-01-11,1,6.02,26.22,24.48,29.94,29.62,5.24,74.0,Zone 3,Safe,7,0,0,0,0,0,0,1,High,100,HIGH
Cagayan de Oro,Kauswagan,2012-07-13,7,8.49,26.34,23.73,30.09,31.11,0.15,87.7,Zone 3,Safe,9,1,0,0,1,0,0,1,Medium,100,HIGH
Cagayan de Oro,Kauswagan,2006-06-17,6,18.84,28.5,25.46,30.0,33.14,2.42,86.4,Zone 1,Unaccounted,10,1,1,0,1,0,0,1,High,100,HIGH
Cagayan de Oro,Kauswagan,2020-08-10,8,9.66,27.75,25.15,30.8,32.06,3.86,83.1,Zone 3,Evacuated,5,3,1,0,0,0,0,1,Medium,100,HIGH
Cagayan de Oro,Kauswagan,2016-09-12,9,13.86,27.62,24.15,29.71,32.67,3.38,90.5,Zone 6,Safe,8,2,1,0,0,1,1,1,Medium,100,HIGH
Cagayan de Oro,Kauswagan,2014-01-22,1,4.92,28.26,25.32,31.66,32.07,1.57,78.1,Zone 1,Safe,10,2,0,1,1,0,0,0,,67,MEDIUM
Cagayan de Oro,Kauswagan,2015-01-12,1,8.8,27.25,25.16,30.14,31.21,1.06,79.6,Zone 2,Evacuated,4,2,0,1,1,1,0,1,Medium,85,HIGH
Cagayan de Oro,Kauswagan,2019-10-02,10,10.92,28.27,25.25,32.05,32.81,2.87,85.4,Zone 1,Unaccounted,2,1,0,0,0,0,0,1,Medium,66,MEDIUM
Cagayan de Oro,Kauswagan,2004-11-26,11,7.75,29.19,27.63,32.27,33.58,0.89,83.9,Zone 3,Safe,6,3,0,0,0,0,0,1,Medium,100,HIGH
Cagayan de Oro,Kauswagan,2012-04-09,4,3.91,29.81,27.7,33.73,32.7,4.21,68.9,Zone 6,Safe,10,3,0,0,0,0,0,0,Medium,85,HIGH
Cagayan de Oro,Kauswagan,2013-05-22,5,8.22,29.67,26.26,32.57,33.11,0.0,74.4,Zone 2,Unaccounted,6,0,1,1,0,1,0,1,Medium,100,HIGH
Cagayan de Oro,Kauswagan,2014-02-11,2,5.15,27.68,24.96,30.27,31.27,4.61,75.9,Zone 2,Safe,6,3,0,1,0,0,1,1,Medium,100,HIGH
Cagayan de Oro,Kauswagan,2003-02-20,2,3.34,25.72,23.56,27.76,29.47,3.93,77.5,Zone 2,Evacuated,5,0,0,0,0,0,0,0,Medium,41,MEDIUM
Cagayan de Oro,Kauswagan,2018-08-10,8,12.53,29.07,25.77,31.33,33.22,2.54,81.5,Zone 5,Safe,6,1,0,0,0,0,0,1,Medium,100,HIGH
Cagayan de Oro,Kauswagan,2008-07-11,7,14.22,27.46,25.77,31.02,31.75,3.14,82.9,Zone 5,Safe,4,1,0,0,0,0,0,1,Medium,100,HIGH
Cagayan de Oro,Kauswagan,2012-02-05,2,4.56,28.91,26.74,31.28,32.53,2.39,76.2,Zone 5,Safe,10,0,0,0,0,1,0,0,,100,HIGH
Cagayan de Oro,Kauswagan,2008-03-22,3,8.77,29.2,25.81,33.03,32.68,4.17,74.8,Zone 3,Safe,8,0,0,1,0,1,0,1,Medium,100,HIGH
Cagayan de Oro,Kauswagan,2016-08-06,8,7.64,27.18,24.14,30.02,31.7,3.58,85.2,Zone 2,Safe,4,2,0,0,1,0,0,1,Medium,82,HIGH
Cagayan de Oro,Kauswagan,2008-09-11,9,11.9,26.72,24.86,29.89,31.26,0.6,85.4,Zone 3,Safe,6,1,1,0,0,1,0,1,Medium,100,HIGH
Cagayan de Oro,Kauswagan,2013-02-17,2,5.36,27.39,24.91,30.43,31.49,2.73,81.0,Zone 2,Safe,1,0,0,0,0,0,0,1,,50,MEDIUM
Cagayan de Oro,Kauswagan,2014-11-02,11,5.88,29.52,27.4,31.25,34.26,3.22,87.4,Zone 5,Safe,5,1,0,0,0,0,0,1,Medium,100,HIGH
Cagayan de Oro,Kauswagan,2009-06-21,6,14.05,28.14,25.93,29.99,31.95,2.65,78.1,Zone 3,Safe,9,2,1,0,1,0,0,1,Medium,100,HIGH
Cagayan de Oro,Kauswagan,2014-08-04,8,7.3,27.41,24.75,30.67,31.94,2.24,85.3,Zone 5,Unaccounted,8,1,0,0,0,0,0,1,Medium,100,HIGH
Cagayan de Oro,Kauswagan,2004-10-07,10,10.01,27.76,25.59,30.48,31.88,2.03,81.2,Zone 6,Safe,4,1,0,0,0,1,0,1,Medium,82,HIGH
Cagayan de Oro,Kauswagan,2005-02-28,2,7.33,26.62,23.74,28.72,30.36,3.02,77.4,Zone 5,Evacuated,10,3,0,0,0,0,0,1,Medium,100,HIGH
Cagayan de Oro,Kauswagan,2018-01-17,1,5.76,26.68,24.17,30.4,30.93,3.89,82.5,Zone 4,Unaccounted,9,0,0,0,0,1,1,1,Medium,78,HIGH
Cagayan de Oro,Kauswagan,2012-04-01,4,4.38,29.54,26.39,32.13,33.19,2.08,76.5,Zone 3,Safe,2,0,0,0,0,0,0,0,,80,HIGH
Cagayan de Oro,Kauswagan,2016-12-10,12,5.67,25.93,23.78,29.08,30.19,3.02,82.6,Zone 5,Unaccounted,4,0,1,0,0,0,1,1,Medium,100,HIGH
Cagayan de Oro,Kauswagan,2021-02-17,2,6.65,26.22,22.99,28.61,29.85,1.37,76.3,Zone 3,Evacuated,4,0,1,0,0,1,0,1,,96,HIGH
Cagayan de Oro,Kauswagan,2017-12-16,12,15.72,28.66,25.68,32.49,32.78,2.0,81.2,Zone 2,Safe,7,0,0,0,0,0,0,1,High,76,HIGH
Cagayan de Oro,Kauswagan,2009-05-08,5,9.64,30.49,27.36,32.33,34.45,2.31,79.6,Zone 3,Evacuated,5,2,0,0,0,1,0,1,Medium,100,HIGH
Cagayan de Oro,Kauswagan,2004-05-11,5,4.88,29.61,26.89,32.55,33.51,1.63,79.0,Zone 3,Evacuated,1,0,0,0,0,0,1,0,,70,HIGH
Cagayan de Oro,Kauswagan,2010-06-16,6,10.11,27.34,24.69,30.17,30.95,1.4,76.1,Zone 2,Safe,6,1,0,0,0,0,1,1,Medium,79,HIGH
Cagayan de Oro,Kauswagan,2019-10-14,10,10.62,26.75,24.67,28.97,31.22,4.08,84.7,Zone 1,Evacuated,7,1,0,0,1,1,1,1,Medium,65,MEDIUM
Cagayan de Oro,Kauswagan,2017-11-20,11,9.54,27.15,24.48,29.75,31.05,3.24,79.0,Zone 5,Safe,6,3,0,0,1,0,1,1,Medium,100,HIGH
Cagayan de Oro,Kauswagan,2019-09-05,9,14.48,28.15,25.17,31.76,32.97,2.7,88.2,Zone 3,Safe,3,1,0,0,0,1,0,1,Medium,100,HIGH
Cagayan de Oro,Kauswagan,2022-12-18,12,11.13,27.92,25.1,31.08,31.9,1.98,79.8,Zone 6,Evacuated,2,2,0,0,0,0,0,1,Medium,62,MEDIUM
Cagayan de Oro,Kauswagan,2022-09-07,9,8.71,28.97,25.66,31.6,33.38,1.96,84.1,Zone 4,Safe,1,3,0,0,1,0,1,1,Medium,66,MEDIUM
Cagayan de Oro,Kauswagan,2006-05-11,5,11.1,30.38,27.3,33.87,33.22,2.45,68.4,Zone 2,Safe,8,1,0,0,0,0,0,1,Medium,75,HIGH
Cagayan de Oro,Kauswagan,2006-07-17,7,6.86,26.53,24.86,29.85,30.97,1.86,84.4,Zone 4,Evacuated,4,1,0,0,0,0,0,1,,22,LOW
Cagayan de Oro,Kauswagan,2020-07-28,7,6.75,28.83,27.1,30.53,32.98,4.31,81.5,Zone 1,Safe,8,3,0,0,0,0,0,1,Medium,70,HIGH
Cagayan de Oro,Kauswagan,2003-06-19,6,11.15,27.98,24.7,29.54,31.89,4.32,79.1,Zone 2,Evacuated,10,2,0,0,0,0,0,1,Medium,66,MEDIUM
Cagayan de Oro,Kauswagan,2017-02-15,2,8.19,25.61,22.96,28.04,28.78,1.6,71.7,Zone 5,Safe,7,3,0,1,0,0,0,1,Medium,100,HIGH
Cagayan de Oro,Kauswagan,2013-06-03,6,6.13,27.36,24.37,30.21,31.74,2.78,83.8,Zone 5,Safe,8,3,0,0,0,0,0,1,,100,HIGH
Cagayan de Oro,Kauswagan,2009-11-11,11,9.03,28.58,26.83,31.07,32.86,1.85,82.8,Zone 5,Evacuated,2,1,0,0,0,0,0,1,Medium,90,HIGH
Cagayan de Oro,Kauswagan,2003-10-03,10,9.0,27.33,25.33,30.97,31.92,3.66,85.9,Zone 3,Safe,10,3,0,0,0,0,0,1,Medium,100,HIGH
Cagayan de Oro,Kauswagan,2013-11-28,11,7.32,26.17,23.97,28.28,30.66,1.15,84.9,Zone 5,Safe,10,1,0,0,0,0,1,1,Medium,100,HIGH
Cagayan de Oro,Kauswagan,2019-02-28,2,5.5,26.42,23.49,28.03,30.05,2.18,76.3,Zone 6,Safe,3,0,0,1,0,0,0,1,,70,HIGH
Cagayan de Oro,Kauswagan,2013-07-03,7,19.55,27.99,24.62,31.48,32.27,2.61,82.8,Zone 6,Safe,4,1,0,0,0,0,0,1,High,82,HIGH
Cagayan de Oro,Kauswagan,2009-08-03,8,6.69,28.26,25.38,31.03,33.41,1.06,91.5,Zone 3,Safe,10,1,0,0,0,0,0,1,,100,HIGH
Cagayan de Oro,Kauswagan,2003-10-02,10,6.74,26.48,23.73,29.34,30.32,2.27,78.4,Zone 5,Unaccounted,7,1,0,0,1,0,0,1,,100,HIGH
Cagayan de Oro,Kauswagan,2010-08-22,8,7.45,26.63,24.96,28.97,31.12,1.23,84.9,Zone 3,Safe,7,1,0,0,0,0,0,1,Medium,100,HIGH
Cagayan de Oro,Kauswagan,2014-03-12,3,3.86,26.81,23.73,28.6,30.14,2.16,73.3,Zone 1,Safe,4,0,1,0,0,0,0,0,,42,MEDIUM
Cagayan de Oro,Kauswagan,2019-11-05,11,8.47,28.75,25.43,31.43,33.52,3.68,87.7,Zone 6,Safe,1,3,0,0,0,1,0,1,Medium,89,HIGH
Cagayan de Oro,Kauswagan,2016-11-13,11,7.01,27.91,26.4,31.7,31.89,2.67,79.8,Zone 3,Safe,9,1,1,0,1,0,0,1,Medium,100,HIGH
Cagayan de Oro,Kauswagan,2016-12-22,12,4.64,27.62,25.97,31.35,31.79,2.14,81.7,Zone 3,Evacuated,8,3,0,0,0,0,0,0,,93,HIGH
Cagayan de Oro,Kauswagan,2020-04-11,4,4.86,28.55,25.31,31.64,32.21,2.68,76.6,Zone 4,Safe,5,0,0,0,0,0,0,0,,25,LOW
Cagayan de Oro,Kauswagan,2009-02-02,2,12.49,28.24,25.4,31.11,31.86,3.07,76.2,Zone 3,Safe,4,0,0,0,0,0,0,1,Medium,98,HIGH
Cagayan de Oro,Kauswagan,2016-07-07,7,8.93,28.31,26.54,31.95,32.49,3.01,81.8,Zone 3,Unaccounted,5,2,0,0,0,1,0,1,Medium,100,HIGH
Cagayan de Oro,Kauswagan,2021-02-17,2,3.43,27.86,25.9,30.15,31.48,2.84,76.2,Zone 3,Safe,1,0,1,0,0,0,0,0,,90,HIGH
Cagayan de Oro,Kauswagan,2015-07-16,7,12.49,27.77,25.75,31.16,31.83,2.49,80.6,Zone 6,Unaccounted,10,2,1,0,0,0,0,1,Medium,100,HIGH
Cagayan de Oro,Kauswagan,2008-10-06,10,10.18,26.22,23.71,29.63,30.11,1.1,78.9,Zone 1,Safe,10,1,0,0,1,0,1,1,Medium,73,HIGH
Cagayan de Oro,Kauswagan,2010-02-28,2,4.69,29.06,25.9,32.48,31.96,2.54,69.0,Zone 2,Safe,8,0,0,0,0,0,0,0,,54,MEDIUM
Cagayan de Oro,Kauswagan,2009-08-09,8,12.3,26.79,25.25,30.71,31.36,0.0,85.7,Zone 6,Unaccounted,9,3,0,0,1,1,0,1,Medium,100,HIGH
Cagayan de Oro,Kauswagan,2004-12-25,12,6.49,27.3,25.39,31.17,30.76,3.25,74.6,Zone 3,Safe,9,2,0,1,0,0,0,1,Medium,100,HIGH
Cagayan de Oro,Kauswagan,2017-09-16,9,11.01,26.99,24.19,29.39,31.18,1.45,81.9,Zone 2,Safe,4,1,0,0,0,0,0,1,Medium,68,MEDIUM
Cagayan de Oro,Kauswagan,2003-08-15,8,7.8,27.26,24.1,29.0,32.06,3.31,88.0,Zone 2,Evacuated,10,1,0,1,1,0,1,1,Medium,85,HIGH
Cagayan de Oro,Kauswagan,2016-11-28,11,10.4,27.13,23.69,29.1,31.93,2.85,88.0,Zone 5,Safe,3,1,1,0,1,0,0,1,Medium,100,HIGH
Cagayan de Oro,Kauswagan,2008-02-21,2,10.16,27.47,24.25,29.55,31.01,3.53,75.4,Zone 3,Safe,1,1,0,0,0,0,0,1,Medium,99,HIGH
Cagayan de Oro,Kauswagan,2003-08-05,8,8.36,27.34,25.3,29.54,31.81,2.07,84.7,Zone 1,Safe,8,2,1,0,1,0,0,1,Medium,84,HIGH
Cagayan de Oro,Kauswagan,2008-10-07,10,7.95,26.93,24.89,30.92,31.26,3.72,83.3,Zone 3,Safe,9,2,0,0,0,0,0,1,Medium,100,HIGH
Cagayan de Oro,Kauswagan,2022-08-23,8,9.74,27.09,24.97,30.98,30.97,2.83,78.8,Zone 5,Unaccounted,3,2,0,0,0,1,0,1,Medium,100,HIGH
Cagayan de Oro,Kauswagan,2020-01-19,1,5.89,26.58,24.13,29.94,30.03,1.96,74.5,Zone 5,Unaccounted,10,0,0,0,0,0,0,1,,100,HIGH
Cagayan de Oro,Kauswagan,2018-06-03,6,14.01,27.53,24.35,31.01,31.76,1.68,82.3,Zone 5,Safe,1,1,0,1,0,0,1,1,Medium,100,HIGH
Cagayan de Oro,Kauswagan,2006-07-04,7,10.62,26.83,24.26,29.88,31.5,0.0,86.7,Zone 3,Safe,5,1,0,0,0,0,0,1,Medium,100,HIGH
Cagayan de Oro,Kauswagan,2009-12-13,12,7.25,27.58,25.98,29.11,32.44,2.63,88.6,Zone 6,Safe,8,1,0,0,0,0,0,1,Medium,81,HIGH
Cagayan de Oro,Kauswagan,2004-03-25,3,5.01,28.41,26.85,30.75,32.09,1.33,76.8,Zone 6,Evacuated,7,2,0,0,0,0,0,1,,64,MEDIUM
Cagayan de Oro,Kauswagan,2021-03-03,3,10.58,29.85,27.63,32.37,33.8,1.49,79.5,Zone 4,Safe,1,0,0,0,0,0,0,1,Medium,33,LOW
Cagayan de Oro,Kauswagan,2003-10-11,10,10.34,27.42,25.8,30.16,32.09,2.63,86.7,Zone 1,Safe,10,3,0,0,0,0,0,1,Medium,70,HIGH
Cagayan de Oro,Kauswagan,2022-08-07,8,11.02,28.29,25.87,30.26,32.73,0.68,84.4,Zone 1,Evacuated,8,1,0,0,0,0,0,1,Medium,43,MEDIUM
Cagayan de Oro,Kauswagan,2015-04-18,4,4.54,28.7,26.07,32.06,31.58,0.57,68.8,Zone 6,Safe,2,1,0,0,0,0,0,0,,56,MEDIUM
Cagayan de Oro,Kauswagan,2003-03-04,3,4.49,28.12,25.01,30.25,31.62,3.11,75.0,Zone 5,Unaccounted,5,1,1,0,0,1,0,0,Medium,100,HIGH
Cagayan de Oro,Kauswagan,2020-10-06,10,8.79,27.3,24.18,31.21,32.46,2.56,91.6,Zone 5,Safe,1,1,0,0,0,0,0,1,Medium,100,HIGH
Cagayan de Oro,Kauswagan,2007-07-02,7,7.96,28.64,25.49,32.04,33.21,2.11,85.7,Zone 3,Safe,3,1,0,0,0,0,0,1,Medium,100,HIGH
Cagayan de Oro,Kauswagan,2003-11-13,11,8.5,28.3,26.51,30.25,32.74,4.04,84.4,Zone 3,Unaccounted,5,2,0,0,0,0,0,1,Medium,100,HIGH
Cagayan de Oro,Kauswagan,2003-12-22,12,5.19,28.05,25.38,30.31,32.41,2.76,83.6,Zone 2,Unaccounted,8,2,0,0,0,0,0,1,,92,HIGH
Cagayan de Oro,Kauswagan,2008-01-07,1,7.48,27.83,25.49,30.89,32.55,3.06,87.2,Zone 5,Safe,4,3,0,0,0,0,0,1,Medium,100,HIGH
Cagayan de Oro,Kauswagan,2017-02-21,2,8.62,28.5,25.79,30.75,32.18,2.27,76.8,Zone 2,Safe,3,0,0,0,0,0,0,1,Medium,61,MEDIUM
Cagayan de Oro,Kauswagan,2021-12-12,12,5.45,27.25,24.67,29.03,31.16,2.76,79.1,Zone 2,Safe,2,0,0,0,1,0,0,1,,60,MEDIUM
Cagayan de Oro,Kauswagan,2005-09-19,9,8.0,27.25,25.41,29.82,31.95,2.59,87.0,Zone 6,Unaccounted,5,2,0,0,1,1,0,1,Medium,100,HIGH
Cagayan de Oro,Kauswagan,2016-08-18,8,13.21,26.99,23.91,30.76,31.53,1.6,85.4,Zone 3,Safe,7,1,0,0,0,0,0,1,Medium,100,HIGH
Cagayan de Oro,Kauswagan,2019-01-01,1,5.29,28.15,25.6,30.43,32.09,3.56,79.4,Zone 6,Safe,9,1,0,0,0,0,0,1,Medium,81,HIGH
Cagayan de Oro,Kauswagan,2005-11-18,11,9.14,28.26,24.81,30.03,32.93,2.18,86.7,Zone 6,Safe,5,2,1,0,0,0,0,1,Medium,94,HIGH
Cagayan de Oro,Kauswagan,2004-07-10,7,8.64,25.91,24.31,28.84,30.47,3.65,85.6,Zone 1,Evacuated,9,3,0,1,0,1,0,1,Medium,73,HIGH
Cagayan de Oro,Kauswagan,2007-10-24,10,9.11,25.88,22.71,29.34,30.15,1.16,82.7,Zone 3,Unaccounted,5,1,0,0,1,0,0,1,Medium,100,HIGH
Cagayan de Oro,Kauswagan,2019-08-02,8,7.46,26.8,24.98,28.86,31.55,1.89,87.5,Zone 5,Unaccounted,7,1,0,0,0,0,0,1,Medium,100,HIGH
Cagayan de Oro,Kauswagan,2003-03-23,3,4.44,26.21,24.37,30.2,30.11,2.59,79.0,Zone 3,Safe,8,1,1,0,0,0,0,0,,100,HIGH
Cagayan de Oro,Kauswagan,2003-06-11,6,15.58,28.19,24.93,31.59,31.34,1.43,71.5,Zone 5,Safe,1,1,0,1,0,0,0,1,High,100,HIGH
Cagayan de Oro,Kauswagan,2015-05-24,5,13.06,28.41,26.0,31.39,32.02,2.48,76.1,Zone 6,Evacuated,1,0,0,0,0,0,1,1,Medium,55,MEDIUM
Cagayan de Oro,Kauswagan,2011-02-04,2,5.94,27.3,25.56,30.8,30.6,4.13,73.0,Zone 6,Safe,2,0,0,1,0,0,1,1,Medium,82,HIGH
Cagayan de Oro,Kauswagan,2018-03-22,3,16.65,29.5,27.6,32.14,33.28,0.49,77.8,Zone 3,Unaccounted,9,3,0,0,0,1,0,1,High,100,HIGH
Cagayan de Oro,Kauswagan,2022-12-23,12,6.22,27.22,25.63,28.74,31.4,0.83,81.8,Zone 5,Evacuated,6,0,1,1,0,1,0,1,,100,HIGH
Cagayan de Oro,Kauswagan,2010-05-13,5,6.0,27.71,26.13,29.27,31.27,4.01,75.6,Zone 6,Safe,10,0,0,1,0,0,0,1,Medium,85,HIGH
Cagayan de Oro,Kauswagan,2006-07-04,7,8.5,27.92,24.97,30.03,32.7,2.99,87.8,Zone 6,Safe,2,1,0,0,0,0,0,1,Medium,71,HIGH
Cagayan de Oro,Kauswagan,2022-02-22,2,22.14,26.17,23.56,28.59,30.73,0.52,85.6,Zone 2,Safe,9,0,0,0,1,0,0,1,High,85,HIGH
Cagayan de Oro,Kauswagan,2009-03-01,3,9.21,28.8,26.03,32.31,32.02,1.98,72.2,Zone 5,Evacuated,2,0,0,0,0,0,0,1,Medium,84,HIGH
Cagayan de Oro,Kauswagan,2016-04-09,4,4.19,29.31,26.99,31.93,32.93,4.89,76.2,Zone 1,Safe,10,1,0,0,0,0,0,0,Medium,50,MEDIUM
Cagayan de Oro,Kauswagan,2011-10-23,10,16.98,27.76,24.53,30.34,32.22,1.86,84.6,Zone 5,Safe,1,1,0,0,1,0,0,1,High,100,HIGH
Cagayan de Oro,Kauswagan,2003-11-24,11,10.29,28.18,25.06,31.45,32.88,1.15,87.0,Zone 3,Safe,2,2,0,0,0,0,0,1,Medium,100,HIGH
Cagayan de Oro,Kauswagan,2010-03-21,3,13.8,27.34,24.81,30.33,30.11,1.59,67.7,Zone 5,Evacuated,1,0,1,1,0,0,0,1,Medium,100,HIGH
Cagayan de Oro,Kauswagan,2019-09-12,9,8.59,27.65,24.38,30.39,31.59,1.16,79.4,Zone 4,Evacuated,3,1,0,1,1,0,0,1,Medium,46,MEDIUM
Cagayan de Oro,Kauswagan,2008-07-10,7,7.01,28.05,24.65,30.11,32.84,1.3,87.9,Zone 4,Unaccounted,1,1,0,0,0,0,0,1,Medium,57,MEDIUM
Cagayan de Oro,Kauswagan,2020-10-04,10,7.36,28.09,24.69,30.97,32.49,4.59,84.0,Zone 5,Safe,9,1,0,0,0,0,0,1,Medium,100,HIGH
Cagayan de Oro,Kauswagan,2008-02-21,2,5.08,26.38,23.31,30.32,29.25,1.15,68.7,Zone 5,Safe,1,0,1,0,0,1,0,1,,100,HIGH
Cagayan de Oro,Kauswagan,2017-01-02,1,7.59,26.91,24.21,28.96,30.37,2.28,74.6,Zone 3,Safe,7,0,0,0,0,0,0,1,Medium,100,HIGH
Cagayan de Oro,Kauswagan,2019-09-08,9,7.48,28.77,26.98,30.49,32.78,2.97,80.1,Zone 5,Safe,3,1,1,0,0,1,1,1,Medium,100,HIGH
Cagayan de Oro,Kauswagan,2007-06-03,6,17.91,29.12,27.56,32.88,32.87,0.65,77.5,Zone 5,Unaccounted,6,1,0,0,0,1,0,1,High,100,HIGH
Cagayan de Oro,Kauswagan,2011-06-08,6,15.92,28.94,26.82,32.25,32.95,1.84,80.1,Zone 4,Unaccounted,5,2,0,0,0,1,1,1,High,93,HIGH
Cagayan de Oro,Kauswagan,2012-04-28,4,1.98,29.53,27.26,33.45,33.07,3.17,75.4,Zone 3,Safe,2,0,0,0,0,0,0,0,Medium,87,HIGH
Cagayan de Oro,Kauswagan,2009-08-24,8,7.71,27.68,24.25,29.95,32.39,1.88,87.1,Zone 6,Unaccounted,5,1,0,0,0,1,0,1,Medium,100,HIGH
Cagayan de Oro,Kauswagan,2016-02-16,2,3.57,26.9,24.33,28.81,30.6,3.58,77.0,Zone 5,Safe,2,1,0,0,0,0,0,0,Medium,97,HIGH
Cagayan de Oro,Kauswagan,2008-08-22,8,7.76,28.84,26.55,32.81,33.82,0.78,89.8,Zone 5,Safe,7,2,0,0,0,0,0,1,Medium,100,HIGH
Cagayan de Oro,Kauswagan,2015-06-23,6,7.47,27.69,24.28,31.33,32.61,1.07,89.2,Zone 6,Safe,2,3,0,0,0,1,0,1,Medium,91,HIGH
Cagayan de Oro,Kauswagan,2020-07-28,7,6.58,27.31,24.93,30.95,30.59,2.61,72.8,Zone 5,Safe,10,1,0,0,0,0,0,1,,100,HIGH
Cagayan de Oro,Kauswagan,2008-02-22,2,5.57,27.69,25.03,30.79,31.49,2.7,78.0,Zone 3,Safe,1,0,0,0,1,1,1,1,,100,HIGH
Cagayan de Oro,Kauswagan,2012-10-16,10,9.08,28.09,24.64,29.9,32.57,3.22,84.8,Zone 6,Safe,5,3,0,0,0,0,0,1,Medium,88,HIGH
Cagayan de Oro,Kauswagan,2016-05-24,5,6.36,27.54,24.28,30.92,31.5,3.5,79.6,Zone 5,Safe,2,0,0,0,0,0,0,1,Medium,99,HIGH
Cagayan de Oro,Kauswagan,2011-11-14,11,5.55,27.88,25.17,31.26,32.2,2.13,83.2,Zone 2,Safe,5,1,0,0,0,0,0,1,,63,MEDIUM
Cagayan de Oro,Kauswagan,2011-07-22,7,7.47,28.27,25.17,31.38,31.95,3.7,76.8,Zone 6,Safe,2,1,0,0,0,1,0,1,Medium,79,HIGH
Cagayan de Oro,Kauswagan,2020-04-18,4,4.79,28.46,26.8,30.33,31.73,2.48,72.7,Zone 3,Safe,7,0,0,0,0,0,0,0,,89,HIGH
Cagayan de Oro,Kauswagan,2012-11-19,11,9.25,26.33,23.83,29.99,30.68,1.75,83.5,Zone 5,Unaccounted,2,1,0,0,0,0,0,1,Medium,100,HIGH
Cagayan de Oro,Kauswagan,2003-07-18,7,7.98,27.67,24.18,30.18,31.89,2.03,82.2,Zone 3,Unaccounted,1,1,0,0,0,0,0,1,Medium,100,HIGH
Cagayan de Oro,Kauswagan,2008-02-02,2,6.7,29.44,27.76,32.98,33.57,2.56,81.3,Zone 2,Safe,4,1,0,0,0,0,0,1,,61,MEDIUM
Cagayan de Oro,Kauswagan,2010-12-06,12,4.15,28.34,25.11,30.14,32.81,0.66,84.7,Zone 2,Safe,5,1,1,0,0,1,1,0,,82,HIGH
Cagayan de Oro,Kauswagan,2006-08-05,8,6.24,26.62,23.69,29.72,31.16,3.2,85.4,Zone 5,Safe,1,3,0,0,0,0,0,1,Medium,100,HIGH
Cagayan de Oro,Kauswagan,2009-01-23,1,6.92,27.1,25.39,29.72,30.8,2.96,77.0,Zone 2,Unaccounted,10,1,1,1,0,0,1,1,,100,HIGH
Cagayan de Oro,Kauswagan,2009-01-01,1,5.96,27.73,25.63,31.57,32.06,3.65,83.3,Zone 5,Unaccounted,4,0,1,0,0,0,0,1,Medium,100,HIGH
Cagayan de Oro,Kauswagan,2017-10-27,10,10.01,27.43,24.41,30.32,32.42,3.36,89.9,Zone 3,Safe,2,3,0,1,1,0,0,1,Medium,100,HIGH
Cagayan de Oro,Kauswagan,2022-11-23,11,8.97,26.95,23.49,30.93,31.32,4.69,83.7,Zone 5,Evacuated,5,1,0,0,0,1,0,1,Medium,100,HIGH
Cagayan de Oro,Kauswagan,2014-09-11,9,7.54,29.09,25.75,32.16,32.95,3.39,78.6,Zone 5,Safe,8,1,0,0,0,0,0,1,Medium,100,HIGH
Cagayan de Oro,Kauswagan,2006-03-23,3,7.54,27.25,25.7,31.06,31.26,3.76,80.1,Zone 5,Safe,8,0,0,0,0,0,0,1,Medium,100,HIGH
Cagayan de Oro,Kauswagan,2017-03-25,3,5.41,26.85,24.15,28.49,30.08,1.92,72.3,Zone 5,Safe,2,3,0,0,0,0,0,1,,100,HIGH
Cagayan de Oro,Kauswagan,2019-01-18,1,5.61,26.96,25.24,30.0,30.43,3.48,74.7,Zone 5,Unaccounted,3,0,0,0,0,0,0,1,Medium,100,HIGH
Cagayan de Oro,Kauswagan,2021-10-25,10,6.9,27.77,25.0,30.23,31.76,3.37,79.9,Zone 1,Safe,2,1,0,0,0,0,0,1,Medium,48,MEDIUM
Cagayan de Oro,Kauswagan,2017-04-02,4,5.3,28.19,24.93,31.09,31.2,1.06,70.1,Zone 5,Safe,1,0,0,0,0,0,0,1,,90,HIGH
Cagayan de Oro,Kauswagan,2020-01-22,1,6.37,26.84,24.61,29.22,30.32,0.33,74.8,Zone 4,Unaccounted,9,0,0,0,0,0,0,1,,56,MEDIUM
Cagayan de Oro,Kauswagan,2012-05-22,5,3.92,28.28,26.39,31.7,31.99,2.61,77.1,Zone 4,Safe,7,3,0,0,0,0,0,0,,47,MEDIUM
Cagayan de Oro,Kauswagan,2021-02-13,2,16.44,26.59,25.01,30.57,30.04,2.15,74.5,Zone 3,Evacuated,7,0,0,0,1,1,0,1,High,100,HIGH
Cagayan de Oro,Kauswagan,2003-11-16,11,7.37,27.05,24.77,29.66,31.21,3.3,81.6,Zone 5,Evacuated,2,1,0,1,0,0,0,1,Medium,100,HIGH
Cagayan de Oro,Kauswagan,2014-10-28,10,8.43,27.16,24.27,31.01,32.05,0.41,88.9,Zone 3,Unaccounted,2,1,0,0,0,1,0,1,Medium,100,HIGH
Cagayan de Oro,Kauswagan,2007-05-27,5,7.27,28.42,26.14,29.93,32.45,2.47,80.3,Zone 4,Unaccounted,4,0,0,0,0,0,0,1,Medium,56,MEDIUM
Cagayan de Oro,Kauswagan,2011-11-17,11,8.66,27.9,24.61,29.79,32.41,3.05,85.1,Zone 4,Unaccounted,2,2,0,1,0,0,1,1,Medium,82,HIGH
Cagayan de Oro,Kauswagan,2012-05-18,5,5.99,30.81,28.3,32.86,34.13,2.89,73.2,Zone 6,Safe,2,1,1,0,0,0,0,1,,76,HIGH
Cagayan de Oro,Kauswagan,2010-01-11,1,6.91,28.03,26.44,29.78,31.71,1.12,76.8,Zone 5,Unaccounted,7,0,0,0,0,0,0,1,,100,HIGH
Cagayan de Oro,Kauswagan,2015-12-18,12,9.68,26.08,23.18,28.59,30.81,2.14,87.3,Zone 4,Evacuated,4,1,0,1,1,1,0,1,Medium,55,MEDIUM
Cagayan de Oro,Kauswagan,2005-09-03,9,11.21,27.41,25.9,28.95,31.9,1.68,84.9,Zone 2,Safe,5,3,0,0,0,0,0,1,Medium,82,HIGH
Cagayan de Oro,Kauswagan,2019-03-16,3,2.95,27.81,24.67,30.77,31.79,0.82,79.8,Zone 4,Safe,2,0,0,0,0,0,0,0,,20,LOW
Cagayan de Oro,Kauswagan,2006-06-11,6,12.65,29.17,27.4,32.6,33.74,2.53,85.7,Zone 6,Unaccounted,8,1,0,0,0,0,0,1,Medium,99,HIGH
Cagayan de Oro,Kauswagan,2014-04-19,4,3.99,27.84,24.81,30.58,30.95,2.85,71.1,Zone 6,Safe,6,0,0,0,0,0,0,0,,57,MEDIUM
Cagayan de Oro,Kauswagan,2022-11-02,11,12.36,27.64,25.22,29.71,32.74,3.12,91.0,Zone 5,Safe,3,1,0,0,0,0,0,1,Medium,100,HIGH
Cagayan de Oro,Kauswagan,2014-12-27,12,6.36,27.5,24.46,30.06,31.07,0.69,75.7,Zone 5,Safe,3,0,0,0,0,0,0,1,,94,HIGH
Cagayan de Oro,Kauswagan,2017-02-01,2,8.92,26.85,24.94,30.42,31.14,4.08,82.9,Zone 5,Safe,6,0,0,0,0,0,0,1,Medium,100,HIGH
Cagayan de Oro,Kauswagan,2020-11-16,11,8.99,28.51,25.02,31.89,33.68,3.82,91.7,Zone 6,Safe,1,1,0,0,0,0,0,1,Medium,69,MEDIUM
Cagayan de Oro,Kauswagan,2019-05-08,5,3.04,29.46,27.93,31.42,32.43,2.68,69.7,Zone 1,Safe,2,2,0,0,1,0,0,0,,47,MEDIUM
Cagayan de Oro,Kauswagan,2008-12-15,12,6.72,26.88,24.61,28.78,30.85,2.34,79.7,Zone 6,Safe,5,1,0,0,0,0,0,1,,69,MEDIUM
Cagayan de Oro,Kauswagan,2007-09-13,9,10.1,28.42,25.13,30.38,32.9,3.61,84.8,Zone 5,Safe,5,3,0,0,0,0,0,1,Medium,100,HIGH
Cagayan de Oro,Kauswagan,2007-07-09,7,9.7,29.11,27.59,32.24,33.23,1.96,81.2,Zone 5,Safe,4,1,1,1,1,0,0,1,Medium,100,HIGH
Cagayan de Oro,Kauswagan,2015-12-18,12,7.0,26.64,24.19,29.87,31.26,2.57,86.2,Zone 1,Safe,3,0,0,0,0,0,1,1,Medium,51,MEDIUM
Cagayan de Oro,Kauswagan,2004-08-20,8,9.27,28.45,26.14,31.63,33.27,1.92,88.2,Zone 3,Safe,5,1,1,1,0,1,0,1,Medium,100,HIGH
Cagayan de Oro,Kauswagan,2013-01-23,1,5.32,26.9,23.84,30.34,30.68,2.18,77.8,Zone 6,Safe,6,1,0,0,0,0,1,1,,78,HIGH
Cagayan de Oro,Kauswagan,2009-03-16,3,12.45,28.49,25.83,31.85,31.49,3.29,70.0,Zone 2,Unaccounted,6,0,0,0,0,0,0,1,Medium,84,HIGH
Cagayan de Oro,Kauswagan,2003-05-25,5,7.75,29.62,27.49,32.82,33.63,0.37,80.1,Zone 3,Evacuated,7,0,0,0,0,0,1,1,Medium,96,HIGH
Cagayan de Oro,Kauswagan,2018-10-15,10,28.96,28.63,25.71,30.99,33.79,1.03,91.6,Zone 3,Safe,2,1,0,1,1,0,0,1,High,100,HIGH
Cagayan de Oro,Kauswagan,2008-03-28,3,4.26,27.97,25.52,31.62,31.18,2.76,72.1,Zone 6,Evacuated,3,0,0,0,0,0,0,0,,37,LOW
Cagayan de Oro,Kauswagan,2008-01-23,1,4.33,26.38,24.53,29.49,30.71,5.23,83.3,Zone 3,Safe,2,1,0,0,1,1,0,0,High,100,HIGH
Cagayan de Oro,Kauswagan,2006-07-20,7,12.05,27.25,23.81,29.02,31.85,1.8,86.0,Zone 5,Safe,5,1,1,0,1,0,0,1,Medium,100,HIGH
Cagayan de Oro,Kauswagan,2020-05-09,5,10.02,29.02,26.71,31.9,33.25,3.11,82.3,Zone 1,Safe,3,3,1,0,0,0,1,1,Medium,81,HIGH
Cagayan de Oro,Kauswagan,2008-04-19,4,10.48,29.07,27.2,32.82,33.05,2.34,79.8,Zone 3,Evacuated,10,1,0,0,0,0,0,1,Medium,96,HIGH
Cagayan de Oro,Kauswagan,2015-05-06,5,6.39,29.41,27.37,32.98,32.71,1.29,73.0,Zone 3,Safe,9,0,0,0,0,0,0,1,,98,HIGH
Cagayan de Oro,Kauswagan,2003-08-25,8,10.05,26.41,23.07,29.93,31.23,3.56,88.2,Zone 5,Safe,4,1,1,0,1,0,0,1,Medium,100,HIGH
Cagayan de Oro,Kauswagan,2021-01-10,1,6.75,28.03,26.13,29.99,32.21,2.94,81.8,Zone 6,Unaccounted,3,0,0,0,0,0,0,1,,78,HIGH
Cagayan de Oro,Kauswagan,2006-10-08,10,10.43,27.64,24.41,30.24,32.56,5.96,89.2,Zone 6,Safe,8,1,0,0,0,0,0,1,High,89,HIGH
Cagayan de Oro,Kauswagan,2020-09-01,9,12.39,27.51,25.57,30.42,32.5,2.6,89.9,Zone 2,Evacuated,6,1,0,0,0,0,0,1,Medium,57,MEDIUM
Cagayan de Oro,Kauswagan,2022-06-20,6,12.04,28.1,24.96,30.98,31.81,3.04,77.1,Zone 3,Safe,10,1,0,1,0,0,0,1,Medium,100,HIGH
Cagayan de Oro,Kauswagan,2008-08-23,8,9.9,29.13,25.65,31.86,33.65,3.63,85.2,Zone 4,Safe,2,1,0,0,0,1,0,1,Medium,49,MEDIUM
Cagayan de Oro,Kauswagan,2004-04-12,4,4.39,28.9,26.8,32.33,32.26,0.71,73.6,Zone 3,Unaccounted,1,0,0,0,0,0,0,0,,96,HIGH
Cagayan de Oro,Kauswagan,2015-07-15,7,12.6,27.96,25.17,31.52,32.48,3.43,85.2,Zone 5,Safe,3,1,0,0,0,0,0,1,Medium,100,HIGH
Cagayan de Oro,Kauswagan,2018-04-19,4,6.75,27.83,25.8,31.2,31.06,3.5,72.3,Zone 3,Safe,1,0,0,0,0,0,0,1,Medium,93,HIGH
Cagayan de Oro,Kauswagan,2012-09-14,9,8.52,27.31,24.18,29.86,30.18,1.16,68.7,Zone 5,Safe,6,2,1,1,0,0,0,1,Medium,100,HIGH
Cagayan de Oro,Kauswagan,2003-01-18,1,6.48,27.42,24.59,31.23,31.26,3.15,78.4,Zone 1,Safe,3,0,0,0,0,0,0,1,Medium,44,MEDIUM
Cagayan de Oro,Kauswagan,2012-02-12,2,13.25,28.5,25.24,30.6,32.24,3.6,77.4,Zone 5,Safe,5,0,1,1,0,0,1,1,Medium,100,HIGH
Cagayan de Oro,Kauswagan,2009-03-12,3,9.1,28.29,26.3,30.22,31.76,3.08,74.7,Zone 6,Unaccounted,4,0,0,0,0,0,0,1,Medium,86,HIGH
Cagayan de Oro,Kauswagan,2013-06-21,6,10.86,28.11,25.92,32.04,32.55,2.84,84.4,Zone 3,Safe,4,3,0,0,0,0,0,1,Medium,100,HIGH
Cagayan de Oro,Kauswagan,2004-12-22,12,7.87,26.72,24.77,29.23,30.61,3.17,78.9,Zone 4,Safe,9,2,0,0,0,0,0,1,Medium,57,MEDIUM
Cagayan de Oro,Kauswagan,2009-04-20,4,3.51,27.96,24.95,30.07,31.32,1.59,73.6,Zone 1,Unaccounted,5,2,0,0,0,0,0,0,,62,MEDIUM
Cagayan de Oro,Kauswagan,2016-03-19,3,6.04,29.06,27.3,32.59,32.59,1.98,75.3,Zone 6,Safe,10,1,0,1,0,0,0,1,,84,HIGH
Cagayan de Oro,Kauswagan,2011-02-05,2,7.9,26.69,23.68,28.42,30.31,2.59,76.2,Zone 6,Unaccounted,1,0,0,0,0,0,0,1,Medium,81,HIGH
Cagayan de Oro,Kauswagan,2013-10-13,10,14.49,27.75,24.43,30.78,32.44,4.11,86.9,Zone 5,Evacuated,1,1,0,0,0,0,0,1,Medium,88,HIGH
Cagayan de Oro,Kauswagan,2009-08-13,8,11.17,28.55,26.9,31.2,33.38,2.19,88.3,Zone 1,Safe,5,1,0,1,1,1,0,1,Medium,79,HIGH
Cagayan de Oro,Kauswagan,2005-05-21,5,8.13,29.25,26.62,33.0,32.67,0.4,74.2,Zone 3,Safe,2,0,0,0,0,0,0,1,Medium,95,HIGH
Cagayan de Oro,Kauswagan,2010-08-03,8,6.47,26.71,25.01,29.14,31.67,3.08,89.6,Zone 3,Evacuated,3,3,0,0,1,1,0,1,Medium,100,HIGH
Cagayan de Oro,Kauswagan,2019-06-05,6,8.75,29.46,26.7,31.96,33.69,3.91,82.3,Zone 5,Safe,3,2,1,0,0,1,0,1,Medium,100,HIGH
Cagayan de Oro,Kauswagan,2010-08-26,8,6.31,27.31,25.76,30.24,31.82,0.48,85.1,Zone 5,Safe,9,3,0,0,0,0,0,1,,100,HIGH
Cagayan de Oro,Kauswagan,2004-03-09,3,8.6,29.97,28.09,33.23,33.64,2.42,76.7,Zone 5,Safe,4,2,0,0,0,0,0,1,Medium,100,HIGH
Cagayan de Oro,Kauswagan,2011-06-04,6,8.24,27.42,25.5,30.85,31.52,2.51,81.0,Zone 5,Safe,2,1,1,0,0,0,0,1,Medium,100,HIGH
Cagayan de Oro,Kauswagan,2017-09-28,9,10.92,27.56,25.09,30.54,32.29,2.28,87.3,Zone 6,Evacuated,5,1,1,0,1,0,1,1,Medium,88,HIGH
Cagayan de Oro,Kauswagan,2019-03-03,3,4.33,27.14,24.55,30.41,31.19,1.2,80.5,Zone 6,Safe,6,1,1,0,0,0,0,0,,75,HIGH
Cagayan de Oro,Kauswagan,2003-10-06,10,8.91,27.64,25.53,30.5,30.86,1.66,72.2,Zone 3,Safe,7,1,0,0,0,0,0,1,Medium,100,HIGH
Cagayan de Oro,Kauswagan,2009-10-07,10,17.1,28.32,25.06,31.71,32.92,1.63,86.0,Zone 5,Safe,9,1,0,0,0,0,0,1,High,100,HIGH
Cagayan de Oro,Kauswagan,2008-10-02,10,8.58,27.42,25.24,30.71,32.02,3.98,86.0,Zone 3,Evacuated,7,1,0,0,1,0,1,1,Medium,100,HIGH
Cagayan de Oro,Kauswagan,2019-12-17,12,4.13,27.06,25.18,30.41,31.39,2.06,83.3,Zone 4,Safe,6,1,0,0,0,1,0,0,,41,MEDIUM
Cagayan de Oro,Kauswagan,2008-03-13,3,7.32,27.82,26.28,30.59,30.78,2.39,69.6,Zone 2,Safe,3,1,0,0,1,0,1,1,Medium,82,HIGH
Cagayan de Oro,Kauswagan,2013-04-28,4,9.29,28.71,25.74,30.41,32.1,1.7,73.9,Zone 6,Safe,3,0,0,0,0,0,0,1,Medium,67,MEDIUM
Cagayan de Oro,Kauswagan,2006-06-01,6,17.04,28.42,25.85,30.8,32.71,2.3,82.9,Zone 6,Evacuated,7,1,0,0,1,1,0,1,High,89,HIGH
Cagayan de Oro,Kauswagan,2016-03-18,3,7.08,28.79,26.91,32.19,32.69,3.1,79.0,Zone 5,Unaccounted,1,0,0,1,0,1,1,1,Medium,100,HIGH
Cagayan de Oro,Kauswagan,2021-02-10,2,6.87,26.82,24.17,29.81,29.77,2.21,69.5,Zone 5,Evacuated,10,1,0,0,0,0,0,1,,93,HIGH
Cagayan de Oro,Kauswagan,2017-03-27,3,5.83,28.68,27.1,31.2,32.63,3.23,79.5,Zone 3,Safe,6,2,0,0,0,0,0,1,Medium,100,HIGH
Cagayan de Oro,Kauswagan,2016-10-12,10,15.89,28.13,26.24,29.8,32.76,2.11,86.3,Zone 6,Unaccounted,1,1,0,0,0,0,0,1,High,95,HIGH
Cagayan de Oro,Kauswagan,2005-02-02,2,6.56,26.29,23.64,28.4,29.9,1.57,76.1,Zone 3,Evacuated,9,1,0,0,0,0,0,1,,89,HIGH
Cagayan de Oro,Kauswagan,2017-05-27,5,8.07,30.0,28.31,33.87,33.71,2.13,77.1,Zone 5,Safe,1,1,0,0,0,0,0,1,Medium,100,HIGH
Cagayan de Oro,Kauswagan,2007-01-17,1,11.75,27.1,24.68,30.25,30.83,3.79,77.3,Zone 3,Safe,5,0,1,1,0,1,0,1,Medium,100,HIGH
Cagayan de Oro,Kauswagan,2007-07-28,7,15.67,27.95,25.67,30.0,32.54,4.02,85.9,Zone 2,Safe,6,1,0,1,0,0,0,1,High,90,HIGH
Cagayan de Oro,Kauswagan,2009-08-06,8,8.81,27.17,25.13,28.9,31.31,3.69,81.4,Zone 3,Unaccounted,3,3,0,1,0,0,0,1,Medium,100,HIGH
Cagayan de Oro,Kauswagan,2016-04-26,4,5.55,28.45,26.72,31.56,31.98,3.8,75.3,Zone 3,Evacuated,5,0,0,0,0,0,0,1,Medium,85,HIGH
Cagayan de Oro,Kauswagan,2007-07-10,7,7.42,27.26,23.88,30.55,31.64,3.94,83.8,Zone 5,Safe,5,3,0,0,0,0,0,1,Medium,100,HIGH
Cagayan de Oro,Kauswagan,2017-12-07,12,5.82,29.39,27.53,32.06,32.89,2.65,75.0,Zone 5,Unaccounted,9,0,1,0,1,1,0,1,,100,HIGH
Cagayan de Oro,Kauswagan,2011-04-26,4,4.82,30.25,27.54,32.2,33.57,3.53,73.2,Zone 2,Unaccounted,5,2,0,0,1,1,0,0,Medium,100,HIGH
Cagayan de Oro,Kauswagan,2019-06-04,6,9.37,28.1,25.5,29.65,32.27,1.48,81.7,Zone 6,Safe,8,2,0,1,0,0,0,1,Medium,97,HIGH
Cagayan de Oro,Kauswagan,2008-05-23,5,9.02,29.45,27.87,31.37,33.7,5.13,82.5,Zone 6,Safe,8,0,1,0,0,1,0,1,High,100,HIGH
Cagayan de Oro,Kauswagan,2011-03-08,3,7.23,28.88,26.69,32.33,33.23,3.7,83.5,Zone 3,Evacuated,9,2,0,0,0,1,0,1,Medium,100,HIGH
Cagayan de Oro,Kauswagan,2003-10-25,10,9.08,27.17,25.34,30.86,32.12,1.62,89.5,Zone 6,Evacuated,6,2,0,0,0,0,0,1,Medium,69,MEDIUM
Cagayan de Oro,Kauswagan,2020-03-14,3,4.56,28.32,25.68,30.52,31.88,3.55,75.6,Zone 5,Safe,4,0,0,0,1,0,0,0,Medium,100,HIGH
Cagayan de Oro,Kauswagan,2003-02-21,2,8.75,26.16,22.7,27.67,29.92,2.57,77.6,Zone 3,Safe,9,2,0,0,1,0,0,1,Medium,100,HIGH
Cagayan de Oro,Kauswagan,2011-08-24,8,13.47,27.66,25.81,30.14,31.87,1.12,82.1,Zone 1,Safe,6,2,1,0,0,0,0,1,Medium,73,HIGH
Cagayan de Oro,Kauswagan,2010-10-25,10,12.82,28.31,25.86,30.0,32.46,2.24,81.5,Zone 5,Evacuated,1,1,1,0,0,1,0,1,Medium,100,HIGH
Cagayan de Oro,Kauswagan,2017-05-08,5,8.62,29.53,27.02,33.3,33.34,3.35,78.1,Zone 5,Safe,4,0,0,0,0,0,0,1,Medium,100,HIGH
Cagayan de Oro,Kauswagan,2020-07-03,7,9.14,28.38,25.38,31.99,32.48,2.28,81.0,Zone 3,Unaccounted,6,3,0,0,0,0,0,1,Medium,100,HIGH
Cagayan de Oro,Kauswagan,2017-07-28,7,8.65,27.22,25.46,30.91,31.11,2.63,78.9,Zone 5,Evacuated,7,1,1,0,1,0,0,1,Medium,100,HIGH
Cagayan de Oro,Kauswagan,2005-11-10,11,7.37,27.79,25.25,31.33,31.74,0.44,79.5,Zone 5,Evacuated,10,1,0,0,0,0,0,1,Medium,100,HIGH
Cagayan de Oro,Kauswagan,2008-08-16,8,12.46,26.55,23.9,28.32,31.08,3.22,85.3,Zone 5,Evacuated,5,1,0,0,0,0,1,1,Medium,100,HIGH
Cagayan de Oro,Kauswagan,2012-07-01,7,13.01,28.65,25.2,31.06,33.09,3.1,84.4,Zone 5,Evacuated,7,1,0,1,0,0,1,1,Medium,100,HIGH
Cagayan de Oro,Kauswagan,2016-08-09,8,14.38,28.3,25.62,30.41,32.55,0.93,82.5,Zone 2,Safe,8,2,1,0,0,0,0,1,Medium,93,HIGH
Cagayan de Oro,Kauswagan,2006-07-16,7,9.4,27.79,25.19,29.63,32.71,3.11,89.2,Zone 3,Evacuated,7,1,0,0,1,0,1,1,Medium,100,HIGH
Cagayan de Oro,Kauswagan,2003-02-20,2,10.67,28.21,25.17,30.84,32.08,0.33,78.7,Zone 5,Evacuated,7,0,0,0,1,0,0,1,Medium,100,HIGH
Cagayan de Oro,Kauswagan,2004-11-20,11,9.18,27.63,25.36,31.01,31.72,0.54,80.9,Zone 3,Safe,4,1,0,0,0,1,1,1,Medium,100,HIGH
Cagayan de Oro,Kauswagan,2013-07-01,7,6.65,29.13,26.03,32.22,33.96,1.57,88.3,Zone 5,Unaccounted,5,1,0,0,0,0,0,1,,100,HIGH
Cagayan de Oro,Kauswagan,2017-02-23,2,14.32,29.21,27.59,32.33,32.5,1.64,72.9,Zone 2,Safe,2,0,0,0,0,0,0,1,Medium,59,MEDIUM
Cagayan de Oro,Kauswagan,2003-12-15,12,6.24,26.88,24.57,28.89,30.62,4.09,77.4,Zone 3,Unaccounted,2,0,0,0,0,0,0,1,Medium,100,HIGH
Cagayan de Oro,Kauswagan,2018-11-01,11,6.11,27.43,25.55,30.95,31.36,2.59,79.3,Zone 5,Safe,9,3,0,0,0,0,0,1,,100,HIGH
Cagayan de Oro,Kauswagan,2020-10-27,10,9.02,28.79,25.43,31.52,32.87,2.21,80.8,Zone 4,Safe,7,2,0,1,0,1,1,1,Medium,81,HIGH
Cagayan de Oro,Kauswagan,2003-02-15,2,7.65,27.32,24.75,30.88,31.23,3.32,79.1,Zone 2,Safe,5,0,0,1,0,0,0,1,Medium,74,HIGH
Cagayan de Oro,Kauswagan,2021-01-07,1,7.35,26.8,24.23,30.68,30.21,2.13,74.1,Zone 6,Safe,2,1,0,0,0,0,0,1,Medium,71,HIGH
Cagayan de Oro,Kauswagan,2022-06-10,6,9.4,28.44,25.56,30.22,32.96,2.59,85.2,Zone 5,Safe,10,2,0,0,0,0,0,1,Medium,100,HIGH
Cagayan de Oro,Kauswagan,2022-01-13,1,15.09,26.34,24.48,29.38,30.19,4.21,78.5,Zone 2,Unaccounted,8,0,0,0,0,0,0,1,High,95,HIGH
Cagayan de Oro,Kauswagan,2008-10-17,10,11.2,28.08,24.66,30.26,32.79,3.39,87.1,Zone 5,Safe,9,2,0,0,0,0,0,1,Medium,100,HIGH
Cagayan de Oro,Kauswagan,2004-04-26,4,4.91,28.42,25.53,31.88,30.95,2.94,65.3,Zone 2,Evacuated,2,0,0,0,0,1,0,0,,37,LOW
Cagayan de Oro,Kauswagan,2003-08-17,8,10.22,28.02,25.75,30.46,31.93,4.77,79.1,Zone 3,Evacuated,4,2,0,0,0,0,0,1,Medium,95,HIGH
Cagayan de Oro,Kauswagan,2021-11-17,11,9.82,28.23,25.0,31.63,33.1,1.75,88.7,Zone 3,Unaccounted,2,1,0,1,0,0,1,1,Medium,100,HIGH
Cagayan de Oro,Kauswagan,2005-11-17,11,12.81,26.91,24.75,28.91,30.45,3.15,75.4,Zone 3,Safe,1,1,0,0,0,0,0,1,Medium,99,HIGH
Cagayan de Oro,Kauswagan,2016-10-05,10,9.21,28.43,25.67,30.04,32.31,1.64,78.8,Zone 3,Unaccounted,4,1,1,0,0,0,0,1,Medium,100,HIGH
Cagayan de Oro,Kauswagan,2005-09-21,9,9.44,27.68,25.27,30.19,31.96,0.94,82.8,Zone 3,Safe,10,3,0,0,1,0,0,1,Medium,100,HIGH
Cagayan de Oro,Kauswagan,2019-05-27,5,5.36,30.05,27.9,33.92,34.59,2.54,85.4,Zone 3,Evacuated,1,0,0,0,0,0,1,1,,78,HIGH
Cagayan de Oro,Kauswagan,2008-06-19,6,8.51,29.98,27.2,32.65,33.94,3.36,79.6,Zone 6,Safe,2,1,0,0,0,0,0,1,Medium,71,HIGH
Cagayan de Oro,Kauswagan,2006-10-22,10,10.52,27.72,24.78,31.43,32.28,3.96,85.6,Zone 5,Safe,2,1,0,0,0,0,0,1,Medium,100,HIGH
Cagayan de Oro,Kauswagan,2003-07-05,7,8.2,27.86,25.25,30.69,32.51,0.55,86.5,Zone 5,Unaccounted,4,2,0,0,0,0,0,1,Medium,100,HIGH
Cagayan de Oro,Kauswagan,2008-11-25,11,14.3,29.26,25.77,31.81,33.56,4.64,83.0,Zone 5,Evacuated,5,1,0,0,0,0,0,1,Medium,95,HIGH
Cagayan de Oro,Kauswagan,2008-10-13,10,12.28,26.36,23.58,28.7,30.76,1.91,84.0,Zone 5,Safe,8,3,0,0,0,0,0,1,Medium,100,HIGH
Cagayan de Oro,Kauswagan,2012-01-24,1,7.46,26.64,23.52,30.47,30.81,1.4,81.7,Zone 5,Safe,3,1,0,0,0,0,0,1,Medium,100,HIGH
Cagayan de Oro,Kauswagan,2003-07-20,7,6.94,27.29,24.62,31.14,32.09,3.29,88.0,Zone 3,Safe,4,1,0,0,0,0,0,1,Medium,100,HIGH
Cagayan de Oro,Kauswagan,2011-03-18,3,4.53,29.65,27.01,32.16,33.54,4.21,78.9,Zone 2,Unaccounted,1,0,0,0,0,0,0,0,Medium,67,MEDIUM
Cagayan de Oro,Kauswagan,2007-08-01,8,12.96,28.63,25.29,30.86,32.94,1.64,83.1,Zone 3,Safe,3,3,1,0,1,0,0,1,Medium,100,HIGH
Cagayan de Oro,Kauswagan,2010-06-12,6,8.45,28.02,25.12,30.58,32.59,4.86,85.7,Zone 2,Safe,2,2,0,0,1,0,1,1,Medium,86,HIGH
Cagayan de Oro,Kauswagan,2010-11-01,11,14.55,27.14,23.89,30.71,31.18,1.76,80.4,Zone 3,Safe,9,1,0,0,0,0,0,1,Medium,100,HIGH
Cagayan de Oro,Kauswagan,2017-12-19,12,4.08,28.02,24.52,30.14,31.92,3.83,79.0,Zone 3,Safe,7,0,0,1,0,1,1,0,Medium,100,HIGH
Cagayan de Oro,Kauswagan,2015-01-13,1,15.13,26.45,23.34,29.46,29.94,3.36,74.9,Zone 4,Evacuated,9,0,0,1,0,0,0,1,High,48,MEDIUM
Cagayan de Oro,Kauswagan,2012-06-19,6,8.68,29.55,26.92,32.26,34.36,2.34,88.1,Zone 3,Unaccounted,3,1,0,0,0,0,0,1,Medium,100,HIGH
Cagayan de Oro,Kauswagan,2022-05-06,5,8.26,30.29,27.74,32.25,33.87,2.69,75.8,Zone 5,Unaccounted,10,1,0,0,0,0,0,1,Medium,100,HIGH
Cagayan de Oro,Kauswagan,2005-07-13,7,8.48,28.38,24.95,32.25,32.3,3.7,79.2,Zone 3,Safe,7,1,0,1,0,1,0,1,Medium,100,HIGH
Cagayan de Oro,Kauswagan,2022-10-24,10,5.83,27.36,24.28,30.7,31.36,1.96,80.0,Zone 3,Safe,6,2,0,0,0,1,0,1,,100,HIGH
Cagayan de Oro,Kauswagan,2017-09-17,9,8.1,28.06,25.14,30.69,32.88,0.0,88.2,Zone 5,Safe,7,1,0,0,0,0,0,1,Medium,100,HIGH
Cagayan de Oro,Kauswagan,2008-05-17,5,11.59,28.5,26.9,32.37,32.08,2.78,75.8,Zone 1,Unaccounted,10,2,0,0,0,0,0,1,Medium,82,HIGH
Cagayan de Oro,Kauswagan,2019-04-20,4,3.66,28.64,25.65,32.58,30.93,1.91,62.9,Zone 5,Safe,3,3,0,0,0,0,0,0,,100,HIGH
Cagayan de Oro,Kauswagan,2005-01-01,1,5.99,27.79,25.71,29.41,31.84,2.87,80.5,Zone 2,Unaccounted,8,3,0,0,0,0,0,1,,98,HIGH
Cagayan de Oro,Kauswagan,2005-10-24,10,5.86,27.61,24.2,29.87,32.13,2.44,85.2,Zone 2,Evacuated,4,3,1,0,0,0,1,1,,77,HIGH
Cagayan de Oro,Kauswagan,2006-04-10,4,4.84,28.28,26.75,31.07,31.85,2.55,75.7,Zone 3,Safe,6,0,0,0,0,0,1,0,,94,HIGH
Cagayan de Oro,Kauswagan,2004-08-05,8,6.66,27.34,24.66,30.19,32.07,0.9,87.3,Zone 1,Evacuated,7,1,0,1,0,0,0,1,,45,MEDIUM
Cagayan de Oro,Kauswagan,2013-05-01,5,5.04,30.69,27.95,33.96,34.79,1.78,81.0,Zone 3,Safe,9,0,0,0,0,0,0,1,,98,HIGH
Cagayan de Oro,Kauswagan,2021-04-01,4,3.14,27.9,24.54,31.88,31.19,2.36,72.9,Zone 6,Safe,2,1,0,0,0,0,0,0,,56,MEDIUM
Cagayan de Oro,Kauswagan,2007-10-13,10,10.9,26.63,23.3,29.55,31.16,3.26,85.3,Zone 2,Unaccounted,9,3,1,1,1,0,0,1,Medium,100,HIGH
Cagayan de Oro,Kauswagan,2003-09-05,9,13.44,25.92,24.25,29.07,30.89,2.61,89.7,Zone 6,Safe,1,1,0,0,0,0,0,1,Medium,69,MEDIUM
Cagayan de Oro,Kauswagan,2016-02-17,2,8.99,29.16,26.52,33.11,32.67,5.43,75.1,Zone 6,Safe,5,2,0,0,0,0,0,1,High,90,HIGH
Cagayan de Oro,Kauswagan,2012-04-26,4,4.0,28.64,26.16,30.44,32.01,1.65,73.7,Zone 5,Safe,4,3,0,0,0,1,0,0,,100,HIGH
Cagayan de Oro,Kauswagan,2013-11-20,11,7.71,28.03,24.83,29.77,32.04,2.3,80.1,Zone 4,Safe,8,1,1,0,0,0,0,1,Medium,63,MEDIUM
Cagayan de Oro,Kauswagan,2004-08-12,8,11.57,27.66,25.71,29.38,33.24,1.36,95.8,Zone 5,Safe,3,3,0,0,0,0,0,1,Medium,100,HIGH
Cagayan de Oro,Kauswagan,2022-06-27,6,8.0,28.83,25.84,31.79,33.72,3.01,88.9,Zone 6,Evacuated,10,1,0,0,0,0,0,1,Medium,66,MEDIUM
Cagayan de Oro,Kauswagan,2004-04-15,4,11.49,28.91,27.03,32.24,31.93,0.0,70.2,Zone 6,Unaccounted,5,0,0,0,0,0,0,1,Medium,88,HIGH
Cagayan de Oro,Kauswagan,2003-09-20,9,16.11,25.61,22.55,28.34,30.24,4.25,86.3,Zone 6,Safe,9,1,0,0,0,0,0,1,High,89,HIGH
Cagayan de Oro,Kauswagan,2005-04-11,4,5.54,29.34,25.99,33.05,33.1,2.48,77.6,Zone 4,Evacuated,8,0,0,0,0,0,0,1,,23,LOW
Cagayan de Oro,Kauswagan,2018-10-03,10,8.45,26.8,24.04,30.74,31.33,2.72,85.3,Zone 3,Evacuated,6,1,0,1,0,0,0,1,Medium,100,HIGH
Cagayan de Oro,Kauswagan,2014-09-19,9,9.59,26.72,25.06,29.1,31.27,2.95,85.5,Zone 5,Safe,5,1,0,0,1,0,1,1,Medium,100,HIGH
Cagayan de Oro,Kauswagan,2014-09-01,9,10.46,27.06,24.87,30.41,32.22,3.76,91.6,Zone 6,Evacuated,2,1,0,0,1,0,1,1,Medium,71,HIGH
Cagayan de Oro,Kauswagan,2022-12-26,12,9.82,27.43,25.15,29.84,31.49,1.33,80.6,Zone 5,Evacuated,2,3,0,0,0,0,0,1,Medium,100,HIGH
Cagayan de Oro,Kauswagan,2018-08-27,8,7.59,29.01,27.5,31.22,33.18,2.17,81.7,Zone 5,Safe,1,2,0,0,0,0,0,1,Medium,100,HIGH
Cagayan de Oro,Kauswagan,2020-05-04,5,6.49,28.18,26.13,29.73,30.97,3.54,67.9,Zone 5,Evacuated,10,3,0,1,0,0,0,1,Medium,100,HIGH
Cagayan de Oro,Kauswagan,2020-03-03,3,3.81,28.66,27.11,30.68,32.34,1.86,76.8,Zone 5,Safe,3,1,1,0,0,0,0,0,,100,HIGH
Cagayan de Oro,Kauswagan,2014-04-17,4,2.71,29.69,26.36,32.55,32.66,2.92,69.7,Zone 4,Safe,5,1,1,0,0,0,0,0,,43,MEDIUM
Cagayan de Oro,Kauswagan,2020-11-15,11,5.86,27.46,24.88,29.34,30.74,1.52,72.8,Zone 3,Safe,10,2,0,0,0,0,0,1,,100,HIGH
Cagayan de Oro,Kauswagan,2016-07-10,7,8.63,27.24,24.32,29.26,32.21,1.47,89.7,Zone 3,Safe,4,1,0,0,0,0,0,1,Medium,100,HIGH
Cagayan de Oro,Kauswagan,2009-04-02,4,5.06,28.87,26.16,31.54,32.39,2.66,75.2,Zone 6,Safe,1,0,1,0,0,0,0,1,,68,MEDIUM
Cagayan de Oro,Kauswagan,2004-07-16,7,11.34,27.42,24.91,31.33,32.64,3.52,92.2,Zone 6,Safe,1,1,0,0,0,0,0,1,Medium,69,MEDIUM
Cagayan de Oro,Kauswagan,2006-11-23,11,7.42,27.39,24.69,30.43,31.42,5.03,80.3,Zone 3,Safe,5,3,0,0,0,0,0,1,High,100,HIGH
Cagayan de Oro,Kauswagan,2007-04-22,4,2.8,27.75,24.63,30.2,30.83,3.48,70.8,Zone 4,Safe,9,0,0,0,0,0,0,0,Medium,37,LOW
Cagayan de Oro,Kauswagan,2008-01-11,1,4.57,28.24,25.14,30.34,32.2,0.68,79.6,Zone 5,Evacuated,2,0,0,0,0,0,0,0,,69,MEDIUM
Cagayan de Oro,Kauswagan,2008-05-15,5,4.84,29.32,27.53,31.6,32.91,3.54,75.9,Zone 3,Evacuated,8,1,0,0,0,0,0,0,Medium,88,HIGH
Cagayan de Oro,Kauswagan,2011-05-12,5,15.39,28.33,26.24,31.65,32.52,6.05,81.9,Zone 5,Unaccounted,1,2,0,1,0,0,0,1,High,100,HIGH
Cagayan de Oro,Kauswagan,2005-11-07,11,7.57,28.41,26.02,30.07,32.78,1.33,83.7,Zone 5,Safe,2,3,0,1,0,0,0,1,Medium,100,HIGH
Cagayan de Oro,Kauswagan,2016-10-09,10,10.76,26.92,23.67,29.63,31.34,0.32,84.2,Zone 5,Safe,7,1,0,0,0,0,0,1,Medium,100,HIGH
Cagayan de Oro,Kauswagan,2021-04-11,4,6.7,28.03,25.78,29.54,31.51,3.44,74.8,Zone 5,Safe,1,0,0,0,0,0,0,1,Medium,97,HIGH
Cagayan de Oro,Kauswagan,2012-12-18,12,6.72,27.08,25.55,29.51,30.96,2.29,78.8,Zone 5,Unaccounted,8,0,1,0,0,1,1,1,,100,HIGH
Cagayan de Oro,Kauswagan,2004-06-27,6,7.76,29.43,27.14,31.03,33.75,2.97,83.2,Zone 2,Safe,7,3,0,0,0,0,0,1,Medium,86,HIGH
Cagayan de Oro,Kauswagan,2019-03-24,3,4.51,29.24,25.97,30.96,32.99,2.99,77.5,Zone 4,Evacuated,5,2,0,0,0,0,1,0,,29,LOW
Cagayan de Oro,Kauswagan,2009-02-01,2,3.49,26.49,23.82,29.47,29.73,1.57,72.4,Zone 5,Unaccounted,1,2,0,0,0,0,0,0,,100,HIGH
Cagayan de Oro,Kauswagan,2014-01-05,1,10.18,26.74,24.97,29.76,30.74,3.34,80.0,Zone 6,Safe,4,1,0,0,0,0,0,1,Medium,74,HIGH
Cagayan de Oro,Kauswagan,2017-06-19,6,7.48,27.58,24.69,30.0,31.61,5.36,80.3,Zone 5,Unaccounted,10,2,0,0,0,0,0,1,High,100,HIGH
Cagayan de Oro,Kauswagan,2004-07-02,7,9.92,27.58,24.83,30.41,32.71,1.67,91.3,Zone 3,Safe,8,1,0,0,1,1,0,1,Medium,100,HIGH
Cagayan de Oro,Kauswagan,2011-11-11,11,6.96,26.26,23.14,30.21,30.39,3.69,81.3,Zone 1,Safe,3,1,0,0,0,0,0,1,Medium,50,MEDIUM
Cagayan de Oro,Kauswagan,2012-09-20,9,20.18,27.1,24.21,30.91,32.15,1.6,90.5,Zone 3,Safe,2,1,0,0,0,0,0,1,High,100,HIGH
Cagayan de Oro,Kauswagan,2020-09-04,9,9.4,27.23,24.54,29.6,32.21,1.4,89.8,Zone 5,Safe,4,1,0,0,1,0,1,1,Medium,100,HIGH
Cagayan de Oro,Kauswagan,2008-07-13,7,8.02,26.97,23.74,29.96,31.16,3.8,81.9,Zone 5,Evacuated,3,1,1,0,0,0,0,1,Medium,100,HIGH
Cagayan de Oro,Kauswagan,2016-06-23,6,6.84,29.62,27.36,31.71,34.05,3.56,84.3,Zone 5,Unaccounted,2,3,0,0,1,1,0,1,Medium,100,HIGH
Cagayan de Oro,Kauswagan,2003-01-15,1,6.01,27.62,25.53,31.28,31.31,2.7,76.9,Zone 5,Safe,7,2,0,0,0,0,0,1,,100,HIGH
Cagayan de Oro,Kauswagan,2014-03-07,3,4.58,27.83,24.73,29.49,30.8,3.31,69.7,Zone 3,Safe,1,0,1,1,0,0,1,0,Medium,100,HIGH
Cagayan de Oro,Kauswagan,2005-04-22,4,7.32,28.23,25.88,31.75,31.71,2.8,74.8,Zone 1,Safe,1,0,0,0,0,0,0,1,Medium,40,MEDIUM
Cagayan de Oro,Kauswagan,2007-01-12,1,4.41,27.97,26.11,30.23,31.19,2.25,72.2,Zone 5,Safe,10,0,0,0,0,0,0,0,,94,HIGH
Cagayan de Oro,Kauswagan,2015-05-02,5,6.09,28.91,25.47,32.24,32.79,0.71,78.8,Zone 2,Safe,2,1,0,0,0,0,0,1,,58,MEDIUM
Cagayan de Oro,Kauswagan,2004-08-19,8,10.44,27.9,25.76,30.55,32.66,1.84,87.6,Zone 3,Safe,2,2,0,1,0,1,1,1,Medium,100,HIGH
Cagayan de Oro,Kauswagan,2015-12-10,12,7.61,27.16,24.5,29.73,30.89,3.35,77.3,Zone 2,Safe,2,0,0,0,0,0,0,1,Medium,59,MEDIUM
Cagayan de Oro,Kauswagan,2022-06-23,6,6.92,29.06,26.57,32.13,32.24,1.29,71.8,Zone 3,Safe,7,1,0,0,0,0,0,1,,100,HIGH
Cagayan de Oro,Kauswagan,2004-11-15,11,8.07,27.32,24.28,31.25,31.91,3.01,85.9,Zone 1,Unaccounted,8,3,1,0,1,0,0,1,Medium,100,HIGH
Cagayan de Oro,Kauswagan,2003-04-28,4,12.79,27.47,24.36,29.22,30.24,0.89,67.7,Zone 6,Safe,1,1,0,0,0,0,0,1,Medium,69,MEDIUM
Cagayan de Oro,Kauswagan,2009-04-07,4,6.04,28.74,25.54,30.6,32.04,2.59,73.0,Zone 5,Evacuated,8,0,0,1,0,0,0,1,,97,HIGH
Cagayan de Oro,Kauswagan,2015-10-28,10,9.34,27.56,25.48,29.16,31.75,1.5,81.9,Zone 2,Unaccounted,3,1,0,0,0,1,1,1,Medium,100,HIGH
Cagayan de Oro,Kauswagan,2021-07-20,7,12.05,26.28,23.47,28.43,30.47,2.37,81.9,Zone 6,Safe,4,2,0,1,0,0,0,1,Medium,90,HIGH
Cagayan de Oro,Kauswagan,2013-12-18,12,15.33,26.56,23.76,28.18,30.07,3.03,75.1,Zone 3,Safe,3,0,0,0,0,0,0,1,High,100,HIGH
Cagayan de Oro,Kauswagan,2005-12-01,12,5.55,26.78,24.43,28.75,30.85,4.17,80.7,Zone 5,Evacuated,3,0,0,0,0,0,0,1,Medium,86,HIGH
Cagayan de Oro,Kauswagan,2018-04-10,4,1.47,29.09,26.27,32.1,32.99,2.67,79.0,Zone 5,Safe,10,0,0,0,1,0,0,0,,100,HIGH
Cagayan de Oro,Kauswagan,2005-06-28,6,8.46,28.62,26.46,30.79,32.41,2.94,77.9,Zone 5,Safe,7,1,0,0,1,1,1,1,Medium,100,HIGH
Cagayan de Oro,Kauswagan,2022-12-20,12,5.58,28.17,26.53,31.05,32.04,2.32,78.7,Zone 3,Safe,1,0,0,1,1,0,0,1,,100,HIGH
Cagayan de Oro,Kauswagan,2007-04-22,4,9.78,28.47,26.6,31.87,31.7,3.31,72.3,Zone 3,Unaccounted,3,2,0,0,0,0,0,1,Medium,100,HIGH
Cagayan de Oro,Kauswagan,2009-08-15,8,8.83,27.49,25.58,29.18,32.01,2.24,85.2,Zone 6,Unaccounted,9,2,0,0,0,0,0,1,Medium,100,HIGH
Cagayan de Oro,Kauswagan,2012-07-13,7,6.98,26.81,23.85,28.38,30.97,3.48,81.6,Zone 6,Unaccounted,1,1,0,0,0,0,0,1,Medium,87,HIGH
Cagayan de Oro,Kauswagan,2004-04-13,4,3.06,29.34,27.17,31.62,32.16,4.23,68.2,Zone 5,Evacuated,5,0,0,0,0,0,0,0,Medium,81,HIGH
Cagayan de Oro,Kauswagan,2004-12-27,12,5.62,26.87,24.09,30.35,31.14,3.22,82.7,Zone 4,Safe,1,0,0,0,0,0,0,1,Medium,33,LOW
Cagayan de Oro,Kauswagan,2016-01-22,1,7.37,28.12,25.67,31.52,32.13,2.45,80.1,Zone 6,Safe,7,0,0,0,0,0,0,1,Medium,74,HIGH
Cagayan de Oro,Kauswagan,2016-10-01,10,11.59,26.29,23.13,27.82,29.93,4.12,76.4,Zone 3,Safe,7,1,0,0,1,0,0,1,Medium,100,HIGH
Cagayan de Oro,Kauswagan,2015-11-28,11,6.32,29.04,25.77,32.53,33.69,1.55,86.5,Zone 4,Unaccounted,2,1,0,0,0,0,0,1,,52,MEDIUM
Cagayan de Oro,Kauswagan,2018-06-20,6,7.87,28.26,25.47,30.28,32.15,3.86,78.9,Zone 6,Safe,4,3,0,0,0,0,1,1,Medium,93,HIGH
Cagayan de Oro,Kauswagan,2021-11-16,11,6.71,27.45,24.27,30.72,31.99,0.0,85.4,Zone 5,Unaccounted,10,2,0,0,0,0,0,1,,100,HIGH
Cagayan de Oro,Kauswagan,2016-12-17,12,9.36,25.75,24.18,29.1,29.62,2.72,78.7,Zone 5,Unaccounted,6,0,0,0,0,0,0,1,Medium,100,HIGH
Cagayan de Oro,Kauswagan,2009-12-26,12,7.71,26.18,24.39,28.72,30.18,0.94,80.0,Zone 5,Unaccounted,5,0,0,0,0,0,0,1,Medium,100,HIGH
Cagayan de Oro,Kauswagan,2011-04-19,4,5.12,28.22,24.93,29.97,31.76,1.57,75.4,Zone 3,Safe,9,0,1,0,1,0,1,1,,100,HIGH
Cagayan de Oro,Kauswagan,2022-02-11,2,6.07,28.12,26.04,31.95,32.51,2.91,83.9,Zone 5,Safe,1,0,0,0,0,0,0,1,,90,HIGH
Cagayan de Oro,Kauswagan,2016-11-15,11,11.73,28.48,25.5,32.45,32.97,3.79,84.9,Zone 3,Unaccounted,3,3,0,0,1,0,1,1,Medium,100,HIGH
Cagayan de Oro,Kauswagan,2008-08-10,8,10.07,27.9,24.75,31.72,32.05,0.99,81.5,Zone 6,Safe,7,2,0,0,0,1,0,1,Medium,94,HIGH
Cagayan de Oro,Kauswagan,2019-02-28,2,6.91,26.68,23.63,29.5,30.06,3.3,73.8,Zone 6,Unaccounted,3,0,0,0,0,0,1,1,Medium,92,HIGH
Cagayan de Oro,Kauswagan,2004-11-16,11,8.42,28.19,26.03,31.06,32.47,1.63,82.8,Zone 3,Unaccounted,2,1,0,0,0,0,0,1,Medium,100,HIGH
Cagayan de Oro,Kauswagan,2009-12-03,12,9.04,27.44,24.54,29.58,31.49,3.69,80.5,Zone 5,Evacuated,7,0,0,0,0,0,1,1,Medium,100,HIGH
Cagayan de Oro,Kauswagan,2011-10-18,10,12.72,28.99,26.71,32.37,33.98,3.6,89.9,Zone 3,Safe,7,2,0,0,0,0,1,1,Medium,100,HIGH
Cagayan de Oro,Kauswagan,2020-07-07,7,12.13,28.31,26.33,29.82,33.13,3.57,88.2,Zone 5,Evacuated,8,1,0,0,0,0,0,1,Medium,100,HIGH
Cagayan de Oro,Kauswagan,2020-02-02,2,6.04,28.31,26.69,32.01,32.37,3.03,80.6,Zone 2,Safe,7,0,0,0,0,0,0,1,Medium,68,MEDIUM
Cagayan de Oro,Kauswagan,2014-07-11,7,7.77,28.17,24.87,31.5,32.29,2.98,81.2,Zone 5,Evacuated,7,3,0,0,0,0,0,1,Medium,100,HIGH
Cagayan de Oro,Kauswagan,2015-11-17,11,11.25,26.33,24.19,29.71,30.3,2.37,79.7,Zone 6,Safe,8,1,0,1,1,0,1,1,Medium,100,HIGH
Cagayan de Oro,Kauswagan,2003-07-09,7,12.54,28.32,26.81,30.79,33.2,4.1,88.8,Zone 6,Safe,9,2,0,0,0,0,0,1,Medium,87,HIGH
Cagayan de Oro,Kauswagan,2007-09-28,9,13.47,28.27,26.19,29.91,32.54,2.32,82.7,Zone 5,Safe,7,1,0,0,0,0,0,1,Medium,100,HIGH
Cagayan de Oro,Kauswagan,2011-03-06,3,6.66,27.82,24.6,29.97,30.45,1.35,66.3,Zone 3,Evacuated,10,1,1,1,0,0,1,1,,100,HIGH
Cagayan de Oro,Kauswagan,2016-04-17,4,3.17,28.96,25.64,32.96,32.52,0.02,75.6,Zone 4,Safe,4,2,1,0,0,0,1,0,,54,MEDIUM
Cagayan de Oro,Kauswagan,2010-08-01,8,6.54,27.79,25.47,29.4,32.24,1.96,84.5,Zone 5,Evacuated,5,1,0,0,0,0,0,1,,88,HIGH
Cagayan de Oro,Kauswagan,2004-11-14,11,6.09,26.21,24.36,29.7,30.52,1.01,83.1,Zone 1,Safe,1,1,0,1,0,0,0,1,,49,MEDIUM
Cagayan de Oro,Kauswagan,2011-01-20,1,2.7,27.3,24.31,29.33,31.03,1.46,77.3,Zone 6,Evacuated,1,0,0,0,0,0,0,0,,33,LOW
Cagayan de Oro,Kauswagan,2022-02-27,2,7.9,27.66,25.21,30.37,30.72,4.05,70.6,Zone 2,Unaccounted,10,2,0,0,0,0,0,1,Medium,99,HIGH
Cagayan de Oro,Kauswagan,2007-05-11,5,7.97,29.34,26.73,31.11,32.92,4.65,75.8,Zone 3,Safe,10,0,0,0,0,0,0,1,Medium,100,HIGH
Cagayan de Oro,Kauswagan,2017-06-02,6,6.09,28.56,26.65,31.94,32.98,2.93,84.2,Zone 6,Safe,8,1,1,0,0,0,0,1,,86,HIGH
Cagayan de Oro,Kauswagan,2018-10-11,10,7.58,28.09,25.31,31.97,32.93,1.38,88.4,Zone 3,Safe,1,3,0,0,0,0,1,1,Medium,100,HIGH
Cagayan de Oro,Kauswagan,2016-01-05,1,5.79,26.55,25.05,29.84,30.79,0.74,82.4,Zone 5,Safe,3,1,1,1,0,0,0,1,,100,HIGH
Cagayan de Oro,Kauswagan,2019-02-12,2,7.61,28.23,25.53,31.64,31.73,1.39,75.0,Zone 3,Safe,5,1,0,1,0,1,0,1,Medium,100,HIGH
Cagayan de Oro,Kauswagan,2004-05-05,5,8.93,30.09,28.14,33.0,34.01,3.22,79.2,Zone 5,Safe,8,0,0,0,0,1,0,1,Medium,100,HIGH
Cagayan de Oro,Kauswagan,2014-06-20,6,10.56,28.47,25.06,30.25,32.12,2.88,76.5,Zone 3,Safe,9,3,0,0,0,0,1,1,Medium,100,HIGH
Cagayan de Oro,Kauswagan,2009-12-06,12,8.52,27.64,26.13,30.44,32.34,1.11,87.0,Zone 3,Evacuated,10,0,0,0,0,1,0,1,Medium,98,HIGH
Cagayan de Oro,Kauswagan,2011-12-17,12,10.82,26.57,24.86,29.12,30.41,3.1,78.4,Zone 6,Safe,4,0,1,0,1,0,0,1,Medium,88,HIGH
Cagayan de Oro,Kauswagan,2015-12-18,12,5.45,27.86,24.93,31.25,32.13,0.69,82.7,Zone 5,Safe,7,2,0,0,0,0,0,1,,100,HIGH
Cagayan de Oro,Kauswagan,2006-09-07,9,12.96,28.32,25.12,30.93,33.21,2.35,88.9,Zone 5,Evacuated,7,1,1,1,0,0,0,1,Medium,100,HIGH
Cagayan de Oro,Kauswagan,2019-06-03,6,21.4,27.05,23.7,30.55,31.41,4.58,83.6,Zone 5,Safe,9,1,0,0,0,0,0,1,High,100,HIGH
Cagayan de Oro,Kauswagan,2014-03-13,3,6.27,28.65,25.51,31.56,32.56,0.62,79.1,Zone 1,Safe,9,0,0,0,0,0,0,1,,45,MEDIUM
Cagayan de Oro,Kauswagan,2010-07-05,7,6.58,28.94,27.17,32.25,33.72,3.1,87.8,Zone 6,Safe,8,1,0,0,0,0,1,1,Medium,88,HIGH
Cagayan de Oro,Kauswagan,2008-01-05,1,6.5,27.12,25.16,30.32,31.2,3.31,80.8,Zone 2,Safe,1,1,0,0,1,1,0,1,Medium,79,HIGH
Cagayan de Oro,Kauswagan,2020-05-28,5,6.67,29.66,26.9,32.28,32.99,2.13,73.3,Zone 5,Evacuated,9,0,0,0,0,0,0,1,,87,HIGH
Cagayan de Oro,Kauswagan,2013-08-19,8,8.32,27.41,24.5,29.09,32.25,0.48,88.4,Zone 3,Evacuated,7,1,0,0,0,0,0,1,Medium,95,HIGH
Cagayan de Oro,Kauswagan,2005-10-17,10,6.88,27.06,23.58,30.76,31.18,2.84,81.2,Zone 5,Safe,10,2,0,1,0,1,0,1,,100,HIGH
Cagayan de Oro,Kauswagan,2014-09-03,9,7.63,27.01,24.34,29.31,31.59,1.9,85.8,Zone 3,Evacuated,9,1,0,0,0,0,0,1,Medium,96,HIGH
Cagayan de Oro,Kauswagan,2015-10-25,10,13.48,26.89,25.05,30.46,30.98,0.5,80.9,Zone 3,Safe,5,1,0,0,0,0,0,1,Medium,100,HIGH
Cagayan de Oro,Kauswagan,2003-04-17,4,3.13,29.36,26.14,33.26,32.91,3.86,75.5,Zone 4,Evacuated,7,0,0,0,0,0,0,0,Medium,21,LOW
Cagayan de Oro,Kauswagan,2006-07-22,7,6.48,28.13,26.27,31.97,33.25,1.06,91.2,Zone 5,Evacuated,10,1,1,0,0,0,1,1,,100,HIGH
Cagayan de Oro,Kauswagan,2020-03-19,3,6.07,28.45,25.9,30.92,31.81,2.35,73.6,Zone 5,Evacuated,2,0,0,0,0,0,0,1,,77,HIGH
Cagayan de Oro,Kauswagan,2018-01-21,1,12.95,27.02,25.51,29.52,31.28,2.41,82.6,Zone 4,Evacuated,10,0,0,0,0,0,0,1,Medium,30,LOW
Cagayan de Oro,Kauswagan,2007-08-19,8,5.52,26.95,25.01,30.4,31.95,2.33,90.0,Zone 5,Safe,3,1,0,1,0,0,0,1,,100,HIGH
Cagayan de Oro,Kauswagan,2019-04-09,4,3.72,29.86,27.03,33.48,32.98,1.99,71.2,Zone 6,Evacuated,10,2,1,1,1,0,0,0,,87,HIGH
Cagayan de Oro,Kauswagan,2013-07-16,7,8.89,29.53,27.11,32.57,33.87,4.62,83.4,Zone 3,Unaccounted,4,3,0,0,0,0,0,1,Medium,100,HIGH
Cagayan de Oro,Kauswagan,2017-06-23,6,8.05,29.41,27.88,32.13,33.42,1.76,80.1,Zone 5,Safe,2,2,1,1,0,0,0,1,Medium,100,HIGH
Cagayan de Oro,Kauswagan,2013-06-11,6,10.55,27.82,25.06,31.02,32.35,0.54,85.3,Zone 2,Evacuated,8,2,0,0,0,0,0,1,Medium,66,MEDIUM
Cagayan de Oro,Kauswagan,2005-03-21,3,4.91,28.65,26.1,31.69,31.24,2.52,65.9,Zone 3,Evacuated,4,0,0,0,1,0,0,0,,76,HIGH
Cagayan de Oro,Kauswagan,2012-05-02,5,5.47,28.19,25.95,30.96,32.68,3.54,84.9,Zone 3,Safe,2,0,0,0,0,0,0,1,Medium,95,HIGH
Cagayan de Oro,Kauswagan,2006-08-02,8,12.51,28.86,25.85,32.7,33.53,3.23,86.7,Zone 5,Unaccounted,6,3,0,0,0,0,0,1,Medium,100,HIGH
Cagayan de Oro,Kauswagan,2006-09-15,9,16.29,26.67,24.52,30.05,31.27,2.95,86.0,Zone 6,Unaccounted,9,2,0,0,0,0,1,1,High,100,HIGH
Cagayan de Oro,Kauswagan,2017-11-15,11,5.7,27.89,25.15,30.73,31.7,2.52,78.1,Zone 2,Unaccounted,3,1,0,1,1,0,1,1,,100,HIGH
Cagayan de Oro,Kauswagan,2011-09-10,9,6.4,28.46,26.14,31.14,32.84,1.67,83.8,Zone 2,Unaccounted,1,3,0,1,0,1,1,1,,100,HIGH
Cagayan de Oro,Kauswagan,2016-01-03,1,11.58,26.21,24.27,28.05,30.18,3.7,79.7,Zone 5,Safe,4,1,0,1,0,0,0,1,Medium,100,HIGH
Cagayan de Oro,Kauswagan,2021-02-12,2,8.58,28.27,24.88,30.69,31.77,2.7,75.0,Zone 2,Evacuated,3,1,0,1,0,0,0,1,Medium,62,MEDIUM
Cagayan de Oro,Kauswagan,2010-11-15,11,14.01,28.11,26.4,30.59,32.47,4.41,83.6,Zone 1,Safe,4,2,0,0,0,0,0,1,Medium,57,MEDIUM
Cagayan de Oro,Kauswagan,2020-02-11,2,7.05,27.91,25.67,31.17,31.21,2.37,73.0,Zone 5,Safe,3,3,0,0,0,0,0,1,Medium,100,HIGH
Cagayan de Oro,Kauswagan,2005-03-10,3,5.96,27.72,25.47,31.7,31.32,2.55,76.0,Zone 5,Safe,9,0,0,0,0,0,1,1,,100,HIGH
Cagayan de Oro,Kauswagan,2016-04-19,4,2.53,29.58,26.49,31.14,32.8,5.37,72.2,Zone 6,Safe,4,0,0,0,1,1,0,0,High,84,HIGH
Cagayan de Oro,Kauswagan,2006-07-06,7,16.11,27.89,25.7,30.97,32.5,3.5,86.1,Zone 6,Safe,5,2,0,0,1,1,1,1,High,100,HIGH
Cagayan de Oro,Kauswagan,2016-10-04,10,9.82,26.88,25.25,28.39,30.86,3.34,79.8,Zone 3,Safe,3,3,0,0,0,0,0,1,Medium,100,HIGH
Cagayan de Oro,Kauswagan,2015-11-04,11,7.8,26.44,23.81,28.12,31.05,3.53,86.1,Zone 1,Unaccounted,5,3,0,0,0,0,0,1,Medium,83,HIGH
Cagayan de Oro,Kauswagan,2011-05-27,5,4.91,30.96,28.12,33.43,34.41,4.22,74.5,Zone 2,Unaccounted,10,0,0,0,0,1,0,0,Medium,87,HIGH
Cagayan de Oro,Kauswagan,2003-08-10,8,19.55,26.83,23.86,28.65,31.16,1.45,83.3,Zone 3,Unaccounted,3,1,0,0,0,0,0,1,High,100,HIGH
Cagayan de Oro,Kauswagan,2009-11-08,11,5.94,27.46,24.42,29.03,32.53,3.34,90.7,Zone 1,Safe,6,3,0,0,0,0,1,1,Medium,74,HIGH
Cagayan de Oro,Kauswagan,2021-12-21,12,10.79,26.79,24.52,30.34,30.73,4.99,79.4,Zone 4,Safe,4,0,0,0,0,0,0,1,Medium,38,LOW
Cagayan de Oro,Kauswagan,2015-02-20,2,4.68,28.47,24.99,31.0,32.04,1.34,75.7,Zone 5,Unaccounted,1,0,0,0,0,0,0,0,,100,HIGH
Cagayan de Oro,Kauswagan,2011-07-08,7,9.45,27.13,25.28,31.01,31.57,0.55,84.4,Zone 6,Safe,3,1,0,1,0,0,0,1,Medium,83,HIGH
Cagayan de Oro,Kauswagan,2021-05-20,5,7.09,29.08,26.49,30.76,33.34,4.79,82.6,Zone 3,Unaccounted,8,3,0,0,0,1,0,1,Medium,100,HIGH
Cagayan de Oro,Kauswagan,2022-08-12,8,8.43,28.71,25.73,30.44,33.31,4.46,86.0,Zone 3,Unaccounted,10,1,0,0,0,0,0,1,Medium,100,HIGH
Cagayan de Oro,Kauswagan,2015-05-09,5,6.14,28.62,26.88,30.85,32.63,2.35,80.1,Zone 2,Evacuated,4,0,1,0,0,1,0,1,,60,MEDIUM
Cagayan de Oro,Kauswagan,2015-05-28,5,6.88,30.95,27.63,33.54,34.71,1.55,77.6,Zone 3,Safe,7,2,0,0,0,0,0,1,,100,HIGH
Cagayan de Oro,Kauswagan,2018-07-08,7,12.89,26.78,23.78,29.23,31.29,4.33,85.1,Zone 4,Safe,10,2,0,0,0,0,0,1,Medium,57,MEDIUM
Cagayan de Oro,Kauswagan,2022-11-13,11,7.93,25.8,23.03,28.19,30.47,2.39,86.7,Zone 6,Evacuated,3,1,0,0,0,0,0,1,Medium,58,MEDIUM
Cagayan de Oro,Kauswagan,2005-05-26,5,11.12,28.54,26.44,30.15,31.59,1.85,70.5,Zone 3,Safe,9,0,1,0,1,0,1,1,Medium,100,HIGH
Cagayan de Oro,Kauswagan,2009-12-24,12,4.95,25.69,22.53,29.14,29.75,2.78,80.6,Zone 6,Safe,5,3,0,0,0,0,0,0,,73,HIGH
Cagayan de Oro,Kauswagan,2018-09-13,9,8.66,26.29,24.51,29.12,30.67,2.64,83.8,Zone 2,Safe,10,1,0,0,0,0,0,1,Medium,75,HIGH
Cagayan de Oro,Kauswagan,2005-04-08,4,5.85,28.02,26.01,30.42,30.82,2.55,68.0,Zone 6,Safe,2,0,0,0,0,0,0,1,,58,MEDIUM
Cagayan de Oro,Kauswagan,2009-10-27,10,9.01,28.08,26.28,29.81,32.48,3.16,84.0,Zone 5,Safe,10,1,0,0,0,0,1,1,Medium,100,HIGH
Cagayan de Oro,Kauswagan,2005-06-07,6,7.62,30.08,28.31,33.3,34.73,2.26,86.5,Zone 1,Safe,10,1,0,0,0,0,0,1,Medium,58,MEDIUM
Cagayan de Oro,Kauswagan,2016-08-21,8,13.93,28.55,26.2,31.33,32.15,2.31,76.0,Zone 6,Safe,9,3,1,0,0,0,0,1,Medium,100,HIGH
Cagayan de Oro,Kauswagan,2020-02-24,2,5.85,28.18,25.72,30.29,31.54,2.88,73.6,Zone 3,Safe,10,0,0,0,0,0,0,1,,98,HIGH
Cagayan de Oro,Kauswagan,2010-02-09,2,4.58,27.91,25.54,30.75,31.9,3.98,79.9,Zone 4,Safe,2,3,0,0,0,0,0,0,Medium,45,MEDIUM
Cagayan de Oro,Kauswagan,2020-09-03,9,7.44,27.08,24.67,28.69,31.28,3.1,82.0,Zone 5,Evacuated,9,1,0,0,0,0,0,1,Medium,100,HIGH
Cagayan de Oro,Kauswagan,2017-06-25,6,9.23,28.4,25.22,30.92,32.15,1.1,77.5,Zone 5,Safe,1,1,0,0,0,0,0,1,Medium,100,HIGH
Cagayan de Oro,Kauswagan,2009-10-22,10,7.98,28.02,26.03,31.54,32.66,1.48,86.4,Zone 5,Safe,5,1,1,0,0,0,0,1,Medium,100,HIGH
Cagayan de Oro,Kauswagan,2004-07-02,7,10.92,27.5,25.63,29.14,31.64,0.95,81.4,Zone 5,Unaccounted,7,3,1,0,1,0,1,1,Medium,100,HIGH
Cagayan de Oro,Kauswagan,2007-06-27,6,9.89,27.51,25.67,30.86,31.34,2.63,78.3,Zone 5,Safe,3,1,0,0,0,0,0,1,Medium,100,HIGH
Cagayan de Oro,Kauswagan,2013-01-04,1,6.45,27.54,25.89,29.84,31.66,2.57,81.2,Zone 2,Safe,3,0,1,0,0,1,1,1,,81,HIGH
Cagayan de Oro,Kauswagan,2019-04-28,4,6.97,28.41,26.63,30.25,31.66,5.48,72.5,Zone 6,Safe,1,0,0,0,0,0,0,1,High,71,HIGH
Cagayan de Oro,Kauswagan,2008-10-05,10,9.03,26.43,23.6,28.05,30.43,4.94,80.0,Zone 3,Safe,1,1,0,0,0,0,1,1,Medium,100,HIGH
Cagayan de Oro,Kauswagan,2005-01-28,1,13.29,27.46,25.73,29.48,31.43,2.77,79.7,Zone 3,Safe,4,0,0,0,0,0,0,1,Medium,98,HIGH
Cagayan de Oro,Kauswagan,2008-04-21,4,5.86,29.63,27.4,32.42,33.78,3.51,81.5,Zone 3,Unaccounted,2,1,0,0,0,0,0,1,Medium,100,HIGH
Cagayan de Oro,Kauswagan,2011-12-20,12,10.73,27.5,25.33,31.15,31.58,4.19,80.8,Zone 3,Evacuated,6,0,0,0,0,0,0,1,Medium,87,HIGH
Cagayan de Oro,Kauswagan,2012-09-13,9,11.49,27.35,24.3,29.59,31.39,2.53,80.4,Zone 5,Safe,1,1,0,0,0,1,0,1,Medium,100,HIGH
Cagayan de Oro,Kauswagan,2011-07-07,7,9.11,28.33,26.48,29.97,33.16,2.97,88.3,Zone 5,Unaccounted,6,1,0,1,0,1,0,1,Medium,100,HIGH
Cagayan de Oro,Kauswagan,2021-05-22,5,7.11,29.68,27.08,32.74,32.86,2.6,71.8,Zone 4,Safe,8,2,0,0,0,0,0,1,Medium,57,MEDIUM
Cagayan de Oro,Kauswagan,2008-02-11,2,6.55,27.71,24.22,31.66,31.4,2.78,76.9,Zone 6,Safe,6,0,0,0,0,0,0,1,,65,MEDIUM
Cagayan de Oro,Kauswagan,2015-08-25,8,8.76,27.61,24.19,30.03,32.17,2.91,85.6,Zone 5,Safe,9,1,1,0,1,1,0,1,Medium,100,HIGH
Cagayan de Oro,Kauswagan,2014-05-16,5,5.86,30.37,28.43,32.88,34.1,1.83,77.3,Zone 2,Safe,6,0,0,0,1,1,0,1,,75,HIGH
Cagayan de Oro,Kauswagan,2013-07-24,7,9.82,26.15,23.32,28.5,30.96,3.87,88.1,Zone 4,Safe,7,1,0,0,0,0,1,1,Medium,57,MEDIUM
Cagayan de Oro,Kauswagan,2010-09-11,9,10.7,27.17,25.36,29.18,31.19,1.49,80.2,Zone 5,Unaccounted,7,1,0,0,1,0,0,1,Medium,100,HIGH
Cagayan de Oro,Kauswagan,2018-02-11,2,4.69,28.22,26.56,31.32,31.87,2.57,76.5,Zone 3,Unaccounted,7,3,0,0,0,0,1,0,,100,HIGH
Cagayan de Oro,Kauswagan,2011-04-11,4,5.35,28.68,26.75,31.83,32.1,4.67,74.2,Zone 1,Safe,6,0,0,0,0,0,0,1,Medium,49,MEDIUM
Cagayan de Oro,Kauswagan,2003-11-19,11,7.24,27.45,25.12,29.2,32.23,2.51,87.8,Zone 6,Evacuated,3,1,0,0,0,0,0,1,Medium,58,MEDIUM
Cagayan de Oro,Kauswagan,2022-11-08,11,9.37,28.23,25.51,31.95,32.48,3.68,82.5,Zone 3,Safe,2,1,0,0,0,0,0,1,Medium,100,HIGH
Cagayan de Oro,Kauswagan,2019-04-22,4,10.32,26.84,25.17,29.32,30.62,0.99,77.8,Zone 6,Evacuated,4,1,0,0,0,0,0,1,Medium,59,MEDIUM
Cagayan de Oro,Kauswagan,2018-04-01,4,1.81,28.45,25.34,31.13,31.03,3.06,65.8,Zone 2,Safe,8,1,1,0,0,0,1,0,Medium,86,HIGH
Cagayan de Oro,Kauswagan,2022-05-18,5,8.25,28.65,26.3,31.35,32.5,0.59,78.5,Zone 5,Safe,1,0,0,0,0,0,0,1,Medium,97,HIGH
Cagayan de Oro,Kauswagan,2021-12-09,12,4.84,26.08,24.16,27.91,30.49,2.1,84.1,Zone 5,Safe,5,0,0,0,0,0,0,0,,89,HIGH
Cagayan de Oro,Kauswagan,2017-05-26,5,8.72,28.38,26.09,30.69,32.1,3.85,77.2,Zone 5,Safe,3,1,0,1,1,1,0,1,Medium,100,HIGH
Cagayan de Oro,Kauswagan,2015-05-12,5,6.86,29.74,27.83,33.28,33.02,3.3,72.8,Zone 5,Safe,8,0,1,0,1,0,1,1,Medium,100,HIGH
Cagayan de Oro,Kauswagan,2021-04-13,4,7.59,29.85,27.83,33.47,33.35,2.89,75.0,Zone 5,Safe,2,0,0,0,0,0,0,1,Medium,99,HIGH
Cagayan de Oro,Kauswagan,2012-07-23,7,9.65,26.69,24.06,28.41,31.38,3.53,86.9,Zone 6,Safe,1,1,0,1,0,0,1,1,Medium,86,HIGH
Cagayan de Oro,Kauswagan,2022-06-08,6,8.89,29.08,27.36,30.84,33.28,3.01,82.0,Zone 5,Safe,3,1,1,0,0,0,1,1,Medium,100,HIGH
Cagayan de Oro,Kauswagan,2010-07-25,7,7.32,27.41,24.77,29.59,31.99,3.91,85.8,Zone 6,Safe,2,1,0,0,0,0,0,1,Medium,71,HIGH
Cagayan de Oro,Kauswagan,2018-05-07,5,5.36,28.57,25.23,31.12,32.09,2.06,75.2,Zone 2,Safe,4,3,0,0,0,0,0,1,,73,HIGH
Cagayan de Oro,Kauswagan,2004-02-10,2,4.13,26.13,22.98,28.99,29.95,3.31,78.2,Zone 5,Evacuated,2,1,0,0,1,1,1,0,Medium,100,HIGH
Cagayan de Oro,Kauswagan,2005-04-02,4,7.28,29.04,25.55,32.81,31.63,2.84,65.9,Zone 6,Safe,7,0,0,0,0,0,0,1,Medium,74,HIGH
Cagayan de Oro,Kauswagan,2021-11-23,11,9.41,27.5,24.67,29.21,32.58,3.52,90.8,Zone 6,Safe,5,2,1,1,1,0,0,1,Medium,100,HIGH
Cagayan de Oro,Kauswagan,2016-09-27,9,12.35,27.41,24.2,31.22,31.04,1.4,76.3,Zone 5,Safe,9,3,1,0,0,0,0,1,Medium,100,HIGH
Cagayan de Oro,Kauswagan,2004-10-20,10,5.97,27.08,25.09,28.94,31.22,2.64,81.4,Zone 2,Unaccounted,4,1,0,0,1,0,1,1,,94,HIGH
Cagayan de Oro,Kauswagan,2007-09-09,9,11.33,26.86,23.37,28.88,31.2,2.44,83.4,Zone 3,Safe,7,1,0,0,0,0,0,1,Medium,100,HIGH
Cagayan de Oro,Kauswagan,2018-11-04,11,11.85,26.61,23.44,30.43,31.29,1.93,86.8,Zone 5,Safe,9,1,0,0,0,0,0,1,Medium,100,HIGH
Cagayan de Oro,Kauswagan,2005-08-04,8,8.87,27.63,24.55,29.42,32.02,1.8,83.9,Zone 3,Unaccounted,2,1,0,0,0,0,0,1,Medium,100,HIGH
Cagayan de Oro,Kauswagan,2012-01-05,1,4.41,27.51,24.2,30.68,31.78,4.14,82.7,Zone 5,Safe,9,0,0,0,1,0,0,0,Medium,100,HIGH
Cagayan de Oro,Kauswagan,2007-02-04,2,1.97,27.22,24.04,29.87,31.25,2.48,80.3,Zone 3,Evacuated,6,0,0,0,0,0,0,0,,72,HIGH
Cagayan de Oro,Kauswagan,2022-12-03,12,6.53,27.1,25.17,29.69,31.23,4.32,81.3,Zone 3,Unaccounted,6,0,0,0,0,0,0,1,Medium,100,HIGH
Cagayan de Oro,Kauswagan,2022-07-07,7,10.45,28.61,26.97,31.5,32.12,2.34,75.1,Zone 5,Unaccounted,1,3,0,0,0,0,0,1,Medium,100,HIGH
Cagayan de Oro,Kauswagan,2015-10-04,10,9.13,27.63,25.89,30.57,32.11,1.94,84.8,Zone 1,Safe,4,2,0,0,0,0,0,1,Medium,57,MEDIUM
Cagayan de Oro,Kauswagan,2005-05-02,5,6.66,28.57,25.65,30.28,31.98,2.49,74.1,Zone 5,Safe,6,0,0,0,0,1,0,1,,100,HIGH
Cagayan de Oro,Kauswagan,2015-11-06,11,8.09,28.26,26.63,31.13,32.18,3.35,79.2,Zone 5,Unaccounted,6,1,0,0,0,0,0,1,Medium,100,HIGH
Cagayan de Oro,Kauswagan,2012-11-16,11,12.23,27.15,23.86,28.66,31.38,1.49,82.3,Zone 6,Evacuated,5,1,0,0,1,1,0,1,Medium,77,HIGH
Cagayan de Oro,Kauswagan,2014-09-17,9,10.13,28.71,26.36,31.72,33.41,2.5,87.0,Zone 2,Safe,10,1,0,0,0,0,0,1,Medium,75,HIGH
Cagayan de Oro,Kauswagan,2021-06-04,6,12.5,29.19,25.71,32.44,33.33,3.57,81.4,Zone 5,Safe,8,1,0,0,0,1,0,1,Medium,100,HIGH
Cagayan de Oro,Kauswagan,2014-04-12,4,4.66,29.59,26.53,31.83,33.04,1.39,74.5,Zone 2,Safe,3,0,0,0,0,1,0,0,,54,MEDIUM
Cagayan de Oro,Kauswagan,2015-03-13,3,5.28,26.93,25.16,30.06,30.55,0.0,76.2,Zone 3,Safe,1,0,1,0,0,1,0,1,,100,HIGH
Cagayan de Oro,Kauswagan,2005-11-02,11,9.01,28.7,26.61,32.7,33.13,3.52,84.3,Zone 5,Unaccounted,2,3,0,0,0,0,0,1,Medium,100,HIGH
Cagayan de Oro,Kauswagan,2016-07-17,7,8.04,27.89,24.67,30.04,32.89,1.1,90.0,Zone 5,Evacuated,9,1,1,0,0,0,1,1,Medium,100,HIGH
Cagayan de Oro,Kauswagan,2016-11-27,11,12.19,26.72,24.4,29.72,30.93,1.52,82.1,Zone 1,Evacuated,2,1,1,0,0,0,0,1,Medium,45,MEDIUM
Cagayan de Oro,Kauswagan,2008-08-14,8,15.54,27.67,25.79,30.97,31.9,0.77,82.3,Zone 5,Safe,3,1,0,0,0,0,0,1,High,100,HIGH
Cagayan de Oro,Kauswagan,2008-03-06,3,5.08,27.96,25.35,30.17,32.14,2.0,81.8,Zone 5,Safe,8,0,0,0,0,0,0,1,,100,HIGH
Cagayan de Oro,Kauswagan,2022-04-12,4,3.66,28.33,25.65,30.57,31.31,4.24,69.8,Zone 1,Safe,2,0,0,0,1,1,0,0,Medium,50,MEDIUM
Cagayan de Oro,Kauswagan,2006-10-26,10,6.7,26.34,24.38,30.06,30.82,3.57,84.8,Zone 6,Safe,2,3,0,0,0,0,0,1,Medium,83,HIGH
Cagayan de Oro,Kauswagan,2013-01-27,1,4.43,27.7,25.81,31.62,31.12,2.87,74.2,Zone 1,Unaccounted,3,0,0,0,0,0,1,0,,54,MEDIUM
Cagayan de Oro,Kauswagan,2003-03-27,3,12.31,28.18,25.1,30.77,31.19,1.07,70.1,Zone 3,Safe,6,3,1,0,0,0,0,1,Medium,100,HIGH
Cagayan de Oro,Kauswagan,2017-10-25,10,11.54,27.59,25.04,29.16,31.59,1.86,80.0,Zone 4,Unaccounted,1,3,0,0,0,0,0,1,Medium,69,MEDIUM
Cagayan de Oro,Kauswagan,2022-05-04,5,6.29,28.89,26.81,32.56,31.83,0.52,69.4,Zone 3,Unaccounted,4,0,0,1,0,0,0,1,,100,HIGH
Cagayan de Oro,Kauswagan,2006-09-25,9,8.26,27.95,24.59,30.11,32.54,3.35,85.9,Zone 6,Safe,7,2,0,0,0,0,0,1,Medium,86,HIGH
Cagayan de Oro,Kauswagan,2020-11-05,11,12.74,27.54,25.97,29.25,31.69,0.98,81.5,Zone 2,Safe,9,3,0,0,0,0,0,1,Medium,87,HIGH
Cagayan de Oro,Kauswagan,2014-07-08,7,5.77,27.26,24.76,31.04,30.67,1.14,74.1,Zone 5,Evacuated,1,2,0,0,0,0,0,1,,87,HIGH
Cagayan de Oro,Kauswagan,2006-09-19,9,16.12,28.34,25.5,30.08,32.55,3.32,82.1,Zone 5,Unaccounted,10,2,0,0,1,0,0,1,High,100,HIGH
Cagayan de Oro,Kauswagan,2015-04-27,4,9.72,29.02,26.33,30.55,32.38,2.75,73.6,Zone 5,Unaccounted,9,0,0,0,0,0,0,1,Medium,100,HIGH
Cagayan de Oro,Kauswagan,2014-08-26,8,7.23,27.86,25.18,30.13,32.52,0.78,86.6,Zone 3,Evacuated,9,2,0,0,0,0,0,1,Medium,100,HIGH
Cagayan de Oro,Kauswagan,2016-12-01,12,7.57,27.49,24.78,30.06,31.83,2.76,83.4,Zone 2,Evacuated,5,0,0,0,0,0,0,1,Medium,49,MEDIUM
Cagayan de Oro,Kauswagan,2020-10-26,10,9.3,25.86,23.5,28.3,29.89,0.89,80.3,Zone 1,Evacuated,7,1,0,0,0,0,0,1,Medium,42,MEDIUM
Cagayan de Oro,Kauswagan,2011-04-15,4,14.79,30.68,28.44,34.41,34.28,0.0,76.0,Zone 3,Safe,6,0,0,0,0,0,0,1,Medium,100,HIGH
Cagayan de Oro,Kauswagan,2020-04-14,4,2.38,28.57,26.93,31.54,31.96,0.95,73.9,Zone 6,Safe,3,0,0,0,0,0,1,0,,59,MEDIUM
Cagayan de Oro,Kauswagan,2018-05-07,5,5.7,29.32,26.37,32.36,33.05,2.46,77.3,Zone 3,Safe,10,2,0,0,0,0,0,1,,100,HIGH
Cagayan de Oro,Kauswagan,2018-05-15,5,4.0,30.4,27.18,32.35,33.41,3.64,70.1,Zone 5,Unaccounted,1,0,0,1,0,0,0,0,Medium,100,HIGH
Cagayan de Oro,Kauswagan,2011-12-05,12,7.14,28.22,26.37,30.47,31.9,2.7,76.8,Zone 2,Safe,1,0,0,0,0,0,0,1,Medium,57,MEDIUM
Cagayan de Oro,Kauswagan,2006-03-10,3,4.57,28.75,25.81,31.11,32.01,2.9,72.6,Zone 3,Unaccounted,7,1,0,0,0,0,0,0,,100,HIGH
Cagayan de Oro,Kauswagan,2017-06-11,6,15.44,27.67,25.61,31.56,31.74,2.18,80.7,Zone 3,Unaccounted,7,1,0,0,0,0,0,1,High,100,HIGH
Cagayan de Oro,Kauswagan,2008-07-01,7,12.44,26.37,24.31,28.79,30.86,2.16,84.9,Zone 5,Safe,4,1,0,0,0,0,0,1,Medium,100,HIGH
Cagayan de Oro,Kauswagan,2022-06-22,6,6.22,28.36,26.28,30.31,32.83,3.49,84.7,Zone 6,Safe,2,1,0,1,0,0,0,1,Medium,81,HIGH
Cagayan de Oro,Kauswagan,2010-09-13,9,7.28,27.25,25.66,28.8,31.91,0.0,86.6,Zone 1,Unaccounted,10,1,0,0,0,0,0,1,Medium,76,HIGH
Cagayan de Oro,Kauswagan,2022-12-20,12,10.23,27.43,25.75,29.32,31.72,2.17,82.9,Zone 6,Safe,3,1,1,0,1,0,0,1,Medium,93,HIGH
Cagayan de Oro,Kauswagan,2017-02-14,2,11.98,27.95,25.37,31.37,31.13,2.87,71.8,Zone 5,Unaccounted,6,1,0,0,0,1,0,1,Medium,100,HIGH
Cagayan de Oro,Kauswagan,2009-07-20,7,10.97,28.06,25.61,32.04,32.83,1.13,87.7,Zone 6,Safe,4,3,1,1,0,0,0,1,Medium,100,HIGH
Cagayan de Oro,Kauswagan,2010-02-27,2,4.86,25.92,23.25,28.67,29.96,2.04,80.4,Zone 1,Safe,6,0,0,0,0,0,0,0,,34,LOW
Cagayan de Oro,Kauswagan,2021-07-04,7,8.84,28.0,26.4,30.94,32.7,4.06,87.0,Zone 3,Evacuated,4,1,0,0,0,0,0,1,Medium,89,HIGH
Cagayan de Oro,Kauswagan,2005-10-16,10,10.53,26.32,23.61,27.83,30.55,1.91,82.3,Zone 6,Evacuated,3,2,0,0,0,1,0,1,Medium,72,HIGH
Cagayan de Oro,Kauswagan,2007-02-13,2,8.01,26.49,24.62,28.84,29.67,2.47,71.8,Zone 5,Evacuated,5,1,0,0,0,0,0,1,Medium,95,HIGH
Cagayan de Oro,Kauswagan,2014-12-12,12,6.0,26.48,23.04,28.75,31.25,3.06,87.7,Zone 3,Evacuated,10,3,0,1,0,0,1,1,Medium,100,HIGH
Cagayan de Oro,Kauswagan,2014-01-10,1,6.64,27.59,24.64,31.53,31.4,2.07,78.1,Zone 5,Safe,4,0,0,0,0,0,0,1,,95,HIGH
Cagayan de Oro,Kauswagan,2017-11-15,11,23.44,27.97,24.64,30.81,31.59,1.46,76.2,Zone 3,Safe,6,1,0,0,0,0,0,1,High,100,HIGH
Cagayan de Oro,Kauswagan,2010-05-27,5,5.93,28.9,26.51,32.36,32.4,1.33,75.0,Zone 6,Safe,5,3,0,0,0,0,0,1,,81,HIGH
Cagayan de Oro,Kauswagan,2006-11-20,11,7.83,28.59,25.25,31.77,32.88,4.4,82.9,Zone 6,Unaccounted,7,3,0,0,1,0,0,1,Medium,100,HIGH
Cagayan de Oro,Kauswagan,2008-01-12,1,3.79,26.08,23.26,29.2,30.2,2.38,81.2,Zone 5,Evacuated,2,0,1,1,0,0,0,0,,91,HIGH
Cagayan de Oro,Kauswagan,2013-12-21,12,3.75,25.9,23.45,27.54,30.04,3.02,81.4,Zone 5,Evacuated,10,0,0,0,0,0,0,0,Medium,86,HIGH
Cagayan de Oro,Kauswagan,2006-02-22,2,8.18,28.52,26.24,31.59,32.42,2.09,79.0,Zone 5,Evacuated,8,0,0,0,0,1,0,1,Medium,100,HIGH
Cagayan de Oro,Kauswagan,2009-11-14,11,10.56,26.64,24.47,28.48,30.23,3.51,75.9,Zone 6,Safe,8,1,0,0,0,0,0,1,Medium,81,HIGH
Cagayan de Oro,Kauswagan,2007-03-03,3,8.69,27.38,25.12,30.47,30.13,3.12,67.5,Zone 2,Evacuated,9,0,0,0,0,0,0,1,Medium,54,MEDIUM
Cagayan de Oro,Kauswagan,2005-08-03,8,15.48,27.88,25.81,29.76,31.79,2.79,79.1,Zone 3,Safe,1,1,0,1,0,1,1,1,High,100,HIGH
Cagayan de Oro,Kauswagan,2020-04-19,4,4.23,28.93,26.3,32.17,32.19,3.03,72.6,Zone 1,Unaccounted,2,0,0,0,0,0,0,0,Medium,52,MEDIUM
Cagayan de Oro,Kauswagan,2019-06-20,6,6.77,28.57,25.37,31.02,32.58,2.2,80.1,Zone 6,Safe,8,2,0,0,1,0,0,1,,88,HIGH
Cagayan de Oro,Kauswagan,2020-02-16,2,6.77,28.0,26.1,31.21,31.7,3.09,77.0,Zone 5,Safe,10,0,1,1,0,0,1,1,Medium,100,HIGH
Cagayan de Oro,Kauswagan,2011-02-04,2,7.59,27.46,24.63,29.04,31.62,3.16,81.6,Zone 5,Safe,6,0,0,0,0,0,0,1,Medium,100,HIGH
Cagayan de Oro,Kauswagan,2016-05-06,5,4.01,29.65,27.26,33.13,33.95,3.49,83.0,Zone 6,Safe,6,0,0,0,0,0,0,0,Medium,64,MEDIUM
Cagayan de Oro,Kauswagan,2013-03-09,3,4.79,27.8,24.41,29.85,31.49,3.34,76.9,Zone 6,Unaccounted,4,0,0,0,1,1,0,0,Medium,94,HIGH
Cagayan de Oro,Kauswagan,2018-07-20,7,8.82,28.36,24.91,30.51,32.35,4.03,79.9,Zone 3,Safe,5,1,0,0,0,0,0,1,Medium,100,HIGH
Cagayan de Oro,Kauswagan,2021-05-27,5,13.92,29.17,27.09,31.59,32.44,3.93,72.7,Zone 5,Safe,5,0,0,0,0,0,0,1,Medium,100,HIGH
Cagayan de Oro,Kauswagan,2021-01-14,1,9.4,27.35,25.59,30.27,30.49,3.25,71.4,Zone 5,Safe,9,3,1,1,0,0,0,1,Medium,100,HIGH
Cagayan de Oro,Kauswagan,2007-07-25,7,10.95,27.91,24.91,31.6,32.25,3.7,83.4,Zone 4,Evacuated,3,1,0,0,0,0,0,1,Medium,28,LOW
Cagayan de Oro,Kauswagan,2003-06-23,6,9.36,28.4,25.67,31.36,32.45,2.85,80.5,Zone 5,Safe,5,3,0,0,0,0,0,1,Medium,100,HIGH
Cagayan de Oro,Kauswagan,2012-10-04,10,24.94,27.86,25.49,31.32,31.99,3.96,81.3,Zone 3,Safe,1,1,0,0,1,1,0,1,High,100,HIGH
Cagayan de Oro,Kauswagan,2003-08-18,8,14.16,27.6,25.53,29.96,32.48,3.37,88.8,Zone 3,Safe,10,1,1,0,1,0,0,1,Medium,100,HIGH
Cagayan de Oro,Kauswagan,2004-09-10,9,8.34,25.9,23.48,27.91,30.73,0.23,88.3,Zone 1,Evacuated,9,1,0,0,0,0,0,1,Medium,43,MEDIUM
Cagayan de Oro,Kauswagan,2007-09-22,9,10.52,25.64,22.59,27.62,29.48,1.78,78.4,Zone 6,Evacuated,3,2,1,0,1,0,1,1,Medium,91,HIGH
Cagayan de Oro,Kauswagan,2018-12-13,12,6.33,27.48,25.18,30.8,32.0,2.63,85.2,Zone 2,Safe,4,0,0,0,0,0,0,1,,55,MEDIUM
Cagayan de Oro,Kauswagan,2019-03-28,3,5.32,28.08,25.73,29.59,30.76,1.43,66.8,Zone 5,Safe,3,2,1,0,0,0,1,1,,100,HIGH
Cagayan de Oro,Kauswagan,2019-12-22,12,13.3,26.81,24.73,30.61,30.21,0.0,74.0,Zone 5,Safe,5,1,0,1,0,0,1,1,Medium,100,HIGH
Cagayan de Oro,Kauswagan,2017-04-14,4,4.59,29.62,26.77,32.07,32.45,2.84,68.3,Zone 2,Unaccounted,9,0,0,1,0,1,1,0,,97,HIGH
Cagayan de Oro,Kauswagan,2005-12-24,12,6.75,27.2,24.31,29.65,30.75,2.62,75.5,Zone 3,Unaccounted,5,1,0,0,0,0,0,1,,100,HIGH
Cagayan de Oro,Kauswagan,2007-07-20,7,7.66,29.44,27.89,33.4,34.32,0.08,88.8,Zone 3,Unaccounted,5,1,1,1,0,0,0,1,Medium,100,HIGH
Cagayan de Oro,Kauswagan,2022-03-09,3,3.48,27.57,25.33,31.24,31.37,3.63,78.0,Zone 5,Unaccounted,4,0,1,0,0,0,1,0,Medium,100,HIGH
Cagayan de Oro,Kauswagan,2012-02-11,2,10.15,27.22,24.94,29.91,30.29,0.58,70.7,Zone 3,Evacuated,9,1,1,0,0,0,1,1,Medium,100,HIGH
Cagayan de Oro,Kauswagan,2019-04-17,4,1.83,27.9,25.25,31.29,31.05,3.54,71.5,Zone 2,Evacuated,5,0,0,0,0,0,0,0,Medium,41,MEDIUM
Cagayan de Oro,Kauswagan,2011-05-02,5,7.66,28.14,26.16,30.51,31.39,0.51,72.5,Zone 3,Safe,9,0,0,0,1,0,0,1,Medium,100,HIGH
Cagayan de Oro,Kauswagan,2006-04-17,4,9.28,29.44,27.39,32.55,32.34,3.06,69.0,Zone 3,Safe,8,0,0,1,0,0,0,1,Medium,100,HIGH
Cagayan de Oro,Kauswagan,2003-01-20,1,5.63,26.19,24.48,28.7,30.15,4.6,79.6,Zone 3,Unaccounted,7,0,0,0,0,0,0,1,Medium,100,HIGH
Cagayan de Oro,Kauswagan,2011-08-18,8,31.0,28.28,26.71,32.19,33.13,3.06,88.5,Zone 1,Evacuated,3,3,1,0,0,1,0,1,High,75,HIGH
Cagayan de Oro,Kauswagan,2020-10-17,10,8.57,27.74,24.95,29.75,31.82,4.56,80.8,Zone 3,Evacuated,7,1,0,0,0,0,0,1,Medium,95,HIGH
Cagayan de Oro,Kauswagan,2019-07-14,7,11.87,28.97,25.51,30.75,33.54,2.25,85.7,Zone 4,Safe,8,3,0,0,0,0,0,1,Medium,63,MEDIUM
Cagayan de Oro,Kauswagan,2019-06-19,6,10.86,27.58,25.68,29.58,30.61,4.87,70.3,Zone 5,Safe,8,3,1,0,0,0,0,1,Medium,100,HIGH
Cagayan de Oro,Kauswagan,2009-06-18,6,6.87,28.63,26.38,30.77,33.01,1.01,83.8,Zone 3,Evacuated,2,1,0,0,0,0,0,1,,79,HIGH
Cagayan de Oro,Kauswagan,2007-08-23,8,14.56,28.76,26.17,30.88,33.56,2.39,88.0,Zone 4,Unaccounted,4,1,0,0,0,0,1,1,Medium,69,MEDIUM
Cagayan de Oro,Kauswagan,2008-03-10,3,7.15,27.97,25.69,31.12,30.98,0.9,70.1,Zone 2,Safe,8,0,0,0,0,0,0,1,Medium,69,MEDIUM
Cagayan de Oro,Kauswagan,2020-11-11,11,6.42,26.79,23.66,30.61,30.98,3.49,81.9,Zone 5,Safe,8,2,0,0,0,0,0,1,Medium,100,HIGH
Cagayan de Oro,Kauswagan,2007-04-01,4,2.55,30.84,27.76,33.19,34.74,2.2,79.0,Zone 2,Safe,8,0,0,1,0,1,0,0,,72,HIGH
Cagayan de Oro,Kauswagan,2005-05-11,5,6.76,28.72,25.94,32.25,32.62,1.38,79.0,Zone 3,Evacuated,3,0,0,0,1,0,1,1,,90,HIGH
Cagayan de Oro,Kauswagan,2010-07-04,7,10.5,27.83,26.32,30.69,32.52,3.12,86.9,Zone 6,Unaccounted,1,1,0,0,0,1,0,1,Medium,95,HIGH
Cagayan de Oro,Kauswagan,2003-03-24,3,6.86,28.76,25.98,32.17,32.15,2.16,73.9,Zone 1,Safe,3,3,0,0,0,1,1,1,,70,HIGH
Cagayan de Oro,Kauswagan,2006-12-25,12,6.46,27.3,25.56,30.7,32.06,1.89,87.6,Zone 5,Safe,6,0,0,0,0,0,1,1,,100,HIGH
Cagayan de Oro,Kauswagan,2003-07-07,7,7.96,27.25,24.19,28.9,31.96,2.17,87.1,Zone 3,Safe,2,1,0,0,0,0,0,1,Medium,100,HIGH
Cagayan de Oro,Kauswagan,2011-03-23,3,6.43,28.2,26.42,30.44,32.24,1.64,80.4,Zone 2,Safe,4,2,0,0,1,1,1,1,,90,HIGH
Cagayan de Oro,Kauswagan,2018-11-15,11,10.21,27.08,25.39,30.13,31.63,3.3,85.5,Zone 4,Unaccounted,7,3,0,0,0,0,1,1,Medium,87,HIGH
Cagayan de Oro,Kauswagan,2006-11-16,11,7.0,28.0,25.75,31.27,31.95,1.8,79.5,Zone 5,Safe,7,1,0,0,0,0,0,1,Medium,100,HIGH
Cagayan de Oro,Kauswagan,2022-05-02,5,6.98,30.64,27.92,33.84,33.21,2.76,65.7,Zone 5,Safe,4,0,1,0,0,0,1,1,,100,HIGH
Cagayan de Oro,Kauswagan,2014-10-23,10,7.48,26.69,24.89,30.53,30.8,1.56,81.1,Zone 6,Unaccounted,3,3,0,0,0,0,0,1,Medium,100,HIGH
Cagayan de Oro,Kauswagan,2009-12-12,12,9.43,27.16,24.1,30.22,31.38,3.92,82.2,Zone 2,Unaccounted,3,0,0,0,0,0,0,1,Medium,79,HIGH
Cagayan de Oro,Kauswagan,2011-02-25,2,6.81,27.36,25.37,30.42,31.15,0.58,77.9,Zone 5,Safe,1,0,0,0,0,0,0,1,,90,HIGH
Cagayan de Oro,Kauswagan,2016-11-08,11,8.75,27.58,25.98,29.37,32.44,0.53,88.6,Zone 5,Safe,10,1,1,0,1,0,1,1,Medium,100,HIGH
Cagayan de Oro,Kauswagan,2004-12-04,12,7.09,27.25,25.61,30.52,31.82,4.0,85.7,Zone 5,Unaccounted,7,0,0,1,0,0,0,1,Medium,100,HIGH
Cagayan de Oro,Kauswagan,2020-07-12,7,9.64,27.29,24.65,29.31,31.54,2.53,82.5,Zone 6,Safe,8,3,0,0,0,0,1,1,Medium,100,HIGH
Cagayan de Oro,Kauswagan,2013-04-08,4,9.08,27.66,25.58,30.41,29.71,2.76,60.5,Zone 3,Safe,8,2,1,0,0,0,0,1,Medium,100,HIGH
Cagayan de Oro,Kauswagan,2015-05-19,5,9.31,29.07,26.63,30.8,33.31,1.7,82.4,Zone 2,Safe,4,3,0,0,0,1,0,1,Medium,88,HIGH
Cagayan de Oro,Kauswagan,2012-11-13,11,8.51,28.28,25.42,30.38,33.23,3.57,89.5,Zone 3,Safe,4,1,0,1,1,1,0,1,Medium,100,HIGH
Cagayan de Oro,Kauswagan,2014-07-14,7,8.67,27.85,26.06,30.65,31.48,0.94,76.3,Zone 3,Safe,9,1,0,1,0,0,1,1,Medium,100,HIGH
Cagayan de Oro,Kauswagan,2007-12-16,12,3.5,27.78,25.7,29.38,31.84,1.25,80.6,Zone 1,Safe,3,0,0,0,0,0,0,0,,29,LOW
Cagayan de Oro,Kauswagan,2012-01-03,1,5.94,26.05,23.22,28.49,29.83,0.34,77.8,Zone 3,Safe,2,0,0,0,1,0,0,1,,96,HIGH
Cagayan de Oro,Kauswagan,2007-05-07,5,4.72,29.51,27.02,31.3,33.1,5.02,75.9,Zone 3,Unaccounted,4,1,0,1,0,0,1,0,High,100,HIGH
Cagayan de Oro,Kauswagan,2009-06-14,6,6.83,27.54,25.28,30.82,33.09,2.46,95.5,Zone 5,Unaccounted,4,3,0,0,0,0,0,1,,100,HIGH
Cagayan de Oro,Kauswagan,2004-01-02,1,6.66,25.77,23.09,28.59,29.83,0.0,80.6,Zone 3,Safe,4,0,0,0,0,0,0,1,,91,HIGH
Cagayan de Oro,Kauswagan,2003-02-24,2,11.03,27.74,24.62,30.01,31.58,2.63,78.4,Zone 2,Unaccounted,1,0,0,1,0,0,0,1,Medium,85,HIGH
Cagayan de Oro,Kauswagan,2011-06-23,6,7.24,28.54,26.91,31.4,32.19,2.03,76.5,Zone 4,Unaccounted,3,2,0,0,0,0,0,1,Medium,67,MEDIUM
Cagayan de Oro,Kauswagan,2004-12-08,12,9.48,26.51,23.16,29.78,30.21,1.06,77.0,Zone 3,Evacuated,7,0,0,0,0,0,0,1,Medium,89,HIGH
Cagayan de Oro,Kauswagan,2008-07-13,7,8.94,27.52,24.95,30.63,32.27,2.13,87.5,Zone 6,Safe,2,1,0,0,0,0,0,1,Medium,71,HIGH
Cagayan de Oro,Kauswagan,2019-11-14,11,4.17,27.95,26.32,31.58,31.44,2.76,74.9,Zone 5,Unaccounted,10,1,0,0,0,0,0,1,,100,HIGH
Cagayan de Oro,Kauswagan,2017-12-09,12,4.05,27.92,24.73,31.6,32.04,2.09,81.2,Zone 5,Unaccounted,4,0,1,0,0,0,1,0,,100,HIGH
Cagayan de Oro,Kauswagan,2020-06-22,6,7.56,28.71,25.32,31.9,32.53,7.03,78.2,Zone 1,Evacuated,1,3,0,0,0,0,0,1,High,51,MEDIUM
Cagayan de Oro,Kauswagan,2017-04-20,4,6.21,29.4,26.66,31.63,32.86,2.11,74.6,Zone 3,Safe,9,0,0,0,0,0,0,1,,98,HIGH
Cagayan de Oro,Kauswagan,2016-05-05,5,13.26,28.57,25.86,31.26,31.58,3.18,70.1,Zone 5,Safe,6,1,1,0,0,1,0,1,Medium,100,HIGH
Cagayan de Oro,Kauswagan,2018-08-14,8,10.51,27.43,24.55,29.18,31.37,2.45,79.4,Zone 6,Safe,7,3,0,0,0,0,0,1,Medium,92,HIGH
Cagayan de Oro,Kauswagan,2009-09-18,9,14.98,25.94,23.62,28.03,30.87,1.65,89.3,Zone 6,Safe,6,1,0,0,0,1,0,1,Medium,86,HIGH
Cagayan de Oro,Kauswagan,2017-11-06,11,7.83,28.72,25.37,30.65,33.27,2.32,85.5,Zone 4,Safe,7,1,0,0,0,0,0,1,Medium,50,MEDIUM
Cagayan de Oro,Kauswagan,2003-12-17,12,5.91,27.98,25.34,31.2,32.28,2.26,83.0,Zone 5,Safe,7,0,0,0,0,0,0,1,,100,HIGH
Cagayan de Oro,Kauswagan,2008-06-06,6,12.39,27.13,24.53,30.23,31.35,1.01,82.2,Zone 3,Evacuated,9,3,0,0,0,0,0,1,Medium,100,HIGH
Cagayan de Oro,Kauswagan,2021-05-19,5,6.48,29.49,27.51,31.78,33.26,3.42,77.7,Zone 1,Safe,3,0,0,0,0,1,0,1,Medium,52,MEDIUM
Cagayan de Oro,Kauswagan,2016-08-05,8,7.14,26.34,24.19,29.35,30.14,2.78,78.0,Zone 5,Safe,5,1,0,0,1,0,1,1,Medium,100,HIGH
Cagayan de Oro,Kauswagan,2003-12-18,12,6.21,28.03,25.9,31.84,31.8,4.13,77.7,Zone 4,Unaccounted,5,0,0,0,0,0,0,1,Medium,58,MEDIUM
Cagayan de Oro,Kauswagan,2018-07-11,7,11.87,28.5,25.9,30.47,32.81,1.7,83.1,Zone 3,Safe,3,1,0,1,1,1,0,1,Medium,100,HIGH
Cagayan de Oro,Kauswagan,2020-02-18,2,4.47,27.33,24.95,30.45,30.98,0.0,76.5,Zone 1,Unaccounted,5,0,0,0,0,0,0,0,,50,MEDIUM
Cagayan de Oro,Kauswagan,2004-11-12,11,16.06,28.32,26.81,31.33,32.77,1.1,84.5,Zone 4,Safe,10,2,0,0,0,0,0,1,High,65,MEDIUM
Cagayan de Oro,Kauswagan,2018-08-18,8,20.11,28.84,26.64,31.5,33.27,2.72,84.3,Zone 1,Safe,4,2,0,1,0,0,1,1,High,82,HIGH
Cagayan de Oro,Kauswagan,2006-01-04,1,6.85,27.94,24.98,29.81,32.02,2.76,80.8,Zone 3,Evacuated,2,1,0,0,0,0,0,1,,79,HIGH
Cagayan de Oro,Kauswagan,2018-11-02,11,5.4,27.04,24.99,29.97,31.62,2.97,85.8,Zone 5,Unaccounted,7,2,0,1,0,0,0,1,,100,HIGH
Cagayan de Oro,Kauswagan,2010-03-06,3,6.07,27.64,24.44,30.16,30.86,2.22,72.2,Zone 6,Safe,2,1,0,0,0,0,0,1,,64,MEDIUM
Cagayan de Oro,Kauswagan,2003-03-02,3,5.16,27.84,24.78,30.59,31.23,3.34,73.9,Zone 3,Safe,3,2,0,0,0,1,1,1,Medium,100,HIGH
Cagayan de Oro,Kauswagan,2021-03-09,3,5.93,28.17,25.77,30.27,31.89,2.64,77.2,Zone 3,Unaccounted,5,3,0,0,1,0,0,1,,100,HIGH
Cagayan de Oro,Kauswagan,2005-08-26,8,13.88,28.23,25.12,31.64,33.06,3.28,88.3,Zone 3,Safe,10,1,0,0,0,0,0,1,Medium,100,HIGH
Cagayan de Oro,Kauswagan,2004-08-09,8,10.77,28.5,25.56,31.36,33.14,2.57,86.4,Zone 5,Safe,4,1,0,0,0,0,0,1,Medium,100,HIGH
Cagayan de Oro,Kauswagan,2011-06-08,6,6.75,28.74,26.58,30.4,32.91,1.0,81.7,Zone 3,Safe,7,3,0,0,1,1,1,1,,100,HIGH
Cagayan de Oro,Kauswagan,2011-04-22,4,5.14,29.22,26.71,32.69,32.13,2.83,69.1,Zone 6,Safe,4,1,0,0,1,1,1,1,,90,HIGH
Cagayan de Oro,Kauswagan,2016-03-28,3,7.72,28.89,25.73,30.93,33.8,2.91,89.1,Zone 2,Unaccounted,5,0,0,0,0,0,0,1,Medium,82,HIGH
Cagayan de Oro,Kauswagan,2017-01-28,1,7.92,26.9,24.45,29.71,31.01,0.79,81.1,Zone 5,Safe,9,2,0,0,0,0,0,1,Medium,100,HIGH
Cagayan de Oro,Kauswagan,2016-03-25,3,4.88,29.16,26.12,32.19,32.81,3.11,76.5,Zone 6,Safe,5,0,0,0,1,1,0,0,Medium,78,HIGH
Cagayan de Oro,Kauswagan,2014-09-02,9,7.55,27.25,25.7,30.56,32.14,2.33,88.9,Zone 3,Safe,1,1,0,0,0,0,1,1,Medium,100,HIGH
Cagayan de Oro,Kauswagan,2011-03-18,3,8.01,27.08,24.78,28.99,30.51,3.6,74.3,Zone 5,Unaccounted,1,0,0,0,0,0,0,1,Medium,100,HIGH
Cagayan de Oro,Kauswagan,2009-10-25,10,8.01,27.98,25.35,31.22,32.26,2.72,82.8,Zone 3,Safe,8,3,0,0,1,0,1,1,Medium,100,HIGH
Cagayan de Oro,Kauswagan,2014-05-21,5,10.91,27.75,24.92,31.67,31.57,1.57,78.2,Zone 2,Safe,9,3,0,0,0,0,0,1,Medium,87,HIGH
Cagayan de Oro,Kauswagan,2020-03-11,3,4.55,29.78,26.29,31.55,33.42,1.73,76.4,Zone 3,Safe,3,1,0,0,1,0,0,0,,96,HIGH
Cagayan de Oro,Kauswagan,2008-06-01,6,7.28,27.47,24.05,29.21,31.78,3.04,83.1,Zone 6,Safe,4,3,0,0,0,0,0,1,Medium,86,HIGH
Cagayan de Oro,Kauswagan,2011-08-20,8,9.48,26.68,23.64,29.9,30.72,1.06,80.4,Zone 5,Evacuated,4,2,0,0,1,0,0,1,Medium,100,HIGH
Cagayan de Oro,Kauswagan,2006-04-03,4,4.02,28.53,26.81,30.63,31.91,2.17,73.8,Zone 2,Safe,1,0,0,0,1,1,0,0,,58,MEDIUM
Cagayan de Oro,Kauswagan,2011-03-15,3,6.68,27.95,26.15,30.54,31.58,4.04,76.3,Zone 3,Evacuated,3,2,0,0,0,0,0,1,Medium,94,HIGH
Cagayan de Oro,Kauswagan,2019-12-02,12,12.78,28.1,25.87,30.16,32.08,2.32,79.8,Zone 6,Safe,6,0,0,0,0,0,0,1,Medium,72,HIGH
Cagayan de Oro,Kauswagan,2016-02-09,2,5.0,26.38,22.93,29.88,30.24,4.29,78.6,Zone 3,Unaccounted,2,0,0,0,0,0,0,1,Medium,100,HIGH
Cagayan de Oro,Kauswagan,2012-02-16,2,7.19,29.02,26.83,31.41,33.35,3.06,83.3,Zone 5,Evacuated,4,1,0,0,0,1,0,1,Medium,100,HIGH
Cagayan de Oro,Kauswagan,2008-03-16,3,9.36,27.61,25.02,29.38,30.67,4.67,70.6,Zone 5,Safe,4,0,0,0,0,0,0,1,Medium,100,HIGH
Cagayan de Oro,Kauswagan,2005-03-28,3,5.03,27.14,24.3,30.72,31.03,3.26,78.9,Zone 3,Safe,7,1,0,1,0,1,0,1,Medium,100,HIGH
Cagayan de Oro,Kauswagan,2008-05-04,5,6.42,28.87,25.86,30.44,33.14,1.61,82.7,Zone 4,Safe,2,0,0,0,0,1,1,1,,43,MEDIUM
Cagayan de Oro,Kauswagan,2021-03-01,3,2.87,28.2,25.46,29.85,31.7,1.59,75.0,Zone 4,Safe,2,1,0,0,0,0,0,0,,26,LOW
Cagayan de Oro,Kauswagan,2010-01-26,1,8.75,27.94,24.59,30.93,32.44,1.05,85.0,Zone 5,Unaccounted,7,1,1,0,1,0,1,1,Medium,100,HIGH
Cagayan de Oro,Kauswagan,2022-12-11,12,7.42,27.4,24.26,30.25,31.45,2.13,80.5,Zone 3,Unaccounted,3,2,0,0,0,1,0,1,Medium,100,HIGH
Cagayan de Oro,Kauswagan,2006-08-08,8,10.93,28.43,25.03,32.31,33.23,2.41,88.0,Zone 5,Safe,4,3,0,0,0,0,1,1,Medium,100,HIGH
Cagayan de Oro,Kauswagan,2012-09-02,9,10.46,28.8,26.3,32.43,32.6,3.59,78.0,Zone 3,Safe,5,2,0,0,0,0,0,1,Medium,100,HIGH
Cagayan de Oro,Kauswagan,2010-06-20,6,8.42,27.7,25.4,30.12,32.75,3.83,90.5,Zone 2,Unaccounted,3,1,1,1,0,0,0,1,Medium,100,HIGH
Cagayan de Oro,Kauswagan,2007-04-09,4,6.19,28.51,26.07,31.93,31.32,3.81,68.1,Zone 1,Safe,8,0,1,0,0,0,0,1,Medium,64,MEDIUM
Cagayan de Oro,Kauswagan,2012-12-11,12,10.14,27.16,24.48,30.53,31.21,2.24,80.5,Zone 2,Evacuated,4,2,0,1,0,0,0,1,Medium,69,MEDIUM
Cagayan de Oro,Kauswagan,2010-11-10,11,11.98,27.12,24.75,30.16,31.41,0.93,82.9,Zone 5,Safe,2,3,0,1,0,0,0,1,Medium,100,HIGH
Cagayan de Oro,Kauswagan,2018-11-19,11,10.38,27.74,25.27,30.94,32.03,0.63,82.9,Zone 6,Safe,1,1,1,0,0,0,0,1,Medium,81,HIGH
Cagayan de Oro,Kauswagan,2022-11-15,11,5.39,28.2,26.45,31.96,32.43,0.87,82.3,Zone 5,Unaccounted,2,3,0,0,0,0,0,1,,100,HIGH
Cagayan de Oro,Kauswagan,2006-03-17,3,5.23,26.87,23.69,28.72,30.43,2.97,75.6,Zone 5,Evacuated,1,1,0,0,0,0,0,1,,81,HIGH
Cagayan de Oro,Kauswagan,2008-10-05,10,8.13,26.13,24.43,29.0,30.45,4.14,83.2,Zone 6,Safe,2,2,0,0,0,0,0,1,Medium,77,HIGH
Cagayan de Oro,Kauswagan,2016-11-15,11,19.62,26.76,23.7,28.54,31.31,2.81,85.5,Zone 6,Safe,3,1,0,0,0,1,0,1,High,89,HIGH
Cagayan de Oro,Kauswagan,2012-01-15,1,5.57,26.72,24.53,29.71,30.81,1.34,80.9,Zone 1,Evacuated,2,0,0,0,0,0,0,1,,20,LOW
Cagayan de Oro,Kauswagan,2013-05-09,5,6.27,30.18,28.58,33.7,33.32,4.27,71.4,Zone 5,Safe,3,1,0,0,0,0,0,1,Medium,100,HIGH
Cagayan de Oro,Kauswagan,2020-09-08,9,10.22,27.26,24.77,30.29,31.65,0.0,83.9,Zone 2,Unaccounted,5,2,0,1,1,0,0,1,Medium,100,HIGH
Cagayan de Oro,Kauswagan,2017-09-13,9,14.8,26.83,23.81,28.45,31.71,4.51,88.8,Zone 2,Evacuated,1,1,0,1,0,0,0,1,Medium,58,MEDIUM
Cagayan de Oro,Kauswagan,2017-05-14,5,6.26,28.83,25.97,31.07,32.96,1.67,81.3,Zone 3,Safe,3,0,0,0,0,0,0,1,,90,HIGH
Cagayan de Oro,Kauswagan,2004-09-04,9,12.74,28.19,26.54,30.3,32.89,3.78,87.0,Zone 3,Safe,3,1,0,0,0,0,0,1,Medium,100,HIGH
Cagayan de Oro,Kauswagan,2010-06-04,6,7.64,27.89,25.9,30.33,32.48,1.89,85.9,Zone 5,Safe,5,1,0,0,0,0,0,1,Medium,100,HIGH
Cagayan de Oro,Kauswagan,2020-04-18,4,2.75,28.0,26.16,31.49,31.5,4.11,75.0,Zone 3,Safe,9,1,1,0,0,0,0,0,Medium,100,HIGH
Cagayan de Oro,Kauswagan,2019-11-13,11,9.42,27.13,25.39,30.58,31.88,2.04,87.5,Zone 3,Safe,7,3,0,0,0,0,0,1,Medium,100,HIGH
Cagayan de Oro,Kauswagan,2005-10-22,10,11.63,25.97,23.17,29.22,30.11,2.71,81.4,Zone 6,Unaccounted,7,2,0,0,0,0,0,1,Medium,100,HIGH
Cagayan de Oro,Kauswagan,2012-09-19,9,11.6,27.42,24.62,29.99,31.95,3.84,85.3,Zone 6,Safe,1,1,0,0,0,0,0,1,Medium,69,MEDIUM
Cagayan de Oro,Kauswagan,2006-05-23,5,4.93,28.46,25.4,32.38,31.85,0.0,73.9,Zone 3,Unaccounted,8,0,0,0,0,0,0,0,,100,HIGH
Cagayan de Oro,Kauswagan,2003-09-12,9,9.71,28.37,25.28,31.55,32.49,1.42,81.2,Zone 3,Unaccounted,6,1,0,0,0,0,0,1,Medium,100,HIGH
Cagayan de Oro,Kauswagan,2014-01-17,1,10.02,27.79,26.13,29.57,31.31,1.67,75.2,Zone 6,Evacuated,2,1,0,0,1,0,1,1,Medium,71,HIGH
Cagayan de Oro,Kauswagan,2016-05-12,5,10.72,27.96,25.25,29.81,31.75,3.22,77.9,Zone 5,Safe,6,0,0,0,0,0,0,1,Medium,100,HIGH
Cagayan de Oro,Kauswagan,2016-03-15,3,5.43,28.59,26.09,30.68,32.28,1.54,76.9,Zone 4,Safe,2,1,0,0,0,0,1,1,,41,MEDIUM
Cagayan de Oro,Kauswagan,2007-07-25,7,13.96,26.76,23.57,28.86,31.2,1.95,84.4,Zone 5,Safe,2,1,0,0,0,0,0,1,Medium,100,HIGH
Cagayan de Oro,Kauswagan,2017-07-25,7,8.78,26.62,24.03,30.47,30.82,3.63,82.0,Zone 3,Safe,8,1,0,0,0,0,0,1,Medium,100,HIGH
Cagayan de Oro,Kauswagan,2019-09-28,9,8.63,27.78,25.32,30.0,31.99,2.97,82.1,Zone 6,Unaccounted,3,2,0,0,0,0,0,1,Medium,97,HIGH
Cagayan de Oro,Kauswagan,2012-11-23,11,6.91,27.61,24.78,31.51,31.81,2.97,82.0,Zone 3,Safe,7,3,0,0,0,0,0,1,,100,HIGH
Cagayan de Oro,Kauswagan,2009-07-07,7,8.12,28.96,27.46,32.84,32.83,3.12,78.7,Zone 5,Safe,8,1,0,0,0,0,0,1,Medium,100,HIGH
Cagayan de Oro,Kauswagan,2006-05-06,5,10.0,28.77,26.52,31.01,32.86,1.63,80.9,Zone 1,Safe,10,0,0,0,0,1,0,1,Medium,60,MEDIUM
Cagayan de Oro,Kauswagan,2011-04-14,4,4.74,27.42,24.96,31.02,29.93,3.91,65.1,Zone 2,Safe,7,0,0,0,0,0,1,0,Medium,67,MEDIUM
Cagayan de Oro,Kauswagan,2003-09-16,9,14.8,27.6,25.67,30.48,31.58,1.48,79.8,Zone 5,Evacuated,4,1,0,0,0,0,0,1,Medium,93,HIGH
Cagayan de Oro,Kauswagan,2022-04-16,4,10.65,29.72,26.38,31.79,32.9,3.98,71.8,Zone 3,Evacuated,2,1,0,1,0,0,0,1,Medium,96,HIGH
Cagayan de Oro,Kauswagan,2022-12-05,12,16.43,26.35,24.62,29.46,30.39,2.5,80.4,Zone 3,Safe,1,0,0,0,1,0,0,1,High,100,HIGH
Cagayan de Oro,Kauswagan,2011-02-02,2,5.52,27.18,25.58,30.54,30.11,0.41,69.3,Zone 5,Evacuated,10,0,0,1,0,0,0,1,,97,HIGH
Cagayan de Oro,Kauswagan,2008-03-17,3,5.68,28.75,26.69,30.56,32.35,4.02,76.0,Zone 3,Safe,2,0,0,0,0,0,0,1,Medium,95,HIGH
Cagayan de Oro,Kauswagan,2015-10-25,10,9.47,26.31,23.51,29.93,30.74,2.45,84.3,Zone 5,Safe,8,1,0,0,0,0,1,1,Medium,100,HIGH
Cagayan de Oro,Kauswagan,2021-11-09,11,13.95,27.3,24.85,29.51,31.2,2.3,79.0,Zone 3,Evacuated,10,2,0,0,0,0,0,1,Medium,100,HIGH
Cagayan de Oro,Kauswagan,2018-03-04,3,10.38,28.68,26.93,30.88,32.37,2.31,76.9,Zone 5,Unaccounted,6,3,0,0,0,0,0,1,Medium,100,HIGH
Cagayan de Oro,Kauswagan,2020-12-04,12,7.64,27.19,24.45,30.35,31.97,3.25,87.8,Zone 3,Unaccounted,1,0,0,0,0,0,0,1,Medium,100,HIGH
Cagayan de Oro,Kauswagan,2013-11-26,11,7.99,28.81,26.5,30.92,34.05,2.53,92.4,Zone 2,Unaccounted,4,3,0,0,0,0,0,1,Medium,98,HIGH
Cagayan de Oro,Kauswagan,2014-08-12,8,11.35,26.25,23.85,28.2,30.91,4.02,86.6,Zone 4,Unaccounted,7,1,0,0,0,0,1,1,Medium,75,HIGH
Cagayan de Oro,Kauswagan,2018-07-07,7,16.26,30.16,26.83,32.93,34.23,0.0,80.7,Zone 6,Safe,4,1,0,0,0,0,1,1,High,89,HIGH
Cagayan de Oro,Kauswagan,2021-11-19,11,7.77,28.27,26.66,31.1,32.44,2.9,81.7,Zone 1,Unaccounted,1,1,0,0,0,0,0,1,Medium,64,MEDIUM
Cagayan de Oro,Kauswagan,2005-01-16,1,3.92,26.42,24.07,29.15,29.78,3.3,73.6,Zone 5,Safe,3,0,0,0,0,0,0,0,Medium,93,HIGH
Cagayan de Oro,Kauswagan,2016-12-07,12,5.52,26.36,23.02,29.87,30.49,2.78,81.3,Zone 5,Safe,8,1,0,0,1,0,0,1,,100,HIGH
Cagayan de Oro,Kauswagan,2004-10-02,10,9.02,27.78,25.66,30.79,31.29,3.52,75.1,Zone 3,Safe,8,2,0,0,1,0,0,1,Medium,100,HIGH
Cagayan de Oro,Kauswagan,2013-06-17,6,8.69,27.78,25.27,30.13,31.84,1.85,80.6,Zone 6,Safe,4,2,1,0,0,1,1,1,Medium,100,HIGH
Cagayan de Oro,Kauswagan,2011-08-28,8,9.16,26.81,23.31,28.85,31.23,2.2,84.2,Zone 1,Evacuated,3,3,1,0,1,0,0,1,Medium,67,MEDIUM
Cagayan de Oro,Kauswagan,2011-08-26,8,9.59,28.63,26.99,31.63,32.62,3.04,79.9,Zone 3,Evacuated,6,1,0,0,1,1,0,1,Medium,100,HIGH
Cagayan de Oro,Kauswagan,2006-07-06,7,14.05,27.75,24.61,31.73,31.7,0.97,79.5,Zone 5,Evacuated,7,3,0,0,0,0,0,1,Medium,100,HIGH
Cagayan de Oro,Kauswagan,2010-09-13,9,13.98,27.94,25.3,30.09,32.4,3.08,84.6,Zone 1,Safe,4,2,0,0,1,0,0,1,Medium,65,MEDIUM
Cagayan de Oro,Kauswagan,2013-04-04,4,5.02,27.42,25.14,30.86,30.42,2.48,70.0,Zone 3,Evacuated,1,2,0,0,0,1,1,1,,98,HIGH
Cagayan de Oro,Kauswagan,2013-09-22,9,10.39,28.47,25.42,31.52,32.76,1.82,82.9,Zone 3,Evacuated,7,2,0,0,0,0,0,1,Medium,100,HIGH
Cagayan de Oro,Kauswagan,2017-10-18,10,8.83,28.8,27.03,30.99,32.52,1.53,77.2,Zone 6,Evacuated,9,3,0,1,0,0,0,1,Medium,88,HIGH
Cagayan de Oro,Kauswagan,2017-12-04,12,13.76,27.28,24.81,30.72,31.18,2.93,79.0,Zone 5,Safe,2,0,1,0,0,0,0,1,Medium,100,HIGH
Cagayan de Oro,Kauswagan,2022-04-07,4,6.28,28.78,26.34,32.62,31.4,4.58,66.2,Zone 2,Safe,8,1,0,0,0,0,0,1,Medium,75,HIGH
Cagayan de Oro,Kauswagan,2012-11-08,11,7.61,27.77,24.32,31.04,32.36,4.06,85.9,Zone 1,Safe,3,2,0,0,1,0,0,1,Medium,64,MEDIUM
Cagayan de Oro,Kauswagan,2022-02-23,2,13.9,27.23,24.68,30.71,31.2,3.29,79.7,Zone 1,Evacuated,1,0,0,1,0,1,1,1,Medium,50,MEDIUM
Cagayan de Oro,Kauswagan,2003-06-10,6,14.03,29.15,27.46,32.01,33.11,2.47,79.6,Zone 5,Evacuated,5,1,0,0,0,0,0,1,Medium,95,HIGH
Cagayan de Oro,Kauswagan,2011-09-28,9,8.89,28.52,26.71,32.48,32.76,2.86,82.4,Zone 2,Safe,5,1,1,0,1,0,0,1,Medium,90,HIGH
Cagayan de Oro,Kauswagan,2012-12-20,12,5.71,26.82,24.44,29.2,31.11,4.03,82.9,Zone 5,Unaccounted,2,0,0,0,0,1,0,1,Medium,100,HIGH
Cagayan de Oro,Kauswagan,2013-11-03,11,8.71,26.48,24.15,28.66,31.24,1.3,87.6,Zone 2,Evacuated,10,1,0,0,0,0,0,1,Medium,60,MEDIUM
Cagayan de Oro,Kauswagan,2022-06-07,6,7.46,28.61,26.03,31.88,33.34,3.11,87.3,Zone 5,Unaccounted,8,1,0,0,0,0,0,1,Medium,100,HIGH
Cagayan de Oro,Kauswagan,2012-11-05,11,9.39,28.04,24.86,32.02,32.07,1.12,80.3,Zone 2,Evacuated,10,1,1,1,0,1,0,1,Medium,90,HIGH
Cagayan de Oro,Kauswagan,2005-11-27,11,7.98,28.24,26.69,30.24,32.93,2.09,86.9,Zone 4,Safe,10,1,0,0,0,0,1,1,Medium,58,MEDIUM
Cagayan de Oro,Kauswagan,2008-03-02,3,5.77,29.01,27.03,31.47,32.28,2.8,72.7,Zone 2,Safe,10,1,1,1,0,0,1,1,,97,HIGH
Cagayan de Oro,Kauswagan,2010-10-12,10,9.19,27.5,25.54,29.96,31.93,2.47,84.3,Zone 5,Safe,2,3,0,0,0,0,1,1,Medium,100,HIGH
Cagayan de Oro,Kauswagan,2003-04-20,4,4.55,28.59,25.42,32.07,31.37,4.18,67.8,Zone 4,Evacuated,5,0,0,1,0,0,0,0,Medium,27,LOW
Cagayan de Oro,Kauswagan,2015-05-01,5,10.28,30.53,28.18,32.47,33.98,1.69,74.5,Zone 6,Evacuated,5,0,0,0,0,0,0,1,Medium,55,MEDIUM
Cagayan de Oro,Kauswagan,2019-05-22,5,6.06,26.49,23.91,28.57,30.19,3.61,77.0,Zone 5,Safe,4,0,0,0,0,0,0,1,Medium,100,HIGH
Cagayan de Oro,Kauswagan,2015-12-17,12,7.55,27.68,25.31,30.71,31.37,2.83,76.9,Zone 3,Evacuated,9,0,0,1,1,0,0,1,Medium,100,HIGH
Cagayan de Oro,Kauswagan,2020-05-08,5,16.04,28.91,27.06,32.77,32.4,1.7,74.9,Zone 3,Unaccounted,9,0,0,0,0,0,0,1,High,100,HIGH
Cagayan de Oro,Kauswagan,2013-05-07,5,4.47,29.02,25.88,30.57,32.99,4.3,79.7,Zone 5,Unaccounted,3,3,0,0,1,0,1,0,Medium,100,HIGH
Cagayan de Oro,Kauswagan,2018-10-09,10,9.18,26.79,23.6,30.45,31.06,2.84,82.7,Zone 3,Safe,7,3,0,0,0,1,0,1,Medium,100,HIGH
Cagayan de Oro,Kauswagan,2009-05-11,5,5.88,28.6,26.45,30.34,31.61,2.74,70.1,Zone 3,Unaccounted,7,0,0,0,0,0,0,1,,100,HIGH
Cagayan de Oro,Kauswagan,2020-02-26,2,16.21,26.93,24.38,28.44,30.36,2.26,74.3,Zone 3,Evacuated,10,0,0,0,0,0,0,1,High,98,HIGH
Cagayan de Oro,Kauswagan,2009-09-15,9,11.27,27.02,23.65,30.98,31.37,1.29,83.5,Zone 2,Evacuated,10,2,0,0,0,0,1,1,Medium,73,HIGH
Cagayan de Oro,Kauswagan,2017-07-14,7,8.21,25.83,23.15,28.86,29.54,2.9,77.1,Zone 4,Safe,1,1,0,0,0,0,0,1,Medium,39,LOW
Cagayan de Oro,Kauswagan,2003-12-28,12,8.26,26.89,23.65,30.56,30.2,3.15,73.1,Zone 6,Safe,1,0,0,0,0,0,0,1,Medium,63,MEDIUM
Cagayan de Oro,Kauswagan,2005-08-03,8,11.64,26.95,25.4,30.35,31.8,2.85,88.5,Zone 3,Evacuated,5,2,1,1,0,1,0,1,Medium,100,HIGH
Cagayan de Oro,Kauswagan,2014-07-16,7,8.98,28.07,25.73,31.39,33.07,0.0,90.0,Zone 6,Safe,6,1,0,0,0,1,0,1,Medium,86,HIGH
Cagayan de Oro,Kauswagan,2006-01-22,1,6.19,25.92,23.65,29.08,29.35,2.54,74.3,Zone 5,Safe,3,0,0,0,1,0,0,1,,100,HIGH
Cagayan de Oro,Kauswagan,2016-10-21,10,8.73,27.18,24.53,29.5,32.07,2.36,88.9,Zone 3,Unaccounted,5,1,0,1,1,1,0,1,Medium,100,HIGH
Cagayan de Oro,Kauswagan,2010-12-19,12,15.05,27.73,25.26,30.01,32.09,2.5,83.6,Zone 4,Safe,5,2,1,0,0,1,0,1,High,80,HIGH
Cagayan de Oro,Kauswagan,2020-08-27,8,7.44,27.11,24.43,30.86,30.65,4.54,75.4,Zone 1,Unaccounted,2,1,0,0,0,0,0,1,Medium,66,MEDIUM
Cagayan de Oro,Kauswagan,2004-03-11,3,4.82,27.84,24.38,31.05,31.91,3.14,80.7,Zone 6,Safe,6,2,0,1,0,1,1,0,Medium,100,HIGH
Cagayan de Oro,Kauswagan,2005-05-17,5,7.22,28.21,25.45,31.61,32.19,2.41,79.8,Zone 5,Safe,5,0,1,0,0,1,0,1,Medium,100,HIGH
Cagayan de Oro,Kauswagan,2009-11-13,11,7.58,28.96,26.81,31.34,33.37,1.08,84.1,Zone 6,Safe,2,1,0,0,0,0,0,1,Medium,71,HIGH
Cagayan de Oro,Kauswagan,2020-03-15,3,7.26,29.11,26.45,32.11,32.58,1.46,74.7,Zone 5,Safe,10,1,0,0,0,0,0,1,Medium,100,HIGH
Cagayan de Oro,Kauswagan,2019-05-21,5,6.31,30.08,26.86,31.95,33.78,1.5,77.0,Zone 2,Unaccounted,8,0,0,0,0,1,0,1,,88,HIGH
Cagayan de Oro,Kauswagan,2015-01-07,1,11.53,26.89,24.73,28.76,31.01,3.8,81.2,Zone 2,Unaccounted,7,0,0,0,0,0,0,1,Medium,86,HIGH
Cagayan de Oro,Kauswagan,2022-05-07,5,5.91,29.74,27.72,32.51,33.55,4.06,78.1,Zone 3,Safe,4,0,0,1,0,0,0,1,Medium,100,HIGH
Cagayan de Oro,Kauswagan,2014-04-08,4,8.07,27.98,25.6,30.53,31.52,5.41,75.4,Zone 6,Safe,1,0,0,0,0,0,0,1,High,71,HIGH
Cagayan de Oro,Kauswagan,2012-02-15,2,4.12,26.08,24.02,28.47,29.65,5.11,75.7,Zone 5,Safe,7,0,0,0,0,0,0,0,High,100,HIGH
Cagayan de Oro,Kauswagan,2010-03-13,3,4.34,27.82,24.43,30.43,31.23,4.84,74.1,Zone 3,Safe,1,0,0,1,0,1,1,0,Medium,100,HIGH
Cagayan de Oro,Kauswagan,2018-05-26,5,8.77,29.38,25.95,33.03,33.24,0.57,78.6,Zone 6,Evacuated,5,1,1,0,1,0,1,1,Medium,88,HIGH
Cagayan de Oro,Kauswagan,2009-10-12,10,13.75,27.52,25.13,30.17,31.53,3.3,80.1,Zone 3,Safe,1,3,0,0,0,1,1,1,Medium,100,HIGH
Cagayan de Oro,Kauswagan,2020-08-14,8,9.93,27.02,24.57,28.58,31.32,2.61,83.0,Zone 6,Unaccounted,1,3,0,0,0,0,0,1,Medium,99,HIGH
Cagayan de Oro,Kauswagan,2005-08-12,8,8.73,26.39,24.27,29.0,30.6,1.49,82.1,Zone 5,Safe,2,1,0,1,0,0,1,1,Medium,100,HIGH
Cagayan de Oro,Kauswagan,2021-01-20,1,4.63,25.31,23.69,26.89,29.52,2.39,82.1,Zone 5,Evacuated,10,2,0,0,0,1,0,0,,99,HIGH
Cagayan de Oro,Kauswagan,2014-06-13,6,5.67,27.24,24.29,29.12,32.29,2.68,90.5,Zone 5,Evacuated,5,1,0,0,1,0,0,1,,96,HIGH
Cagayan de Oro,Kauswagan,2016-11-22,11,6.53,27.63,25.4,29.98,32.13,2.26,85.0,Zone 3,Safe,4,3,0,0,0,0,0,1,,100,HIGH
Cagayan de Oro,Kauswagan,2004-07-14,7,14.81,26.92,24.16,30.71,31.85,3.28,89.3,Zone 4,Evacuated,1,3,0,0,0,0,0,1,Medium,36,LOW
Cagayan de Oro,Kauswagan,2021-08-01,8,14.14,27.46,24.49,29.14,32.42,2.09,89.6,Zone 5,Evacuated,5,1,0,0,1,1,0,1,Medium,100,HIGH
Cagayan de Oro,Kauswagan,2022-02-03,2,4.23,27.7,24.82,30.69,31.68,1.81,79.8,Zone 2,Safe,7,2,1,0,1,0,1,0,,92,HIGH
Cagayan de Oro,Kauswagan,2009-06-17,6,8.84,28.51,25.51,31.13,32.77,1.11,82.6,Zone 5,Unaccounted,7,1,0,0,0,0,0,1,Medium,100,HIGH
Cagayan de Oro,Kauswagan,2017-05-16,5,9.58,30.74,28.39,32.47,34.47,1.75,77.3,Zone 6,Evacuated,7,0,0,0,1,0,0,1,Medium,67,MEDIUM
Cagayan de Oro,Kauswagan,2021-12-15,12,9.2,27.01,24.69,30.19,31.73,3.62,87.2,Zone 5,Unaccounted,7,0,0,0,0,0,0,1,Medium,100,HIGH
Cagayan de Oro,Kauswagan,2014-10-01,10,8.51,28.12,25.2,30.54,32.74,2.22,86.2,Zone 6,Safe,10,1,0,0,0,0,0,1,Medium,81,HIGH
Cagayan de Oro,Kauswagan,2005-11-20,11,8.91,26.46,24.41,28.37,31.49,3.87,90.3,Zone 5,Safe,4,1,0,0,0,0,0,1,Medium,100,HIGH
Cagayan de Oro,Kauswagan,2018-12-06,12,4.98,26.67,24.32,28.88,31.21,3.1,85.4,Zone 5,Safe,5,2,0,0,0,0,1,0,Medium,100,HIGH
Cagayan de Oro,Kauswagan,2008-09-14,9,14.11,28.08,24.75,29.75,32.37,1.79,82.9,Zone 3,Safe,2,1,0,0,0,0,0,1,Medium,100,HIGH
Cagayan de Oro,Kauswagan,2004-07-13,7,18.66,29.63,27.51,31.9,33.97,2.94,83.4,Zone 3,Unaccounted,4,1,0,0,1,1,0,1,High,100,HIGH
Cagayan de Oro,Kauswagan,2019-12-24,12,11.78,27.31,25.13,29.46,31.91,1.37,86.0,Zone 3,Safe,5,2,0,0,0,0,0,1,Medium,100,HIGH
Cagayan de Oro,Kauswagan,2011-06-20,6,10.28,28.5,26.44,30.04,32.27,3.5,77.7,Zone 6,Unaccounted,3,3,0,0,0,0,0,1,Medium,100,HIGH
Cagayan de Oro,Kauswagan,2010-09-16,9,8.04,27.19,24.01,31.17,31.57,3.16,83.8,Zone 3,Safe,7,1,0,1,0,1,1,1,Medium,100,HIGH
Cagayan de Oro,Kauswagan,2005-02-07,2,11.02,27.75,24.31,31.55,31.53,2.65,77.8,Zone 1,Safe,4,0,0,0,0,0,0,1,Medium,45,MEDIUM
Cagayan de Oro,Kauswagan,2011-06-07,6,14.0,28.94,25.64,32.87,33.91,2.42,89.7,Zone 1,Evacuated,9,3,0,0,0,0,0,1,Medium,55,MEDIUM
Cagayan de Oro,Kauswagan,2020-10-17,10,11.37,27.1,24.87,29.02,31.62,2.11,85.2,Zone 3,Safe,9,2,0,0,0,0,0,1,Medium,100,HIGH
Cagayan de Oro,Kauswagan,2022-10-26,10,10.38,27.19,25.57,30.13,32.18,2.38,89.9,Zone 1,Safe,2,3,0,1,0,1,1,1,Medium,85,HIGH
Cagayan de Oro,Kauswagan,2019-06-26,6,8.08,28.56,25.38,32.49,32.93,1.29,83.7,Zone 3,Safe,8,1,0,1,0,0,0,1,Medium,100,HIGH
Cagayan de Oro,Kauswagan,2006-09-07,9,13.96,26.23,23.55,28.51,30.43,2.95,82.0,Zone 6,Evacuated,10,1,1,0,0,0,1,1,Medium,85,HIGH
Cagayan de Oro,Kauswagan,2005-04-18,4,4.26,30.26,27.12,33.93,33.78,1.98,75.2,Zone 5,Safe,3,1,1,1,1,0,0,0,,100,HIGH
Cagayan de Oro,Kauswagan,2022-02-23,2,3.78,27.95,24.7,30.89,31.2,3.83,72.5,Zone 6,Evacuated,4,3,1,0,0,0,1,0,Medium,82,HIGH
Cagayan de Oro,Kauswagan,2019-03-03,3,4.27,26.99,24.86,29.67,30.75,1.63,77.6,Zone 3,Safe,2,3,0,0,0,0,0,0,,98,HIGH
Cagayan de Oro,Kauswagan,2009-07-03,7,11.12,27.83,25.83,30.16,31.99,4.16,81.6,Zone 5,Evacuated,6,1,0,0,0,0,0,1,Medium,97,HIGH
Cagayan de Oro,Kauswagan,2010-02-11,2,13.25,27.16,25.58,28.81,30.98,0.75,78.2,Zone 3,Safe,1,0,1,0,0,0,0,1,Medium,100,HIGH
Cagayan de Oro,Kauswagan,2016-01-20,1,7.32,27.25,25.03,30.12,31.52,2.71,82.7,Zone 3,Evacuated,6,0,0,0,0,0,0,1,Medium,87,HIGH
Cagayan de Oro,Kauswagan,2010-12-14,12,5.15,27.11,24.11,29.37,31.76,0.49,86.5,Zone 5,Unaccounted,5,0,0,1,0,0,0,1,,100,HIGH
Cagayan de Oro,Kauswagan,2006-10-19,10,8.79,26.63,24.85,30.48,30.64,2.86,80.1,Zone 3,Unaccounted,10,1,0,0,0,0,0,1,Medium,100,HIGH
Cagayan de Oro,Kauswagan,2005-07-10,7,7.27,27.73,24.36,31.52,31.93,2.71,82.0,Zone 3,Unaccounted,1,1,0,0,0,0,0,1,Medium,100,HIGH
Cagayan de Oro,Kauswagan,2015-12-24,12,11.87,28.09,24.63,30.54,32.1,3.16,80.1,Zone 1,Evacuated,1,0,0,1,0,0,1,1,Medium,42,MEDIUM
Cagayan de Oro,Kauswagan,2011-03-22,3,18.78,28.97,27.2,32.32,32.96,3.94,79.9,Zone 2,Safe,3,0,0,1,0,0,0,1,High,79,HIGH
Cagayan de Oro,Kauswagan,2005-03-22,3,5.04,28.05,25.28,30.8,31.54,1.67,74.9,Zone 5,Unaccounted,7,0,0,0,0,1,1,1,,100,HIGH
Cagayan de Oro,Kauswagan,2019-03-01,3,6.86,27.58,25.69,29.76,30.8,2.66,72.2,Zone 2,Safe,2,1,0,0,0,0,0,1,,58,MEDIUM
Cagayan de Oro,Kauswagan,2007-10-08,10,9.12,27.56,24.74,30.65,32.31,2.59,87.5,Zone 1,Unaccounted,6,1,0,0,0,1,1,1,Medium,88,HIGH
Cagayan de Oro,Kauswagan,2009-01-23,1,7.04,26.3,24.48,27.88,29.85,3.55,75.5,Zone 5,Unaccounted,8,2,0,0,0,0,0,1,Medium,100,HIGH
Cagayan de Oro,Kauswagan,2018-06-20,6,8.47,27.23,24.26,29.37,31.63,3.04,84.0,Zone 6,Safe,8,3,0,0,0,0,0,1,Medium,93,HIGH
Cagayan de Oro,Kauswagan,2012-06-03,6,7.42,29.01,26.84,32.76,33.2,2.16,81.9,Zone 5,Unaccounted,6,2,1,0,0,0,0,1,Medium,100,HIGH
Cagayan de Oro,Kauswagan,2019-12-05,12,7.72,27.6,25.3,31.12,32.46,4.14,88.6,Zone 5,Safe,9,0,0,1,1,0,0,1,Medium,100,HIGH
Cagayan de Oro,Kauswagan,2014-01-14,1,6.63,26.36,23.17,30.08,30.24,3.07,78.8,Zone 5,Safe,7,1,0,0,1,0,0,1,Medium,100,HIGH
Cagayan de Oro,Kauswagan,2021-01-23,1,7.39,28.29,26.74,31.97,32.15,2.16,78.6,Zone 2,Evacuated,10,0,0,0,0,0,0,1,Medium,54,MEDIUM
Cagayan de Oro,Kauswagan,2009-12-09,12,7.64,25.73,24.16,29.48,30.0,2.09,82.7,Zone 5,Safe,6,0,0,0,0,0,0,1,Medium,100,HIGH
Cagayan de Oro,Kauswagan,2018-09-18,9,15.47,27.56,25.0,31.38,31.77,4.49,82.1,Zone 3,Safe,7,1,0,0,0,0,1,1,High,100,HIGH
Cagayan de Oro,Kauswagan,2010-10-27,10,6.59,26.62,24.97,29.09,31.03,1.01,84.1,Zone 1,Unaccounted,7,2,1,1,0,0,0,1,,96,HIGH
Cagayan de Oro,Kauswagan,2009-02-04,2,4.69,27.84,25.23,29.36,31.37,0.0,75.3,Zone 5,Safe,10,0,1,0,0,0,1,0,,100,HIGH
Cagayan de Oro,Kauswagan,2003-04-17,4,8.04,28.61,26.7,30.41,32.23,3.63,76.2,Zone 2,Evacuated,5,2,0,0,1,0,0,1,Medium,69,MEDIUM
Cagayan de Oro,Kauswagan,2020-12-08,12,6.3,27.51,25.67,30.81,31.06,2.99,75.5,Zone 2,Safe,2,0,0,0,1,1,0,1,,68,MEDIUM
Cagayan de Oro,Kauswagan,2004-10-24,10,9.91,27.93,24.52,30.01,32.3,2.03,83.7,Zone 5,Safe,9,1,0,0,0,0,0,1,Medium,100,HIGH
Cagayan de Oro,Kauswagan,2016-02-24,2,7.91,28.47,26.02,31.57,32.3,1.66,78.3,Zone 6,Unaccounted,6,1,0,0,0,0,0,1,Medium,96,HIGH
Cagayan de Oro,Kauswagan,2018-12-13,12,11.89,27.89,26.37,30.78,32.24,3.04,83.5,Zone 5,Unaccounted,9,0,0,0,0,1,0,1,Medium,100,HIGH
Cagayan de Oro,Kauswagan,2007-06-13,6,7.6,28.98,26.29,30.9,32.85,4.86,78.7,Zone 2,Evacuated,9,2,0,1,0,0,1,1,Medium,83,HIGH
Cagayan de Oro,Kauswagan,2003-12-18,12,9.89,27.99,24.97,29.77,32.34,1.31,83.5,Zone 1,Safe,4,0,0,0,0,0,0,1,Medium,45,MEDIUM
Cagayan de Oro,Kauswagan,2013-09-17,9,10.03,27.12,24.77,30.44,31.61,0.0,84.9,Zone 6,Evacuated,7,1,0,0,0,0,0,1,Medium,65,MEDIUM
Cagayan de Oro,Kauswagan,2003-08-17,8,15.53,27.22,24.5,29.72,31.9,1.87,86.8,Zone 1,Safe,9,1,0,0,1,1,1,1,High,89,HIGH
Cagayan de Oro,Kauswagan,2007-08-11,8,6.29,27.8,26.14,30.19,32.2,1.63,84.0,Zone 3,Safe,8,1,0,0,0,0,0,1,,100,HIGH
Cagayan de Oro,Kauswagan,2022-12-11,12,7.97,27.15,24.39,30.96,31.14,3.64,79.9,Zone 5,Evacuated,8,0,0,0,1,0,0,1,Medium,100,HIGH
Cagayan de Oro,Kauswagan,2005-02-22,2,3.95,30.07,27.16,32.3,33.97,1.13,79.0,Zone 5,Safe,3,0,0,0,0,0,0,0,,86,HIGH
Cagayan de Oro,Kauswagan,2006-02-27,2,7.01,27.15,24.07,30.2,30.32,3.02,71.7,Zone 2,Safe,6,0,0,0,1,0,0,1,Medium,74,HIGH
Cagayan de Oro,Kauswagan,2014-06-03,6,8.55,29.74,26.68,32.33,33.75,3.47,80.1,Zone 6,Unaccounted,10,1,0,0,0,1,0,1,Medium,100,HIGH
Cagayan de Oro,Kauswagan,2003-04-24,4,6.07,28.63,25.3,30.25,31.49,1.03,68.6,Zone 2,Unaccounted,6,1,1,0,0,0,1,1,,100,HIGH
Cagayan de Oro,Kauswagan,2009-07-26,7,11.22,26.83,23.66,28.54,30.62,0.15,77.9,Zone 3,Evacuated,10,1,0,1,0,0,0,1,Medium,100,HIGH
Cagayan de Oro,Kauswagan,2007-05-05,5,7.07,29.57,27.02,32.97,33.13,2.59,75.6,Zone 5,Evacuated,4,0,0,1,0,0,0,1,Medium,97,HIGH
Cagayan de Oro,Kauswagan,2016-08-13,8,8.1,28.64,26.03,31.56,33.75,4.3,91.1,Zone 5,Safe,5,1,1,0,0,0,0,1,Medium,100,HIGH
Cagayan de Oro,Kauswagan,2019-11-28,11,7.8,27.08,23.64,29.27,31.03,2.05,79.5,Zone 3,Evacuated,4,3,1,0,0,0,0,1,Medium,100,HIGH
Cagayan de Oro,Kauswagan,2010-06-28,6,8.63,28.53,26.15,30.64,32.74,3.61,82.1,Zone 6,Evacuated,9,1,1,1,0,1,0,1,Medium,96,HIGH
Cagayan de Oro,Kauswagan,2011-06-09,6,7.62,27.9,25.57,29.44,32.11,5.05,82.1,Zone 5,Safe,3,3,0,0,0,0,0,1,High,100,HIGH
Cagayan de Oro,Kauswagan,2011-07-16,7,9.3,27.92,24.56,31.48,32.65,5.0,87.3,Zone 5,Safe,3,1,0,0,0,0,0,1,High,100,HIGH
Cagayan de Oro,Kauswagan,2009-06-24,6,8.94,28.86,26.57,32.1,32.52,2.8,76.6,Zone 5,Evacuated,10,1,0,0,0,0,0,1,Medium,100,HIGH
Cagayan de Oro,Kauswagan,2019-12-05,12,12.84,26.65,23.51,29.02,30.93,1.69,82.8,Zone 3,Safe,3,2,0,0,0,0,0,1,Medium,100,HIGH
Cagayan de Oro,Kauswagan,2005-01-06,1,4.55,28.03,24.77,31.9,31.35,0.95,73.2,Zone 3,Unaccounted,4,0,0,0,0,1,1,0,,100,HIGH
Cagayan de Oro,Kauswagan,2013-06-28,6,9.21,26.91,24.31,28.63,31.39,3.83,84.8,Zone 3,Safe,3,1,0,0,0,0,0,1,Medium,100,HIGH
Cagayan de Oro,Kauswagan,2015-10-12,10,9.46,26.86,24.4,29.64,30.78,3.2,79.2,Zone 5,Safe,7,1,1,0,0,0,0,1,Medium,100,HIGH
Cagayan de Oro,Kauswagan,2013-08-27,8,10.33,27.74,26.08,31.19,32.91,5.01,91.7,Zone 3,Safe,10,3,1,0,0,0,0,1,High,100,HIGH
Cagayan de Oro,Kauswagan,2014-08-16,8,13.09,27.46,25.22,29.34,32.24,1.52,87.8,Zone 1,Evacuated,5,1,0,1,0,0,1,1,Medium,55,MEDIUM
Cagayan de Oro,Kauswagan,2006-06-07,6,12.46,28.76,26.4,30.95,33.11,1.27,83.5,Zone 1,Safe,9,2,0,0,1,0,1,1,Medium,79,HIGH
Cagayan de Oro,Kauswagan,2018-11-19,11,12.4,29.02,26.98,31.63,33.14,2.81,81.2,Zone 4,Safe,6,1,0,0,0,0,0,1,Medium,48,MEDIUM
Cagayan de Oro,Kauswagan,2013-01-12,1,5.45,27.29,25.18,30.32,31.38,2.17,80.9,Zone 3,Evacuated,4,1,0,0,0,0,0,1,,82,HIGH
Cagayan de Oro,Kauswagan,2018-07-18,7,12.6,27.97,25.16,29.72,32.34,0.78,83.7,Zone 5,Unaccounted,10,1,0,0,0,0,0,1,Medium,100,HIGH
Cagayan de Oro,Kauswagan,2021-01-27,1,4.01,28.0,25.97,31.03,31.91,0.79,79.1,Zone 3,Unaccounted,8,0,1,1,1,0,0,0,,100,HIGH
Cagayan de Oro,Kauswagan,2014-06-07,6,14.34,29.34,26.65,32.01,32.98,1.15,76.4,Zone 3,Unaccounted,1,1,0,1,1,1,0,1,Medium,100,HIGH
Cagayan de Oro,Kauswagan,2012-04-25,4,4.55,29.58,26.85,31.74,32.84,0.85,72.6,Zone 1,Evacuated,5,1,0,0,0,0,0,0,,23,LOW
Cagayan de Oro,Kauswagan,2014-03-12,3,6.42,30.95,28.51,33.7,34.68,2.16,77.3,Zone 2,Safe,2,0,0,0,0,0,0,1,,52,MEDIUM
Cagayan de Oro,Kauswagan,2018-12-21,12,12.21,27.07,24.95,29.55,30.96,2.86,78.9,Zone 5,Safe,6,0,0,0,1,0,0,1,Medium,100,HIGH
Cagayan de Oro,Kauswagan,2007-03-08,3,8.36,29.05,26.48,32.97,32.89,3.65,78.4,Zone 5,Safe,1,2,0,0,0,0,1,1,Medium,100,HIGH
Cagayan de Oro,Kauswagan,2022-06-16,6,9.57,28.9,26.8,31.62,33.65,1.54,87.5,Zone 3,Unaccounted,2,2,0,0,0,0,0,1,Medium,100,HIGH
Cagayan de Oro,Kauswagan,2019-03-26,3,3.77,27.66,24.61,29.82,31.18,3.12,75.2,Zone 4,Evacuated,4,0,0,0,0,0,0,0,Medium,15,LOW
Cagayan de Oro,Kauswagan,2012-12-24,12,5.97,25.93,23.54,28.18,30.26,2.87,83.3,Zone 6,Safe,5,0,0,0,0,1,0,1,,71,HIGH
Cagayan de Oro,Kauswagan,2006-11-23,11,9.71,27.01,25.0,30.96,31.6,3.57,85.9,Zone 6,Evacuated,8,2,0,1,1,0,0,1,Medium,90,HIGH
Cagayan de Oro,Kauswagan,2014-02-18,2,6.73,28.2,25.27,31.13,31.79,3.24,75.9,Zone 2,Unaccounted,9,1,0,0,0,0,0,1,Medium,93,HIGH
Cagayan de Oro,Kauswagan,2015-05-12,5,10.3,28.93,27.36,31.58,32.96,3.99,80.3,Zone 3,Safe,7,0,0,0,0,0,0,1,Medium,100,HIGH
Cagayan de Oro,Kauswagan,2003-06-20,6,6.61,28.8,25.98,30.4,33.52,0.5,87.2,Zone 3,Safe,1,3,0,0,0,0,0,1,,100,HIGH
Cagayan de Oro,Kauswagan,2021-11-09,11,7.35,26.85,25.28,29.71,31.22,1.61,83.7,Zone 6,Evacuated,3,3,0,0,0,0,0,1,Medium,70,HIGH
Cagayan de Oro,Kauswagan,2015-11-04,11,6.2,28.62,25.31,30.51,32.78,2.07,81.6,Zone 6,Evacuated,6,1,0,0,0,1,1,1,,71,HIGH
Cagayan de Oro,Kauswagan,2010-08-13,8,7.98,28.47,26.26,30.46,32.95,1.83,84.8,Zone 5,Safe,4,1,0,0,1,0,0,1,Medium,100,HIGH
Cagayan de Oro,Kauswagan,2022-12-17,12,10.23,27.27,24.95,29.99,31.56,3.45,82.9,Zone 5,Safe,3,0,0,0,0,0,0,1,Medium,100,HIGH
Cagayan de Oro,Kauswagan,2010-02-07,2,6.81,29.01,25.91,32.56,33.08,0.19,80.7,Zone 3,Evacuated,10,0,0,0,0,0,0,1,,83,HIGH
Cagayan de Oro,Kauswagan,2017-01-20,1,5.3,26.9,23.58,29.17,31.05,1.97,81.5,Zone 3,Safe,5,3,0,0,0,0,0,1,,100,HIGH
Cagayan de Oro,Kauswagan,2010-07-28,7,11.05,26.81,24.68,30.09,31.79,4.39,89.8,Zone 2,Evacuated,7,1,1,0,1,0,0,1,Medium,79,HIGH
Cagayan de Oro,Kauswagan,2009-09-01,9,9.52,27.59,24.68,31.23,31.84,5.32,82.5,Zone 3,Unaccounted,1,2,0,1,1,1,0,1,High,100,HIGH
Cagayan de Oro,Kauswagan,2014-07-27,7,8.6,28.17,25.55,30.05,32.14,2.72,79.7,Zone 1,Unaccounted,9,1,0,1,0,1,0,1,Medium,94,HIGH
Cagayan de Oro,Kauswagan,2018-04-24,4,6.81,30.25,27.13,34.11,33.71,1.05,74.6,Zone 1,Evacuated,2,0,0,0,0,0,1,1,,27,LOW
Cagayan de Oro,Kauswagan,2021-07-14,7,12.01,28.35,26.64,31.88,32.91,3.28,85.6,Zone 1,Evacuated,4,2,0,0,0,0,0,1,Medium,42,MEDIUM
Cagayan de Oro,Kauswagan,2008-05-21,5,4.61,30.2,28.06,32.1,33.57,3.65,73.7,Zone 3,Safe,2,0,0,1,0,0,1,0,Medium,100,HIGH
Cagayan de Oro,Kauswagan,2022-06-26,6,10.75,28.83,25.6,31.32,32.6,0.86,77.7,Zone 1,Evacuated,6,1,0,0,0,0,0,1,Medium,40,MEDIUM
Cagayan de Oro,Kauswagan,2015-11-09,11,5.63,27.56,24.23,30.81,32.03,2.06,84.7,Zone 5,Safe,6,1,1,0,1,0,1,1,,100,HIGH
Cagayan de Oro,Kauswagan,2013-09-22,9,11.27,27.06,25.39,29.52,31.59,3.82,85.3,Zone 6,Safe,9,3,0,1,0,0,0,1,Medium,100,HIGH
Cagayan de Oro,Kauswagan,2020-01-07,1,10.71,27.93,24.78,31.04,31.61,1.87,76.8,Zone 1,Safe,10,0,0,0,1,1,0,1,Medium,68,MEDIUM
Cagayan de Oro,Kauswagan,2011-02-18,2,2.4,27.92,24.7,31.77,31.01,2.48,70.9,Zone 6,Safe,3,0,1,1,1,0,0,0,,82,HIGH
Cagayan de Oro,Kauswagan,2011-04-11,4,8.02,28.98,25.53,32.73,32.75,4.12,77.7,Zone 2,Safe,8,0,0,0,0,0,0,1,Medium,69,MEDIUM
Cagayan de Oro,Kauswagan,2009-07-01,7,11.44,27.1,25.6,29.8,31.24,3.08,81.4,Zone 3,Evacuated,5,1,0,0,0,0,0,1,Medium,91,HIGH
Cagayan de Oro,Kauswagan,2003-12-19,12,4.66,27.83,24.35,30.98,31.79,0.0,79.6,Zone 5,Safe,2,3,0,0,0,0,0,0,,100,HIGH
Cagayan de Oro,Kauswagan,2007-08-13,8,8.8,28.19,25.21,30.62,33.3,2.28,91.1,Zone 1,Safe,8,2,0,0,0,0,0,1,Medium,64,MEDIUM
Cagayan de Oro,Kauswagan,2006-07-06,7,11.39,28.63,26.13,30.23,32.55,1.65,79.2,Zone 6,Safe,9,1,0,0,0,0,0,1,Medium,81,HIGH
Cagayan de Oro,Kauswagan,2019-05-04,5,8.07,29.05,26.77,31.99,32.3,3.68,72.5,Zone 3,Safe,3,0,0,0,0,0,0,1,Medium,97,HIGH
Cagayan de Oro,Kauswagan,2015-06-26,6,7.49,28.89,26.88,31.46,32.97,3.4,80.8,Zone 6,Safe,10,2,0,0,0,0,0,1,Medium,87,HIGH
Cagayan de Oro,Kauswagan,2010-06-23,6,8.22,28.0,25.28,29.55,32.36,2.8,83.6,Zone 3,Evacuated,5,2,0,0,0,0,1,1,Medium,100,HIGH
Cagayan de Oro,Kauswagan,2018-12-23,12,7.43,27.67,24.88,29.74,32.2,2.1,85.3,Zone 1,Safe,2,1,1,0,0,0,0,1,Medium,60,MEDIUM
Cagayan de Oro,Kauswagan,2005-02-18,2,7.7,26.77,23.8,29.2,29.27,2.01,65.0,Zone 4,Safe,4,0,0,0,0,0,1,1,Medium,45,MEDIUM
Cagayan de Oro,Kauswagan,2003-07-15,7,8.57,27.39,24.97,29.33,31.58,4.18,81.9,Zone 4,Unaccounted,4,1,0,0,0,0,0,1,Medium,62,MEDIUM
Cagayan de Oro,Kauswagan,2007-07-24,7,10.57,28.22,25.16,30.57,32.61,2.84,83.9,Zone 6,Safe,1,1,0,0,0,0,0,1,Medium,69,MEDIUM
Cagayan de Oro,Kauswagan,2003-10-24,10,7.48,27.12,24.52,29.9,31.05,3.33,79.3,Zone 2,Safe,5,1,0,0,0,0,0,1,Medium,70,HIGH
Cagayan de Oro,Kauswagan,2009-10-08,10,6.4,26.25,23.2,28.67,29.93,3.04,76.8,Zone 6,Safe,9,3,0,0,0,0,0,1,Medium,93,HIGH
Cagayan de Oro,Kauswagan,2005-10-21,10,7.21,27.39,25.88,29.8,32.42,2.95,90.3,Zone 2,Safe,6,3,0,0,0,0,0,1,Medium,84,HIGH
Cagayan de Oro,Kauswagan,2015-06-09,6,8.61,28.4,25.75,31.83,32.83,0.0,84.3,Zone 3,Evacuated,2,1,0,0,0,0,0,1,Medium,86,HIGH
Cagayan de Oro,Kauswagan,2004-02-10,2,6.04,28.61,25.3,32.02,31.42,2.4,68.1,Zone 6,Safe,9,0,0,0,0,0,0,1,,68,MEDIUM
Cagayan de Oro,Kauswagan,2019-06-12,6,10.22,28.48,25.08,31.44,32.82,2.52,83.4,Zone 4,Safe,10,1,0,0,0,0,0,1,Medium,51,MEDIUM
Cagayan de Oro,Kauswagan,2006-10-15,10,7.69,27.45,24.96,30.18,32.68,4.1,92.3,Zone 4,Unaccounted,1,1,0,0,0,0,0,1,Medium,57,MEDIUM
Cagayan de Oro,Kauswagan,2004-09-15,9,13.27,26.72,23.43,28.98,31.08,1.8,83.6,Zone 5,Safe,7,1,0,0,0,0,0,1,Medium,100,HIGH
Cagayan de Oro,Kauswagan,2020-07-09,7,13.73,27.83,24.71,31.23,32.31,3.02,84.8,Zone 3,Evacuated,10,1,0,0,0,0,0,1,Medium,96,HIGH
Cagayan de Oro,Kauswagan,2011-07-18,7,8.73,25.85,24.12,28.74,29.91,1.97,80.6,Zone 2,Evacuated,7,1,1,0,0,1,0,1,Medium,79,HIGH
Cagayan de Oro,Kauswagan,2011-01-13,1,3.54,26.29,24.34,28.6,30.13,2.04,78.4,Zone 5,Unaccounted,10,1,0,0,0,0,0,0,,100,HIGH
Cagayan de Oro,Kauswagan,2010-11-22,11,6.23,28.53,25.34,31.63,32.76,2.08,82.3,Zone 3,Safe,4,1,0,0,0,0,0,1,,97,HIGH
Cagayan de Oro,Kauswagan,2016-05-19,5,7.94,29.83,26.83,33.14,33.11,1.14,72.8,Zone 3,Safe,8,2,0,0,0,0,0,1,Medium,100,HIGH
Cagayan de Oro,Kauswagan,2003-06-04,6,6.45,27.35,25.25,29.55,30.49,2.06,71.4,Zone 5,Safe,1,1,0,0,0,1,0,1,,100,HIGH
Cagayan de Oro,Kauswagan,2009-12-26,12,8.06,26.71,23.52,29.56,30.71,3.82,80.0,Zone 5,Unaccounted,7,0,0,0,0,0,0,1,Medium,100,HIGH
Cagayan de Oro,Kauswagan,2018-05-06,5,4.08,29.23,27.63,32.22,32.86,2.08,76.3,Zone 3,Unaccounted,6,2,0,0,1,0,0,0,,100,HIGH
Cagayan de Oro,Kauswagan,2006-08-14,8,11.69,29.03,27.32,30.66,33.65,1.54,86.2,Zone 5,Unaccounted,10,1,0,0,0,0,0,1,Medium,100,HIGH
Cagayan de Oro,Kauswagan,2012-08-12,8,9.71,28.23,25.38,30.61,32.73,2.83,85.0,Zone 2,Safe,3,1,0,1,0,0,1,1,Medium,84,HIGH
Cagayan de Oro,Kauswagan,2021-07-22,7,9.48,26.82,24.9,29.59,31.1,4.79,82.8,Zone 2,Safe,1,2,0,0,0,0,1,1,Medium,76,HIGH
Cagayan de Oro,Kauswagan,2015-09-09,9,9.94,26.96,24.4,29.33,31.5,1.09,85.4,Zone 5,Safe,7,1,0,0,0,0,1,1,Medium,100,HIGH
Cagayan de Oro,Kauswagan,2016-03-28,3,10.17,28.39,26.75,31.19,32.66,1.54,82.7,Zone 5,Unaccounted,9,0,0,0,0,1,0,1,Medium,100,HIGH
Cagayan de Oro,Kauswagan,2017-08-15,8,13.87,28.32,25.63,30.99,32.71,2.68,83.9,Zone 1,Evacuated,4,1,0,1,0,1,0,1,Medium,54,MEDIUM
Cagayan de Oro,Kauswagan,2018-07-08,7,7.62,27.12,24.68,29.08,31.7,2.07,85.8,Zone 3,Evacuated,8,1,1,0,0,1,0,1,Medium,100,HIGH
Cagayan de Oro,Kauswagan,2006-04-12,4,5.05,29.7,27.94,32.69,32.7,1.04,70.0,Zone 5,Safe,1,0,1,1,1,0,0,1,,100,HIGH
Cagayan de Oro,Kauswagan,2009-03-08,3,6.89,27.64,24.77,31.08,31.19,2.16,75.5,Zone 3,Safe,3,0,0,1,0,0,0,1,,100,HIGH
Cagayan de Oro,Kauswagan,2015-05-09,5,8.54,29.34,27.79,31.84,32.48,2.27,71.4,Zone 5,Evacuated,1,2,0,0,1,1,1,1,Medium,100,HIGH
Cagayan de Oro,Kauswagan,2003-04-22,4,4.85,28.5,26.2,30.86,31.74,2.42,72.4,Zone 6,Safe,6,0,0,1,1,0,0,0,,75,HIGH
Cagayan de Oro,Kauswagan,2005-10-10,10,10.06,26.71,24.94,29.07,31.54,3.4,88.3,Zone 2,Safe,1,1,0,0,0,0,0,1,Medium,63,MEDIUM
Cagayan de Oro,Kauswagan,2019-05-09,5,6.73,28.92,25.65,31.81,32.74,3.28,78.2,Zone 3,Safe,8,1,0,0,0,0,0,1,Medium,100,HIGH
Cagayan de Oro,Kauswagan,2021-02-04,2,9.45,28.22,25.46,31.63,32.21,4.8,79.9,Zone 6,Safe,1,0,0,0,0,0,0,1,Medium,63,MEDIUM
Cagayan de Oro,Kauswagan,2019-05-05,5,7.49,29.87,26.77,32.18,33.93,3.77,80.6,Zone 6,Unaccounted,7,1,0,0,0,0,0,1,Medium,98,HIGH
Cagayan de Oro,Kauswagan,2013-03-12,3,2.22,27.77,24.67,30.47,31.74,3.1,79.7,Zone 6,Unaccounted,7,0,0,0,0,1,0,0,Medium,92,HIGH
Cagayan de Oro,Kauswagan,2003-09-13,9,8.51,28.03,25.17,29.64,32.68,2.6,86.5,Zone 6,Evacuated,3,1,0,0,0,0,0,1,Medium,58,MEDIUM
Cagayan de Oro,Kauswagan,2004-02-16,2,6.71,27.68,24.38,29.41,31.27,2.11,75.9,Zone 3,Unaccounted,6,0,0,1,1,0,1,1,,100,HIGH
Cagayan de Oro,Kauswagan,2019-08-19,8,8.61,28.23,25.18,30.13,32.24,0.1,80.1,Zone 5,Unaccounted,8,1,1,0,1,0,0,1,Medium,100,HIGH
Cagayan de Oro,Kauswagan,2012-03-26,3,5.45,26.66,24.03,30.15,29.67,1.66,70.1,Zone 3,Safe,2,0,0,0,0,1,0,1,,96,HIGH
Cagayan de Oro,Kauswagan,2006-05-10,5,8.81,29.78,27.43,31.87,33.91,1.75,81.3,Zone 1,Evacuated,9,0,0,0,0,0,0,1,Medium,37,LOW
Cagayan de Oro,Kauswagan,2013-01-01,1,6.68,28.17,26.51,29.77,32.84,2.03,86.7,Zone 6,Safe,5,0,0,0,0,0,0,1,,63,MEDIUM
Cagayan de Oro,Kauswagan,2008-01-05,1,7.32,28.57,25.61,31.71,32.33,2.02,77.6,Zone 5,Safe,8,0,0,0,0,0,0,1,Medium,100,HIGH
Cagayan de Oro,Kauswagan,2015-05-03,5,9.83,29.14,27.09,31.89,33.11,1.46,79.7,Zone 3,Safe,2,0,0,0,0,1,1,1,Medium,100,HIGH
Cagayan de Oro,Kauswagan,2017-03-28,3,4.87,28.85,26.71,32.2,32.37,1.39,75.2,Zone 4,Evacuated,6,0,0,0,0,0,1,0,,19,LOW
Cagayan de Oro,Kauswagan,2011-08-09,8,13.98,28.29,26.45,29.92,32.87,4.7,85.8,Zone 2,Unaccounted,7,1,0,0,1,0,0,1,Medium,100,HIGH
Cagayan de Oro,Kauswagan,2020-05-24,5,7.55,29.68,26.32,33.19,33.84,3.56,81.6,Zone 3,Safe,10,3,0,0,0,1,0,1,Medium,100,HIGH
Cagayan de Oro,Kauswagan,2020-03-08,3,7.21,27.94,26.01,30.78,31.37,0.62,74.3,Zone 6,Evacuated,7,0,0,0,0,0,0,1,Medium,59,MEDIUM
Cagayan de Oro,Kauswagan,2017-05-11,5,6.46,28.47,25.01,30.35,32.02,3.44,75.5,Zone 5,Safe,8,0,0,0,0,0,1,1,Medium,100,HIGH
Cagayan de Oro,Kauswagan,2006-06-17,6,7.35,28.04,25.3,30.69,32.69,3.66,86.5,Zone 3,Safe,1,2,0,0,0,1,0,1,Medium,100,HIGH
Cagayan de Oro,Kauswagan,2018-10-28,10,11.27,26.81,23.97,28.38,31.08,2.96,82.7,Zone 1,Safe,2,1,0,0,0,0,0,1,Medium,48,MEDIUM
Cagayan de Oro,Kauswagan,2020-09-05,9,13.08,26.0,23.05,28.38,30.97,2.28,89.7,Zone 3,Safe,3,3,0,0,0,0,0,1,Medium,100,HIGH
Cagayan de Oro,Kauswagan,2011-01-27,1,11.43,29.06,26.41,32.69,32.4,1.57,73.4,Zone 5,Evacuated,10,0,0,0,0,0,0,1,Medium,94,HIGH
Cagayan de Oro,Kauswagan,2020-02-11,2,5.56,28.21,24.78,31.29,30.85,2.95,66.4,Zone 5,Safe,6,2,0,0,0,0,0,1,,100,HIGH
Cagayan de Oro,Kauswagan,2022-04-26,4,5.12,28.46,25.67,30.17,32.39,4.51,79.3,Zone 5,Evacuated,1,2,0,0,0,0,0,1,Medium,94,HIGH
Cagayan de Oro,Kauswagan,2006-08-10,8,11.03,27.79,24.3,31.7,32.12,2.77,83.3,Zone 3,Unaccounted,5,1,0,0,0,0,0,1,Medium,100,HIGH
Cagayan de Oro,Kauswagan,2016-04-19,4,5.14,29.05,27.23,30.88,32.18,1.18,71.3,Zone 6,Evacuated,9,3,0,0,0,0,0,1,,71,HIGH
Cagayan de Oro,Kauswagan,2012-02-06,2,5.69,27.46,24.65,31.34,31.33,2.97,78.7,Zone 1,Unaccounted,8,1,0,0,0,0,0,1,,69,MEDIUM
Cagayan de Oro,Kauswagan,2017-11-14,11,16.46,28.19,25.73,31.89,32.45,2.33,82.6,Zone 6,Safe,4,2,0,0,0,0,0,1,High,88,HIGH
Cagayan de Oro,Kauswagan,2012-06-28,6,10.0,28.23,25.48,30.89,32.36,1.52,81.3,Zone 3,Safe,10,3,0,0,0,0,0,1,Medium,100,HIGH
Cagayan de Oro,Kauswagan,2013-08-04,8,7.79,27.07,23.76,30.45,31.75,1.21,86.8,Zone 6,Unaccounted,4,3,1,1,0,0,0,1,Medium,100,HIGH
Cagayan de Oro,Kauswagan,2004-10-19,10,8.4,27.11,24.08,29.18,30.98,1.36,78.7,Zone 5,Unaccounted,1,2,0,0,0,0,0,1,Medium,100,HIGH
Cagayan de Oro,Kauswagan,2016-08-19,8,14.13,27.01,23.59,30.08,32.11,1.63,91.0,Zone 5,Evacuated,10,1,0,0,0,1,0,1,Medium,100,HIGH
Cagayan de Oro,Kauswagan,2018-12-12,12,6.37,28.57,26.61,31.11,32.66,1.21,80.9,Zone 4,Safe,3,0,0,1,0,0,0,1,,40,MEDIUM
Cagayan de Oro,Kauswagan,2011-03-12,3,3.05,27.86,25.17,31.67,30.6,2.93,67.4,Zone 3,Safe,10,0,1,0,0,0,0,0,,100,HIGH
Cagayan de Oro,Kauswagan,2004-12-09,12,4.58,28.28,24.96,31.48,31.54,2.16,72.6,Zone 5,Safe,4,0,0,0,0,1,0,0,,95,HIGH
Cagayan de Oro,Kauswagan,2008-03-27,3,8.54,26.71,24.42,30.49,30.52,2.35,78.1,Zone 5,Safe,6,0,1,0,1,0,1,1,Medium,100,HIGH
Cagayan de Oro,Kauswagan,2011-02-17,2,4.09,26.97,25.22,30.0,30.32,1.59,73.5,Zone 5,Safe,6,1,0,1,1,1,0,0,,100,HIGH
Cagayan de Oro,Kauswagan,2021-03-06,3,5.42,26.98,24.4,29.09,30.34,2.3,73.6,Zone 1,Evacuated,6,1,0,0,0,1,0,1,,41,MEDIUM
Cagayan de Oro,Kauswagan,2005-08-26,8,8.37,28.39,24.92,30.51,32.83,1.74,84.4,Zone 3,Safe,3,1,0,1,1,0,0,1,Medium,100,HIGH
Cagayan de Oro,Kauswagan,2010-08-24,8,7.94,29.67,27.36,31.2,33.85,2.0,81.8,Zone 5,Evacuated,3,2,0,0,0,0,0,1,Medium,98,HIGH
Cagayan de Oro,Kauswagan,2004-01-23,1,11.44,27.95,25.59,31.56,31.17,4.02,72.2,Zone 5,Safe,5,0,0,0,0,0,0,1,Medium,100,HIGH
Cagayan de Oro,Kauswagan,2013-08-08,8,13.89,25.81,23.67,28.96,30.23,1.34,84.2,Zone 3,Safe,5,1,0,0,0,0,0,1,Medium,100,HIGH
Cagayan de Oro,Kauswagan,2018-07-20,7,8.63,28.03,25.33,31.34,32.6,1.96,85.7,Zone 3,Evacuated,7,1,0,0,0,0,0,1,Medium,95,HIGH
Cagayan de Oro,Kauswagan,2010-05-19,5,13.12,29.76,27.02,32.02,33.42,1.54,76.6,Zone 5,Safe,10,0,0,0,0,0,0,1,Medium,100,HIGH
Cagayan de Oro,Kauswagan,2009-06-28,6,12.85,28.12,25.14,31.3,32.06,2.89,79.4,Zone 1,Unaccounted,6,1,0,0,0,0,0,1,Medium,73,HIGH
Cagayan de Oro,Kauswagan,2013-12-08,12,8.95,27.1,24.69,29.22,31.43,3.03,83.3,Zone 5,Evacuated,9,0,0,0,0,0,0,1,Medium,94,HIGH
Cagayan de Oro,Kauswagan,2010-01-16,1,6.76,27.74,25.69,29.86,31.43,4.07,76.9,Zone 2,Unaccounted,4,0,1,0,1,1,0,1,Medium,100,HIGH
Cagayan de Oro,Kauswagan,2012-03-05,3,14.14,28.79,25.77,32.62,31.6,3.24,68.1,Zone 6,Safe,10,0,0,0,0,0,0,1,Medium,75,HIGH
Cagayan de Oro,Kauswagan,2004-08-06,8,12.27,25.95,23.97,28.32,30.82,2.26,88.7,Zone 3,Safe,2,1,0,0,0,0,0,1,Medium,100,HIGH
Cagayan de Oro,Kauswagan,2006-03-11,3,9.05,28.39,25.25,31.11,32.18,3.04,77.9,Zone 3,Safe,6,0,1,0,1,0,0,1,Medium,100,HIGH
Cagayan de Oro,Kauswagan,2004-11-23,11,6.86,28.58,26.53,30.46,33.07,1.71,84.9,Zone 5,Evacuated,5,3,0,0,0,0,0,1,,100,HIGH
Cagayan de Oro,Kauswagan,2021-02-03,2,4.01,28.1,25.36,30.53,31.78,4.25,76.8,Zone 5,Safe,2,0,0,0,0,0,0,0,Medium,91,HIGH
Cagayan de Oro,Kauswagan,2019-01-16,1,6.62,26.85,25.2,28.58,30.3,4.81,74.5,Zone 5,Safe,6,2,0,0,0,0,0,1,Medium,100,HIGH
Cagayan de Oro,Kauswagan,2012-12-08,12,5.94,27.31,24.59,29.44,31.72,1.38,84.1,Zone 3,Evacuated,2,1,1,0,1,0,0,1,,99,HIGH
Cagayan de Oro,Kauswagan,2013-12-16,12,8.23,26.15,23.93,30.02,30.67,4.77,85.2,Zone 5,Unaccounted,7,0,0,0,0,0,0,1,Medium,100,HIGH
Cagayan de Oro,Kauswagan,2007-09-21,9,10.29,27.4,23.94,29.92,31.77,1.04,83.7,Zone 5,Safe,7,1,0,0,0,0,0,1,Medium,100,HIGH
Cagayan de Oro,Kauswagan,2020-02-22,2,15.25,28.23,25.42,31.96,31.58,0.0,73.5,Zone 5,Evacuated,4,0,0,0,0,0,0,1,High,95,HIGH
Cagayan de Oro,Kauswagan,2016-01-15,1,3.39,26.82,23.44,29.1,30.47,2.81,76.5,Zone 6,Safe,1,0,0,0,0,1,0,0,,56,MEDIUM
Cagayan de Oro,Kauswagan,2014-09-26,9,14.81,27.72,24.88,30.27,32.16,1.37,84.4,Zone 2,Safe,2,1,0,0,0,1,0,1,Medium,73,HIGH
Cagayan de Oro,Kauswagan,2004-01-17,1,18.3,25.79,22.8,28.77,29.9,3.87,81.1,Zone 3,Safe,2,2,1,0,0,1,0,1,High,100,HIGH
Cagayan de Oro,Kauswagan,2009-01-24,1,6.43,27.24,24.54,29.95,31.03,3.5,77.9,Zone 6,Safe,9,0,0,1,0,0,0,1,Medium,85,HIGH
Cagayan de Oro,Kauswagan,2015-01-09,1,10.55,26.92,24.11,29.38,30.68,3.62,77.6,Zone 3,Safe,9,0,1,0,1,1,0,1,Medium,100,HIGH
Cagayan de Oro,Kauswagan,2014-09-27,9,8.93,26.55,23.18,30.38,29.63,4.24,70.8,Zone 2,Safe,6,2,0,0,0,1,0,1,Medium,86,HIGH
Cagayan de Oro,Kauswagan,2020-06-13,6,9.77,28.33,25.76,30.23,32.12,2.94,77.9,Zone 1,Safe,9,1,0,0,0,0,0,1,Medium,58,MEDIUM
Cagayan de Oro,Kauswagan,2018-03-23,3,5.05,27.28,25.47,28.78,31.07,1.0,77.9,Zone 4,Evacuated,9,0,0,0,1,0,0,1,,31,LOW
Cagayan de Oro,Kauswagan,2009-08-05,8,9.2,27.71,25.29,30.09,32.45,2.62,87.4,Zone 2,Safe,8,1,1,0,0,0,0,1,Medium,87,HIGH
Cagayan de Oro,Kauswagan,2004-09-08,9,23.84,28.95,25.91,31.96,33.27,2.52,83.2,Zone 6,Unaccounted,9,2,0,0,0,0,1,1,High,100,HIGH
Cagayan de Oro,Kauswagan,2011-06-04,6,10.03,28.07,25.88,30.28,32.27,5.42,82.0,Zone 3,Safe,7,1,0,0,0,0,0,1,High,100,HIGH
Cagayan de Oro,Kauswagan,2011-07-16,7,9.08,27.81,25.18,31.67,32.15,2.42,83.4,Zone 6,Safe,9,2,0,0,0,0,0,1,Medium,87,HIGH
Cagayan de Oro,Kauswagan,2020-02-28,2,7.93,28.26,26.08,30.99,31.36,2.2,71.0,Zone 5,Safe,7,0,0,0,0,0,0,1,Medium,100,HIGH
Cagayan de Oro,Kauswagan,2022-06-22,6,13.18,28.07,24.98,31.62,31.93,3.67,78.6,Zone 3,Safe,5,1,1,0,0,0,1,1,Medium,100,HIGH
Cagayan de Oro,Kauswagan,2017-11-21,11,8.37,28.03,26.11,31.86,31.7,3.25,76.7,Zone 6,Safe,1,1,0,0,1,0,0,1,Medium,77,HIGH
Cagayan de Oro,Kauswagan,2009-07-11,7,10.45,28.14,26.16,30.81,32.72,3.07,85.8,Zone 3,Safe,4,1,0,0,0,0,0,1,Medium,100,HIGH
Cagayan de Oro,Kauswagan,2020-07-16,7,17.09,27.98,25.52,30.96,32.71,4.86,87.3,Zone 5,Safe,7,1,0,0,0,0,0,1,High,100,HIGH
Cagayan de Oro,Kauswagan,2007-08-22,8,14.75,27.92,26.39,29.68,32.0,1.62,80.8,Zone 3,Safe,1,1,0,0,0,0,0,1,Medium,99,HIGH
Cagayan de Oro,Kauswagan,2013-05-11,5,8.47,28.41,26.86,30.05,32.52,1.95,81.1,Zone 1,Safe,10,3,1,0,0,0,0,1,Medium,82,HIGH
Cagayan de Oro,Kauswagan,2021-11-19,11,10.31,27.74,24.4,31.35,32.4,3.29,86.6,Zone 6,Safe,8,1,0,0,0,0,0,1,Medium,81,HIGH
Cagayan de Oro,Kauswagan,2018-09-17,9,11.87,27.08,25.31,29.52,31.39,4.36,83.1,Zone 5,Safe,1,1,0,1,1,0,0,1,Medium,100,HIGH
Cagayan de Oro,Kauswagan,2004-09-08,9,13.07,25.97,24.42,28.92,30.35,1.96,83.8,Zone 6,Safe,6,1,0,0,0,0,0,1,Medium,78,HIGH
Cagayan de Oro,Kauswagan,2018-04-01,4,5.67,29.69,26.81,32.97,32.75,3.15,70.6,Zone 3,Safe,10,0,0,0,1,0,0,1,Medium,100,HIGH
Cagayan de Oro,Kauswagan,2015-05-14,5,6.21,30.21,28.4,33.26,33.68,3.5,74.7,Zone 5,Evacuated,6,0,0,0,0,1,0,1,Medium,99,HIGH
Cagayan de Oro,Kauswagan,2013-03-05,3,4.02,29.32,27.51,32.76,32.69,1.85,73.7,Zone 3,Evacuated,1,0,0,0,0,0,0,0,,63,MEDIUM
Cagayan de Oro,Kauswagan,2010-01-05,1,8.56,26.74,23.45,28.96,30.91,4.06,81.7,Zone 5,Safe,8,0,1,1,0,0,0,1,Medium,100,HIGH
Cagayan de Oro,Kauswagan,2014-06-03,6,8.03,28.6,26.06,31.94,33.41,4.32,88.1,Zone 5,Unaccounted,2,3,1,1,0,0,0,1,Medium,100,HIGH
Cagayan de Oro,Kauswagan,2016-06-03,6,8.52,28.7,26.39,30.31,32.81,0.72,81.1,Zone 6,Safe,2,3,0,0,0,0,0,1,Medium,83,HIGH
Cagayan de Oro,Kauswagan,2019-03-16,3,10.71,27.56,24.95,30.99,30.42,1.08,68.6,Zone 3,Safe,10,0,0,1,0,0,0,1,Medium,100,HIGH
Cagayan de Oro,Kauswagan,2013-07-03,7,12.64,27.81,26.03,30.29,31.82,4.9,80.1,Zone 3,Safe,9,3,0,0,1,0,1,1,Medium,100,HIGH
Cagayan de Oro,Kauswagan,2003-05-05,5,10.61,29.3,27.51,32.8,33.08,4.61,77.8,Zone 5,Safe,9,0,0,0,0,1,0,1,Medium,100,HIGH
Cagayan de Oro,Kauswagan,2005-04-24,4,1.4,28.51,26.52,31.16,31.82,2.9,73.1,Zone 5,Safe,5,0,0,0,0,0,0,0,,89,HIGH
Cagayan de Oro,Kauswagan,2006-02-27,2,3.63,26.5,23.17,28.08,30.1,4.77,76.0,Zone 4,Safe,7,1,1,0,1,0,0,0,Medium,62,MEDIUM
Cagayan de Oro,Kauswagan,2010-10-25,10,9.55,27.63,24.79,30.15,32.16,4.26,85.3,Zone 5,Safe,1,1,1,0,0,1,1,1,Medium,100,HIGH
Cagayan de Oro,Kauswagan,2022-10-26,10,6.86,27.12,25.37,29.41,31.52,2.99,84.0,Zone 6,Unaccounted,10,1,0,0,0,0,0,1,,92,HIGH
Cagayan de Oro,Kauswagan,2020-08-14,8,9.56,26.38,23.78,29.82,31.11,3.47,87.3,Zone 5,Safe,1,1,0,0,0,0,0,1,Medium,100,HIGH
Cagayan de Oro,Kauswagan,2005-02-07,2,6.81,28.63,26.1,30.41,32.34,0.76,77.1,Zone 5,Unaccounted,9,1,0,0,0,0,0,1,,100,HIGH
Cagayan de Oro,Kauswagan,2010-06-03,6,11.27,28.45,26.64,31.54,32.84,2.09,83.9,Zone 2,Safe,10,2,0,0,0,0,0,1,Medium,81,HIGH
Cagayan de Oro,Kauswagan,2019-08-02,8,9.98,26.54,24.32,28.04,31.94,2.59,94.0,Zone 3,Evacuated,1,3,1,1,0,1,0,1,Medium,100,HIGH
Cagayan de Oro,Kauswagan,2019-11-27,11,9.83,28.04,25.62,30.07,32.93,1.78,88.9,Zone 2,Safe,2,1,0,0,1,1,0,1,Medium,81,HIGH
Cagayan de Oro,Kauswagan,2007-06-16,6,7.81,27.68,24.29,29.56,31.31,2.81,76.3,Zone 1,Safe,8,1,0,0,1,1,0,1,Medium,74,HIGH
Cagayan de Oro,Kauswagan,2009-01-08,1,8.68,26.29,23.07,30.13,29.82,2.38,75.3,Zone 3,Safe,10,1,0,0,0,0,1,1,Medium,100,HIGH
Cagayan de Oro,Kauswagan,2022-08-01,8,10.13,28.14,24.75,30.26,32.36,2.08,82.2,Zone 3,Safe,4,1,1,0,1,0,1,1,Medium,100,HIGH
Cagayan de Oro,Kauswagan,2015-03-27,3,17.66,28.18,24.75,29.86,32.02,3.04,78.4,Zone 2,Unaccounted,1,0,0,0,0,0,0,1,High,83,HIGH
Cagayan de Oro,Kauswagan,2010-08-12,8,11.91,27.55,24.17,30.81,31.76,3.61,82.1,Zone 5,Safe,6,1,1,1,1,0,0,1,Medium,100,HIGH
Cagayan de Oro,Kauswagan,2003-01-03,1,3.54,27.08,23.59,30.09,31.26,1.07,81.8,Zone 5,Evacuated,5,0,0,0,0,0,0,0,,74,HIGH
Cagayan de Oro,Kauswagan,2015-06-08,6,13.34,28.22,26.65,32.05,32.23,0.62,80.1,Zone 6,Safe,5,1,0,0,1,1,1,1,Medium,99,HIGH
Cagayan de Oro,Kauswagan,2015-05-18,5,5.86,28.88,25.83,31.97,33.12,2.3,82.4,Zone 6,Unaccounted,10,0,0,0,0,0,0,1,,86,HIGH
Cagayan de Oro,Kauswagan,2003-02-15,2,8.8,27.93,24.63,30.05,31.56,3.32,76.3,Zone 6,Unaccounted,1,3,1,0,0,1,1,1,Medium,100,HIGH
Cagayan de Oro,Kauswagan,2018-02-15,2,5.03,28.22,24.82,31.63,32.33,0.0,81.1,Zone 3,Safe,8,0,1,1,0,0,1,1,,100,HIGH
Cagayan de Oro,Kauswagan,2019-01-15,1,4.06,26.62,24.91,30.45,30.78,2.63,81.6,Zone 6,Safe,2,0,1,0,0,0,1,0,,69,MEDIUM
Cagayan de Oro,Kauswagan,2003-05-20,5,4.53,29.02,27.18,30.75,32.46,2.21,74.4,Zone 3,Safe,2,3,0,0,1,1,0,0,,100,HIGH
Cagayan de Oro,Kauswagan,2010-08-09,8,11.43,29.43,27.47,32.59,34.44,1.31,90.1,Zone 5,Safe,10,2,1,0,1,0,1,1,Medium,100,HIGH
Cagayan de Oro,Kauswagan,2006-04-19,4,3.83,28.4,25.94,31.6,31.66,1.15,72.6,Zone 2,Unaccounted,4,0,1,0,1,1,0,0,,93,HIGH
Cagayan de Oro,Kauswagan,2021-12-26,12,7.79,26.62,23.95,29.08,30.74,1.97,81.2,Zone 2,Safe,6,0,0,0,0,0,0,1,Medium,66,MEDIUM
Cagayan de Oro,Kauswagan,2022-02-24,2,4.19,28.16,25.7,31.74,31.97,1.66,78.1,Zone 5,Safe,8,0,0,0,1,0,0,0,,100,HIGH
Cagayan de Oro,Kauswagan,2007-07-23,7,10.07,27.64,25.59,30.38,31.81,0.77,81.7,Zone 3,Evacuated,4,2,0,0,1,1,0,1,Medium,100,HIGH
Cagayan de Oro,Kauswagan,2010-06-22,6,12.28,29.16,25.99,31.04,33.9,3.41,87.4,Zone 6,Safe,7,1,0,0,1,0,0,1,Medium,88,HIGH
Cagayan de Oro,Kauswagan,2010-12-03,12,11.45,27.31,25.26,29.31,31.42,2.18,81.1,Zone 3,Safe,8,2,0,0,0,0,0,1,Medium,100,HIGH
Cagayan de Oro,Kauswagan,2003-01-14,1,6.76,27.06,24.83,29.96,31.24,2.04,81.8,Zone 6,Safe,4,2,0,0,0,0,0,1,,73,HIGH
Cagayan de Oro,Kauswagan,2006-03-04,3,7.13,27.85,25.57,30.2,30.95,3.96,71.0,Zone 2,Safe,10,0,0,0,0,0,0,1,Medium,69,MEDIUM
Cagayan de Oro,Kauswagan,2011-06-25,6,7.32,27.93,25.64,30.43,32.44,0.89,85.1,Zone 6,Unaccounted,9,2,0,0,0,0,0,1,Medium,100,HIGH
Cagayan de Oro,Kauswagan,2013-02-10,2,6.67,28.77,26.55,30.28,32.83,1.95,80.6,Zone 6,Unaccounted,10,1,0,0,0,0,0,1,,92,HIGH
Cagayan de Oro,Kauswagan,2006-03-16,3,5.38,29.22,26.27,33.18,32.95,2.8,77.3,Zone 4,Safe,10,3,0,0,0,0,0,1,,56,MEDIUM
Cagayan de Oro,Kauswagan,2004-03-20,3,4.58,27.22,25.06,30.27,30.62,4.19,74.0,Zone 2,Safe,1,0,1,0,0,0,0,0,Medium,61,MEDIUM
Cagayan de Oro,Kauswagan,2004-11-25,11,4.33,26.08,24.41,28.4,30.22,5.04,81.4,Zone 2,Safe,2,3,0,0,0,0,0,1,High,85,HIGH
Cagayan de Oro,Kauswagan,2011-09-09,9,10.75,28.73,25.29,32.1,32.97,3.05,82.4,Zone 6,Evacuated,2,1,0,0,0,0,0,1,Medium,56,MEDIUM
Cagayan de Oro,Kauswagan,2004-04-01,4,5.25,29.3,26.45,32.19,32.94,3.36,76.4,Zone 3,Safe,4,0,0,0,0,0,0,1,Medium,98,HIGH
Cagayan de Oro,Kauswagan,2021-07-27,7,7.96,28.01,25.26,31.42,32.63,1.24,86.2,Zone 2,Evacuated,9,3,0,0,0,0,0,1,Medium,72,HIGH
Cagayan de Oro,Kauswagan,2009-04-22,4,13.83,29.56,27.91,31.72,33.13,1.95,75.7,Zone 2,Safe,2,0,0,1,0,1,0,1,Medium,77,HIGH
Cagayan de Oro,Kauswagan,2014-11-14,11,9.84,27.98,24.54,31.29,31.64,3.97,76.6,Zone 5,Safe,3,1,0,0,0,0,0,1,Medium,100,HIGH
Cagayan de Oro,Kauswagan,2007-09-18,9,10.41,27.06,23.8,28.61,31.23,5.04,81.7,Zone 2,Safe,2,1,1,1,1,0,0,1,High,100,HIGH
Cagayan de Oro,Kauswagan,2010-07-03,7,7.74,27.54,24.38,29.43,32.56,2.83,90.2,Zone 5,Safe,2,2,0,0,0,0,0,1,Medium,100,HIGH
Cagayan de Oro,Kauswagan,2019-04-14,4,7.87,27.97,26.09,31.75,31.91,3.69,79.4,Zone 5,Evacuated,2,0,0,0,0,0,0,1,Medium,84,HIGH
Cagayan de Oro,Kauswagan,2010-05-01,5,7.71,29.41,27.62,32.86,33.44,3.63,80.3,Zone 6,Evacuated,10,1,0,0,1,0,0,1,Medium,74,HIGH
Cagayan de Oro,Kauswagan,2020-03-26,3,7.2,29.68,27.88,33.4,33.39,4.09,77.1,Zone 1,Unaccounted,8,2,0,0,0,0,0,1,Medium,82,HIGH
Cagayan de Oro,Kauswagan,2017-10-08,10,11.96,28.09,25.42,31.1,32.63,1.48,85.4,Zone 3,Evacuated,6,3,0,0,0,0,0,1,Medium,100,HIGH
Cagayan de Oro,Kauswagan,2008-03-11,3,8.56,27.22,23.91,29.76,30.38,2.85,71.6,Zone 5,Safe,5,1,0,0,0,0,0,1,Medium,100,HIGH
Cagayan de Oro,Kauswagan,2016-04-26,4,10.07,29.69,26.66,33.01,33.05,2.73,73.6,Zone 1,Safe,2,2,1,0,1,0,0,1,Medium,74,HIGH
Cagayan de Oro,Kauswagan,2004-04-08,4,5.5,28.29,25.94,29.85,32.27,1.51,79.8,Zone 5,Evacuated,1,0,0,0,0,0,0,1,,75,HIGH
Cagayan de Oro,Kauswagan,2013-02-27,2,14.83,28.05,25.92,30.42,32.07,3.14,80.2,Zone 6,Evacuated,1,1,0,1,1,1,0,1,Medium,80,HIGH
Cagayan de Oro,Kauswagan,2004-08-20,8,6.65,26.66,24.82,29.05,30.67,2.21,80.1,Zone 4,Safe,3,1,0,0,0,1,0,1,,44,MEDIUM
Cagayan de Oro,Kauswagan,2008-04-15,4,8.17,28.77,27.04,30.72,32.13,3.21,73.6,Zone 6,Evacuated,7,0,0,0,0,0,0,1,Medium,59,MEDIUM
Cagayan de Oro,Kauswagan,2013-03-07,3,3.63,28.28,25.76,29.96,31.1,1.43,68.2,Zone 5,Evacuated,3,1,0,0,0,0,0,0,,77,HIGH
Cagayan de Oro,Kauswagan,2021-10-19,10,6.81,28.63,25.23,31.3,33.17,3.65,85.4,Zone 2,Safe,8,3,0,1,1,0,0,1,Medium,100,HIGH
Cagayan de Oro,Kauswagan,2021-08-28,8,8.38,28.45,26.32,30.82,33.8,3.11,93.5,Zone 3,Safe,3,1,0,0,0,0,0,1,Medium,100,HIGH
Cagayan de Oro,Kauswagan,2005-11-03,11,6.06,27.5,25.87,30.69,31.69,2.34,81.9,Zone 3,Unaccounted,8,1,0,0,0,1,0,1,,100,HIGH
Cagayan de Oro,Kauswagan,2015-03-12,3,4.75,28.49,25.07,31.15,31.52,3.07,70.3,Zone 3,Safe,2,0,1,1,1,0,0,0,Medium,100,HIGH
Cagayan de Oro,Kauswagan,2003-04-01,4,6.7,29.36,26.77,31.76,33.04,1.27,76.8,Zone 5,Unaccounted,1,1,0,1,0,0,0,1,,100,HIGH
Cagayan de Oro,Kauswagan,2011-10-06,10,10.37,28.12,24.63,31.02,32.46,1.76,83.4,Zone 5,Safe,4,3,1,1,0,0,0,1,Medium,100,HIGH
Cagayan de Oro,Kauswagan,2019-01-16,1,4.3,26.57,24.02,28.28,30.53,3.17,79.6,Zone 3,Evacuated,4,1,1,0,1,0,1,0,Medium,100,HIGH
Cagayan de Oro,Kauswagan,2018-03-01,3,5.14,27.42,25.65,29.08,31.61,2.64,81.9,Zone 2,Safe,1,0,0,0,0,0,0,1,,50,MEDIUM
Cagayan de Oro,Kauswagan,2005-08-09,8,8.43,28.2,25.83,31.49,31.97,2.78,77.7,Zone 5,Safe,7,2,0,0,0,0,0,1,Medium,100,HIGH
Cagayan de Oro,Kauswagan,2005-07-11,7,8.52,27.24,25.43,30.57,31.09,2.13,78.5,Zone 5,Safe,6,1,1,0,0,0,0,1,Medium,100,HIGH
Cagayan de Oro,Kauswagan,2004-06-03,6,10.38,27.99,25.46,31.04,31.97,0.94,79.8,Zone 5,Evacuated,5,2,0,0,0,0,0,1,Medium,100,HIGH
Cagayan de Oro,Kauswagan,2004-03-07,3,6.87,27.7,26.17,30.25,30.92,1.96,72.2,Zone 3,Unaccounted,3,0,0,0,0,0,0,1,,100,HIGH
Cagayan de Oro,Kauswagan,2019-03-24,3,4.52,28.65,26.69,31.91,31.81,2.68,71.6,Zone 6,Safe,5,1,0,1,1,0,0,0,,79,HIGH
Cagayan de Oro,Kauswagan,2009-08-11,8,18.26,26.85,24.2,30.8,31.41,3.96,85.6,Zone 3,Evacuated,3,3,0,0,0,0,1,1,High,100,HIGH
Cagayan de Oro,Kauswagan,2016-02-28,2,3.24,27.75,24.83,29.8,31.49,2.73,77.4,Zone 3,Safe,7,1,0,0,1,1,0,0,,100,HIGH
Cagayan de Oro,Kauswagan,2009-01-08,1,6.04,27.54,24.32,29.68,31.63,2.19,80.9,Zone 5,Safe,5,0,0,0,0,0,0,1,,97,HIGH
Cagayan de Oro,Kauswagan,2015-02-14,2,4.58,26.65,24.62,29.31,29.56,3.19,69.1,Zone 5,Safe,9,0,1,0,1,0,0,0,Medium,100,HIGH
Cagayan de Oro,Kauswagan,2006-02-11,2,4.16,26.58,24.1,28.83,30.45,1.47,78.7,Zone 3,Safe,7,2,0,0,0,0,0,0,,100,HIGH
Cagayan de Oro,Kauswagan,2007-01-19,1,5.73,28.48,26.39,30.28,32.3,4.64,78.2,Zone 5,Safe,1,1,1,0,0,1,1,1,Medium,100,HIGH
Cagayan de Oro,Kauswagan,2009-12-24,12,11.06,28.47,26.73,32.06,33.04,0.24,85.7,Zone 2,Evacuated,6,0,0,0,0,0,0,1,Medium,51,MEDIUM
Cagayan de Oro,Kauswagan,2020-03-05,3,6.0,27.85,24.48,30.16,32.05,2.62,82.0,Zone 1,Unaccounted,4,3,0,0,1,0,0,1,,82,HIGH
Cagayan de Oro,Kauswagan,2011-04-12,4,4.49,29.01,26.03,32.9,32.28,1.94,72.7,Zone 5,Unaccounted,5,0,0,0,0,0,0,0,,100,HIGH
Cagayan de Oro,Kauswagan,2009-06-24,6,10.62,28.12,25.43,29.74,32.66,1.51,85.4,Zone 2,Safe,2,3,0,0,1,0,1,1,Medium,92,HIGH
Cagayan de Oro,Kauswagan,2016-09-22,9,10.33,27.79,24.62,30.45,32.56,3.57,87.7,Zone 3,Evacuated,9,1,0,0,0,0,0,1,Medium,96,HIGH
Cagayan de Oro,Kauswagan,2017-04-03,4,3.64,28.52,26.47,31.49,31.85,1.54,73.3,Zone 5,Unaccounted,1,0,1,0,1,0,1,0,,100,HIGH
Cagayan de Oro,Kauswagan,2006-10-16,10,12.06,28.03,24.86,30.61,31.99,1.92,79.6,Zone 2,Evacuated,5,3,0,0,0,0,0,1,Medium,67,MEDIUM
Cagayan de Oro,Kauswagan,2014-10-08,10,6.43,27.29,23.88,29.61,32.11,0.73,88.2,Zone 6,Evacuated,5,2,0,0,0,0,0,1,,60,MEDIUM
Cagayan de Oro,Kauswagan,2013-03-02,3,8.41,27.78,24.81,30.16,30.75,2.75,69.7,Zone 6,Safe,6,0,1,0,0,0,0,1,Medium,84,HIGH
Cagayan de Oro,Kauswagan,2009-02-22,2,5.03,27.87,24.8,31.84,31.62,0.0,77.5,Zone 6,Evacuated,4,0,0,0,0,0,0,1,,46,MEDIUM
Cagayan de Oro,Kauswagan,2016-06-15,6,11.46,28.81,25.37,31.42,33.15,2.42,83.4,Zone 5,Safe,2,1,0,0,0,0,0,1,Medium,100,HIGH
Cagayan de Oro,Kauswagan,2014-09-19,9,13.93,25.43,21.99,28.36,30.62,1.77,91.9,Zone 6,Unaccounted,1,2,0,0,0,0,0,1,Medium,93,HIGH
Cagayan de Oro,Kauswagan,2008-06-22,6,6.81,28.3,26.44,31.74,32.9,1.76,86.0,Zone 5,Safe,9,1,0,0,0,0,0,1,,100,HIGH
Cagayan de Oro,Kauswagan,2009-01-17,1,9.06,27.68,25.64,30.26,32.0,3.22,83.2,Zone 3,Evacuated,3,1,0,0,0,0,1,1,Medium,95,HIGH
Cagayan de Oro,Kauswagan,2010-10-20,10,11.73,27.89,26.38,31.86,32.74,1.11,88.5,Zone 3,Safe,7,3,0,1,0,0,0,1,Medium,100,HIGH
Cagayan de Oro,Kauswagan,2021-12-27,12,11.57,26.59,23.88,29.69,30.22,2.15,76.3,Zone 2,Safe,10,0,0,0,0,0,0,1,Medium,69,MEDIUM
Cagayan de Oro,Kauswagan,2015-06-23,6,8.09,28.78,25.41,32.56,33.65,2.14,88.7,Zone 2,Unaccounted,4,1,0,0,0,0,1,1,Medium,93,HIGH
Cagayan de Oro,Kauswagan,2014-09-22,9,8.22,26.28,23.01,28.14,30.52,1.05,82.4,Zone 5,Safe,9,3,0,0,0,0,1,1,Medium,100,HIGH
Cagayan de Oro,Kauswagan,2020-11-04,11,9.55,27.06,24.01,29.21,31.66,2.45,86.0,Zone 3,Safe,10,1,1,0,0,0,0,1,Medium,100,HIGH
Cagayan de Oro,Kauswagan,2003-12-19,12,8.21,27.88,25.09,30.56,31.97,3.61,80.9,Zone 5,Safe,5,1,0,1,1,0,1,1,Medium,100,HIGH
Cagayan de Oro,Kauswagan,2011-08-22,8,8.52,26.37,23.13,28.64,30.87,0.08,85.0,Zone 3,Safe,1,1,0,1,0,0,0,1,Medium,100,HIGH
Cagayan de Oro,Kauswagan,2007-12-14,12,8.08,27.3,25.03,30.73,31.02,4.72,77.2,Zone 3,Safe,4,0,0,0,0,0,0,1,Medium,98,HIGH
Cagayan de Oro,Kauswagan,2006-06-19,6,6.41,27.94,25.06,29.52,32.1,3.34,81.6,Zone 1,Unaccounted,5,1,0,0,0,0,1,1,Medium,78,HIGH
Cagayan de Oro,Kauswagan,2019-04-20,4,3.41,28.19,26.03,31.26,31.49,0.86,73.0,Zone 3,Evacuated,10,1,0,0,0,0,0,0,,81,HIGH
Cagayan de Oro,Kauswagan,2021-10-23,10,11.53,25.94,22.51,28.35,30.14,4.52,82.0,Zone 5,Unaccounted,8,1,0,0,0,0,0,1,Medium,100,HIGH
Cagayan de Oro,Kauswagan,2013-11-16,11,9.87,25.5,23.17,29.47,29.83,2.74,83.3,Zone 6,Safe,7,1,0,0,0,0,0,1,Medium,80,HIGH
Cagayan de Oro,Kauswagan,2004-04-10,4,4.29,28.77,26.29,32.66,31.76,2.38,69.9,Zone 6,Safe,8,1,0,0,0,0,0,0,,66,MEDIUM
Cagayan de Oro,Kauswagan,2017-11-27,11,7.27,26.81,24.38,29.28,31.34,1.61,85.3,Zone 2,Unaccounted,4,1,0,0,0,0,0,1,Medium,86,HIGH
Cagayan de Oro,Kauswagan,2018-11-01,11,7.56,26.5,23.98,28.54,30.81,3.8,83.1,Zone 1,Safe,3,1,0,0,0,0,1,1,Medium,57,MEDIUM
Cagayan de Oro,Kauswagan,2003-06-10,6,8.92,28.74,26.77,30.71,33.16,4.3,84.2,Zone 4,Safe,10,1,1,0,1,0,1,1,Medium,78,HIGH
Cagayan de Oro,Kauswagan,2005-03-08,3,4.55,28.05,25.02,31.96,31.69,2.22,76.4,Zone 5,Unaccounted,7,0,0,0,0,0,0,0,,100,HIGH
Cagayan de Oro,Kauswagan,2013-04-11,4,3.84,28.76,25.64,30.97,32.48,2.22,77.2,Zone 3,Safe,5,0,0,0,0,0,0,0,,85,HIGH
Cagayan de Oro,Kauswagan,2010-03-05,3,8.28,27.92,25.88,30.64,31.22,2.18,73.0,Zone 3,Safe,10,0,0,0,0,0,0,1,Medium,100,HIGH
Cagayan de Oro,Kauswagan,2014-04-23,4,4.0,28.89,26.76,31.25,32.28,2.46,73.9,Zone 2,Safe,1,2,0,0,0,0,0,0,,54,MEDIUM
Cagayan de Oro,Kauswagan,2006-01-14,1,5.65,27.33,24.89,29.01,30.91,2.85,75.8,Zone 2,Safe,5,0,0,1,1,0,1,1,,82,HIGH
Cagayan de Oro,Kauswagan,2008-07-04,7,7.93,28.19,26.47,31.1,32.87,4.88,86.8,Zone 3,Unaccounted,10,1,0,0,0,1,0,1,Medium,100,HIGH
Cagayan de Oro,Kauswagan,2003-11-24,11,8.33,27.38,24.19,29.69,31.37,2.97,79.9,Zone 2,Safe,7,1,0,0,0,0,0,1,Medium,74,HIGH
Cagayan de Oro,Kauswagan,2010-03-18,3,9.8,29.26,26.45,32.34,32.04,0.79,67.8,Zone 5,Safe,5,0,0,0,1,0,0,1,Medium,100,HIGH
Cagayan de Oro,Kauswagan,2003-04-22,4,7.34,28.81,25.44,31.24,32.07,3.14,72.6,Zone 5,Safe,6,0,0,0,0,0,0,1,Medium,100,HIGH
Cagayan de Oro,Kauswagan,2013-07-07,7,8.87,27.81,25.45,30.56,32.57,2.7,87.6,Zone 5,Safe,9,2,0,1,0,0,0,1,Medium,100,HIGH
Cagayan de Oro,Kauswagan,2007-04-21,4,7.0,27.98,25.5,31.62,30.98,1.2,70.0,Zone 5,Safe,10,0,0,0,0,1,0,1,Medium,100,HIGH
Cagayan de Oro,Kauswagan,2019-01-01,1,3.68,28.69,26.83,32.04,32.28,2.17,75.9,Zone 6,Safe,10,0,0,1,0,0,0,0,,70,HIGH
Cagayan de Oro,Kauswagan,2003-07-19,7,5.72,28.11,26.24,31.32,32.41,2.57,83.0,Zone 6,Safe,10,1,1,0,0,1,1,1,,100,HIGH
Cagayan de Oro,Kauswagan,2022-08-25,8,7.32,27.98,26.41,31.09,32.15,2.59,81.7,Zone 5,Unaccounted,1,3,0,0,0,0,0,1,Medium,100,HIGH
Cagayan de Oro,Kauswagan,2006-06-22,6,10.24,28.57,26.72,30.21,32.77,2.88,82.0,Zone 3,Safe,4,1,0,0,0,1,0,1,Medium,100,HIGH
Cagayan de Oro,Kauswagan,2018-07-20,7,12.51,27.05,23.76,30.83,31.63,3.15,85.8,Zone 3,Safe,2,1,0,0,0,0,0,1,Medium,100,HIGH
Cagayan de Oro,Kauswagan,2010-04-25,4,4.08,26.7,24.02,29.79,29.93,1.0,72.3,Zone 4,Unaccounted,10,0,1,1,0,0,1,0,,77,HIGH
Cagayan de Oro,Kauswagan,2013-01-28,1,6.55,28.27,26.32,30.97,32.35,1.1,80.8,Zone 5,Safe,7,0,0,0,0,0,0,1,,100,HIGH
Cagayan de Oro,Kauswagan,2007-09-05,9,7.99,27.72,25.2,30.85,32.49,2.19,87.7,Zone 6,Safe,5,1,0,0,1,0,1,1,Medium,91,HIGH
Cagayan de Oro,Kauswagan,2013-10-18,10,10.45,27.86,25.38,30.71,32.25,3.2,83.9,Zone 5,Unaccounted,3,3,1,0,0,1,1,1,Medium,100,HIGH
Cagayan de Oro,Kauswagan,2019-03-06,3,4.98,27.51,24.35,30.88,31.25,3.19,77.4,Zone 6,Safe,2,3,0,0,0,0,0,0,Medium,75,HIGH
Cagayan de Oro,Kauswagan,2004-10-18,10,6.28,27.55,24.25,29.7,31.96,2.47,84.1,Zone 4,Evacuated,6,1,0,0,0,0,0,1,,26,LOW
Cagayan de Oro,Kauswagan,2018-12-09,12,9.33,26.76,24.44,30.37,30.53,2.97,77.7,Zone 3,Safe,1,1,0,0,1,1,0,1,Medium,100,HIGH
Cagayan de Oro,Kauswagan,2011-03-23,3,3.9,28.15,24.82,32.15,31.7,2.66,75.5,Zone 5,Safe,8,0,0,0,1,0,0,0,,100,HIGH
Cagayan de Oro,Kauswagan,2020-08-16,8,10.92,27.31,24.0,29.46,32.3,1.24,89.9,Zone 5,Safe,10,1,0,0,0,0,0,1,Medium,100,HIGH
Cagayan de Oro,Kauswagan,2004-08-15,8,9.02,28.08,24.59,29.8,32.34,1.8,82.6,Zone 1,Unaccounted,9,1,0,0,0,0,0,1,Medium,76,HIGH
Cagayan de Oro,Kauswagan,2012-03-18,3,8.27,27.88,26.07,30.69,31.26,0.55,73.8,Zone 5,Evacuated,3,0,1,0,1,1,0,1,Medium,100,HIGH
Cagayan de Oro,Kauswagan,2015-11-25,11,10.51,27.96,25.95,30.55,32.1,3.43,81.4,Zone 1,Safe,4,3,0,0,0,0,0,1,Medium,63,MEDIUM
Cagayan de Oro,Kauswagan,2004-09-14,9,11.3,28.66,26.49,31.98,33.09,2.95,84.3,Zone 3,Safe,9,1,0,0,0,0,0,1,Medium,100,HIGH
Cagayan de Oro,Kauswagan,2015-12-27,12,8.26,26.66,24.4,30.66,31.27,3.34,86.1,Zone 5,Unaccounted,10,2,0,1,0,0,0,1,Medium,100,HIGH
Cagayan de Oro,Kauswagan,2019-08-19,8,15.48,27.57,25.69,29.38,32.35,1.38,87.8,Zone 4,Safe,5,1,0,1,0,0,0,1,High,64,MEDIUM
Cagayan de Oro,Kauswagan,2011-06-22,6,13.39,28.4,26.73,30.9,32.66,2.82,82.6,Zone 5,Safe,10,2,0,0,1,1,1,1,Medium,100,HIGH
Cagayan de Oro,Kauswagan,2017-01-17,1,4.98,28.65,27.14,31.91,32.27,2.35,76.2,Zone 3,Safe,9,1,0,0,0,1,0,0,,100,HIGH
Cagayan de Oro,Kauswagan,2008-02-12,2,5.32,27.11,25.53,29.78,31.87,2.81,87.6,Zone 3,Safe,1,0,0,0,0,0,0,1,,86,HIGH
Cagayan de Oro,Kauswagan,2010-05-08,5,7.09,29.95,27.6,32.82,34.56,1.68,86.1,Zone 3,Safe,8,0,0,0,0,0,0,1,Medium,100,HIGH
Cagayan de Oro,Kauswagan,2012-03-21,3,3.91,27.49,25.17,30.66,31.35,2.91,78.6,Zone 5,Safe,2,0,1,0,0,1,1,0,,100,HIGH
Cagayan de Oro,Kauswagan,2004-11-16,11,9.74,26.24,23.11,28.98,31.01,2.3,87.7,Zone 3,Evacuated,1,2,0,0,0,0,0,1,Medium,90,HIGH
Cagayan de Oro,Kauswagan,2014-01-05,1,5.14,26.78,23.95,29.69,30.64,5.08,78.6,Zone 3,Safe,4,1,1,0,0,0,0,1,High,100,HIGH
Cagayan de Oro,Kauswagan,2008-02-01,2,5.02,28.33,25.59,32.04,31.93,3.28,76.0,Zone 5,Safe,10,1,0,0,0,0,0,1,Medium,100,HIGH
Cagayan de Oro,Kauswagan,2013-11-15,11,18.29,26.83,24.05,30.5,30.71,1.41,78.8,Zone 5,Safe,10,3,1,0,1,0,1,1,High,100,HIGH
Cagayan de Oro,Kauswagan,2015-06-05,6,19.14,28.44,25.61,31.64,32.56,2.89,81.2,Zone 3,Evacuated,5,2,0,0,0,0,0,1,High,100,HIGH
Cagayan de Oro,Kauswagan,2015-05-03,5,6.67,29.23,27.16,31.6,33.64,1.21,84.1,Zone 2,Evacuated,8,0,1,0,1,1,0,1,,75,HIGH
Cagayan de Oro,Kauswagan,2022-04-15,4,5.25,27.15,24.12,30.82,30.04,4.03,68.9,Zone 1,Evacuated,7,1,0,0,0,1,1,1,Medium,57,MEDIUM
Cagayan de Oro,Kauswagan,2006-07-18,7,9.27,27.75,24.76,31.5,32.37,0.01,86.2,Zone 3,Evacuated,1,3,0,0,0,0,0,1,Medium,96,HIGH
Cagayan de Oro,Kauswagan,2005-08-25,8,9.1,27.59,24.47,30.23,32.67,3.49,90.8,Zone 3,Safe,1,2,0,0,0,0,1,1,Medium,100,HIGH
Cagayan de Oro,Kauswagan,2019-12-13,12,6.55,28.45,25.93,30.64,32.51,1.32,80.6,Zone 6,Safe,1,0,0,0,0,0,0,1,,56,MEDIUM
Cagayan de Oro,Kauswagan,2015-06-17,6,5.39,26.82,24.98,30.16,31.21,3.04,83.9,Zone 5,Evacuated,8,1,0,0,0,0,0,1,Medium,100,HIGH
Cagayan de Oro,Kauswagan,2021-10-20,10,8.26,27.03,24.41,29.05,31.9,3.75,88.7,Zone 6,Safe,4,1,1,0,0,1,1,1,Medium,100,HIGH
Cagayan de Oro,Kauswagan,2004-02-03,2,6.26,29.24,25.92,32.04,32.89,1.08,76.5,Zone 4,Unaccounted,2,3,0,0,0,0,0,1,,64,MEDIUM
Cagayan de Oro,Kauswagan,2019-11-14,11,15.64,27.58,24.86,30.75,31.24,2.81,76.6,Zone 2,Evacuated,10,1,0,0,0,0,0,1,High,68,MEDIUM
Cagayan de Oro,Kauswagan,2021-04-12,4,2.86,28.77,26.45,31.52,32.17,2.46,74.0,Zone 5,Safe,8,1,0,0,0,0,0,0,,100,HIGH
Cagayan de Oro,Kauswagan,2020-05-23,5,8.71,28.37,26.85,31.77,32.2,2.12,78.3,Zone 2,Unaccounted,3,1,0,0,0,0,0,1,Medium,85,HIGH
Cagayan de Oro,Kauswagan,2022-03-12,3,5.76,30.17,26.73,32.91,33.47,3.25,73.0,Zone 3,Unaccounted,1,0,0,0,0,0,0,1,Medium,100,HIGH
Cagayan de Oro,Kauswagan,2008-09-27,9,10.09,27.96,24.81,30.75,32.49,2.87,85.3,Zone 6,Unaccounted,8,3,1,0,0,0,0,1,Medium,100,HIGH
Cagayan de Oro,Kauswagan,2007-12-20,12,7.28,29.04,25.6,32.67,33.42,3.71,83.8,Zone 6,Unaccounted,8,3,0,0,0,0,0,1,Medium,100,HIGH
Cagayan de Oro,Kauswagan,2011-12-18,12,5.65,26.84,24.45,29.31,31.37,2.42,85.3,Zone 1,Safe,10,0,0,0,0,0,0,1,,45,MEDIUM
Cagayan de Oro,Kauswagan,2020-02-16,2,14.11,26.95,23.61,30.16,30.37,2.45,74.2,Zone 5,Unaccounted,3,0,0,0,0,0,0,1,Medium,100,HIGH
Cagayan de Oro,Kauswagan,2018-08-06,8,9.1,26.48,24.31,28.1,31.59,2.45,91.1,Zone 5,Safe,3,2,0,0,0,1,1,1,Medium,100,HIGH
Cagayan de Oro,Kauswagan,2019-07-20,7,14.29,27.53,24.99,30.58,32.06,2.32,85.3,Zone 3,Safe,9,1,0,1,1,0,1,1,Medium,100,HIGH
Cagayan de Oro,Kauswagan,2011-06-17,6,14.36,27.33,24.06,30.73,31.53,2.77,82.0,Zone 4,Unaccounted,4,1,0,0,0,0,0,1,Medium,62,MEDIUM
Cagayan de Oro,Kauswagan,2021-10-05,10,9.93,26.69,23.21,30.65,31.2,1.61,85.1,Zone 2,Safe,1,2,0,1,1,1,0,1,Medium,95,HIGH
Cagayan de Oro,Kauswagan,2005-08-11,8,8.06,28.19,24.71,31.14,31.89,4.05,77.0,Zone 1,Safe,4,1,0,0,0,0,0,1,Medium,51,MEDIUM
Cagayan de Oro,Kauswagan,2011-03-27,3,5.74,27.93,24.75,30.75,31.01,0.67,70.8,Zone 5,Evacuated,8,1,0,0,0,0,0,1,,93,HIGH
Cagayan de Oro,Kauswagan,2016-11-12,11,10.36,28.66,26.92,32.38,32.97,4.09,83.1,Zone 3,Unaccounted,7,1,0,0,0,0,0,1,Medium,100,HIGH
Cagayan de Oro,Kauswagan,2010-12-05,12,5.77,26.98,23.74,28.64,31.54,2.85,85.6,Zone 2,Unaccounted,8,0,0,0,0,0,0,1,,80,HIGH
Cagayan de Oro,Kauswagan,2019-10-09,10,13.3,27.51,25.95,29.8,31.74,1.54,82.3,Zone 1,Safe,7,1,0,0,0,1,0,1,Medium,65,MEDIUM
Cagayan de Oro,Kauswagan,2010-11-10,11,6.84,26.98,24.98,29.01,31.61,3.01,86.3,Zone 3,Safe,3,3,1,0,1,1,0,1,Medium,100,HIGH
Cagayan de Oro,Kauswagan,2008-07-21,7,12.37,27.34,25.27,29.98,32.15,0.58,88.1,Zone 3,Unaccounted,7,1,0,0,0,0,0,1,Medium,100,HIGH
Cagayan de Oro,Kauswagan,2005-02-05,2,7.93,26.68,24.76,29.93,30.14,0.03,74.6,Zone 5,Safe,3,0,0,0,0,0,0,1,Medium,100,HIGH
Cagayan de Oro,Kauswagan,2016-01-13,1,8.31,26.81,25.15,30.05,30.24,3.43,74.3,Zone 6,Safe,10,2,0,0,0,0,0,1,Medium,87,HIGH
Cagayan de Oro,Kauswagan,2010-07-13,7,9.28,27.67,25.46,29.99,31.57,2.65,79.0,Zone 3,Unaccounted,2,1,0,0,0,0,0,1,Medium,100,HIGH
Cagayan de Oro,Kauswagan,2020-11-28,11,7.22,28.09,25.23,30.03,32.18,3.68,80.9,Zone 3,Safe,3,3,0,0,0,0,1,1,Medium,100,HIGH
Cagayan de Oro,Kauswagan,2021-07-14,7,10.16,28.57,26.99,32.38,32.35,1.42,77.8,Zone 5,Unaccounted,10,1,0,0,0,0,1,1,Medium,100,HIGH
Cagayan de Oro,Kauswagan,2012-09-25,9,9.59,28.69,26.84,31.44,33.01,1.51,83.2,Zone 2,Safe,9,3,0,0,0,0,0,1,Medium,87,HIGH
Cagayan de Oro,Kauswagan,2007-01-11,1,7.11,29.9,28.31,31.6,33.41,3.21,75.1,Zone 6,Safe,3,2,0,0,0,1,0,1,Medium,87,HIGH
Cagayan de Oro,Kauswagan,2008-02-26,2,6.12,26.59,24.67,28.49,30.1,3.94,75.1,Zone 5,Safe,7,3,0,0,1,0,0,1,Medium,100,HIGH
Cagayan de Oro,Kauswagan,2017-03-26,3,10.47,28.59,25.23,31.96,32.55,3.4,79.6,Zone 6,Safe,3,0,0,0,1,0,0,1,Medium,75,HIGH
Cagayan de Oro,Kauswagan,2007-03-16,3,5.12,27.5,24.94,30.85,30.98,2.36,74.8,Zone 5,Unaccounted,4,0,0,0,0,1,0,1,,100,HIGH
Cagayan de Oro,Kauswagan,2010-08-18,8,9.56,28.04,24.88,30.63,32.89,2.29,88.5,Zone 1,Safe,1,1,0,1,0,0,0,1,Medium,56,MEDIUM
Cagayan de Oro,Kauswagan,2014-04-09,4,7.79,29.56,26.43,32.95,32.44,1.19,68.8,Zone 5,Unaccounted,6,0,0,0,0,0,0,1,Medium,100,HIGH
Cagayan de Oro,Kauswagan,2009-07-06,7,13.48,26.43,23.02,28.25,30.79,1.14,83.6,Zone 6,Unaccounted,8,1,1,0,0,0,0,1,Medium,100,HIGH
Cagayan de Oro,Kauswagan,2013-01-09,1,5.57,28.27,26.34,31.1,32.27,1.83,80.0,Zone 3,Evacuated,8,0,0,1,1,1,0,1,,100,HIGH
Cagayan de Oro,Kauswagan,2007-11-22,11,6.09,27.47,25.63,29.83,31.47,0.84,80.0,Zone 6,Unaccounted,8,3,0,0,0,0,0,1,,100,HIGH
Cagayan de Oro,Kauswagan,2011-12-06,12,11.62,26.95,25.37,30.27,30.29,3.48,73.4,Zone 5,Safe,6,0,0,1,1,0,1,1,Medium,100,HIGH
Cagayan de Oro,Kauswagan,2004-08-15,8,12.42,28.79,26.7,30.55,32.9,4.36,81.1,Zone 6,Safe,9,1,0,0,1,1,1,1,Medium,100,HIGH
Cagayan de Oro,Kauswagan,2017-05-13,5,4.7,29.84,27.87,32.32,33.54,1.33,77.0,Zone 3,Evacuated,6,0,0,0,0,0,0,0,,72,HIGH
Cagayan de Oro,Kauswagan,2011-05-17,5,11.43,28.59,25.6,31.17,31.79,1.7,72.0,Zone 3,Evacuated,4,0,0,0,0,0,0,1,Medium,83,HIGH
Cagayan de Oro,Kauswagan,2008-02-23,2,7.51,28.97,26.9,31.98,32.6,2.03,76.3,Zone 2,Safe,8,2,0,0,0,0,0,1,Medium,81,HIGH
Cagayan de Oro,Kauswagan,2016-01-22,1,9.09,27.74,24.46,29.84,31.05,1.53,73.1,Zone 2,Evacuated,6,0,0,0,1,0,0,1,Medium,59,MEDIUM
Cagayan de Oro,Kauswagan,2011-03-14,3,4.36,28.34,26.78,30.87,32.24,3.6,79.0,Zone 1,Evacuated,10,0,0,0,0,0,0,0,Medium,29,LOW
Cagayan de Oro,Kauswagan,2004-03-23,3,5.06,28.89,26.94,32.78,31.89,1.57,70.0,Zone 3,Safe,1,1,0,0,0,0,0,1,,92,HIGH
Cagayan de Oro,Kauswagan,2005-09-16,9,8.06,27.38,24.15,29.82,32.15,0.38,87.7,Zone 3,Safe,4,1,1,0,0,0,0,1,Medium,100,HIGH
Cagayan de Oro,Kauswagan,2005-06-18,6,8.66,27.98,26.4,31.16,32.16,2.65,81.8,Zone 1,Unaccounted,6,3,0,0,0,0,0,1,Medium,85,HIGH
Cagayan de Oro,Kauswagan,2009-05-27,5,4.93,30.45,28.3,33.1,34.33,3.7,78.8,Zone 6,Safe,8,0,0,0,0,1,0,0,Medium,75,HIGH
Cagayan de Oro,Kauswagan,2015-02-11,2,10.18,28.68,26.45,31.26,32.41,0.15,77.3,Zone 4,Evacuated,8,1,0,0,1,0,0,1,Medium,44,MEDIUM
Cagayan de Oro,Kauswagan,2013-06-16,6,10.16,27.65,25.01,30.68,32.73,1.55,90.8,Zone 3,Safe,6,1,0,0,0,0,0,1,Medium,100,HIGH
Cagayan de Oro,Kauswagan,2015-11-08,11,8.57,27.37,25.6,30.65,31.05,2.42,76.8,Zone 1,Safe,2,1,0,0,0,0,0,1,Medium,48,MEDIUM
Cagayan de Oro,Kauswagan,2020-05-03,5,6.06,29.43,27.48,31.79,32.52,3.57,70.9,Zone 5,Safe,6,0,0,1,1,0,0,1,Medium,100,HIGH
Cagayan de Oro,Kauswagan,2019-01-15,1,5.32,27.25,24.46,30.0,31.56,1.52,83.1,Zone 5,Evacuated,2,0,0,0,0,0,0,1,,77,HIGH
Cagayan de Oro,Kauswagan,2008-02-20,2,3.13,26.86,25.17,30.44,29.93,3.88,70.7,Zone 3,Safe,5,1,0,0,0,0,0,0,Medium,98,HIGH
Cagayan de Oro,Kauswagan,2009-01-26,1,3.61,26.89,25.31,30.41,30.63,3.49,77.4,Zone 3,Safe,7,1,0,1,0,1,0,0,Medium,100,HIGH
Cagayan de Oro,Kauswagan,2020-01-17,1,6.41,28.03,26.25,31.91,31.56,2.44,75.3,Zone 6,Safe,6,1,0,0,0,0,0,1,,71,HIGH
Cagayan de Oro,Kauswagan,2008-12-03,12,18.95,26.34,23.36,28.55,29.67,1.86,73.3,Zone 1,Unaccounted,1,1,0,0,0,0,0,1,High,72,HIGH
Cagayan de Oro,Kauswagan,2016-04-25,4,5.6,28.97,27.0,32.08,32.03,1.85,70.6,Zone 5,Evacuated,1,0,0,0,0,0,0,1,,75,HIGH
Cagayan de Oro,Kauswagan,2020-12-03,12,5.61,26.35,23.05,28.75,30.83,2.17,84.8,Zone 5,Unaccounted,3,0,0,0,0,0,1,1,,100,HIGH
Cagayan de Oro,Kauswagan,2003-10-02,10,9.27,27.54,25.48,31.08,31.86,2.16,83.2,Zone 6,Evacuated,5,1,0,1,0,0,1,1,Medium,78,HIGH
Cagayan de Oro,Kauswagan,2016-06-10,6,15.96,28.28,26.76,31.16,32.24,2.38,79.6,Zone 5,Safe,2,1,0,0,0,0,0,1,High,100,HIGH
Cagayan de Oro,Kauswagan,2011-12-08,12,5.42,26.74,23.64,30.02,30.81,3.15,80.7,Zone 3,Safe,4,0,0,0,0,1,1,1,Medium,100,HIGH
Cagayan de Oro,Kauswagan,2017-12-06,12,21.52,27.76,25.4,30.3,31.37,1.95,76.1,Zone 4,Safe,4,0,0,0,0,0,0,1,High,46,MEDIUM
Cagayan de Oro,Kauswagan,2003-02-05,2,4.79,27.1,24.05,30.15,30.84,0.14,77.4,Zone 1,Unaccounted,4,0,1,1,0,0,1,0,,77,HIGH
Cagayan de Oro,Kauswagan,2012-10-28,10,7.66,28.02,25.4,29.93,32.49,2.03,84.7,Zone 1,Safe,10,1,0,0,0,0,1,1,Medium,65,MEDIUM
Cagayan de Oro,Kauswagan,2021-12-03,12,9.99,28.3,26.04,30.83,32.24,2.78,79.4,Zone 5,Unaccounted,3,0,1,0,0,0,1,1,Medium,100,HIGH
Cagayan de Oro,Kauswagan,2005-09-05,9,8.7,27.27,24.43,29.25,31.98,2.5,87.1,Zone 2,Safe,9,2,1,0,0,0,0,1,Medium,93,HIGH
Cagayan de Oro,Kauswagan,2010-08-05,8,9.62,27.14,24.12,30.84,31.99,1.49,88.5,Zone 2,Evacuated,8,1,0,0,0,0,0,1,Medium,60,MEDIUM
Cagayan de Oro,Kauswagan,2005-12-23,12,11.09,27.25,23.93,28.96,31.02,3.81,77.7,Zone 5,Unaccounted,4,1,1,0,1,0,1,1,Medium,100,HIGH
Cagayan de Oro,Kauswagan,2004-08-10,8,6.47,27.37,25.23,31.04,32.48,2.17,91.1,Zone 5,Safe,4,2,0,0,0,0,0,1,,100,HIGH
Cagayan de Oro,Kauswagan,2011-04-09,4,4.83,29.01,26.33,31.58,32.55,0.84,75.4,Zone 5,Unaccounted,2,0,0,0,0,1,0,0,,100,HIGH
Cagayan de Oro,Kauswagan,2018-06-02,6,5.35,29.6,27.19,32.98,34.1,3.23,85.0,Zone 4,Safe,8,1,0,0,0,0,0,1,Medium,51,MEDIUM
Cagayan de Oro,Kauswagan,2009-07-25,7,8.53,28.38,26.64,29.95,32.69,0.54,83.1,Zone 6,Safe,8,3,1,0,0,0,0,1,Medium,100,HIGH
Cagayan de Oro,Kauswagan,2004-02-21,2,4.18,26.98,24.85,30.7,30.93,2.6,79.5,Zone 5,Evacuated,1,3,0,0,0,1,1,0,,100,HIGH
Cagayan de Oro,Kauswagan,2016-04-02,4,5.21,29.98,27.68,32.63,32.83,2.89,68.5,Zone 5,Safe,10,1,0,0,0,0,0,1,,100,HIGH
Cagayan de Oro,Kauswagan,2015-10-28,10,8.82,27.2,24.91,30.21,31.38,2.9,81.8,Zone 3,Unaccounted,3,3,0,0,0,0,0,1,Medium,100,HIGH
Cagayan de Oro,Kauswagan,2004-12-15,12,9.13,27.68,26.12,29.45,32.34,4.55,86.6,Zone 6,Evacuated,9,2,0,0,0,1,1,1,Medium,87,HIGH
Cagayan de Oro,Kauswagan,2004-02-09,2,5.03,27.13,24.51,29.12,31.46,1.61,83.3,Zone 1,Safe,5,0,0,0,0,0,0,1,,40,MEDIUM
Cagayan de Oro,Kauswagan,2020-07-11,7,7.81,27.07,24.01,29.3,31.21,1.89,81.4,Zone 5,Unaccounted,9,2,0,0,0,0,1,1,Medium,100,HIGH
Cagayan de Oro,Kauswagan,2010-11-06,11,11.64,26.15,23.71,29.15,30.46,2.04,83.1,Zone 2,Safe,10,1,0,0,0,0,0,1,Medium,75,HIGH
Cagayan de Oro,Kauswagan,2007-06-18,6,14.06,30.43,27.56,33.31,33.67,2.98,72.4,Zone 3,Safe,5,1,1,1,1,0,0,1,Medium,100,HIGH
Cagayan de Oro,Kauswagan,2016-02-19,2,6.98,28.04,24.98,31.95,30.88,2.82,68.4,Zone 5,Unaccounted,9,2,0,1,0,1,0,1,,100,HIGH
Cagayan de Oro,Kauswagan,2020-08-18,8,9.06,27.03,23.71,29.9,31.87,3.09,88.4,Zone 5,Safe,7,3,0,1,0,0,1,1,Medium,100,HIGH
Cagayan de Oro,Kauswagan,2003-04-18,4,4.74,30.18,28.61,33.42,34.23,1.58,80.5,Zone 4,Safe,8,0,0,0,0,0,0,0,,30,LOW
Cagayan de Oro,Kauswagan,2011-07-26,7,7.17,29.17,26.64,32.52,33.22,2.79,80.5,Zone 5,Unaccounted,5,1,0,0,0,0,0,1,Medium,100,HIGH
Cagayan de Oro,Kauswagan,2004-02-05,2,6.17,28.96,26.66,30.72,32.81,3.26,78.5,Zone 3,Safe,3,0,0,0,0,0,0,1,Medium,97,HIGH
Cagayan de Oro,Kauswagan,2011-01-04,1,12.7,28.26,26.04,30.51,32.15,2.24,78.9,Zone 6,Safe,2,1,0,0,0,0,0,1,Medium,71,HIGH
Cagayan de Oro,Kauswagan,2017-02-12,2,8.12,27.77,25.91,29.55,31.46,3.87,76.9,Zone 2,Safe,4,1,1,0,0,1,0,1,Medium,88,HIGH
Cagayan de Oro,Kauswagan,2006-09-13,9,9.97,28.19,26.49,30.66,32.23,2.08,80.4,Zone 2,Safe,4,3,0,0,0,0,0,1,Medium,80,HIGH
Cagayan de Oro,Kauswagan,2008-09-20,9,9.6,27.3,25.0,30.67,31.54,5.0,82.4,Zone 3,Evacuated,6,1,0,0,0,1,0,1,High,100,HIGH
Cagayan de Oro,Kauswagan,2008-06-09,6,7.81,27.41,24.43,30.16,32.51,5.2,91.0,Zone 5,Safe,9,2,0,1,0,1,1,1,High,100,HIGH
Cagayan de Oro,Kauswagan,2003-02-09,2,5.73,28.82,26.92,32.51,32.48,3.02,76.6,Zone 6,Evacuated,6,0,0,0,0,0,0,1,Medium,57,MEDIUM
Cagayan de Oro,Kauswagan,2016-10-12,10,13.66,28.5,25.42,30.07,32.96,1.37,84.6,Zone 3,Safe,1,3,0,0,0,0,0,1,Medium,100,HIGH
Cagayan de Oro,Kauswagan,2007-07-21,7,9.67,27.97,26.17,31.41,32.49,2.47,85.2,Zone 5,Unaccounted,9,1,0,0,1,0,0,1,Medium,100,HIGH
Cagayan de Oro,Kauswagan,2006-11-05,11,7.63,26.91,24.11,30.23,31.2,1.72,82.9,Zone 2,Evacuated,4,1,0,0,0,0,1,1,Medium,60,MEDIUM
Cagayan de Oro,Kauswagan,2004-06-22,6,8.24,29.8,26.42,32.11,33.8,1.68,80.0,Zone 3,Evacuated,8,1,0,1,1,0,0,1,Medium,100,HIGH
Cagayan de Oro,Kauswagan,2022-01-25,1,6.21,28.32,25.67,30.84,32.06,1.73,77.4,Zone 3,Unaccounted,6,0,0,0,0,0,0,1,,100,HIGH
Cagayan de Oro,Kauswagan,2011-04-14,4,2.04,29.39,26.18,32.77,33.22,2.05,78.3,Zone 2,Unaccounted,4,0,0,0,1,0,0,0,,73,HIGH
Cagayan de Oro,Kauswagan,2009-09-09,9,8.76,27.44,24.2,31.34,32.09,4.54,86.5,Zone 3,Unaccounted,1,1,0,0,0,0,0,1,Medium,100,HIGH
Cagayan de Oro,Kauswagan,2013-08-19,8,11.72,27.85,24.92,30.79,32.35,2.46,85.0,Zone 2,Unaccounted,2,1,0,0,0,0,0,1,Medium,83,HIGH
Cagayan de Oro,Kauswagan,2012-06-09,6,8.75,28.67,25.94,31.14,33.57,1.42,89.0,Zone 3,Safe,5,1,0,0,0,0,0,1,Medium,100,HIGH
Cagayan de Oro,Kauswagan,2018-12-25,12,6.09,26.11,22.92,29.36,30.73,0.9,86.2,Zone 2,Safe,7,0,0,0,0,0,0,1,,61,MEDIUM
Cagayan de Oro,Kauswagan,2003-09-01,9,8.67,29.01,27.29,32.93,33.05,2.22,80.4,Zone 3,Evacuated,2,2,0,0,0,0,0,1,Medium,92,HIGH
Cagayan de Oro,Kauswagan,2017-05-10,5,9.51,29.71,27.05,33.17,33.38,1.96,76.7,Zone 3,Evacuated,6,0,0,0,0,0,0,1,Medium,87,HIGH
Cagayan de Oro,Kauswagan,2016-11-04,11,8.23,27.07,24.15,29.95,31.85,4.41,87.8,Zone 5,Unaccounted,7,1,0,0,0,0,1,1,Medium,100,HIGH
Cagayan de Oro,Kauswagan,2005-08-23,8,10.37,26.92,24.05,30.13,31.9,3.17,89.8,Zone 3,Safe,2,1,0,0,0,0,0,1,Medium,100,HIGH
Cagayan de Oro,Kauswagan,2022-02-05,2,10.12,26.96,24.89,30.1,30.92,2.42,79.6,Zone 2,Safe,2,1,0,0,0,0,0,1,Medium,65,MEDIUM
Cagayan de Oro,Kauswagan,2021-05-28,5,6.64,29.43,27.33,31.63,32.88,2.02,74.5,Zone 6,Evacuated,5,0,0,1,0,0,0,1,,58,MEDIUM
Cagayan de Oro,Kauswagan,2014-06-23,6,11.13,27.3,24.25,30.77,31.98,2.64,86.8,Zone 5,Unaccounted,9,1,0,0,0,0,0,1,Medium,100,HIGH
Cagayan de Oro,Kauswagan,2020-03-22,3,9.43,27.14,24.02,30.42,31.11,2.83,79.7,Zone 3,Unaccounted,8,0,0,1,0,0,0,1,Medium,100,HIGH
Cagayan de Oro,Kauswagan,2016-01-05,1,4.7,27.34,24.07,29.79,31.38,4.48,80.4,Zone 3,Evacuated,8,0,0,0,0,0,0,0,Medium,82,HIGH
Cagayan de Oro,Kauswagan,2007-09-18,9,6.81,28.0,24.73,31.32,32.46,3.87,84.6,Zone 4,Safe,9,3,1,0,1,0,1,1,Medium,90,HIGH
Cagayan de Oro,Kauswagan,2018-12-01,12,10.03,28.27,25.31,30.07,32.77,4.01,85.0,Zone 2,Unaccounted,2,0,0,1,1,0,1,1,Medium,100,HIGH
Cagayan de Oro,Kauswagan,2005-12-21,12,5.01,27.14,23.7,31.14,31.21,2.33,80.7,Zone 5,Unaccounted,4,0,0,0,1,0,0,1,,100,HIGH
Cagayan de Oro,Kauswagan,2012-05-06,5,9.31,29.48,26.23,32.2,33.41,1.54,79.3,Zone 3,Unaccounted,9,2,0,1,1,0,0,1,Medium,100,HIGH
Cagayan de Oro,Kauswagan,2018-04-16,4,9.16,28.93,25.49,31.83,32.26,0.35,73.3,Zone 5,Unaccounted,8,0,0,0,0,0,0,1,Medium,100,HIGH
Cagayan de Oro,Kauswagan,2006-09-18,9,16.57,27.33,24.56,29.68,32.08,3.49,87.5,Zone 5,Safe,2,1,1,0,0,0,1,1,High,100,HIGH
Cagayan de Oro,Kauswagan,2008-09-06,9,9.87,26.93,24.62,29.86,31.59,3.29,86.6,Zone 2,Safe,10,1,0,0,0,0,0,1,Medium,75,HIGH
Cagayan de Oro,Kauswagan,2007-12-01,12,6.86,27.15,24.57,29.55,30.53,2.81,73.8,Zone 2,Evacuated,4,0,0,0,0,0,0,1,,40,MEDIUM
Cagayan de Oro,Kauswagan,2014-10-21,10,8.44,27.59,25.17,30.11,31.39,1.78,78.0,Zone 1,Safe,9,1,0,0,0,0,0,1,Medium,58,MEDIUM
Cagayan de Oro,Kauswagan,2003-12-01,12,5.34,27.06,25.18,31.04,31.05,4.13,79.9,Zone 2,Safe,10,2,0,0,0,0,0,1,Medium,81,HIGH
Cagayan de Oro,Kauswagan,2010-01-26,1,5.47,26.69,24.22,30.13,30.08,2.0,73.9,Zone 3,Safe,9,1,0,0,0,0,0,1,,100,HIGH
Cagayan de Oro,Kauswagan,2016-12-23,12,7.71,27.05,24.05,30.9,31.63,3.68,85.8,Zone 5,Safe,1,0,1,1,0,0,0,1,Medium,100,HIGH
Cagayan de Oro,Kauswagan,2011-05-17,5,3.42,29.69,27.0,32.87,33.57,4.52,78.8,Zone 1,Evacuated,8,1,0,0,0,1,0,0,Medium,43,MEDIUM
Cagayan de Oro,Kauswagan,2022-11-06,11,8.58,28.77,26.45,30.42,33.75,1.96,89.8,Zone 5,Safe,5,2,0,0,0,0,0,1,Medium,100,HIGH
Cagayan de Oro,Kauswagan,2013-06-13,6,9.68,28.35,25.97,30.92,32.25,1.49,79.0,Zone 3,Safe,5,1,0,1,0,0,0,1,Medium,100,HIGH
Cagayan de Oro,Kauswagan,2017-09-04,9,13.28,27.89,24.39,30.07,32.42,2.97,85.3,Zone 1,Safe,6,1,1,1,0,1,0,1,Medium,85,HIGH
Cagayan de Oro,Kauswagan,2007-06-25,6,6.58,28.21,25.2,29.86,32.12,3.35,79.1,Zone 6,Safe,3,1,1,1,0,1,0,1,Medium,100,HIGH
Cagayan de Oro,Kauswagan,2015-03-28,3,5.51,28.66,25.83,32.42,32.28,3.38,76.2,Zone 6,Safe,6,3,0,0,0,0,0,1,Medium,90,HIGH
Cagayan de Oro,Kauswagan,2004-01-20,1,13.95,27.43,23.93,30.08,30.5,3.87,70.7,Zone 5,Evacuated,5,1,0,0,0,0,0,1,Medium,95,HIGH
Cagayan de Oro,Kauswagan,2013-07-08,7,8.22,26.51,24.84,29.3,30.88,0.7,83.7,Zone 6,Safe,3,1,0,0,0,0,0,1,Medium,73,HIGH
Cagayan de Oro,Kauswagan,2006-08-12,8,14.1,27.19,25.44,30.46,31.27,3.29,80.8,Zone 1,Safe,10,1,0,0,0,0,0,1,Medium,58,MEDIUM
Cagayan de Oro,Kauswagan,2014-12-26,12,5.64,27.72,24.54,31.42,31.77,3.89,80.5,Zone 5,Safe,7,1,0,0,0,0,0,1,Medium,100,HIGH
Cagayan de Oro,Kauswagan,2016-03-16,3,3.17,26.84,24.88,30.82,29.9,3.02,70.6,Zone 5,Safe,9,3,0,1,0,0,0,0,Medium,100,HIGH
Cagayan de Oro,Kauswagan,2017-09-08,9,7.99,28.21,26.43,31.68,32.54,4.07,83.3,Zone 5,Unaccounted,4,1,0,0,0,0,0,1,Medium,100,HIGH
Cagayan de Oro,Kauswagan,2021-06-25,6,15.63,29.48,27.56,31.07,33.66,0.25,81.8,Zone 1,Unaccounted,8,3,1,0,0,0,0,1,High,100,HIGH
Cagayan de Oro,Kauswagan,2021-01-18,1,6.04,26.98,24.86,30.12,31.8,1.78,88.2,Zone 6,Safe,1,0,0,0,0,0,0,1,,56,MEDIUM
Cagayan de Oro,Kauswagan,2009-05-07,5,6.37,29.54,27.57,32.94,32.92,1.11,73.8,Zone 6,Evacuated,9,2,0,0,0,0,1,1,,72,HIGH
Cagayan de Oro,Kauswagan,2015-05-12,5,16.09,27.99,25.22,31.91,32.42,1.27,84.3,Zone 6,Safe,8,2,1,0,0,0,0,1,High,100,HIGH
Cagayan de Oro,Kauswagan,2010-05-15,5,5.71,28.73,26.35,31.71,32.27,1.77,75.4,Zone 6,Unaccounted,6,1,1,0,0,0,0,1,,100,HIGH
Cagayan de Oro,Kauswagan,2021-08-14,8,7.29,28.46,25.64,31.31,32.99,1.8,85.3,Zone 5,Unaccounted,7,1,0,0,1,0,1,1,Medium,100,HIGH
Cagayan de Oro,Kauswagan,2007-05-24,5,6.9,29.39,27.7,32.11,32.75,3.18,73.6,Zone 5,Evacuated,4,0,0,0,0,1,0,1,Medium,95,HIGH
Cagayan de Oro,Kauswagan,2013-05-01,5,6.55,30.55,28.64,32.41,34.23,1.26,76.8,Zone 3,Unaccounted,4,1,0,0,1,1,1,1,,100,HIGH
Cagayan de Oro,Kauswagan,2022-09-12,9,8.01,25.74,23.83,29.05,31.34,5.05,96.0,Zone 6,Safe,9,1,1,1,0,0,0,1,High,100,HIGH
Cagayan de Oro,Kauswagan,2022-10-15,10,10.5,26.08,22.76,28.75,31.06,4.09,89.8,Zone 5,Unaccounted,9,3,1,0,0,0,0,1,Medium,100,HIGH
Cagayan de Oro,Kauswagan,2003-12-12,12,5.71,27.13,25.15,28.87,30.96,2.37,78.3,Zone 5,Safe,10,2,0,0,0,0,0,1,,100,HIGH
Cagayan de Oro,Kauswagan,2014-06-26,6,8.04,27.95,24.89,31.15,32.14,2.33,81.9,Zone 6,Evacuated,3,1,0,0,0,0,0,1,Medium,58,MEDIUM
Cagayan de Oro,Kauswagan,2019-07-24,7,8.38,27.34,25.03,30.52,31.2,2.49,78.6,Zone 3,Safe,8,1,0,0,0,0,0,1,Medium,100,HIGH
Cagayan de Oro,Kauswagan,2005-07-16,7,12.13,27.19,23.95,30.76,30.9,3.91,77.1,Zone 6,Safe,9,1,0,0,0,0,0,1,Medium,81,HIGH
Cagayan de Oro,Kauswagan,2022-10-12,10,11.13,26.86,25.18,30.19,31.13,1.9,82.7,Zone 2,Safe,6,1,0,0,0,0,0,1,Medium,72,HIGH
Cagayan de Oro,Kauswagan,2008-08-13,8,9.17,29.22,27.41,31.53,33.37,2.3,81.5,Zone 2,Safe,7,1,0,0,1,0,0,1,Medium,82,HIGH
Cagayan de Oro,Kauswagan,2016-04-19,4,5.48,29.08,27.12,32.09,32.35,3.25,72.7,Zone 3,Evacuated,10,0,0,0,0,0,0,1,Medium,90,HIGH
Cagayan de Oro,Kauswagan,2013-10-12,10,8.22,28.65,25.57,30.86,33.26,0.0,86.1,Zone 5,Safe,6,1,0,0,0,0,0,1,Medium,100,HIGH
Cagayan de Oro,Kauswagan,2009-09-16,9,8.19,25.24,23.68,27.11,30.16,3.37,89.2,Zone 5,Unaccounted,1,2,0,0,0,1,0,1,Medium,100,HIGH
Cagayan de Oro,Kauswagan,2015-04-13,4,3.26,28.3,26.36,31.66,31.41,0.23,71.1,Zone 6,Safe,7,1,0,0,0,0,0,0,,65,MEDIUM
Cagayan de Oro,Kauswagan,2008-12-23,12,9.26,27.87,26.03,31.19,31.33,3.32,74.6,Zone 2,Safe,9,0,0,0,0,0,1,1,Medium,76,HIGH
Cagayan de Oro,Kauswagan,2015-02-14,2,7.67,26.79,25.28,28.53,30.93,3.13,81.4,Zone 2,Safe,10,0,0,0,0,1,0,1,Medium,77,HIGH
Cagayan de Oro,Kauswagan,2003-07-24,7,12.57,28.76,25.76,30.78,33.8,1.85,90.4,Zone 5,Unaccounted,3,1,0,0,0,0,0,1,Medium,100,HIGH
Cagayan de Oro,Kauswagan,2020-08-25,8,10.25,28.72,25.45,31.79,33.28,1.28,85.6,Zone 3,Safe,8,1,0,0,1,0,0,1,Medium,100,HIGH
Cagayan de Oro,Kauswagan,2016-02-16,2,5.22,27.37,24.28,30.84,31.15,4.13,77.8,Zone 1,Evacuated,1,0,0,0,0,0,0,1,Medium,25,LOW
Cagayan de Oro,Kauswagan,2014-07-10,7,8.9,26.32,23.54,29.22,30.99,2.32,86.7,Zone 1,Safe,6,2,0,0,1,1,0,1,Medium,77,HIGH
Cagayan de Oro,Kauswagan,2012-07-19,7,10.78,26.75,24.74,29.48,31.15,1.78,84.0,Zone 2,Safe,4,1,1,0,1,0,0,1,Medium,88,HIGH
Cagayan de Oro,Kauswagan,2021-03-17,3,8.99,27.29,25.73,29.62,30.98,2.53,76.9,Zone 5,Safe,2,0,0,0,0,0,0,1,Medium,99,HIGH
Cagayan de Oro,Kauswagan,2017-05-24,5,5.0,28.91,26.52,31.89,32.83,3.79,79.2,Zone 5,Unaccounted,9,0,0,1,1,1,0,1,Medium,100,HIGH
Cagayan de Oro,Kauswagan,2022-06-02,6,7.61,29.51,26.37,32.28,33.75,3.07,82.4,Zone 3,Evacuated,9,1,0,0,0,0,0,1,Medium,96,HIGH
Cagayan de Oro,Kauswagan,2007-06-02,6,8.8,27.85,25.87,30.63,31.68,3.27,78.3,Zone 2,Safe,10,3,0,0,0,0,0,1,Medium,87,HIGH
Cagayan de Oro,Kauswagan,2022-07-26,7,7.29,27.98,24.58,29.89,31.87,1.41,78.9,Zone 3,Unaccounted,5,2,0,0,0,0,0,1,Medium,100,HIGH
Cagayan de Oro,Kauswagan,2015-05-17,5,8.05,29.39,26.7,31.33,32.56,4.12,71.7,Zone 6,Safe,2,1,0,0,0,0,0,1,Medium,71,HIGH
Cagayan de Oro,Kauswagan,2017-04-17,4,3.87,28.61,26.98,31.41,32.34,3.59,77.3,Zone 3,Safe,6,2,0,0,0,0,0,0,Medium,100,HIGH
Cagayan de Oro,Kauswagan,2016-05-13,5,10.08,29.72,28.22,31.97,34.0,3.68,82.8,Zone 2,Unaccounted,4,0,0,0,0,0,0,1,Medium,80,HIGH
Cagayan de Oro,Kauswagan,2016-05-15,5,3.63,27.59,24.62,30.55,30.95,4.02,73.6,Zone 2,Evacuated,2,0,0,0,0,0,0,0,Medium,36,LOW
Cagayan de Oro,Kauswagan,2013-02-26,2,5.37,26.81,25.22,30.2,31.25,2.19,84.4,Zone 3,Evacuated,7,1,0,0,1,1,1,1,,100,HIGH
Cagayan de Oro,Kauswagan,2005-09-23,9,14.44,28.3,25.52,32.06,32.89,4.29,85.9,Zone 3,Safe,5,1,0,1,0,0,0,1,Medium,100,HIGH
Cagayan de Oro,Kauswagan,2014-04-07,4,2.37,29.8,28.04,32.66,33.46,2.18,76.6,Zone 6,Evacuated,7,0,0,0,1,0,1,0,,59,MEDIUM
Cagayan de Oro,Kauswagan,2003-06-24,6,9.35,27.09,24.06,28.65,30.59,1.19,75.0,Zone 2,Safe,8,1,1,0,0,0,0,1,Medium,87,HIGH
Cagayan de Oro,Kauswagan,2008-01-03,1,7.58,26.18,22.97,29.71,29.7,0.31,75.2,Zone 1,Unaccounted,2,3,0,0,0,0,0,1,Medium,78,HIGH
Cagayan de Oro,Kauswagan,2004-06-18,6,21.05,28.51,26.24,32.3,33.14,2.64,86.3,Zone 5,Unaccounted,10,1,0,0,0,0,1,1,High,100,HIGH
Cagayan de Oro,Kauswagan,2015-02-07,2,7.81,26.78,24.03,30.09,30.64,4.29,78.6,Zone 6,Safe,6,0,0,0,0,0,1,1,Medium,79,HIGH
Cagayan de Oro,Kauswagan,2021-04-27,4,4.3,28.5,26.18,31.1,32.17,2.04,76.7,Zone 1,Safe,8,0,0,0,0,0,0,0,,37,LOW
Cagayan de Oro,Kauswagan,2012-01-21,1,4.66,27.01,24.29,28.88,30.83,3.62,78.2,Zone 4,Unaccounted,3,1,1,0,1,0,1,0,Medium,80,HIGH
Cagayan de Oro,Kauswagan,2006-08-23,8,9.42,27.14,24.44,28.85,31.63,1.33,84.9,Zone 5,Unaccounted,4,1,0,0,0,0,0,1,Medium,100,HIGH
Cagayan de Oro,Kauswagan,2021-04-09,4,5.75,29.33,27.12,33.23,32.29,3.43,69.6,Zone 3,Safe,5,0,0,0,0,0,0,1,Medium,100,HIGH
Cagayan de Oro,Kauswagan,2005-04-16,4,5.01,28.69,25.32,31.37,32.04,2.46,73.5,Zone 2,Safe,9,0,0,0,0,0,0,1,,62,MEDIUM
Cagayan de Oro,Kauswagan,2020-08-09,8,9.65,27.39,25.88,29.89,32.35,1.66,89.6,Zone 2,Safe,3,3,1,1,0,0,0,1,Medium,100,HIGH
Cagayan de Oro,Kauswagan,2004-11-08,11,8.87,28.13,24.64,31.11,32.06,2.98,79.3,Zone 5,Unaccounted,2,1,0,0,0,0,0,1,Medium,100,HIGH
Cagayan de Oro,Kauswagan,2006-02-06,2,5.59,25.93,24.19,28.51,29.23,2.69,73.0,Zone 1,Unaccounted,2,0,0,1,0,0,1,1,,70,HIGH
Cagayan de Oro,Kauswagan,2022-11-20,11,10.91,27.77,24.42,29.76,32.04,0.48,82.7,Zone 3,Safe,6,1,0,0,0,1,0,1,Medium,100,HIGH
Cagayan de Oro,Kauswagan,2007-10-24,10,10.23,27.14,25.52,30.61,32.5,2.35,93.6,Zone 6,Safe,5,3,0,0,0,0,0,1,Medium,88,HIGH
Cagayan de Oro,Kauswagan,2019-07-18,7,11.58,27.78,24.88,31.77,31.78,2.37,80.0,Zone 6,Unaccounted,1,3,1,0,0,0,0,1,Medium,100,HIGH
Cagayan de Oro,Kauswagan,2015-10-25,10,5.3,27.89,24.67,29.51,33.46,2.71,95.7,Zone 3,Safe,1,1,0,0,0,0,0,1,,92,HIGH
Cagayan de Oro,Kauswagan,2004-03-25,3,5.13,28.82,25.63,32.3,31.74,1.63,69.2,Zone 5,Safe,2,0,0,0,0,0,0,1,,92,HIGH
Cagayan de Oro,Kauswagan,2020-02-23,2,7.56,27.6,24.56,29.73,31.35,1.02,77.5,Zone 6,Evacuated,7,2,1,0,0,1,0,1,Medium,91,HIGH
Cagayan de Oro,Kauswagan,2004-02-09,2,5.04,25.96,22.85,28.84,30.27,1.19,83.1,Zone 6,Safe,7,0,0,0,0,0,0,1,,67,MEDIUM
Cagayan de Oro,Kauswagan,2003-10-12,10,9.44,27.7,24.56,29.23,31.79,5.08,80.9,Zone 6,Evacuated,6,3,1,0,0,1,1,1,High,100,HIGH
Cagayan de Oro,Kauswagan,2011-12-15,12,5.58,27.88,25.7,30.46,31.69,0.83,78.1,Zone 3,Safe,10,1,1,1,1,0,0,1,,100,HIGH
Cagayan de Oro,Kauswagan,2022-05-05,5,5.49,31.5,28.03,33.2,36.19,2.11,86.9,Zone 3,Safe,10,1,0,0,0,0,0,1,,100,HIGH
Cagayan de Oro,Kauswagan,2017-06-15,6,7.96,28.52,25.2,30.47,32.94,3.44,84.2,Zone 3,Unaccounted,9,1,0,0,0,0,0,1,Medium,100,HIGH
Cagayan de Oro,Kauswagan,2005-07-20,7,12.92,28.46,25.2,31.98,33.34,1.41,88.8,Zone 6,Safe,2,1,0,0,1,1,0,1,Medium,87,HIGH
Cagayan de Oro,Kauswagan,2015-03-17,3,6.69,27.6,25.85,31.57,31.1,3.14,75.0,Zone 1,Evacuated,7,2,0,0,0,0,0,1,Medium,48,MEDIUM
Cagayan de Oro,Kauswagan,2015-01-05,1,4.19,26.24,24.48,29.76,30.86,2.73,86.2,Zone 1,Unaccounted,2,0,0,0,0,0,0,0,,45,MEDIUM
Cagayan de Oro,Kauswagan,2020-03-25,3,4.61,28.27,25.97,29.79,32.19,2.6,79.2,Zone 5,Safe,10,0,0,0,0,0,0,0,,94,HIGH
Cagayan de Oro,Kauswagan,2022-07-18,7,8.02,26.91,23.58,30.9,30.6,1.93,76.9,Zone 3,Evacuated,8,2,0,0,0,0,0,1,Medium,100,HIGH
Cagayan de Oro,Kauswagan,2008-06-13,6,8.87,27.08,23.9,30.45,31.66,4.23,85.8,Zone 6,Unaccounted,5,1,0,0,0,0,0,1,Medium,94,HIGH
Cagayan de Oro,Kauswagan,2018-06-27,6,10.12,28.73,25.33,30.75,33.67,1.93,89.4,Zone 6,Evacuated,3,1,0,0,0,0,0,1,Medium,58,MEDIUM
Cagayan de Oro,Kauswagan,2007-04-11,4,13.05,30.71,28.53,34.07,33.34,1.28,66.3,Zone 5,Unaccounted,1,0,0,0,0,0,1,1,Medium,100,HIGH
Cagayan de Oro,Kauswagan,2022-10-10,10,8.69,29.45,27.17,31.11,33.9,0.14,84.5,Zone 2,Safe,6,3,0,0,0,0,0,1,Medium,84,HIGH
Cagayan de Oro,Kauswagan,2014-03-01,3,5.31,27.73,24.41,31.47,31.41,0.51,76.8,Zone 3,Safe,2,0,0,0,0,0,0,1,,88,HIGH
Cagayan de Oro,Kauswagan,2016-05-12,5,4.37,29.28,27.75,32.31,33.11,1.84,78.3,Zone 3,Unaccounted,4,0,0,0,0,0,0,0,,100,HIGH
Cagayan de Oro,Kauswagan,2006-03-05,3,14.8,27.08,25.57,28.79,30.73,2.63,76.5,Zone 6,Safe,10,0,0,0,0,0,0,1,Medium,75,HIGH
Cagayan de Oro,Kauswagan,2006-12-08,12,9.27,28.55,25.46,30.74,32.88,2.99,83.3,Zone 3,Evacuated,2,0,0,0,0,0,0,1,Medium,80,HIGH
Cagayan de Oro,Kauswagan,2018-09-26,9,13.09,28.54,26.02,30.7,32.92,3.47,83.8,Zone 2,Unaccounted,4,2,0,0,0,1,0,1,Medium,100,HIGH
Cagayan de Oro,Kauswagan,2020-10-25,10,8.92,26.33,24.53,30.01,30.82,3.46,84.9,Zone 6,Safe,3,1,0,0,0,0,0,1,Medium,73,HIGH
Cagayan de Oro,Kauswagan,2010-09-05,9,8.56,28.08,26.39,30.81,32.62,2.12,85.4,Zone 6,Unaccounted,9,1,0,0,0,0,0,1,Medium,99,HIGH
Cagayan de Oro,Kauswagan,2021-01-02,1,5.25,27.33,25.06,30.98,30.28,2.08,69.5,Zone 5,Safe,7,0,0,0,0,0,0,1,,100,HIGH
Cagayan de Oro,Kauswagan,2016-10-25,10,7.3,25.94,22.82,29.14,29.74,1.36,78.0,Zone 5,Safe,8,1,0,0,0,0,0,1,Medium,100,HIGH
Cagayan de Oro,Kauswagan,2007-06-28,6,15.06,29.36,27.03,32.78,32.92,1.69,75.6,Zone 2,Safe,9,3,0,0,0,0,0,1,High,95,HIGH
Cagayan de Oro,Kauswagan,2018-12-25,12,7.24,27.81,24.66,29.68,31.61,2.89,78.0,Zone 2,Safe,3,0,0,0,0,0,0,1,Medium,61,MEDIUM
Cagayan de Oro,Kauswagan,2005-06-04,6,8.53,28.87,25.57,32.79,33.64,4.47,87.7,Zone 6,Evacuated,3,1,0,0,0,0,0,1,Medium,58,MEDIUM
Cagayan de Oro,Kauswagan,2013-04-09,4,2.24,28.3,26.07,31.19,31.62,1.85,73.2,Zone 4,Safe,9,3,0,0,0,0,0,0,,48,MEDIUM
Cagayan de Oro,Kauswagan,2015-05-15,5,10.13,29.71,27.26,32.16,33.37,2.87,76.6,Zone 3,Safe,1,0,0,0,0,1,0,1,Medium,100,HIGH
Cagayan de Oro,Kauswagan,2019-05-11,5,11.51,30.61,28.22,33.92,33.85,4.49,72.4,Zone 2,Safe,8,0,0,0,0,0,0,1,Medium,69,MEDIUM
Cagayan de Oro,Kauswagan,2015-04-23,4,7.16,29.43,26.82,32.44,33.42,0.92,79.9,Zone 6,Safe,3,0,0,0,0,0,0,1,Medium,67,MEDIUM
Cagayan de Oro,Kauswagan,2018-11-02,11,20.08,28.7,25.52,31.98,33.3,3.08,86.0,Zone 3,Unaccounted,5,2,0,0,0,0,0,1,High,100,HIGH
Cagayan de Oro,Kauswagan,2006-01-21,1,6.41,26.91,25.38,29.38,31.51,2.86,86.0,Zone 5,Safe,5,0,0,0,0,0,1,1,,100,HIGH
Cagayan de Oro,Kauswagan,2014-07-10,7,9.37,27.92,25.0,30.2,32.55,1.28,86.3,Zone 3,Unaccounted,4,1,1,0,0,1,0,1,Medium,100,HIGH
Cagayan de Oro,Kauswagan,2014-02-22,2,4.97,27.06,25.11,30.61,30.75,4.23,76.9,Zone 3,Unaccounted,10,3,0,0,0,0,0,0,Medium,100,HIGH
Cagayan de Oro,Kauswagan,2022-07-27,7,9.94,26.59,24.16,28.32,30.98,2.15,83.9,Zone 3,Evacuated,4,2,0,0,0,0,0,1,Medium,95,HIGH
Cagayan de Oro,Kauswagan,2022-05-10,5,6.56,30.42,27.72,32.83,33.77,2.74,73.5,Zone 2,Evacuated,6,2,1,0,0,0,0,1,,68,MEDIUM
Cagayan de Oro,Kauswagan,2019-12-17,12,7.54,28.2,25.69,31.79,32.57,2.48,83.7,Zone 6,Safe,7,0,0,1,0,0,0,1,Medium,84,HIGH
Cagayan de Oro,Kauswagan,2021-02-12,2,5.28,28.51,25.83,31.26,32.2,3.03,76.9,Zone 5,Safe,8,0,0,1,0,1,1,1,Medium,100,HIGH
Cagayan de Oro,Kauswagan,2004-05-19,5,10.33,29.19,25.78,31.22,32.56,2.07,73.7,Zone 3,Safe,3,0,0,0,1,0,1,1,Medium,100,HIGH
Cagayan de Oro,Kauswagan,2017-09-02,9,18.71,27.41,25.88,30.04,31.53,2.89,81.2,Zone 3,Evacuated,5,2,0,1,0,0,1,1,High,100,HIGH
Cagayan de Oro,Kauswagan,2017-07-18,7,10.04,27.65,25.53,30.33,31.79,0.88,81.4,Zone 4,Unaccounted,5,1,0,0,0,0,0,1,Medium,64,MEDIUM
Cagayan de Oro,Kauswagan,2016-07-13,7,8.7,27.24,24.02,31.2,31.61,2.72,83.7,Zone 5,Safe,1,1,1,1,0,1,0,1,Medium,100,HIGH
Cagayan de Oro,Kauswagan,2007-09-28,9,8.91,27.82,26.08,31.74,32.59,5.41,87.7,Zone 3,Evacuated,9,1,0,1,0,0,0,1,High,100,HIGH
Cagayan de Oro,Kauswagan,2020-09-14,9,10.4,27.92,26.09,30.81,32.45,1.93,85.3,Zone 2,Safe,8,1,0,0,0,0,0,1,Medium,75,HIGH
Cagayan de Oro,Kauswagan,2009-04-20,4,1.76,29.58,27.68,31.11,32.08,1.48,65.0,Zone 5,Safe,6,1,0,1,1,1,0,0,,100,HIGH
Cagayan de Oro,Kauswagan,2015-01-13,1,6.0,27.45,24.63,29.94,30.9,3.54,74.5,Zone 4,Unaccounted,9,0,0,0,0,0,0,1,Medium,63,MEDIUM
Cagayan de Oro,Kauswagan,2011-03-07,3,5.58,26.47,23.66,28.63,30.25,1.32,77.8,Zone 5,Unaccounted,9,2,0,0,0,0,0,1,,100,HIGH
Cagayan de Oro,Kauswagan,2006-09-03,9,8.31,27.32,23.89,30.46,32.12,1.65,88.0,Zone 5,Unaccounted,7,1,0,0,0,0,0,1,Medium,100,HIGH
Cagayan de Oro,Kauswagan,2006-05-06,5,5.95,28.74,27.18,31.21,32.09,1.18,73.5,Zone 5,Safe,9,1,0,0,0,0,0,1,,100,HIGH
Cagayan de Oro,Kauswagan,2012-12-01,12,8.6,27.23,24.61,30.54,31.62,1.5,83.9,Zone 2,Safe,7,0,1,0,1,0,1,1,Medium,95,HIGH
Cagayan de Oro,Kauswagan,2013-07-24,7,9.95,28.66,26.0,32.47,33.38,3.18,87.2,Zone 2,Evacuated,9,3,0,0,0,0,1,1,Medium,79,HIGH
Cagayan de Oro,Kauswagan,2005-05-06,5,8.31,29.83,27.08,32.58,33.33,2.25,75.0,Zone 3,Evacuated,2,0,0,1,0,1,0,1,Medium,98,HIGH
Cagayan de Oro,Kauswagan,2018-06-19,6,6.35,28.52,26.67,31.02,32.59,0.73,80.7,Zone 3,Safe,8,1,0,0,0,0,0,1,,100,HIGH
Cagayan de Oro,Kauswagan,2020-04-12,4,5.17,28.85,26.5,30.87,31.94,2.39,70.9,Zone 5,Evacuated,2,0,1,0,1,0,1,1,,100,HIGH
Cagayan de Oro,Kauswagan,2020-09-01,9,8.53,27.97,25.17,31.47,33.06,2.16,90.9,Zone 5,Safe,8,3,0,0,0,0,0,1,Medium,100,HIGH
Cagayan de Oro,Kauswagan,2003-10-20,10,9.78,28.05,25.19,30.78,32.26,3.94,82.1,Zone 6,Safe,6,3,0,0,0,0,0,1,Medium,90,HIGH
Cagayan de Oro,Kauswagan,2010-02-03,2,5.7,26.56,23.84,28.9,29.99,1.65,74.3,Zone 3,Safe,1,0,0,0,0,0,0,1,,86,HIGH
Cagayan de Oro,Kauswagan,2011-04-14,4,6.53,29.38,26.88,31.27,32.75,4.03,73.7,Zone 1,Safe,10,1,0,0,0,0,0,1,Medium,58,MEDIUM
Cagayan de Oro,Kauswagan,2015-12-17,12,3.59,27.79,26.1,31.62,31.82,0.69,80.3,Zone 5,Evacuated,5,2,1,0,0,0,0,0,,98,HIGH
Cagayan de Oro,Kauswagan,2022-05-27,5,6.59,29.84,27.2,31.56,33.82,0.87,79.8,Zone 6,Unaccounted,8,0,1,0,0,0,0,1,,98,HIGH
Cagayan de Oro,Kauswagan,2022-07-15,7,9.4,28.89,25.51,31.34,33.04,2.65,81.5,Zone 6,Evacuated,7,1,1,0,0,1,1,1,Medium,92,HIGH
Cagayan de Oro,Kauswagan,2008-01-26,1,9.43,27.8,24.78,30.45,31.48,3.71,76.8,Zone 3,Safe,4,1,0,0,0,0,0,1,Medium,100,HIGH
Cagayan de Oro,Kauswagan,2015-09-26,9,12.11,26.63,23.99,29.23,31.9,2.31,92.7,Zone 6,Safe,5,3,0,0,0,1,0,1,Medium,96,HIGH
Cagayan de Oro,Kauswagan,2014-02-22,2,3.75,25.99,23.77,29.2,29.65,2.95,76.6,Zone 3,Evacuated,3,1,0,0,0,0,0,0,,73,HIGH
Cagayan de Oro,Kauswagan,2006-01-04,1,7.96,27.12,24.26,29.39,30.93,3.67,78.1,Zone 5,Evacuated,8,1,0,0,0,0,0,1,Medium,100,HIGH
Cagayan de Oro,Kauswagan,2016-03-24,3,4.77,28.92,27.41,32.84,31.93,1.76,70.1,Zone 6,Safe,6,0,0,0,0,0,1,0,,64,MEDIUM
Cagayan de Oro,Kauswagan,2020-11-22,11,7.92,27.67,25.33,29.33,32.47,2.09,88.0,Zone 3,Unaccounted,9,1,0,1,0,0,0,1,Medium,100,HIGH
Cagayan de Oro,Kauswagan,2015-06-17,6,9.18,27.41,23.94,30.11,31.66,3.4,82.5,Zone 6,Unaccounted,10,1,0,0,0,0,0,1,Medium,99,HIGH
Cagayan de Oro,Kauswagan,2016-12-07,12,12.01,26.92,24.87,30.63,30.48,4.52,75.6,Zone 1,Safe,7,0,0,0,0,0,0,1,Medium,51,MEDIUM
Cagayan de Oro,Kauswagan,2016-08-22,8,11.0,27.32,24.05,30.73,31.46,1.65,81.4,Zone 3,Safe,7,3,0,0,1,1,0,1,Medium,100,HIGH
Cagayan de Oro,Kauswagan,2015-11-24,11,6.89,29.53,27.26,31.68,33.37,0.71,78.4,Zone 3,Safe,5,3,0,0,1,0,0,1,,100,HIGH
Cagayan de Oro,Kauswagan,2010-06-27,6,18.23,28.06,26.01,30.67,31.91,4.51,78.5,Zone 4,Safe,6,2,0,1,0,0,0,1,High,72,HIGH
Cagayan de Oro,Kauswagan,2014-05-01,5,6.07,29.86,27.88,32.6,33.34,1.0,74.8,Zone 3,Evacuated,1,0,0,0,0,0,0,1,,71,HIGH
Cagayan de Oro,Kauswagan,2022-12-17,12,11.01,27.59,25.29,31.29,31.5,2.97,79.1,Zone 4,Evacuated,5,0,0,0,0,0,0,1,Medium,25,LOW
Cagayan de Oro,Kauswagan,2014-08-26,8,12.61,26.17,24.11,29.84,30.5,3.47,83.3,Zone 1,Safe,8,1,0,0,0,0,0,1,Medium,58,MEDIUM
Cagayan de Oro,Kauswagan,2009-09-07,9,7.59,27.94,24.98,30.37,32.45,3.39,85.1,Zone 3,Safe,4,1,0,1,0,0,0,1,Medium,100,HIGH
Cagayan de Oro,Kauswagan,2015-07-20,7,8.45,29.29,27.18,32.64,33.39,2.35,81.0,Zone 4,Safe,5,3,0,0,0,0,0,1,Medium,58,MEDIUM
Cagayan de Oro,Kauswagan,2009-04-15,4,6.79,28.29,26.68,31.8,32.06,4.1,77.7,Zone 3,Safe,6,0,0,1,0,0,1,1,Medium,100,HIGH
Cagayan de Oro,Kauswagan,2003-12-09,12,15.56,26.0,23.87,27.61,30.54,1.48,85.4,Zone 1,Evacuated,3,0,0,0,0,0,1,1,High,44,MEDIUM
Cagayan de Oro,Kauswagan,2021-08-21,8,7.36,28.65,26.29,30.66,33.59,0.55,89.4,Zone 5,Safe,7,1,0,0,1,0,0,1,Medium,100,HIGH
Cagayan de Oro,Kauswagan,2015-12-26,12,4.13,28.44,25.21,31.8,32.59,4.2,81.5,Zone 3,Safe,3,2,0,0,0,0,0,0,Medium,100,HIGH
Cagayan de Oro,Kauswagan,2018-10-20,10,8.83,27.26,25.23,29.6,31.16,3.17,79.0,Zone 5,Safe,1,2,1,0,1,0,0,1,Medium,100,HIGH
Cagayan de Oro,Kauswagan,2003-01-03,1,5.83,26.49,24.63,29.21,30.75,3.9,82.6,Zone 5,Safe,9,0,1,0,1,0,0,1,Medium,100,HIGH
Cagayan de Oro,Kauswagan,2019-07-10,7,11.53,28.06,26.04,31.76,32.89,4.07,88.3,Zone 5,Safe,8,1,0,0,0,0,0,1,Medium,100,HIGH
Cagayan de Oro,Kauswagan,2003-04-28,4,2.63,28.14,25.79,30.3,31.49,2.74,73.5,Zone 4,Safe,6,0,0,0,1,0,0,0,,35,LOW
Cagayan de Oro,Kauswagan,2019-12-16,12,5.82,28.42,25.74,32.06,32.99,1.47,85.7,Zone 5,Safe,6,1,0,1,0,1,0,1,,100,HIGH
Cagayan de Oro,Kauswagan,2017-01-06,1,8.52,26.79,25.23,29.3,30.13,1.04,73.4,Zone 4,Safe,6,0,0,0,0,0,0,1,Medium,42,MEDIUM
Cagayan de Oro,Kauswagan,2020-08-03,8,6.44,26.91,24.05,28.71,31.67,4.29,87.6,Zone 5,Safe,3,1,1,0,0,0,0,1,Medium,100,HIGH
Cagayan de Oro,Kauswagan,2006-04-19,4,3.2,28.39,26.64,31.12,31.75,1.71,73.6,Zone 6,Safe,10,1,0,0,1,0,0,0,,74,HIGH
Cagayan de Oro,Kauswagan,2009-11-04,11,6.73,27.66,24.34,29.78,32.42,4.15,87.6,Zone 6,Safe,9,1,0,0,0,0,0,1,Medium,81,HIGH
Cagayan de Oro,Kauswagan,2003-12-17,12,4.96,27.08,24.6,28.75,31.5,2.28,84.2,Zone 5,Safe,7,2,0,0,0,0,0,0,,100,HIGH
Cagayan de Oro,Kauswagan,2016-01-27,1,9.07,27.27,25.24,30.01,30.6,2.3,73.3,Zone 6,Unaccounted,9,0,0,0,1,0,0,1,Medium,100,HIGH
Cagayan de Oro,Kauswagan,2011-08-17,8,10.01,28.84,26.32,30.83,33.69,1.38,88.5,Zone 5,Safe,5,1,0,1,0,1,0,1,Medium,100,HIGH
Cagayan de Oro,Kauswagan,2013-07-28,7,16.2,28.14,25.32,31.37,32.21,3.53,80.7,Zone 3,Safe,5,3,0,0,0,1,0,1,High,100,HIGH
Cagayan de Oro,Kauswagan,2004-03-17,3,4.47,28.05,25.32,30.02,31.51,1.22,74.6,Zone 5,Unaccounted,9,2,0,0,0,1,0,0,,100,HIGH
Cagayan de Oro,Kauswagan,2005-05-08,5,8.45,31.31,28.95,34.67,34.42,1.95,71.1,Zone 2,Safe,10,0,0,0,0,0,0,1,Medium,69,MEDIUM
Cagayan de Oro,Kauswagan,2004-05-09,5,10.66,29.06,26.46,32.21,32.29,3.24,72.3,Zone 4,Unaccounted,10,0,0,0,0,0,0,1,Medium,63,MEDIUM
Cagayan de Oro,Kauswagan,2004-03-21,3,6.55,26.25,23.83,29.97,29.59,0.52,73.4,Zone 5,Safe,6,0,1,0,0,0,0,1,,100,HIGH
Cagayan de Oro,Kauswagan,2014-02-24,2,6.11,27.33,25.51,30.91,29.9,1.17,65.7,Zone 5,Evacuated,3,1,0,0,0,0,1,1,,92,HIGH
Cagayan de Oro,Kauswagan,2009-07-13,7,7.84,28.41,26.47,32.31,32.45,2.55,80.4,Zone 2,Unaccounted,3,3,0,0,0,0,0,1,Medium,97,HIGH
Cagayan de Oro,Kauswagan,2011-07-12,7,7.5,28.23,24.79,32.18,31.6,0.27,73.7,Zone 3,Safe,10,2,0,0,0,0,0,1,Medium,100,HIGH
Cagayan de Oro,Kauswagan,2004-06-09,6,10.57,28.45,25.34,31.66,32.43,3.29,79.8,Zone 1,Safe,3,1,0,0,0,0,0,1,Medium,50,MEDIUM
Cagayan de Oro,Kauswagan,2014-11-20,11,10.1,27.92,25.99,30.82,31.94,1.92,80.2,Zone 3,Unaccounted,1,1,0,0,0,0,0,1,Medium,100,HIGH
Cagayan de Oro,Kauswagan,2020-02-22,2,6.84,26.77,24.99,28.37,30.87,2.07,81.0,Zone 4,Unaccounted,7,3,0,0,0,0,0,1,,73,HIGH
Cagayan de Oro,Kauswagan,2019-01-10,1,12.45,27.22,23.97,30.67,31.26,1.35,80.4,Zone 4,Safe,4,2,0,0,0,0,0,1,Medium,50,MEDIUM
Cagayan de Oro,Kauswagan,2019-06-10,6,10.4,29.24,27.16,31.86,32.51,3.35,72.7,Zone 4,Unaccounted,6,1,0,0,0,1,1,1,Medium,81,HIGH
Cagayan de Oro,Kauswagan,2019-04-19,4,5.38,27.91,24.53,29.79,30.73,0.9,68.2,Zone 2,Unaccounted,6,1,0,0,0,0,0,1,,83,HIGH
Cagayan de Oro,Kauswagan,2006-09-27,9,7.92,26.55,24.3,28.26,30.99,2.74,84.4,Zone 3,Safe,3,3,0,0,0,0,0,1,Medium,100,HIGH
Cagayan de Oro,Kauswagan,2007-09-28,9,8.34,26.91,24.54,29.1,31.42,2.65,85.1,Zone 2,Safe,6,3,0,0,0,0,0,1,Medium,84,HIGH
Cagayan de Oro,Kauswagan,2014-06-06,6,7.73,29.65,27.42,32.32,33.27,3.86,76.2,Zone 4,Safe,9,2,1,0,0,0,0,1,Medium,69,MEDIUM
Cagayan de Oro,Kauswagan,2021-06-11,6,8.74,27.44,25.86,29.07,31.78,1.24,83.4,Zone 6,Safe,10,1,0,0,0,0,1,1,Medium,88,HIGH
Cagayan de Oro,Kauswagan,2012-06-28,6,8.36,27.22,25.2,29.97,31.06,2.66,78.4,Zone 5,Safe,6,1,0,0,1,0,0,1,Medium,100,HIGH
Cagayan de Oro,Kauswagan,2012-09-18,9,19.36,27.47,24.8,29.26,32.17,1.84,87.0,Zone 1,Evacuated,6,2,0,1,0,0,0,1,High,64,MEDIUM
Cagayan de Oro,Kauswagan,2012-11-09,11,11.85,28.77,26.46,31.0,33.27,1.91,85.0,Zone 5,Safe,6,1,0,1,1,1,0,1,Medium,100,HIGH
Cagayan de Oro,Kauswagan,2009-06-20,6,9.41,28.33,26.09,30.66,32.27,2.19,79.4,Zone 6,Safe,1,1,0,1,0,0,0,1,Medium,79,HIGH
Cagayan de Oro,Kauswagan,2013-08-15,8,7.83,27.13,25.03,30.55,31.56,2.81,84.3,Zone 5,Safe,8,3,0,0,0,0,0,1,Medium,100,HIGH
Cagayan de Oro,Kauswagan,2008-10-28,10,15.23,26.71,24.47,30.41,31.69,1.36,89.8,Zone 3,Safe,4,1,0,0,0,0,0,1,High,100,HIGH
Cagayan de Oro,Kauswagan,2021-05-24,5,4.17,29.51,26.39,31.63,33.58,2.03,80.7,Zone 2,Safe,10,0,0,0,0,0,0,0,,54,MEDIUM
Cagayan de Oro,Kauswagan,2013-12-10,12,8.93,27.27,23.98,30.27,30.87,4.03,76.0,Zone 3,Safe,5,0,0,0,0,1,0,1,Medium,100,HIGH
Cagayan de Oro,Kauswagan,2006-05-24,5,7.48,28.7,26.33,30.53,32.51,3.14,78.1,Zone 4,Evacuated,6,1,0,0,0,1,0,1,Medium,41,MEDIUM
Cagayan de Oro,Kauswagan,2013-02-05,2,6.14,29.05,26.82,31.1,32.86,1.19,78.1,Zone 6,Unaccounted,3,1,0,0,0,0,0,1,,84,HIGH
Cagayan de Oro,Kauswagan,2003-05-20,5,7.65,29.84,27.59,31.65,33.72,1.95,78.8,Zone 3,Safe,3,0,0,0,0,1,0,1,Medium,100,HIGH
Cagayan de Oro,Kauswagan,2005-06-07,6,10.95,28.02,24.64,31.56,31.54,2.93,75.2,Zone 3,Unaccounted,4,1,0,0,0,0,0,1,Medium,100,HIGH
Cagayan de Oro,Kauswagan,2004-11-27,11,8.59,27.78,26.17,29.99,31.75,3.76,79.7,Zone 3,Safe,9,1,0,0,0,0,0,1,Medium,100,HIGH
Cagayan de Oro,Kauswagan,2013-06-20,6,9.22,28.67,25.39,31.08,32.75,1.25,80.8,Zone 1,Safe,3,3,0,0,0,0,0,1,Medium,62,MEDIUM
Cagayan de Oro,Kauswagan,2009-09-22,9,13.85,27.04,25.13,30.53,31.9,1.94,88.6,Zone 4,Unaccounted,8,2,0,0,0,1,1,1,Medium,90,HIGH
Cagayan de Oro,Kauswagan,2020-09-02,9,16.45,26.74,23.6,29.77,31.45,4.19,87.1,Zone 1,Evacuated,5,3,1,0,0,0,0,1,High,70,HIGH
Cagayan de Oro,Kauswagan,2016-01-17,1,13.93,26.53,23.51,28.16,31.51,1.3,89.8,Zone 5,Safe,8,0,1,0,1,1,0,1,Medium,100,HIGH
Cagayan de Oro,Kauswagan,2021-02-21,2,6.71,25.56,23.15,27.64,29.57,2.27,80.1,Zone 6,Safe,7,2,0,1,0,0,1,1,,96,HIGH
Cagayan de Oro,Kauswagan,2016-02-22,2,5.27,27.09,25.52,30.03,30.66,2.08,75.7,Zone 5,Unaccounted,9,3,1,0,0,0,0,1,,100,HIGH
Cagayan de Oro,Kauswagan,2014-02-02,2,6.83,27.49,25.25,30.9,31.41,3.44,79.2,Zone 2,Safe,2,0,0,0,0,0,0,1,Medium,59,MEDIUM
Cagayan de Oro,Kauswagan,2004-04-06,4,7.63,27.1,25.28,29.31,31.01,4.34,79.1,Zone 5,Safe,4,1,0,1,0,0,0,1,Medium,100,HIGH
Cagayan de Oro,Kauswagan,2010-10-14,10,10.28,26.9,24.4,28.51,30.8,3.71,79.0,Zone 3,Unaccounted,4,1,0,0,0,0,1,1,Medium,100,HIGH
Cagayan de Oro,Kauswagan,2005-03-21,3,4.12,28.07,25.45,31.11,31.68,0.33,76.1,Zone 5,Safe,5,3,0,0,0,0,0,0,,100,HIGH
Cagayan de Oro,Kauswagan,2016-02-25,2,3.61,28.16,25.11,30.74,31.69,1.47,75.3,Zone 3,Safe,5,2,1,1,0,0,0,0,,100,HIGH
Cagayan de Oro,Kauswagan,2005-05-17,5,10.33,29.03,27.16,31.0,32.63,4.34,76.0,Zone 2,Evacuated,7,0,0,0,0,0,0,1,Medium,53,MEDIUM
Cagayan de Oro,Kauswagan,2016-12-27,12,7.85,26.97,24.86,30.59,31.16,3.59,81.9,Zone 4,Safe,9,0,0,1,0,0,0,1,Medium,55,MEDIUM
Cagayan de Oro,Kauswagan,2016-08-20,8,24.55,28.66,26.35,31.27,33.09,2.81,84.3,Zone 2,Evacuated,6,1,0,0,0,0,1,1,High,72,HIGH
Cagayan de Oro,Kauswagan,2012-08-15,8,10.27,26.98,24.93,29.9,32.03,0.0,90.5,Zone 6,Safe,9,1,0,0,0,0,0,1,Medium,81,HIGH
Cagayan de Oro,Kauswagan,2022-05-13,5,4.3,28.94,27.01,32.42,33.14,3.35,82.0,Zone 3,Evacuated,6,0,0,0,1,1,0,0,Medium,95,HIGH
Cagayan de Oro,Kauswagan,2007-07-10,7,8.77,29.58,27.69,31.78,33.84,1.08,82.6,Zone 3,Unaccounted,7,2,1,0,0,0,0,1,Medium,100,HIGH
Cagayan de Oro,Kauswagan,2015-09-19,9,20.42,27.95,25.91,31.84,32.58,3.13,86.3,Zone 6,Safe,7,2,1,0,0,0,1,1,High,100,HIGH
Cagayan de Oro,Kauswagan,2008-11-18,11,8.3,27.37,24.19,30.31,31.18,2.88,78.1,Zone 3,Evacuated,4,2,0,1,0,0,0,1,Medium,100,HIGH
Cagayan de Oro,Kauswagan,2020-05-13,5,4.83,28.2,25.72,30.16,32.27,2.56,80.7,Zone 5,Safe,8,0,0,0,0,0,0,0,,94,HIGH
Cagayan de Oro,Kauswagan,2011-09-25,9,13.0,28.17,26.56,30.64,32.48,2.3,83.1,Zone 6,Evacuated,4,1,0,0,0,0,0,1,Medium,59,MEDIUM
Cagayan de Oro,Kauswagan,2019-05-23,5,4.0,30.32,26.89,33.06,33.88,3.22,75.6,Zone 5,Safe,5,1,0,0,0,0,0,0,Medium,100,HIGH
Cagayan de Oro,Kauswagan,2013-07-22,7,8.97,26.5,23.65,29.12,30.9,2.64,84.0,Zone 6,Safe,6,3,0,0,0,0,0,1,Medium,90,HIGH
Cagayan de Oro,Kauswagan,2003-07-18,7,11.53,28.91,27.3,31.29,32.82,1.96,79.1,Zone 6,Safe,3,3,0,0,0,1,0,1,Medium,93,HIGH
Cagayan de Oro,Kauswagan,2011-11-14,11,15.26,28.42,25.64,32.27,32.31,0.3,78.9,Zone 5,Safe,7,3,0,0,0,0,0,1,High,100,HIGH
Cagayan de Oro,Kauswagan,2016-01-12,1,4.92,27.09,25.38,31.0,31.31,3.47,82.2,Zone 5,Safe,5,1,0,0,0,0,0,0,Medium,100,HIGH
Cagayan de Oro,Kauswagan,2007-01-10,1,4.34,26.05,24.37,29.26,29.37,0.37,73.2,Zone 5,Safe,5,0,0,0,0,0,0,0,,89,HIGH
Cagayan de Oro,Kauswagan,2004-06-05,6,6.71,27.97,25.97,29.68,32.1,2.71,81.3,Zone 4,Safe,10,3,0,0,0,0,0,1,,56,MEDIUM
Cagayan de Oro,Kauswagan,2013-11-01,11,9.98,26.35,24.03,29.42,30.66,3.56,83.1,Zone 2,Safe,6,3,1,0,0,0,0,1,Medium,96,HIGH
Cagayan de Oro,Kauswagan,2011-09-03,9,10.39,27.46,23.98,31.24,31.8,1.76,83.4,Zone 3,Unaccounted,10,1,0,0,1,1,1,1,Medium,100,HIGH
Cagayan de Oro,Kauswagan,2018-04-06,4,4.45,29.5,26.66,32.73,32.83,3.77,73.3,Zone 2,Safe,5,0,0,0,0,0,0,0,Medium,56,MEDIUM
Cagayan de Oro,Kauswagan,2015-02-01,2,5.19,27.9,26.32,31.85,31.49,1.73,75.9,Zone 3,Unaccounted,10,3,0,0,0,1,0,1,,100,HIGH
Cagayan de Oro,Kauswagan,2014-01-02,1,4.9,26.73,24.93,29.74,30.14,4.37,74.1,Zone 5,Safe,6,0,0,0,1,1,0,0,Medium,100,HIGH
Cagayan de Oro,Kauswagan,2022-06-20,6,7.5,28.75,27.21,32.37,32.78,2.52,80.3,Zone 3,Safe,3,1,1,0,0,0,0,1,Medium,100,HIGH
Cagayan de Oro,Kauswagan,2012-02-26,2,5.78,26.9,24.97,30.66,30.37,0.0,74.7,Zone 5,Safe,4,0,1,1,0,1,0,1,,100,HIGH
Cagayan de Oro,Kauswagan,2014-12-24,12,8.92,26.23,24.48,27.83,30.44,3.54,82.1,Zone 6,Safe,10,1,1,1,0,0,0,1,Medium,100,HIGH
Cagayan de Oro,Kauswagan,2021-07-18,7,7.91,27.76,25.35,30.11,32.72,1.65,89.6,Zone 1,Unaccounted,8,1,1,1,0,0,1,1,Medium,100,HIGH
Cagayan de Oro,Kauswagan,2005-05-08,5,7.89,29.7,26.98,32.31,33.43,3.17,77.3,Zone 2,Safe,2,0,0,0,0,0,0,1,Medium,59,MEDIUM
Cagayan de Oro,Kauswagan,2004-06-13,6,7.5,28.92,27.07,30.92,32.97,1.66,80.5,Zone 5,Safe,7,3,0,0,0,0,0,1,Medium,100,HIGH
Cagayan de Oro,Kauswagan,2007-01-14,1,6.41,27.68,25.68,29.99,31.52,4.94,78.4,Zone 6,Safe,7,0,0,0,0,0,0,1,Medium,74,HIGH
Cagayan de Oro,Kauswagan,2010-01-22,1,5.01,26.3,23.99,30.03,30.1,3.92,78.0,Zone 3,Evacuated,3,0,0,0,0,0,0,1,Medium,82,HIGH
Cagayan de Oro,Kauswagan,2014-01-01,1,7.29,25.97,22.66,29.58,30.11,3.15,81.4,Zone 6,Unaccounted,7,0,0,0,0,0,0,1,Medium,92,HIGH
Cagayan de Oro,Kauswagan,2013-10-01,10,8.43,27.62,25.2,29.31,31.44,2.19,78.2,Zone 3,Safe,3,1,0,0,0,1,0,1,Medium,100,HIGH
Cagayan de Oro,Kauswagan,2022-08-28,8,11.45,25.99,24.08,27.94,30.01,2.12,80.2,Zone 1,Safe,4,1,0,0,0,0,0,1,Medium,51,MEDIUM
Cagayan de Oro,Kauswagan,2003-12-08,12,6.16,26.84,24.08,29.27,30.7,3.83,78.6,Zone 3,Safe,10,1,0,1,1,1,0,1,Medium,100,HIGH
Cagayan de Oro,Kauswagan,2021-01-15,1,8.89,26.97,24.88,28.83,31.66,2.52,86.9,Zone 5,Safe,9,0,0,0,0,0,0,1,Medium,100,HIGH
Cagayan de Oro,Kauswagan,2011-03-13,3,7.15,27.58,25.26,30.4,31.39,1.56,78.1,Zone 6,Safe,6,1,0,1,0,0,0,1,Medium,88,HIGH
Cagayan de Oro,Kauswagan,2012-12-02,12,5.95,26.98,25.34,30.42,30.96,1.68,79.8,Zone 4,Unaccounted,6,1,1,0,0,0,0,1,,71,HIGH
Cagayan de Oro,Kauswagan,2004-06-04,6,16.36,28.11,25.4,30.09,32.16,2.05,80.5,Zone 2,Safe,6,2,0,0,0,0,0,1,High,86,HIGH
Cagayan de Oro,Kauswagan,2010-07-07,7,14.21,28.91,27.4,31.61,33.86,1.26,89.5,Zone 3,Evacuated,5,1,1,0,0,0,0,1,Medium,100,HIGH
Cagayan de Oro,Kauswagan,2020-01-19,1,5.69,27.07,23.77,28.87,30.66,0.41,75.9,Zone 3,Evacuated,5,0,1,1,0,0,1,1,,100,HIGH
Cagayan de Oro,Kauswagan,2011-08-01,8,7.27,27.2,24.82,28.98,31.38,4.49,81.8,Zone 5,Safe,10,1,0,1,0,0,1,1,Medium,100,HIGH
Cagayan de Oro,Kauswagan,2021-11-27,11,10.48,26.53,23.54,28.26,31.13,4.12,86.0,Zone 5,Evacuated,9,1,0,0,0,1,0,1,Medium,100,HIGH
Cagayan de Oro,Kauswagan,2017-07-20,7,11.24,27.8,25.55,30.19,32.41,0.53,86.1,Zone 3,Safe,4,3,1,1,0,0,0,1,Medium,100,HIGH
Cagayan de Oro,Kauswagan,2004-12-03,12,12.89,27.06,24.19,30.36,31.24,2.67,81.8,Zone 5,Unaccounted,10,0,0,0,0,0,0,1,Medium,100,HIGH
Cagayan de Oro,Kauswagan,2010-09-07,9,8.63,28.22,25.29,29.9,33.01,2.72,87.9,Zone 3,Safe,7,1,0,0,0,0,0,1,Medium,100,HIGH
Cagayan de Oro,Kauswagan,2011-09-20,9,10.28,27.47,24.52,29.08,32.8,1.52,93.3,Zone 3,Safe,5,3,0,1,1,0,0,1,Medium,100,HIGH
Cagayan de Oro,Kauswagan,2014-10-07,10,9.49,27.85,25.42,31.01,32.65,3.31,88.0,Zone 3,Unaccounted,7,3,0,0,0,0,0,1,Medium,100,HIGH
Cagayan de Oro,Kauswagan,2008-05-13,5,4.53,28.09,24.85,30.76,31.68,0.0,75.9,Zone 5,Unaccounted,6,0,0,1,0,0,0,0,,100,HIGH
Cagayan de Oro,Kauswagan,2021-08-04,8,13.55,26.75,23.93,28.65,30.86,3.76,81.1,Zone 2,Safe,3,3,1,0,0,1,0,1,Medium,99,HIGH
Cagayan de Oro,Kauswagan,2016-02-18,2,11.68,28.58,26.05,32.24,32.74,2.76,81.6,Zone 6,Evacuated,1,3,0,1,0,1,0,1,Medium,84,HIGH
Cagayan de Oro,Kauswagan,2005-01-19,1,13.19,27.79,25.11,31.4,31.41,2.63,76.2,Zone 5,Safe,9,0,0,0,0,0,0,1,Medium,100,HIGH
Cagayan de Oro,Kauswagan,2009-01-28,1,5.8,26.92,23.43,29.67,30.52,2.37,76.0,Zone 5,Safe,3,0,0,0,0,0,0,1,,94,HIGH
Cagayan de Oro,Kauswagan,2019-11-22,11,15.74,28.13,25.71,31.69,32.48,2.46,83.5,Zone 2,Unaccounted,1,1,0,0,0,1,0,1,High,97,HIGH
Cagayan de Oro,Kauswagan,2015-03-23,3,7.37,27.68,25.17,31.38,31.03,3.54,73.5,Zone 5,Safe,10,0,0,0,0,0,1,1,Medium,100,HIGH
Cagayan de Oro,Kauswagan,2016-07-10,7,8.62,27.05,25.49,29.78,30.97,2.66,79.2,Zone 5,Safe,6,3,0,0,0,0,0,1,Medium,100,HIGH
Cagayan de Oro,Kauswagan,2021-12-26,12,5.14,26.74,23.87,30.72,30.81,1.26,80.7,Zone 3,Unaccounted,3,0,1,1,0,0,0,1,,100,HIGH
Cagayan de Oro,Kauswagan,2010-06-13,6,10.07,26.59,23.38,29.91,30.13,1.79,75.4,Zone 6,Safe,8,2,0,0,0,0,1,1,Medium,94,HIGH
Cagayan de Oro,Kauswagan,2004-03-12,3,3.22,28.46,26.86,30.85,32.21,3.31,77.5,Zone 3,Safe,5,2,0,0,0,1,0,0,Medium,100,HIGH
Cagayan de Oro,Kauswagan,2009-11-16,11,10.47,29.01,26.78,30.81,33.87,4.77,88.6,Zone 1,Safe,2,1,0,0,0,0,0,1,Medium,48,MEDIUM
Cagayan de Oro,Kauswagan,2012-09-15,9,8.6,26.41,23.91,29.43,30.7,2.09,82.9,Zone 1,Safe,10,3,0,0,1,0,0,1,Medium,78,HIGH
Cagayan de Oro,Kauswagan,2012-11-18,11,6.68,27.87,25.94,29.96,32.25,2.55,83.8,Zone 3,Safe,10,1,0,1,1,0,0,1,,100,HIGH
Cagayan de Oro,Kauswagan,2004-03-25,3,10.25,27.14,23.96,30.17,30.52,2.88,73.8,Zone 3,Safe,7,2,0,0,0,0,0,1,Medium,100,HIGH
Cagayan de Oro,Kauswagan,2007-10-04,10,8.97,27.16,24.9,29.89,30.83,1.44,76.7,Zone 5,Safe,10,1,0,1,0,0,0,1,Medium,100,HIGH
Cagayan de Oro,Kauswagan,2010-04-12,4,3.66,27.55,24.69,29.58,30.19,1.63,66.4,Zone 1,Safe,9,0,0,0,0,0,0,0,,37,LOW
Cagayan de Oro,Kauswagan,2015-06-21,6,9.36,28.75,26.19,31.54,33.16,0.8,84.1,Zone 6,Evacuated,8,1,0,0,0,0,0,1,Medium,66,MEDIUM
Cagayan de Oro,Kauswagan,2016-06-06,6,7.7,27.85,24.97,29.48,31.85,1.88,80.0,Zone 6,Safe,5,2,0,0,1,1,1,1,Medium,100,HIGH
Cagayan de Oro,Kauswagan,2008-02-04,2,11.95,27.03,24.41,29.54,29.92,3.92,68.9,Zone 5,Unaccounted,10,0,1,0,0,0,0,1,Medium,100,HIGH
Cagayan de Oro,Kauswagan,2021-08-08,8,16.24,27.34,23.89,30.84,31.52,0.25,81.8,Zone 4,Safe,4,1,0,0,0,0,1,1,High,59,MEDIUM
Cagayan de Oro,Kauswagan,2003-07-11,7,9.84,26.98,23.89,29.9,31.5,2.84,85.2,Zone 3,Safe,8,1,1,0,1,0,0,1,Medium,100,HIGH
Cagayan de Oro,Kauswagan,2018-06-16,6,7.36,26.96,24.01,30.41,30.97,1.94,80.1,Zone 3,Safe,8,1,0,0,0,0,0,1,Medium,100,HIGH
Cagayan de Oro,Kauswagan,2012-03-22,3,7.97,29.38,27.46,32.48,32.45,1.75,70.7,Zone 3,Safe,4,0,1,0,0,0,0,1,Medium,100,HIGH
Cagayan de Oro,Kauswagan,2018-12-11,12,6.62,28.23,26.03,31.87,32.67,3.92,84.4,Zone 2,Safe,8,0,0,0,0,0,1,1,Medium,76,HIGH
Cagayan de Oro,Kauswagan,2009-01-24,1,7.7,27.37,25.11,30.62,30.53,5.57,71.6,Zone 3,Safe,6,3,0,0,0,0,0,1,High,100,HIGH
Cagayan de Oro,Kauswagan,2009-10-09,10,10.62,25.65,23.75,27.4,30.17,3.51,85.2,Zone 5,Safe,8,3,0,0,1,0,1,1,Medium,100,HIGH
Cagayan de Oro,Kauswagan,2015-06-01,6,10.55,29.99,27.34,32.17,34.15,2.0,81.6,Zone 2,Evacuated,10,2,0,0,0,0,0,1,Medium,66,MEDIUM
Cagayan de Oro,Kauswagan,2005-02-02,2,3.76,28.6,27.07,30.46,32.04,3.52,74.4,Zone 3,Safe,10,0,0,0,1,0,0,0,Medium,100,HIGH
Cagayan de Oro,Kauswagan,2021-05-27,5,6.55,29.55,27.75,33.35,32.29,1.48,67.4,Zone 6,Safe,9,1,0,0,0,0,1,1,,81,HIGH
Cagayan de Oro,Kauswagan,2022-07-20,7,5.0,27.5,24.72,29.54,31.79,1.93,82.9,Zone 1,Safe,10,1,0,0,0,0,0,1,,51,MEDIUM
Cagayan de Oro,Kauswagan,2019-06-07,6,14.29,28.83,26.72,31.59,34.02,3.14,91.9,Zone 5,Evacuated,2,1,1,0,0,0,0,1,Medium,100,HIGH
Cagayan de Oro,Kauswagan,2017-04-10,4,9.69,28.28,26.04,29.91,31.49,2.27,72.1,Zone 6,Safe,7,0,1,1,0,1,0,1,Medium,100,HIGH
Cagayan de Oro,Kauswagan,2013-05-27,5,6.51,28.79,25.47,31.0,32.09,2.77,73.0,Zone 3,Unaccounted,1,2,0,1,1,1,0,1,,100,HIGH
Cagayan de Oro,Kauswagan,2015-05-26,5,4.46,31.14,28.39,34.38,34.23,1.55,70.9,Zone 2,Safe,4,0,0,0,0,0,0,0,,47,MEDIUM
Cagayan de Oro,Kauswagan,2017-02-25,2,5.32,27.3,25.31,29.54,30.47,4.22,71.7,Zone 6,Safe,7,2,0,1,1,0,1,1,Medium,100,HIGH
Cagayan de Oro,Kauswagan,2004-08-22,8,12.31,26.61,23.67,28.24,31.11,3.49,85.0,Zone 5,Safe,4,3,1,0,0,0,0,1,Medium,100,HIGH
Cagayan de Oro,Kauswagan,2021-01-15,1,14.19,27.45,23.96,29.84,31.47,0.75,80.2,Zone 3,Safe,6,0,0,0,0,0,0,1,Medium,100,HIGH
Cagayan de Oro,Kauswagan,2008-12-03,12,13.65,25.47,23.97,27.4,29.66,4.76,81.9,Zone 3,Safe,2,0,0,0,0,0,0,1,Medium,95,HIGH
Cagayan de Oro,Kauswagan,2004-07-17,7,8.45,28.01,24.7,30.35,32.02,4.33,80.1,Zone 2,Safe,2,1,1,0,1,0,1,1,Medium,92,HIGH
Cagayan de Oro,Kauswagan,2009-04-07,4,7.73,29.27,26.9,31.67,32.32,4.39,70.5,Zone 4,Unaccounted,3,0,1,1,0,0,1,1,Medium,84,HIGH
Cagayan de Oro,Kauswagan,2013-07-23,7,12.69,27.12,24.52,29.72,31.27,1.14,81.5,Zone 5,Evacuated,6,2,0,0,0,0,1,1,Medium,100,HIGH
Cagayan de Oro,Kauswagan,2013-01-23,1,2.69,27.75,25.89,31.26,31.2,2.99,74.5,Zone 5,Safe,3,0,1,0,0,0,0,0,,98,HIGH
Cagayan de Oro,Kauswagan,2006-11-22,11,10.71,28.93,26.13,30.83,33.56,2.7,86.3,Zone 6,Safe,10,1,0,0,0,0,0,1,Medium,81,HIGH
Cagayan de Oro,Kauswagan,2003-02-10,2,3.82,27.4,24.4,29.44,31.75,2.26,83.5,Zone 5,Safe,6,1,0,0,0,0,0,0,,97,HIGH
Cagayan de Oro,Kauswagan,2009-10-19,10,8.94,26.86,24.2,29.07,31.71,1.51,88.5,Zone 5,Safe,6,1,1,1,0,1,0,1,Medium,100,HIGH
Cagayan de Oro,Kauswagan,2004-08-10,8,15.11,25.66,23.86,28.71,30.47,2.43,88.1,Zone 5,Safe,5,2,0,0,0,0,0,1,High,100,HIGH
Cagayan de Oro,Kauswagan,2019-09-17,9,13.46,27.08,24.8,29.49,31.43,2.43,83.5,Zone 1,Safe,2,2,0,0,0,0,0,1,Medium,54,MEDIUM
Cagayan de Oro,Kauswagan,2022-03-26,3,7.84,27.84,26.09,31.0,30.95,3.21,71.1,Zone 3,Safe,6,3,0,1,1,1,0,1,Medium,100,HIGH
Cagayan de Oro,Kauswagan,2021-12-21,12,8.02,28.15,26.4,31.92,32.48,3.25,83.3,Zone 3,Safe,3,1,1,0,0,0,0,1,Medium,100,HIGH
Cagayan de Oro,Kauswagan,2009-02-04,2,6.14,27.8,26.18,30.09,31.95,1.6,81.5,Zone 3,Safe,2,0,0,1,0,0,1,1,,100,HIGH
Cagayan de Oro,Kauswagan,2008-04-10,4,6.32,28.22,25.63,32.06,31.94,1.18,77.2,Zone 5,Unaccounted,3,0,0,0,1,0,0,1,,100,HIGH
Cagayan de Oro,Kauswagan,2015-07-06,7,14.78,27.15,24.7,28.85,31.53,0.67,83.8,Zone 3,Safe,3,1,0,0,0,0,0,1,Medium,100,HIGH
Cagayan de Oro,Kauswagan,2011-04-27,4,10.88,28.66,26.84,31.5,32.17,2.44,75.1,Zone 5,Safe,1,2,0,0,0,0,0,1,Medium,100,HIGH
Cagayan de Oro,Kauswagan,2007-01-10,1,9.7,26.48,23.74,29.81,30.11,1.57,76.3,Zone 5,Evacuated,10,1,0,0,0,0,0,1,Medium,100,HIGH
Cagayan de Oro,Kauswagan,2015-12-14,12,9.12,26.85,23.53,29.11,30.63,2.65,77.8,Zone 4,Unaccounted,8,0,0,0,0,0,0,1,Medium,63,MEDIUM
Cagayan de Oro,Kauswagan,2013-01-15,1,9.16,27.42,25.56,29.65,31.45,1.93,80.3,Zone 2,Evacuated,1,0,0,0,0,0,0,1,Medium,42,MEDIUM
Cagayan de Oro,Kauswagan,2014-01-26,1,6.06,27.01,23.8,28.56,30.95,1.32,79.4,Zone 5,Evacuated,10,1,0,0,0,0,0,1,,93,HIGH
Cagayan de Oro,Kauswagan,2017-03-10,3,12.18,28.41,25.3,30.25,31.81,7.07,74.0,Zone 5,Safe,7,0,0,1,0,1,0,1,High,100,HIGH
Cagayan de Oro,Kauswagan,2018-10-06,10,17.54,27.08,23.58,29.67,31.26,3.46,81.8,Zone 5,Evacuated,4,1,0,0,0,0,0,1,High,100,HIGH
Cagayan de Oro,Kauswagan,2020-03-08,3,5.42,28.0,25.18,31.51,31.63,3.36,76.3,Zone 2,Safe,9,0,0,1,0,1,1,1,Medium,94,HIGH
Cagayan de Oro,Kauswagan,2016-09-21,9,11.98,27.66,25.13,30.36,32.29,1.18,86.3,Zone 5,Unaccounted,1,1,0,1,0,0,0,1,Medium,100,HIGH
Cagayan de Oro,Kauswagan,2010-06-15,6,9.41,28.45,26.79,31.49,32.63,5.17,81.8,Zone 2,Safe,4,1,0,0,0,0,0,1,High,76,HIGH
Cagayan de Oro,Kauswagan,2021-07-22,7,7.27,27.71,25.02,30.9,31.79,2.22,80.8,Zone 5,Evacuated,6,1,1,0,0,0,0,1,Medium,100,HIGH
Cagayan de Oro,Kauswagan,2018-06-01,6,9.05,29.52,26.05,33.51,33.44,0.0,79.2,Zone 5,Safe,8,1,0,0,0,0,1,1,Medium,100,HIGH
Cagayan de Oro,Kauswagan,2012-05-19,5,5.49,28.9,26.08,31.92,32.64,1.49,77.4,Zone 2,Evacuated,7,0,0,0,0,0,0,1,,46,MEDIUM
Cagayan de Oro,Kauswagan,2016-07-17,7,5.53,27.21,24.3,29.75,31.38,0.24,81.7,Zone 5,Evacuated,4,1,0,0,0,0,0,1,,86,HIGH
Cagayan de Oro,Kauswagan,2014-06-19,6,9.7,29.08,27.43,32.53,32.69,2.33,76.1,Zone 5,Safe,5,2,0,0,0,0,0,1,Medium,100,HIGH
Cagayan de Oro,Kauswagan,2014-03-06,3,1.26,27.86,25.19,30.2,31.61,2.79,77.5,Zone 6,Safe,4,1,0,0,0,0,1,0,,66,MEDIUM
Cagayan de Oro,Kauswagan,2012-02-12,2,5.13,27.02,25.33,29.55,29.59,3.82,65.7,Zone 5,Evacuated,6,0,1,0,0,0,0,1,Medium,100,HIGH
Cagayan de Oro,Kauswagan,2016-01-20,1,7.04,27.53,25.03,29.89,32.26,0.28,87.3,Zone 5,Evacuated,7,0,1,0,0,0,1,1,Medium,100,HIGH
Cagayan de Oro,Kauswagan,2003-06-24,6,9.86,28.55,26.55,31.28,32.16,4.26,76.1,Zone 5,Safe,3,1,0,0,0,0,0,1,Medium,100,HIGH
Cagayan de Oro,Kauswagan,2018-07-28,7,10.41,27.54,24.35,31.01,31.94,4.54,84.0,Zone 5,Safe,1,3,0,0,0,0,0,1,Medium,100,HIGH
Cagayan de Oro,Kauswagan,2009-11-06,11,8.15,26.91,24.14,29.77,30.38,3.19,74.7,Zone 3,Safe,2,1,0,1,0,0,1,1,Medium,100,HIGH
Cagayan de Oro,Kauswagan,2012-06-28,6,11.62,27.39,24.54,30.74,31.87,3.41,84.8,Zone 3,Unaccounted,6,3,1,0,0,1,1,1,Medium,100,HIGH
Cagayan de Oro,Kauswagan,2013-08-24,8,11.08,27.48,24.08,30.04,31.84,3.49,83.6,Zone 2,Evacuated,8,3,0,0,0,0,0,1,Medium,72,HIGH
Cagayan de Oro,Kauswagan,2022-02-10,2,5.31,25.91,22.73,27.92,29.09,3.94,71.8,Zone 5,Unaccounted,2,2,1,0,0,1,1,1,Medium,100,HIGH
Cagayan de Oro,Kauswagan,2016-04-02,4,10.14,29.15,26.19,31.49,32.94,5.28,77.9,Zone 6,Unaccounted,5,1,0,0,0,0,0,1,High,100,HIGH
Cagayan de Oro,Kauswagan,2020-04-27,4,5.95,27.64,25.95,31.14,31.66,2.74,80.2,Zone 1,Safe,7,0,1,0,0,1,1,1,,71,HIGH
Cagayan de Oro,Kauswagan,2019-03-03,3,5.62,27.5,25.69,29.19,30.62,3.04,71.2,Zone 3,Safe,9,0,0,0,0,0,0,1,Medium,100,HIGH
Cagayan de Oro,Kauswagan,2016-09-09,9,10.75,27.61,25.98,30.7,31.66,2.79,80.5,Zone 3,Safe,8,2,0,1,0,0,0,1,Medium,100,HIGH
Cagayan de Oro,Kauswagan,2021-02-10,2,6.12,27.05,24.34,29.75,31.16,2.27,81.1,Zone 6,Unaccounted,1,0,0,0,0,0,0,1,,74,HIGH
Cagayan de Oro,Kauswagan,2009-01-09,1,4.06,27.17,24.38,30.33,31.47,4.71,83.0,Zone 2,Safe,4,0,0,0,0,0,0,0,Medium,54,MEDIUM
Cagayan de Oro,Kauswagan,2014-01-14,1,9.03,27.12,25.49,28.73,30.86,2.19,77.4,Zone 5,Safe,7,0,0,0,0,0,0,1,Medium,100,HIGH
Cagayan de Oro,Kauswagan,2009-05-04,5,6.35,29.22,27.48,31.56,33.32,3.21,81.0,Zone 3,Safe,8,0,0,0,0,0,0,1,Medium,100,HIGH
Cagayan de Oro,Kauswagan,2007-12-16,12,7.21,27.01,24.14,28.83,30.83,3.37,78.2,Zone 2,Safe,6,0,0,1,0,1,0,1,Medium,84,HIGH
Cagayan de Oro,Kauswagan,2018-11-03,11,13.82,28.05,25.79,31.5,32.34,1.54,82.9,Zone 3,Evacuated,10,3,0,0,0,0,1,1,Medium,100,HIGH
Cagayan de Oro,Kauswagan,2020-09-16,9,8.31,27.9,24.59,31.46,32.88,1.77,89.8,Zone 5,Safe,8,2,1,1,1,0,0,1,Medium,100,HIGH
Cagayan de Oro,Kauswagan,2005-08-15,8,9.85,28.18,26.42,30.21,32.1,3.12,79.2,Zone 1,Safe,9,3,0,0,0,0,0,1,Medium,70,HIGH
Cagayan de Oro,Kauswagan,2008-08-21,8,12.92,28.32,26.74,31.09,32.88,1.6,85.6,Zone 5,Safe,5,1,0,0,1,0,0,1,Medium,100,HIGH
Cagayan de Oro,Kauswagan,2019-06-24,6,8.66,27.45,25.13,30.22,32.33,3.89,88.8,Zone 5,Unaccounted,8,3,0,0,0,0,0,1,Medium,100,HIGH
Cagayan de Oro,Kauswagan,2020-02-18,2,6.02,27.76,24.46,29.34,31.7,0.89,79.4,Zone 1,Unaccounted,10,1,1,1,0,0,0,1,,91,HIGH
Cagayan de Oro,Kauswagan,2006-11-21,11,8.35,28.19,25.99,30.9,32.82,5.34,86.3,Zone 3,Safe,6,2,1,0,1,0,1,1,High,100,HIGH
Cagayan de Oro,Kauswagan,2007-11-13,11,8.21,28.27,26.7,32.02,32.42,2.62,81.5,Zone 1,Unaccounted,10,1,0,0,0,0,0,1,Medium,76,HIGH
Cagayan de Oro,Kauswagan,2005-03-15,3,3.11,29.05,26.2,31.34,32.85,1.52,78.0,Zone 2,Safe,7,0,0,0,0,0,0,0,,53,MEDIUM
Cagayan de Oro,Kauswagan,2003-07-15,7,6.19,27.19,25.41,28.83,30.88,3.62,76.9,Zone 3,Safe,2,2,0,0,0,0,0,1,Medium,100,HIGH
Cagayan de Oro,Kauswagan,2011-09-22,9,13.97,28.26,26.39,31.48,33.07,4.91,88.1,Zone 5,Safe,6,2,0,0,1,0,1,1,Medium,100,HIGH
Cagayan de Oro,Kauswagan,2004-05-25,5,7.0,29.1,26.7,32.95,32.97,3.16,78.7,Zone 2,Safe,10,1,0,0,0,0,0,1,Medium,75,HIGH
Cagayan de Oro,Kauswagan,2019-12-17,12,6.23,25.79,23.21,29.3,29.77,1.32,79.8,Zone 2,Unaccounted,3,1,1,1,0,0,0,1,,100,HIGH
Cagayan de Oro,Kauswagan,2004-01-24,1,5.89,27.56,25.15,29.41,31.38,2.04,78.2,Zone 1,Evacuated,5,0,0,0,1,1,0,1,,41,MEDIUM
Cagayan de Oro,Kauswagan,2008-02-04,2,5.1,28.22,26.13,29.98,31.88,4.13,76.6,Zone 6,Safe,8,0,0,0,0,0,0,1,Medium,75,HIGH
Cagayan de Oro,Kauswagan,2003-05-04,5,4.47,28.89,25.48,32.85,32.24,3.33,73.5,Zone 2,Safe,7,0,0,0,1,0,0,0,Medium,68,MEDIUM
Cagayan de Oro,Kauswagan,2016-05-05,5,7.99,30.63,28.88,32.86,33.97,1.64,73.4,Zone 5,Unaccounted,8,0,0,0,0,0,0,1,Medium,100,HIGH
Cagayan de Oro,Kauswagan,2018-09-14,9,9.45,28.87,27.21,32.38,32.95,2.73,80.8,Zone 3,Unaccounted,9,1,0,1,0,0,1,1,Medium,100,HIGH
Cagayan de Oro,Kauswagan,2017-03-11,3,4.49,28.32,25.27,31.55,32.32,1.66,80.0,Zone 2,Evacuated,4,1,0,0,0,0,0,0,,38,LOW
Cagayan de Oro,Kauswagan,2012-04-05,4,6.5,29.85,26.67,33.0,33.57,3.74,77.2,Zone 6,Evacuated,10,3,1,0,1,0,0,1,Medium,98,HIGH
Cagayan de Oro,Kauswagan,2004-04-21,4,3.98,28.76,26.74,32.66,31.76,2.84,70.0,Zone 6,Safe,2,2,0,0,0,0,0,0,,62,MEDIUM
Cagayan de Oro,Kauswagan,2019-10-24,10,10.61,28.2,24.83,31.13,32.3,4.21,81.0,Zone 3,Safe,10,1,0,0,0,0,0,1,Medium,100,HIGH
Cagayan de Oro,Kauswagan,2019-05-28,5,6.07,29.66,27.92,33.48,33.29,0.17,76.3,Zone 2,Evacuated,1,0,0,0,0,0,0,1,,35,LOW
Cagayan de Oro,Kauswagan,2007-05-08,5,11.69,29.3,27.31,32.84,32.51,3.18,72.1,Zone 3,Unaccounted,7,2,0,0,0,0,0,1,Medium,100,HIGH
Cagayan de Oro,Kauswagan,2017-02-06,2,6.5,27.64,25.41,29.34,31.95,1.46,83.1,Zone 6,Unaccounted,1,0,0,0,0,0,0,1,,74,HIGH
Cagayan de Oro,Kauswagan,2009-08-09,8,7.76,28.45,25.49,30.34,32.58,3.74,81.3,Zone 3,Unaccounted,8,1,0,1,1,1,0,1,Medium,100,HIGH
Cagayan de Oro,Kauswagan,2005-03-11,3,4.64,28.35,25.1,31.53,31.78,1.72,74.3,Zone 5,Safe,2,2,0,0,0,0,0,0,,96,HIGH
Cagayan de Oro,Kauswagan,2006-11-03,11,3.96,27.15,24.47,30.95,31.17,1.31,80.2,Zone 6,Safe,3,1,0,0,0,0,0,1,,66,MEDIUM
Cagayan de Oro,Kauswagan,2015-02-08,2,5.01,26.32,23.52,28.33,30.5,3.6,81.8,Zone 5,Evacuated,6,2,0,0,0,0,0,1,Medium,100,HIGH
Cagayan de Oro,Kauswagan,2011-11-10,11,7.97,27.18,25.35,30.84,31.56,3.49,83.8,Zone 1,Evacuated,8,2,0,1,1,0,1,1,Medium,74,HIGH
Cagayan de Oro,Kauswagan,2007-05-22,5,6.14,29.04,26.91,31.6,32.21,0.0,71.7,Zone 3,Safe,7,0,0,0,0,0,1,1,,100,HIGH
Cagayan de Oro,Kauswagan,2022-10-23,10,8.1,28.64,26.52,31.98,32.3,3.04,76.6,Zone 3,Safe,2,1,0,0,1,0,1,1,Medium,100,HIGH
Cagayan de Oro,Kauswagan,2013-04-15,4,7.45,28.74,26.17,30.63,32.58,2.83,78.4,Zone 3,Safe,10,0,0,0,1,0,0,1,Medium,100,HIGH
Cagayan de Oro,Kauswagan,2012-10-19,10,8.01,28.04,24.61,30.0,33.05,0.81,90.1,Zone 1,Safe,4,1,0,0,0,0,0,1,Medium,51,MEDIUM
Cagayan de Oro,Kauswagan,2014-04-27,4,4.94,28.87,26.35,32.1,32.02,3.27,71.5,Zone 4,Unaccounted,6,2,0,0,0,0,0,0,Medium,64,MEDIUM
Cagayan de Oro,Kauswagan,2013-09-01,9,8.74,26.82,25.26,30.33,31.18,1.83,83.6,Zone 6,Safe,8,2,0,0,0,0,1,1,Medium,94,HIGH
Cagayan de Oro,Kauswagan,2017-11-21,11,12.16,27.88,24.76,30.28,31.97,2.91,80.9,Zone 4,Evacuated,5,3,0,0,0,0,0,1,Medium,43,MEDIUM
Cagayan de Oro,Kauswagan,2018-05-23,5,7.16,28.79,26.31,31.5,32.11,2.43,73.2,Zone 3,Safe,5,0,0,0,0,0,0,1,Medium,100,HIGH
Cagayan de Oro,Kauswagan,2004-10-08,10,8.19,28.15,26.04,30.36,32.68,5.96,85.3,Zone 5,Safe,7,1,0,0,0,0,1,1,High,100,HIGH
Cagayan de Oro,Kauswagan,2012-03-13,3,8.42,28.17,25.58,29.98,31.87,2.74,77.0,Zone 3,Evacuated,8,0,0,0,0,0,0,1,Medium,90,HIGH
Cagayan de Oro,Kauswagan,2017-04-16,4,8.36,29.74,27.05,33.2,32.86,1.37,71.2,Zone 5,Unaccounted,9,0,0,0,1,0,0,1,Medium,100,HIGH
Cagayan de Oro,Kauswagan,2015-11-26,11,9.97,26.89,25.35,28.64,31.45,2.68,85.6,Zone 5,Safe,5,1,0,0,0,0,0,1,Medium,100,HIGH
Cagayan de Oro,Kauswagan,2014-06-09,6,12.62,28.73,25.77,31.74,32.6,1.68,78.7,Zone 6,Safe,7,1,0,1,0,0,1,1,Medium,97,HIGH
Cagayan de Oro,Kauswagan,2011-03-27,3,6.66,29.71,27.27,32.31,33.59,0.0,78.8,Zone 2,Safe,3,0,1,1,0,1,0,1,,84,HIGH
Cagayan de Oro,Kauswagan,2015-04-04,4,6.53,27.02,23.97,29.06,30.49,2.65,74.7,Zone 5,Safe,4,1,1,0,1,0,1,1,,100,HIGH
Cagayan de Oro,Kauswagan,2022-11-21,11,15.02,28.33,25.81,31.16,31.89,4.19,75.6,Zone 5,Unaccounted,3,1,0,1,0,0,0,1,High,100,HIGH
Cagayan de Oro,Kauswagan,2016-11-08,11,8.53,26.75,25.07,30.38,30.55,3.77,78.0,Zone 3,Safe,5,1,0,0,1,0,0,1,Medium,100,HIGH
Cagayan de Oro,Kauswagan,2014-05-20,5,6.87,30.08,27.16,32.47,32.86,5.11,67.8,Zone 4,Safe,9,2,0,0,0,0,0,1,High,65,MEDIUM
Cagayan de Oro,Kauswagan,2006-12-07,12,6.11,27.59,25.1,31.28,31.82,2.66,82.3,Zone 3,Evacuated,3,0,0,0,0,0,0,1,,75,HIGH
Cagayan de Oro,Kauswagan,2007-04-05,4,2.4,28.89,25.53,31.09,31.49,2.88,66.0,Zone 6,Safe,4,0,0,0,0,0,0,0,,53,MEDIUM
Cagayan de Oro,Kauswagan,2018-11-05,11,8.0,28.08,25.81,30.73,32.6,2.33,85.2,Zone 2,Unaccounted,5,2,1,0,1,0,0,1,Medium,100,HIGH
Cagayan de Oro,Kauswagan,2015-05-24,5,8.43,28.76,26.59,31.18,32.29,1.24,75.3,Zone 5,Safe,9,0,1,0,0,0,0,1,Medium,100,HIGH
Cagayan de Oro,Kauswagan,2003-01-12,1,5.91,26.96,23.58,30.23,30.64,2.5,76.8,Zone 5,Unaccounted,9,1,0,0,0,0,0,1,,100,HIGH
Cagayan de Oro,Kauswagan,2012-08-25,8,15.29,26.86,24.0,29.21,31.24,2.69,83.8,Zone 1,Safe,9,3,0,1,0,1,1,1,High,100,HIGH
Cagayan de Oro,Kauswagan,2011-08-26,8,8.86,27.95,26.08,31.01,32.63,3.69,86.8,Zone 3,Safe,5,1,0,1,0,1,0,1,Medium,100,HIGH
Cagayan de Oro,Kauswagan,2007-12-26,12,9.73,27.29,24.36,30.09,31.23,2.43,79.4,Zone 2,Safe,7,1,1,0,0,0,0,1,Medium,86,HIGH
Cagayan de Oro,Kauswagan,2004-06-04,6,8.58,28.38,26.86,30.83,32.54,0.0,81.6,Zone 3,Safe,3,1,0,0,0,0,0,1,Medium,100,HIGH
Cagayan de Oro,Kauswagan,2011-11-21,11,6.27,26.74,23.33,29.98,30.83,2.78,80.9,Zone 3,Safe,10,2,0,0,0,0,0,1,,100,HIGH
Cagayan de Oro,Kauswagan,2018-06-07,6,7.42,28.09,26.45,31.85,31.87,0.43,77.8,Zone 2,Safe,2,3,0,0,0,0,0,1,Medium,77,HIGH
Cagayan de Oro,Kauswagan,2021-01-18,1,6.67,28.2,25.58,29.86,32.14,1.07,79.4,Zone 5,Safe,1,1,0,0,1,0,0,1,,100,HIGH
Cagayan de Oro,Kauswagan,2022-01-16,1,5.15,26.87,24.95,28.95,30.97,2.3,81.0,Zone 1,Safe,4,0,0,0,0,0,0,1,,38,LOW
Cagayan de Oro,Kauswagan,2011-08-07,8,13.23,27.27,23.89,30.63,31.54,2.52,82.7,Zone 6,Safe,1,3,0,0,1,1,0,1,Medium,97,HIGH
Cagayan de Oro,Kauswagan,2003-10-21,10,8.32,27.7,25.15,30.23,32.14,1.53,84.4,Zone 5,Evacuated,1,2,0,0,0,0,0,1,Medium,94,HIGH
Cagayan de Oro,Kauswagan,2020-03-01,3,15.42,28.87,26.06,31.56,32.8,3.75,79.3,Zone 5,Unaccounted,2,0,0,0,1,0,1,1,High,100,HIGH
Cagayan de Oro,Kauswagan,2022-03-08,3,9.71,28.21,24.72,31.46,31.93,2.45,77.2,Zone 6,Safe,1,0,0,0,0,0,0,1,Medium,63,MEDIUM
Cagayan de Oro,Kauswagan,2022-06-26,6,14.36,29.23,25.92,32.96,32.93,3.82,77.0,Zone 5,Safe,8,3,0,0,0,0,0,1,Medium,100,HIGH
Cagayan de Oro,Kauswagan,2022-06-15,6,10.08,27.68,26.12,29.6,31.88,0.26,82.0,Zone 5,Safe,9,1,0,0,0,0,0,1,Medium,100,HIGH
Cagayan de Oro,Kauswagan,2003-07-28,7,8.56,27.86,24.59,30.07,32.44,1.66,85.8,Zone 1,Safe,6,1,1,0,1,1,0,1,Medium,83,HIGH
Cagayan de Oro,Kauswagan,2017-01-02,1,6.47,28.31,25.78,31.18,32.09,0.85,77.8,Zone 6,Safe,6,0,0,0,1,0,1,1,,80,HIGH
Cagayan de Oro,Kauswagan,2013-11-18,11,8.46,28.59,25.19,30.1,32.65,1.59,80.6,Zone 4,Safe,2,1,0,0,0,0,0,1,Medium,41,MEDIUM
Cagayan de Oro,Kauswagan,2017-10-27,10,9.9,27.79,25.94,29.91,31.9,3.12,81.1,Zone 5,Safe,5,2,0,0,0,0,0,1,Medium,100,HIGH
Cagayan de Oro,Kauswagan,2016-03-17,3,5.62,29.34,25.93,31.1,32.93,4.6,75.9,Zone 6,Unaccounted,5,1,0,0,0,0,0,1,Medium,94,HIGH
Cagayan de Oro,Kauswagan,2010-05-26,5,6.45,29.99,27.19,32.17,33.16,2.82,71.7,Zone 3,Evacuated,1,1,0,0,0,1,0,1,,85,HIGH
Cagayan de Oro,Kauswagan,2018-03-04,3,4.69,27.82,24.57,29.97,31.76,2.01,79.4,Zone 5,Safe,5,1,0,0,0,0,0,0,,95,HIGH
Cagayan de Oro,Kauswagan,2006-10-10,10,9.36,27.44,25.09,31.14,31.9,2.1,84.6,Zone 5,Unaccounted,7,1,0,0,1,1,1,1,Medium,100,HIGH
Cagayan de Oro,Kauswagan,2014-09-24,9,9.14,26.18,23.61,28.8,30.62,2.93,84.4,Zone 3,Evacuated,2,1,0,0,0,1,0,1,Medium,94,HIGH
Cagayan de Oro,Kauswagan,2007-08-21,8,7.39,27.94,24.48,30.16,32.77,2.27,88.3,Zone 4,Safe,8,2,0,0,0,1,0,1,Medium,65,MEDIUM
Cagayan de Oro,Kauswagan,2013-09-20,9,10.3,26.35,24.42,29.03,30.9,3.48,85.5,Zone 3,Safe,3,1,0,0,0,0,0,1,Medium,100,HIGH
Cagayan de Oro,Kauswagan,2011-02-14,2,4.72,26.02,23.81,29.19,29.77,1.92,77.5,Zone 4,Safe,3,3,0,0,0,0,0,0,,40,MEDIUM
Cagayan de Oro,Kauswagan,2020-04-15,4,5.11,29.09,27.56,31.69,31.61,3.04,65.2,Zone 4,Safe,8,1,0,0,0,0,0,1,Medium,51,MEDIUM
Cagayan de Oro,Kauswagan,2019-06-03,6,9.47,27.97,24.79,30.4,32.68,3.26,87.1,Zone 2,Evacuated,3,3,0,1,0,0,1,1,Medium,81,HIGH
Cagayan de Oro,Kauswagan,2010-01-27,1,4.35,27.5,24.66,31.37,31.13,2.7,76.3,Zone 3,Safe,4,3,1,1,0,0,0,0,,100,HIGH
Cagayan de Oro,Kauswagan,2018-06-13,6,13.07,29.48,26.0,33.45,33.84,3.34,83.6,Zone 4,Safe,4,1,0,0,1,0,0,1,Medium,52,MEDIUM
Cagayan de Oro,Kauswagan,2019-08-22,8,20.03,28.89,25.66,31.26,33.73,2.27,88.4,Zone 3,Safe,6,1,0,1,0,0,0,1,High,100,HIGH
Cagayan de Oro,Kauswagan,2015-06-25,6,6.66,28.4,26.14,29.92,32.98,1.87,85.8,Zone 5,Safe,1,3,0,0,0,0,0,1,,100,HIGH
Cagayan de Oro,Kauswagan,2020-08-26,8,8.08,28.79,26.86,31.92,32.39,2.75,76.0,Zone 6,Safe,4,1,1,0,1,1,0,1,Medium,100,HIGH
Cagayan de Oro,Kauswagan,2013-11-13,11,7.37,27.14,24.33,28.95,31.81,4.03,86.7,Zone 2,Safe,7,2,0,0,0,0,1,1,Medium,87,HIGH
Cagayan de Oro,Kauswagan,2017-11-20,11,8.13,28.53,25.3,32.04,33.24,2.02,87.1,Zone 6,Unaccounted,1,2,1,0,0,1,0,1,Medium,100,HIGH
Cagayan de Oro,Kauswagan,2011-01-16,1,4.23,28.51,25.13,30.26,32.55,1.61,80.4,Zone 5,Safe,4,0,0,0,0,0,0,0,,87,HIGH
Cagayan de Oro,Kauswagan,2011-01-26,1,4.45,26.97,24.0,28.67,31.26,3.13,82.9,Zone 4,Unaccounted,8,3,0,1,1,0,0,0,Medium,91,HIGH
Cagayan de Oro,Kauswagan,2017-07-18,7,9.94,28.93,27.27,32.25,33.47,5.4,85.4,Zone 6,Unaccounted,7,1,1,0,0,1,1,1,High,100,HIGH
Cagayan de Oro,Kauswagan,2018-02-12,2,4.0,27.2,24.28,30.7,30.76,3.98,75.6,Zone 3,Unaccounted,6,0,0,0,0,0,0,0,Medium,100,HIGH
Cagayan de Oro,Kauswagan,2016-09-14,9,19.95,25.43,23.69,27.3,29.97,1.33,85.4,Zone 5,Evacuated,8,1,0,0,0,0,0,1,High,100,HIGH
Cagayan de Oro,Kauswagan,2014-08-17,8,7.58,26.62,23.36,29.69,30.46,2.04,78.4,Zone 6,Safe,10,1,0,0,0,0,0,1,Medium,81,HIGH
Cagayan de Oro,Kauswagan,2011-07-07,7,5.81,26.52,23.65,28.45,30.83,2.88,83.1,Zone 5,Evacuated,3,1,0,0,0,0,0,1,,85,HIGH
Cagayan de Oro,Kauswagan,2019-10-27,10,7.64,27.93,24.64,31.47,31.91,4.88,79.8,Zone 3,Safe,6,1,0,0,0,0,0,1,Medium,100,HIGH
Cagayan de Oro,Kauswagan,2006-08-23,8,8.73,27.69,25.77,31.61,32.53,2.13,88.4,Zone 2,Evacuated,1,1,0,0,0,0,0,1,Medium,48,MEDIUM
Cagayan de Oro,Kauswagan,2014-09-09,9,14.83,26.18,23.84,29.99,31.39,2.14,92.1,Zone 5,Safe,6,3,1,0,0,0,0,1,Medium,100,HIGH
Cagayan de Oro,Kauswagan,2015-12-15,12,6.67,27.32,25.04,29.56,31.01,0.93,76.9,Zone 5,Safe,10,2,1,0,0,0,0,1,,100,HIGH
Cagayan de Oro,Kauswagan,2012-07-22,7,10.67,28.59,26.35,31.72,33.29,1.61,87.0,Zone 1,Safe,8,2,0,0,0,0,0,1,Medium,64,MEDIUM
Cagayan de Oro,Kauswagan,2018-06-27,6,10.87,28.1,25.16,30.56,31.26,3.84,71.6,Zone 5,Unaccounted,8,3,0,0,0,0,0,1,Medium,100,HIGH
Cagayan de Oro,Kauswagan,2003-06-05,6,7.47,27.45,24.95,30.79,31.51,3.76,80.6,Zone 3,Safe,3,1,0,0,0,0,0,1,Medium,100,HIGH
Cagayan de Oro,Kauswagan,2005-06-06,6,7.78,29.99,27.51,31.65,34.22,3.77,82.3,Zone 1,Safe,9,1,0,0,0,0,1,1,Medium,65,MEDIUM
Cagayan de Oro,Kauswagan,2018-09-17,9,10.4,27.03,23.54,29.7,31.67,0.14,86.4,Zone 1,Safe,5,1,0,0,0,0,0,1,Medium,53,MEDIUM
Cagayan de Oro,Kauswagan,2020-02-22,2,9.68,27.96,25.74,29.56,31.58,3.04,76.2,Zone 5,Unaccounted,3,0,0,1,0,0,0,1,Medium,100,HIGH
Cagayan de Oro,Kauswagan,2016-11-17,11,11.96,27.75,24.68,29.94,31.82,1.39,80.7,Zone 5,Safe,8,1,0,0,0,0,0,1,Medium,100,HIGH
Cagayan de Oro,Kauswagan,2021-07-07,7,10.37,27.85,26.28,29.76,31.69,1.93,78.4,Zone 1,Unaccounted,5,1,0,0,0,0,0,1,Medium,71,HIGH
Cagayan de Oro,Kauswagan,2009-09-23,9,9.15,27.61,24.11,31.16,32.16,1.44,85.5,Zone 5,Safe,1,3,0,0,0,0,0,1,Medium,100,HIGH
Cagayan de Oro,Kauswagan,2019-02-26,2,6.46,27.94,25.91,29.49,31.57,3.97,76.3,Zone 5,Safe,9,0,0,0,0,0,0,1,Medium,100,HIGH
Cagayan de Oro,Kauswagan,2014-08-11,8,7.98,27.16,25.39,29.38,31.53,2.38,83.7,Zone 3,Safe,7,1,0,0,0,0,0,1,Medium,100,HIGH
Cagayan de Oro,Kauswagan,2022-04-14,4,5.36,28.97,26.56,31.1,32.49,0.45,75.2,Zone 3,Safe,9,0,0,0,0,0,0,1,,98,HIGH
Cagayan de Oro,Kauswagan,2020-08-19,8,8.42,27.25,25.35,30.0,31.95,0.0,87.0,Zone 5,Evacuated,2,2,0,0,0,0,0,1,Medium,96,HIGH
Cagayan de Oro,Kauswagan,2022-07-14,7,8.0,27.39,25.03,31.08,31.65,3.67,82.6,Zone 3,Evacuated,4,3,0,0,0,0,1,1,Medium,100,HIGH
Cagayan de Oro,Kauswagan,2020-06-23,6,10.38,28.22,25.85,30.35,32.15,0.78,79.3,Zone 1,Safe,9,3,0,0,0,0,0,1,Medium,70,HIGH
Cagayan de Oro,Kauswagan,2004-11-13,11,8.55,28.97,26.08,31.97,33.23,1.59,82.6,Zone 5,Evacuated,2,2,0,1,0,1,1,1,Medium,100,HIGH
Cagayan de Oro,Kauswagan,2012-07-20,7,7.21,27.35,24.58,29.9,31.09,3.26,77.4,Zone 5,Unaccounted,10,1,0,0,1,0,1,1,Medium,100,HIGH
Cagayan de Oro,Kauswagan,2019-03-14,3,4.54,27.69,24.47,31.28,31.0,2.68,73.1,Zone 3,Safe,10,0,0,0,0,0,0,0,,90,HIGH
Cagayan de Oro,Kauswagan,2022-10-24,10,8.42,26.69,23.42,28.31,31.31,3.49,86.2,Zone 5,Unaccounted,1,1,1,0,1,1,0,1,Medium,100,HIGH
Cagayan de Oro,Kauswagan,2022-01-22,1,9.84,26.23,24.1,29.53,29.49,2.05,72.6,Zone 2,Evacuated,3,2,0,0,0,0,0,1,Medium,58,MEDIUM
Cagayan de Oro,Kauswagan,2008-11-15,11,8.46,28.15,26.45,29.97,32.05,1.52,79.0,Zone 3,Evacuated,6,2,0,0,1,0,0,1,Medium,100,HIGH
Cagayan de Oro,Kauswagan,2015-06-24,6,11.0,29.49,27.65,31.75,33.22,1.17,77.3,Zone 2,Unaccounted,5,1,0,0,0,0,0,1,Medium,88,HIGH
Cagayan de Oro,Kauswagan,2015-01-04,1,12.09,27.25,25.08,29.77,30.79,4.87,75.4,Zone 6,Evacuated,4,1,1,0,1,0,1,1,Medium,86,HIGH
Cagayan de Oro,Kauswagan,2009-03-10,3,9.17,27.46,24.5,29.92,30.41,2.42,69.5,Zone 5,Safe,9,0,0,0,0,0,0,1,Medium,100,HIGH
Cagayan de Oro,Kauswagan,2018-04-02,4,5.25,28.61,26.48,32.47,31.52,2.94,69.1,Zone 3,Safe,9,2,0,0,0,0,0,1,,100,HIGH
Cagayan de Oro,Kauswagan,2004-05-06,5,7.22,28.38,26.6,30.59,31.44,4.53,70.6,Zone 3,Safe,6,0,0,0,0,0,0,1,Medium,100,HIGH
Cagayan de Oro,Kauswagan,2022-01-25,1,9.01,26.95,25.03,30.62,30.3,1.85,73.5,Zone 3,Unaccounted,9,0,0,0,0,0,1,1,Medium,100,HIGH
Cagayan de Oro,Kauswagan,2017-10-26,10,12.72,27.05,25.5,29.21,30.98,3.93,79.3,Zone 4,Safe,4,1,1,1,0,1,0,1,Medium,74,HIGH
Cagayan de Oro,Kauswagan,2020-02-22,2,6.56,27.65,25.8,30.84,31.17,2.06,75.2,Zone 5,Evacuated,4,3,0,0,0,0,0,1,,98,HIGH
Cagayan de Oro,Kauswagan,2010-08-16,8,12.49,27.65,25.17,30.04,32.25,2.14,86.0,Zone 6,Safe,7,1,0,0,0,0,0,1,Medium,80,HIGH
Cagayan de Oro,Kauswagan,2010-06-16,6,9.71,28.39,26.21,30.66,31.88,1.29,74.9,Zone 2,Unaccounted,5,1,0,0,0,0,0,1,Medium,88,HIGH
Cagayan de Oro,Kauswagan,2016-07-14,7,10.62,28.92,27.21,32.65,33.39,1.78,84.7,Zone 4,Safe,4,2,0,1,0,0,0,1,Medium,60,MEDIUM
Cagayan de Oro,Kauswagan,2008-10-09,10,8.83,28.54,26.11,30.17,32.5,2.05,79.6,Zone 5,Safe,2,1,1,1,0,1,0,1,Medium,100,HIGH
Cagayan de Oro,Kauswagan,2010-04-21,4,5.63,28.23,25.59,30.82,32.05,2.13,78.2,Zone 6,Safe,9,3,0,0,1,0,0,1,,94,HIGH
Cagayan de Oro,Kauswagan,2012-09-06,9,12.12,27.7,24.58,30.38,33.23,2.39,95.3,Zone 6,Safe,10,1,0,0,0,0,0,1,Medium,81,HIGH
Cagayan de Oro,Kauswagan,2004-10-28,10,8.06,27.01,25.07,30.81,31.54,2.86,85.3,Zone 5,Evacuated,2,1,0,0,0,0,0,1,Medium,90,HIGH
Cagayan de Oro,Kauswagan,2021-10-08,10,11.95,27.71,24.82,30.12,31.84,3.16,81.3,Zone 3,Safe,2,3,1,0,0,0,1,1,Medium,100,HIGH
Cagayan de Oro,Kauswagan,2008-07-22,7,7.58,26.86,23.39,28.44,31.05,1.48,81.9,Zone 1,Unaccounted,7,3,0,0,1,0,0,1,Medium,95,HIGH
Cagayan de Oro,Kauswagan,2004-10-03,10,9.54,27.81,26.3,30.0,32.08,3.99,82.7,Zone 5,Safe,7,1,0,0,0,0,0,1,Medium,100,HIGH
Cagayan de Oro,Kauswagan,2011-05-10,5,5.67,28.88,26.96,30.78,32.93,3.17,80.5,Zone 5,Evacuated,7,0,0,0,0,0,0,1,Medium,93,HIGH
Cagayan de Oro,Kauswagan,2003-03-23,3,4.37,28.91,26.15,31.57,32.64,3.29,77.3,Zone 3,Safe,8,0,0,0,1,0,0,0,Medium,100,HIGH
Cagayan de Oro,Kauswagan,2019-03-15,3,3.48,26.82,25.23,29.89,30.83,1.16,80.1,Zone 2,Unaccounted,8,3,0,0,0,0,0,0,,90,HIGH
Cagayan de Oro,Kauswagan,2004-08-04,8,12.11,28.14,25.44,30.19,32.33,3.05,81.9,Zone 5,Safe,6,1,0,0,0,0,0,1,Medium,100,HIGH
Cagayan de Oro,Kauswagan,2004-10-02,10,7.63,26.88,24.05,28.91,31.64,4.14,87.6,Zone 3,Unaccounted,6,1,0,0,0,1,1,1,Medium,100,HIGH
Cagayan de Oro,Kauswagan,2015-06-10,6,10.36,28.7,26.46,31.23,33.17,4.6,84.7,Zone 2,Safe,9,2,1,1,0,1,0,1,Medium,100,HIGH
Cagayan de Oro,Kauswagan,2016-05-26,5,5.53,29.61,26.83,31.66,32.77,4.96,71.6,Zone 1,Evacuated,7,0,0,0,1,1,0,1,Medium,52,MEDIUM
Cagayan de Oro,Kauswagan,2012-02-11,2,4.51,25.37,22.37,28.71,28.16,2.89,67.9,Zone 6,Safe,8,0,0,0,0,0,0,0,,60,MEDIUM
Cagayan de Oro,Kauswagan,2019-02-27,2,8.47,27.54,25.31,31.01,30.64,2.87,71.0,Zone 5,Unaccounted,8,0,0,0,1,0,0,1,Medium,100,HIGH
Cagayan de Oro,Kauswagan,2021-12-27,12,12.82,28.0,25.78,30.95,31.94,2.27,79.4,Zone 3,Safe,7,0,0,1,0,0,1,1,Medium,100,HIGH
Cagayan de Oro,Kauswagan,2013-08-24,8,9.66,27.6,25.79,30.52,31.59,1.35,79.9,Zone 2,Safe,5,1,1,0,0,0,0,1,Medium,82,HIGH
Cagayan de Oro,Kauswagan,2008-01-19,1,6.5,26.07,24.2,29.79,29.82,3.71,77.5,Zone 5,Safe,5,0,0,0,0,0,0,1,Medium,100,HIGH
Cagayan de Oro,Kauswagan,2014-10-21,10,7.53,27.47,24.29,29.46,32.07,0.27,86.0,Zone 6,Evacuated,4,1,0,0,0,0,0,1,Medium,59,MEDIUM
Cagayan de Oro,Kauswagan,2012-05-03,5,10.43,27.68,25.89,30.25,31.73,3.02,80.5,Zone 5,Safe,3,1,0,0,0,0,0,1,Medium,100,HIGH
Cagayan de Oro,Kauswagan,2010-09-03,9,11.51,28.05,24.97,29.94,32.43,2.07,83.8,Zone 5,Safe,3,1,0,1,0,0,0,1,Medium,100,HIGH
Cagayan de Oro,Kauswagan,2007-06-21,6,12.8,28.45,26.33,32.4,32.49,0.83,80.4,Zone 3,Safe,3,1,1,0,0,0,0,1,Medium,100,HIGH
Cagayan de Oro,Kauswagan,2012-02-23,2,11.54,26.05,23.41,29.79,29.79,0.86,77.4,Zone 6,Safe,1,0,0,0,0,0,0,1,Medium,63,MEDIUM
Cagayan de Oro,Kauswagan,2021-11-22,11,7.65,27.52,24.4,29.52,31.53,1.84,80.1,Zone 5,Safe,9,1,0,1,1,1,0,1,Medium,100,HIGH
Cagayan de Oro,Kauswagan,2022-08-22,8,10.71,27.52,25.97,31.4,32.12,3.03,86.0,Zone 3,Safe,3,1,0,0,0,0,0,1,Medium,100,HIGH
Cagayan de Oro,Kauswagan,2022-07-13,7,9.23,27.73,25.61,30.64,32.95,5.73,92.2,Zone 2,Safe,1,2,0,0,1,0,0,1,High,85,HIGH
Cagayan de Oro,Kauswagan,2016-04-17,4,7.98,27.44,24.93,31.14,30.53,0.55,70.9,Zone 2,Evacuated,1,0,0,0,0,0,0,1,Medium,42,MEDIUM
Cagayan de Oro,Kauswagan,2016-03-11,3,6.22,28.06,26.23,30.75,31.55,1.93,74.9,Zone 2,Safe,7,0,0,1,0,0,1,1,,78,HIGH
Cagayan de Oro,Kauswagan,2008-06-15,6,11.18,27.67,25.19,30.75,31.89,3.25,82.2,Zone 5,Safe,7,3,0,1,0,0,1,1,Medium,100,HIGH
Cagayan de Oro,Kauswagan,2011-08-02,8,10.1,26.87,24.43,28.85,31.42,3.08,85.5,Zone 3,Evacuated,4,1,0,0,0,0,0,1,Medium,89,HIGH
Cagayan de Oro,Kauswagan,2015-07-14,7,11.0,27.36,25.65,29.74,32.66,4.3,93.0,Zone 5,Unaccounted,5,1,1,0,0,0,0,1,Medium,100,HIGH
Cagayan de Oro,Kauswagan,2015-09-02,9,9.06,28.16,24.92,30.65,32.11,2.93,79.5,Zone 3,Safe,9,1,0,0,0,0,1,1,Medium,100,HIGH
Cagayan de Oro,Kauswagan,2018-12-17,12,11.66,26.85,23.46,29.89,31.07,1.92,82.2,Zone 3,Safe,5,1,1,1,1,0,0,1,Medium,100,HIGH
Cagayan de Oro,Kauswagan,2022-11-22,11,8.67,28.64,26.42,31.44,31.96,1.73,73.2,Zone 6,Safe,6,1,0,0,0,0,0,1,Medium,78,HIGH
Cagayan de Oro,Kauswagan,2011-11-10,11,7.18,26.7,25.11,29.6,31.49,3.76,87.9,Zone 6,Safe,4,3,0,0,0,0,1,1,Medium,93,HIGH
Cagayan de Oro,Kauswagan,2015-01-04,1,10.23,25.77,23.11,27.75,29.69,2.72,79.2,Zone 3,Safe,10,0,0,0,0,0,0,1,Medium,100,HIGH
Cagayan de Oro,Kauswagan,2018-04-16,4,4.29,29.41,26.71,32.87,33.08,2.45,76.7,Zone 5,Evacuated,10,0,0,0,0,0,0,0,,79,HIGH
Cagayan de Oro,Kauswagan,2008-11-06,11,6.2,26.52,23.16,28.09,30.78,4.36,82.6,Zone 1,Safe,2,1,0,0,0,0,0,1,Medium,48,MEDIUM
Cagayan de Oro,Kauswagan,2007-01-01,1,9.37,26.15,24.17,27.9,29.78,5.42,76.3,Zone 6,Safe,2,3,0,0,0,0,0,1,High,91,HIGH
Cagayan de Oro,Kauswagan,2009-07-21,7,6.58,29.1,26.24,31.33,33.89,3.93,87.9,Zone 1,Safe,9,1,0,0,0,0,0,1,Medium,58,MEDIUM
Cagayan de Oro,Kauswagan,2010-01-06,1,4.76,26.87,25.13,29.86,30.31,3.46,74.4,Zone 3,Safe,3,0,0,0,0,0,0,0,Medium,89,HIGH
Cagayan de Oro,Kauswagan,2022-10-12,10,9.59,27.98,26.44,31.6,32.78,0.53,88.0,Zone 5,Safe,8,1,0,0,0,0,0,1,Medium,100,HIGH
Cagayan de Oro,Kauswagan,2003-10-23,10,6.4,28.45,26.93,29.96,32.9,1.25,84.5,Zone 2,Safe,10,2,1,0,0,1,0,1,,94,HIGH
Cagayan de Oro,Kauswagan,2013-07-28,7,14.9,28.28,25.09,31.99,32.31,3.56,80.3,Zone 6,Unaccounted,3,3,0,1,0,0,1,1,Medium,100,HIGH
Cagayan de Oro,Kauswagan,2019-05-07,5,15.3,29.2,25.88,31.9,32.49,2.55,72.9,Zone 3,Safe,2,0,0,0,1,0,0,1,High,100,HIGH
Cagayan de Oro,Kauswagan,2006-07-20,7,6.09,28.5,26.77,32.44,32.44,3.23,79.4,Zone 5,Safe,9,1,0,0,0,0,0,1,Medium,100,HIGH
Cagayan de Oro,Kauswagan,2008-03-18,3,3.38,28.26,24.95,31.87,31.93,2.08,76.7,Zone 2,Safe,10,0,1,0,1,0,1,0,,81,HIGH
Cagayan de Oro,Kauswagan,2012-12-07,12,3.98,27.57,24.82,30.49,31.83,0.78,82.6,Zone 3,Safe,4,0,0,0,0,0,0,0,,83,HIGH
Cagayan de Oro,Kauswagan,2003-11-01,11,4.66,28.17,25.92,31.17,32.27,2.85,81.0,Zone 5,Evacuated,3,1,0,0,0,0,0,1,,85,HIGH
Cagayan de Oro,Kauswagan,2014-04-05,4,3.1,28.4,26.53,31.03,32.18,1.12,77.8,Zone 6,Safe,3,1,0,0,0,0,0,0,,58,MEDIUM
Cagayan de Oro,Kauswagan,2010-03-03,3,4.49,27.57,25.85,30.16,31.15,3.04,75.8,Zone 5,Safe,5,0,0,1,0,1,1,0,Medium,100,HIGH
Cagayan de Oro,Kauswagan,2003-08-22,8,9.65,28.22,26.52,31.61,33.01,0.62,87.9,Zone 3,Safe,9,1,0,0,0,1,1,1,Medium,100,HIGH
Cagayan de Oro,Kauswagan,2022-12-05,12,4.97,27.47,25.96,29.77,30.73,2.65,72.6,Zone 3,Safe,9,0,0,0,0,0,0,0,,90,HIGH
Cagayan de Oro,Kauswagan,2017-03-14,3,5.87,27.16,25.19,28.7,30.51,2.19,73.5,Zone 1,Safe,10,0,0,0,0,0,0,1,,45,MEDIUM
Cagayan de Oro,Kauswagan,2013-11-26,11,4.72,26.21,24.29,29.85,30.73,1.78,85.2,Zone 2,Safe,1,1,0,0,0,0,0,1,,56,MEDIUM
Cagayan de Oro,Kauswagan,2011-10-17,10,14.11,27.56,24.5,29.21,31.26,2.01,77.0,Zone 5,Safe,8,1,0,0,0,0,0,1,Medium,100,HIGH
Cagayan de Oro,Kauswagan,2019-09-09,9,8.87,28.03,25.89,30.9,32.53,1.14,85.0,Zone 5,Safe,8,1,0,0,0,0,0,1,Medium,100,HIGH
Cagayan de Oro,Kauswagan,2011-08-17,8,9.26,27.18,24.81,30.2,31.82,1.26,86.4,Zone 6,Safe,1,1,1,0,0,0,0,1,Medium,81,HIGH
Cagayan de Oro,Kauswagan,2015-11-15,11,11.85,27.26,25.21,29.5,31.93,3.06,86.7,Zone 3,Safe,9,1,0,0,0,0,0,1,Medium,100,HIGH
Cagayan de Oro,Kauswagan,2018-01-03,1,4.79,27.07,23.76,29.67,30.76,2.08,76.9,Zone 3,Safe,10,3,0,0,0,0,0,0,,100,HIGH
Cagayan de Oro,Kauswagan,2020-12-05,12,10.05,29.24,27.37,30.8,33.0,2.73,77.6,Zone 3,Unaccounted,9,2,0,0,0,0,0,1,Medium,100,HIGH
Cagayan de Oro,Kauswagan,2005-06-04,6,21.35,27.8,24.8,29.46,32.14,0.3,83.4,Zone 5,Safe,1,1,0,0,0,0,0,1,High,100,HIGH
Cagayan de Oro,Kauswagan,2003-07-18,7,9.46,28.64,26.99,31.68,32.92,2.51,82.8,Zone 5,Safe,1,1,0,0,0,0,0,1,Medium,100,HIGH
Cagayan de Oro,Kauswagan,2005-06-03,6,7.12,29.13,26.28,32.23,33.31,2.48,81.8,Zone 4,Unaccounted,8,3,0,0,0,1,0,1,Medium,89,HIGH
Cagayan de Oro,Kauswagan,2015-01-22,1,3.78,27.25,25.21,29.63,31.83,0.83,85.8,Zone 1,Unaccounted,8,0,1,0,0,1,1,0,,82,HIGH
Cagayan de Oro,Kauswagan,2005-11-22,11,6.99,26.97,25.14,30.86,31.86,4.58,88.9,Zone 5,Evacuated,1,1,1,0,0,0,0,1,Medium,100,HIGH
Cagayan de Oro,Kauswagan,2012-05-21,5,4.1,28.66,26.07,30.36,31.44,5.06,67.8,Zone 3,Safe,9,0,0,0,0,0,0,0,High,100,HIGH
Cagayan de Oro,Kauswagan,2011-02-04,2,8.71,27.18,24.04,29.52,31.26,2.09,80.8,Zone 1,Safe,7,0,0,0,0,0,0,1,Medium,51,MEDIUM
Cagayan de Oro,Kauswagan,2013-02-19,2,5.81,29.27,27.51,32.18,32.86,2.15,75.9,Zone 6,Evacuated,2,0,1,0,0,0,0,1,,55,MEDIUM
Cagayan de Oro,Kauswagan,2012-08-14,8,9.01,27.29,25.13,31.12,31.82,0.4,85.3,Zone 3,Safe,8,2,0,0,0,0,0,1,Medium,100,HIGH
Cagayan de Oro,Kauswagan,2009-03-22,3,4.83,27.34,24.73,29.47,31.09,1.62,77.5,Zone 3,Unaccounted,4,0,0,1,0,0,0,0,,100,HIGH
Cagayan de Oro,Kauswagan,2007-08-15,8,10.45,26.73,24.58,28.7,31.04,3.43,83.1,Zone 3,Safe,10,3,0,1,0,0,0,1,Medium,100,HIGH
Cagayan de Oro,Kauswagan,2019-09-09,9,11.76,26.48,23.85,29.17,31.07,1.56,85.9,Zone 4,Safe,9,1,1,1,0,0,1,1,Medium,80,HIGH
Cagayan de Oro,Kauswagan,2013-11-24,11,6.14,29.21,26.31,32.94,33.26,1.07,80.5,Zone 3,Evacuated,3,2,0,0,0,0,0,1,,87,HIGH
Cagayan de Oro,Kauswagan,2021-10-08,10,7.5,27.75,25.24,30.91,32.51,0.49,87.6,Zone 3,Safe,10,2,0,0,0,0,0,1,Medium,100,HIGH
Cagayan de Oro,Kauswagan,2020-07-10,7,11.57,29.18,27.11,31.02,33.26,1.49,80.8,Zone 3,Safe,10,1,0,0,0,0,0,1,Medium,100,HIGH
Cagayan de Oro,Kauswagan,2014-07-26,7,8.94,26.91,25.15,29.01,31.11,3.67,82.0,Zone 3,Safe,9,1,0,0,0,0,0,1,Medium,100,HIGH
Cagayan de Oro,Kauswagan,2007-03-26,3,8.65,28.83,26.38,31.16,32.96,4.54,81.3,Zone 3,Unaccounted,4,2,1,0,0,1,0,1,Medium,100,HIGH
Cagayan de Oro,Kauswagan,2004-11-06,11,12.47,27.01,23.81,29.54,30.65,2.63,76.4,Zone 5,Safe,5,2,0,0,0,0,0,1,Medium,100,HIGH
Cagayan de Oro,Kauswagan,2005-12-05,12,9.13,27.53,25.28,30.75,31.84,2.68,83.1,Zone 2,Safe,6,0,0,1,0,1,0,1,Medium,84,HIGH
Cagayan de Oro,Kauswagan,2019-03-26,3,4.87,28.0,25.39,29.95,31.5,3.76,75.0,Zone 2,Safe,6,0,0,0,0,0,0,0,Medium,58,MEDIUM
Cagayan de Oro,Kauswagan,2014-05-12,5,5.1,31.3,28.2,33.09,34.46,3.81,71.6,Zone 3,Unaccounted,5,0,1,1,0,0,0,1,Medium,100,HIGH
Cagayan de Oro,Kauswagan,2017-02-04,2,2.55,29.0,26.82,32.72,32.79,3.29,77.9,Zone 3,Safe,10,0,0,1,0,0,0,0,Medium,100,HIGH
Cagayan de Oro,Kauswagan,2020-02-21,2,5.13,27.37,24.81,29.62,31.25,5.02,78.8,Zone 2,Unaccounted,5,0,0,0,1,0,0,1,High,98,HIGH
Cagayan de Oro,Kauswagan,2022-02-06,2,8.52,26.89,25.17,30.84,30.42,2.04,75.3,Zone 6,Safe,8,1,0,0,0,0,0,1,Medium,81,HIGH
Cagayan de Oro,Kauswagan,2015-05-22,5,7.7,29.31,27.23,32.28,32.99,5.54,76.8,Zone 3,Unaccounted,8,0,0,0,0,0,0,1,High,100,HIGH
Cagayan de Oro,Kauswagan,2009-04-11,4,1.21,28.49,25.69,31.54,31.43,1.62,69.4,Zone 3,Safe,8,0,1,0,0,0,0,0,,100,HIGH
Cagayan de Oro,Kauswagan,2003-06-08,6,8.23,29.07,27.45,31.36,32.96,0.07,78.9,Zone 6,Safe,6,3,0,0,0,0,1,1,Medium,97,HIGH
Cagayan de Oro,Kauswagan,2011-04-28,4,6.29,27.98,25.52,30.9,31.04,1.17,70.6,Zone 2,Unaccounted,4,0,0,1,0,1,1,1,,98,HIGH
Cagayan de Oro,Kauswagan,2009-06-24,6,7.13,28.3,24.8,29.86,32.55,1.49,82.5,Zone 6,Safe,3,1,0,1,1,1,0,1,Medium,99,HIGH
Cagayan de Oro,Kauswagan,2015-11-22,11,6.83,26.87,23.49,29.14,30.47,3.15,76.0,Zone 3,Evacuated,2,3,1,0,0,0,0,1,Medium,100,HIGH
Cagayan de Oro,Kauswagan,2021-07-14,7,9.42,27.6,25.32,30.91,32.18,3.0,85.8,Zone 2,Safe,10,2,0,0,0,0,0,1,Medium,81,HIGH
Cagayan de Oro,Kauswagan,2022-08-10,8,17.33,28.34,26.64,31.87,32.11,2.02,77.7,Zone 2,Evacuated,2,1,0,0,0,0,0,1,High,58,MEDIUM
Cagayan de Oro,Kauswagan,2004-12-21,12,7.46,27.54,25.27,29.06,31.08,0.98,75.4,Zone 3,Safe,5,0,0,0,0,0,0,1,Medium,100,HIGH
Cagayan de Oro,Kauswagan,2006-01-04,1,6.51,28.13,24.83,30.43,31.22,4.16,70.9,Zone 5,Safe,4,0,0,0,0,0,0,1,Medium,100,HIGH
Cagayan de Oro,Kauswagan,2004-05-25,5,4.56,27.94,26.07,31.9,31.61,3.64,76.7,Zone 6,Safe,10,0,0,1,0,0,1,0,Medium,84,HIGH
Cagayan de Oro,Kauswagan,2006-11-05,11,4.48,26.68,23.33,28.33,31.48,2.98,88.0,Zone 6,Safe,2,1,0,0,0,0,1,1,,71,HIGH
Cagayan de Oro,Kauswagan,2014-05-05,5,8.3,29.32,27.75,31.98,33.37,2.03,80.5,Zone 6,Safe,7,1,0,0,1,1,0,1,Medium,96,HIGH
Cagayan de Oro,Kauswagan,2004-03-02,3,4.76,29.24,26.45,31.45,32.86,1.12,76.2,Zone 2,Safe,5,0,0,0,0,0,0,0,,49,MEDIUM
Cagayan de Oro,Kauswagan,2010-11-16,11,8.42,27.3,24.12,29.22,31.25,0.36,79.5,Zone 3,Evacuated,9,3,0,0,0,0,0,1,Medium,100,HIGH
Cagayan de Oro,Kauswagan,2014-06-19,6,6.7,27.36,25.52,30.62,31.57,1.32,82.1,Zone 5,Unaccounted,10,2,0,0,0,1,0,1,,100,HIGH
Cagayan de Oro,Kauswagan,2018-06-22,6,10.14,29.76,26.86,31.79,33.9,0.94,81.4,Zone 5,Evacuated,8,2,0,1,0,0,0,1,Medium,100,HIGH
Cagayan de Oro,Kauswagan,2003-10-08,10,10.91,26.89,24.71,29.64,30.8,2.08,79.1,Zone 3,Safe,10,2,0,1,0,1,0,1,Medium,100,HIGH
Cagayan de Oro,Kauswagan,2003-08-14,8,10.85,27.53,25.09,30.83,32.41,0.99,88.8,Zone 2,Safe,6,1,0,0,0,0,1,1,Medium,79,HIGH
Cagayan de Oro,Kauswagan,2003-02-11,2,4.45,28.09,25.05,31.63,31.34,2.85,72.5,Zone 2,Safe,1,3,0,0,0,0,0,0,,60,MEDIUM
Cagayan de Oro,Kauswagan,2003-07-24,7,8.68,28.07,24.82,30.9,32.46,2.55,83.9,Zone 2,Evacuated,7,2,1,0,1,1,0,1,Medium,93,HIGH
Cagayan de Oro,Kauswagan,2014-07-07,7,7.86,28.95,26.84,31.62,33.56,2.34,86.1,Zone 3,Unaccounted,1,3,0,0,0,0,0,1,Medium,100,HIGH
Cagayan de Oro,Kauswagan,2008-02-26,2,3.43,26.86,25.19,28.58,29.81,2.49,69.5,Zone 4,Safe,7,0,0,0,0,0,0,0,,29,LOW
Cagayan de Oro,Kauswagan,2012-05-27,5,8.55,29.97,26.64,32.79,33.46,2.24,74.9,Zone 4,Unaccounted,3,2,0,0,0,0,0,1,Medium,67,MEDIUM
Cagayan de Oro,Kauswagan,2019-05-02,5,5.22,28.52,26.32,31.99,32.58,1.57,80.6,Zone 3,Evacuated,6,0,0,0,0,0,0,1,,80,HIGH
Cagayan de Oro,Kauswagan,2011-03-26,3,17.9,28.42,25.64,31.1,31.91,4.83,74.9,Zone 3,Safe,10,0,0,0,1,1,0,1,High,100,HIGH
Cagayan de Oro,Kauswagan,2010-06-15,6,7.74,28.36,25.89,32.01,32.65,2.25,82.9,Zone 5,Safe,6,2,0,0,1,0,0,1,Medium,100,HIGH
Cagayan de Oro,Kauswagan,2008-02-06,2,8.81,27.87,24.48,31.72,31.05,2.74,71.8,Zone 2,Evacuated,5,0,1,0,0,0,1,1,Medium,68,MEDIUM
Cagayan de Oro,Kauswagan,2013-11-16,11,9.95,25.97,22.92,29.6,31.28,2.45,93.1,Zone 1,Unaccounted,10,2,0,0,1,1,1,1,Medium,100,HIGH
Cagayan de Oro,Kauswagan,2016-11-25,11,5.74,28.09,25.93,30.0,32.64,4.96,85.5,Zone 6,Evacuated,7,1,0,0,0,0,1,1,Medium,72,HIGH
Cagayan de Oro,Kauswagan,2004-10-20,10,14.29,26.44,24.66,29.99,30.73,1.41,82.9,Zone 5,Evacuated,6,1,0,0,0,0,0,1,Medium,97,HIGH
Cagayan de Oro,Kauswagan,2011-01-18,1,5.81,27.15,24.13,29.51,30.7,3.51,75.5,Zone 5,Evacuated,3,0,0,0,0,0,0,1,Medium,86,HIGH
Cagayan de Oro,Kauswagan,2018-12-11,12,7.62,27.21,23.93,29.26,31.47,2.17,82.6,Zone 5,Evacuated,6,0,0,1,0,1,1,1,Medium,100,HIGH
Cagayan de Oro,Kauswagan,2013-12-08,12,9.9,26.91,25.09,29.12,31.87,1.9,89.6,Zone 3,Safe,3,1,1,0,0,0,0,1,Medium,100,HIGH
Cagayan de Oro,Kauswagan,2019-05-02,5,8.94,30.18,27.97,31.74,33.76,4.04,75.8,Zone 2,Evacuated,4,0,0,0,0,0,0,1,Medium,47,MEDIUM
Cagayan de Oro,Kauswagan,2022-02-17,2,4.79,27.83,25.33,30.57,31.75,3.81,79.2,Zone 2,Safe,9,0,0,0,0,0,0,0,Medium,61,MEDIUM
Cagayan de Oro,Kauswagan,2009-06-20,6,8.02,28.18,25.36,31.41,32.55,4.3,83.7,Zone 1,Safe,2,2,0,0,0,1,0,1,Medium,62,MEDIUM
Cagayan de Oro,Kauswagan,2015-02-26,2,5.53,28.18,26.58,30.29,31.78,2.93,76.0,Zone 1,Unaccounted,4,0,0,0,1,0,1,1,,71,HIGH
Cagayan de Oro,Kauswagan,2012-02-17,2,4.03,28.44,26.44,31.57,32.2,4.21,77.6,Zone 3,Unaccounted,1,1,0,0,0,0,1,0,Medium,100,HIGH
Cagayan de Oro,Kauswagan,2010-04-03,4,9.07,28.53,26.09,31.41,31.94,1.56,74.1,Zone 5,Safe,3,1,0,0,0,0,0,1,Medium,100,HIGH
Cagayan de Oro,Kauswagan,2016-10-08,10,14.49,26.41,23.94,30.35,30.01,1.14,76.0,Zone 2,Unaccounted,8,3,0,1,0,1,0,1,Medium,100,HIGH
Cagayan de Oro,Kauswagan,2017-07-11,7,8.13,28.34,26.09,30.73,33.19,2.01,88.5,Zone 1,Safe,10,3,0,0,0,0,0,1,Medium,70,HIGH
Cagayan de Oro,Kauswagan,2022-09-04,9,12.11,26.83,24.67,30.48,31.8,2.2,89.7,Zone 4,Safe,6,2,1,0,0,0,0,1,Medium,66,MEDIUM
Cagayan de Oro,Kauswagan,2015-01-05,1,8.7,26.6,23.85,29.54,31.27,3.69,86.7,Zone 5,Safe,4,2,0,1,0,0,0,1,Medium,100,HIGH
Cagayan de Oro,Kauswagan,2010-04-23,4,9.65,29.34,27.46,33.21,32.61,2.57,72.7,Zone 5,Safe,6,1,0,1,1,0,1,1,Medium,100,HIGH
Cagayan de Oro,Kauswagan,2003-12-26,12,11.65,28.45,26.02,30.31,32.22,0.51,77.7,Zone 6,Safe,7,0,1,0,0,1,0,1,Medium,94,HIGH
Cagayan de Oro,Kauswagan,2006-08-10,8,7.38,27.72,25.58,31.72,32.5,1.61,87.8,Zone 3,Evacuated,5,1,0,0,0,1,0,1,Medium,99,HIGH
Cagayan de Oro,Kauswagan,2016-03-04,3,19.94,28.25,24.83,31.16,31.81,0.95,75.6,Zone 3,Safe,5,1,0,0,0,0,0,1,High,100,HIGH
Cagayan de Oro,Kauswagan,2010-10-15,10,10.08,28.47,26.86,31.43,32.87,1.04,84.0,Zone 5,Safe,10,1,0,0,0,0,0,1,Medium,100,HIGH
Cagayan de Oro,Kauswagan,2008-03-12,3,4.75,27.38,24.55,29.27,30.73,2.15,73.5,Zone 3,Evacuated,6,0,0,0,0,0,0,0,,72,HIGH
Cagayan de Oro,Kauswagan,2006-08-25,8,10.01,27.04,25.22,29.91,31.33,3.41,82.9,Zone 1,Safe,9,3,1,0,0,0,0,1,Medium,82,HIGH
Cagayan de Oro,Kauswagan,2021-10-22,10,11.18,27.64,24.23,29.89,32.23,3.2,85.9,Zone 5,Evacuated,2,1,0,0,0,0,1,1,Medium,97,HIGH
Cagayan de Oro,Kauswagan,2021-10-03,10,12.9,26.8,24.75,30.39,31.75,1.08,89.5,Zone 2,Safe,5,3,0,0,0,0,0,1,Medium,82,HIGH
Cagayan de Oro,Kauswagan,2010-06-05,6,8.75,28.04,24.89,29.55,32.19,4.16,81.5,Zone 3,Safe,6,1,0,0,0,1,1,1,Medium,100,HIGH
Cagayan de Oro,Kauswagan,2014-08-18,8,9.9,26.56,24.4,29.29,31.37,3.35,88.1,Zone 1,Safe,2,1,0,0,0,0,0,1,Medium,48,MEDIUM
Cagayan de Oro,Kauswagan,2014-08-20,8,7.36,26.66,23.63,28.47,31.56,1.03,89.0,Zone 5,Evacuated,7,1,0,0,0,0,0,1,Medium,99,HIGH
Cagayan de Oro,Kauswagan,2010-10-22,10,5.74,28.26,25.91,30.12,33.61,2.64,93.5,Zone 6,Evacuated,6,3,0,0,0,0,1,1,,75,HIGH
Cagayan de Oro,Kauswagan,2004-12-01,12,6.07,26.72,23.63,28.99,30.37,2.08,76.5,Zone 2,Safe,8,2,0,0,0,0,0,1,,74,HIGH
Cagayan de Oro,Kauswagan,2010-11-16,11,7.61,27.25,25.21,30.88,31.02,3.31,77.7,Zone 3,Safe,4,1,0,0,0,0,0,1,Medium,100,HIGH
Cagayan de Oro,Kauswagan,2003-11-10,11,9.89,27.42,24.43,30.39,31.79,2.35,83.7,Zone 5,Safe,2,1,0,0,0,0,0,1,Medium,100,HIGH
Cagayan de Oro,Kauswagan,2008-08-11,8,8.14,26.94,24.46,29.16,31.7,0.18,87.6,Zone 1,Safe,9,2,0,1,0,0,0,1,Medium,74,HIGH
Cagayan de Oro,Kauswagan,2020-03-25,3,10.59,27.68,24.67,30.4,31.06,1.91,73.8,Zone 6,Unaccounted,6,3,1,1,0,1,0,1,Medium,100,HIGH
Cagayan de Oro,Kauswagan,2005-09-17,9,11.12,27.13,24.93,30.49,31.88,3.4,87.5,Zone 6,Safe,6,1,0,0,0,0,0,1,Medium,78,HIGH
Cagayan de Oro,Kauswagan,2016-07-03,7,7.75,27.82,25.49,31.78,32.34,0.72,85.2,Zone 6,Unaccounted,1,1,0,0,0,0,0,1,Medium,87,HIGH
Cagayan de Oro,Kauswagan,2015-12-08,12,7.68,27.83,25.83,30.93,32.34,4.11,85.1,Zone 5,Safe,6,0,1,0,0,0,0,1,Medium,100,HIGH
Cagayan de Oro,Kauswagan,2009-02-08,2,6.41,27.19,24.52,29.73,29.9,1.22,67.1,Zone 3,Safe,3,0,0,0,0,0,0,1,,90,HIGH
Cagayan de Oro,Kauswagan,2007-02-17,2,8.77,27.69,25.44,30.71,31.89,0.08,82.0,Zone 6,Safe,3,0,0,0,0,0,0,1,Medium,67,MEDIUM
Cagayan de Oro,Kauswagan,2021-12-14,12,20.83,27.57,25.17,30.92,31.33,3.65,77.6,Zone 5,Safe,7,0,0,0,0,0,1,1,High,100,HIGH
Cagayan de Oro,Kauswagan,2019-08-19,8,6.48,26.88,24.13,30.86,31.32,2.76,84.4,Zone 5,Evacuated,2,1,1,0,1,0,1,1,,100,HIGH
Cagayan de Oro,Kauswagan,2004-08-21,8,9.6,29.12,27.1,31.13,33.9,1.62,87.8,Zone 3,Safe,3,1,0,0,0,0,0,1,Medium,100,HIGH
Cagayan de Oro,Kauswagan,2005-10-24,10,9.82,27.54,25.2,29.37,31.98,4.16,84.4,Zone 1,Safe,2,1,0,0,0,0,0,1,Medium,48,MEDIUM
Cagayan de Oro,Kauswagan,2003-10-23,10,6.93,27.93,26.21,30.41,32.54,3.65,86.1,Zone 3,Unaccounted,10,1,0,1,0,1,0,1,Medium,100,HIGH
Cagayan de Oro,Kauswagan,2003-08-22,8,13.53,27.15,23.98,29.56,31.99,4.73,88.4,Zone 3,Safe,7,1,0,1,0,0,1,1,Medium,100,HIGH
Cagayan de Oro,Kauswagan,2009-01-14,1,3.89,26.59,24.39,29.27,30.77,4.08,81.8,Zone 3,Evacuated,6,0,0,0,0,0,0,0,Medium,79,HIGH
Cagayan de Oro,Kauswagan,2012-10-24,10,7.23,26.81,24.98,29.83,31.12,2.02,83.1,Zone 3,Safe,2,1,0,0,0,0,0,1,Medium,100,HIGH
Cagayan de Oro,Kauswagan,2004-01-27,1,6.06,28.29,26.36,31.65,32.65,4.5,83.6,Zone 2,Safe,1,0,0,0,0,0,0,1,Medium,57,MEDIUM
Cagayan de Oro,Kauswagan,2017-09-06,9,11.82,29.42,27.31,32.66,33.71,4.7,82.9,Zone 4,Safe,6,1,0,0,1,0,0,1,Medium,56,MEDIUM
Cagayan de Oro,Kauswagan,2006-07-03,7,9.37,28.1,25.49,31.33,32.68,3.13,85.8,Zone 1,Safe,4,3,0,0,0,1,0,1,Medium,71,HIGH
Cagayan de Oro,Kauswagan,2021-11-23,11,14.36,27.34,25.18,30.51,31.53,0.87,81.9,Zone 5,Safe,3,2,0,1,0,0,0,1,Medium,100,HIGH
Cagayan de Oro,Kauswagan,2005-11-22,11,11.31,26.94,24.02,28.67,30.55,2.95,76.1,Zone 5,Unaccounted,9,2,0,0,0,0,0,1,Medium,100,HIGH
Cagayan de Oro,Kauswagan,2009-10-01,10,5.58,28.37,25.59,30.93,32.83,0.19,84.6,Zone 5,Safe,7,2,1,0,1,1,0,1,,100,HIGH
Cagayan de Oro,Kauswagan,2010-09-03,9,18.41,28.04,26.22,31.92,31.57,1.93,75.3,Zone 1,Safe,9,1,0,0,0,0,0,1,High,66,MEDIUM
Cagayan de Oro,Kauswagan,2018-04-22,4,3.78,29.64,26.92,32.93,32.25,2.15,66.1,Zone 3,Evacuated,10,0,0,1,0,1,1,0,,100,HIGH
Cagayan de Oro,Kauswagan,2009-04-12,4,2.01,30.51,27.68,32.28,34.2,5.15,76.9,Zone 5,Safe,5,1,0,0,0,0,0,0,High,100,HIGH
Cagayan de Oro,Kauswagan,2013-12-15,12,9.37,28.55,26.22,32.13,32.88,2.27,83.3,Zone 1,Safe,6,0,1,1,0,0,0,1,Medium,71,HIGH
Cagayan de Oro,Kauswagan,2019-06-13,6,9.14,27.46,25.05,29.11,31.37,5.87,79.1,Zone 3,Evacuated,3,2,0,1,1,0,0,1,High,100,HIGH
Cagayan de Oro,Kauswagan,2022-05-28,5,7.72,28.38,26.3,31.23,31.75,5.56,73.7,Zone 5,Safe,6,0,0,0,0,0,1,1,High,100,HIGH
Cagayan de Oro,Kauswagan,2019-04-17,4,4.65,28.57,25.27,32.34,31.96,3.54,73.9,Zone 5,Unaccounted,2,0,0,0,0,0,0,0,Medium,100,HIGH
Cagayan de Oro,Kauswagan,2018-08-15,8,9.86,28.79,26.46,31.73,32.98,2.0,81.9,Zone 2,Safe,2,1,0,0,0,0,0,1,Medium,65,MEDIUM
Cagayan de Oro,Kauswagan,2014-07-27,7,12.07,28.65,26.87,32.41,32.95,3.29,83.0,Zone 5,Safe,3,2,1,0,0,1,0,1,Medium,100,HIGH
Cagayan de Oro,Kauswagan,2013-10-21,10,10.65,28.54,25.73,31.81,33.61,4.32,90.7,Zone 6,Safe,1,3,0,0,1,1,1,1,Medium,100,HIGH
Cagayan de Oro,Kauswagan,2012-05-19,5,6.09,29.16,27.28,32.79,32.95,0.76,77.9,Zone 6,Unaccounted,6,0,0,0,0,1,1,1,,98,HIGH
Cagayan de Oro,Kauswagan,2010-02-24,2,4.5,26.95,23.61,29.79,30.18,3.45,72.3,Zone 5,Safe,6,0,1,0,0,0,0,0,Medium,100,HIGH
Cagayan de Oro,Kauswagan,2005-12-19,12,5.38,26.81,23.92,29.8,30.96,0.87,81.5,Zone 5,Evacuated,8,0,0,0,0,0,0,1,,87,HIGH
Cagayan de Oro,Kauswagan,2014-04-19,4,3.63,29.94,26.52,33.33,34.07,1.56,81.3,Zone 2,Evacuated,7,2,1,0,1,0,1,0,,77,HIGH
Cagayan de Oro,Kauswagan,2017-03-21,3,4.64,28.23,26.67,30.69,31.89,1.82,76.6,Zone 3,Safe,6,1,0,0,0,0,0,0,,93,HIGH
Cagayan de Oro,Kauswagan,2018-12-17,12,6.93,28.02,25.45,32.01,32.38,2.04,83.6,Zone 5,Safe,1,1,0,0,0,0,0,1,,96,HIGH
Cagayan de Oro,Kauswagan,2009-04-21,4,5.71,28.38,25.78,31.25,31.62,0.74,72.4,Zone 5,Unaccounted,3,0,0,1,0,1,1,1,,100,HIGH
Cagayan de Oro,Kauswagan,2010-08-14,8,10.77,29.37,26.98,33.23,33.71,0.93,83.4,Zone 4,Safe,8,1,0,1,0,0,1,1,Medium,68,MEDIUM
Cagayan de Oro,Kauswagan,2016-07-12,7,10.85,29.3,26.83,31.95,33.46,1.16,81.6,Zone 2,Safe,1,1,0,0,1,0,0,1,Medium,71,HIGH
Cagayan de Oro,Kauswagan,2012-08-26,8,11.47,26.68,23.5,30.3,31.28,2.88,86.0,Zone 2,Safe,8,1,0,0,0,0,0,1,Medium,75,HIGH
Cagayan de Oro,Kauswagan,2017-07-27,7,9.51,28.9,27.0,31.01,33.22,1.12,83.2,Zone 2,Safe,10,1,0,1,1,0,1,1,Medium,100,HIGH
Cagayan de Oro,Kauswagan,2020-09-21,9,7.12,27.26,24.77,31.18,31.8,3.34,85.4,Zone 6,Evacuated,1,2,0,0,0,0,1,1,Medium,67,MEDIUM
Cagayan de Oro,Kauswagan,2006-07-18,7,11.45,29.5,27.88,31.4,33.56,2.12,80.6,Zone 3,Safe,2,1,0,1,0,0,0,1,Medium,100,HIGH
Cagayan de Oro,Kauswagan,2016-07-27,7,11.08,28.12,26.36,30.3,32.99,2.67,88.7,Zone 3,Safe,9,3,0,0,0,0,1,1,Medium,100,HIGH
Cagayan de Oro,Kauswagan,2004-06-17,6,7.8,28.26,26.15,31.88,32.27,1.38,80.1,Zone 3,Evacuated,7,1,0,0,0,0,0,1,Medium,95,HIGH
Cagayan de Oro,Kauswagan,2003-08-25,8,13.02,28.14,26.56,29.82,32.1,2.55,79.6,Zone 3,Safe,1,3,0,1,1,1,0,1,Medium,100,HIGH
Cagayan de Oro,Kauswagan,2011-09-11,9,12.61,27.56,25.28,31.35,32.48,2.74,89.2,Zone 4,Evacuated,5,2,0,0,0,0,0,1,Medium,37,LOW
Cagayan de Oro,Kauswagan,2021-07-25,7,9.57,29.01,27.05,31.94,33.33,1.78,83.2,Zone 5,Unaccounted,9,2,0,0,0,0,0,1,Medium,100,HIGH
Cagayan de Oro,Kauswagan,2019-02-19,2,3.98,26.88,24.74,29.82,30.35,2.06,74.7,Zone 5,Safe,9,0,0,0,0,0,0,0,,94,HIGH
Cagayan de Oro,Kauswagan,2012-01-12,1,9.61,27.65,25.9,30.8,31.41,2.75,77.6,Zone 2,Evacuated,3,0,0,0,0,0,0,1,Medium,46,MEDIUM
Cagayan de Oro,Kauswagan,2004-02-19,2,4.67,27.62,25.73,30.0,31.72,3.1,81.0,Zone 2,Safe,1,0,0,0,0,0,0,0,Medium,49,MEDIUM
Cagayan de Oro,Kauswagan,2005-10-10,10,9.46,27.77,24.62,30.05,32.56,3.05,87.9,Zone 3,Safe,10,2,0,1,0,0,0,1,Medium,100,HIGH
Cagayan de Oro,Kauswagan,2020-03-08,3,7.33,28.73,26.15,31.35,32.58,2.89,78.5,Zone 3,Safe,8,0,0,0,0,0,0,1,Medium,100,HIGH
Cagayan de Oro,Kauswagan,2008-11-13,11,7.74,27.62,24.44,30.43,31.17,2.46,75.5,Zone 6,Unaccounted,2,3,1,0,1,0,0,1,Medium,100,HIGH
Cagayan de Oro,Kauswagan,2021-11-07,11,7.43,27.55,24.83,31.48,31.97,3.21,84.2,Zone 5,Safe,9,1,0,0,0,0,0,1,Medium,100,HIGH
Cagayan de Oro,Kauswagan,2009-12-21,12,5.46,27.11,25.57,28.86,30.95,3.79,78.4,Zone 5,Safe,4,0,0,1,0,1,0,1,Medium,100,HIGH
Cagayan de Oro,Kauswagan,2008-12-01,12,8.92,26.06,23.79,28.51,29.93,3.23,78.7,Zone 3,Safe,1,0,0,0,0,0,0,1,Medium,93,HIGH
Cagayan de Oro,Kauswagan,2005-05-18,5,5.09,28.63,26.03,30.42,32.26,3.64,76.3,Zone 2,Safe,2,0,0,0,0,0,0,1,Medium,59,MEDIUM
Cagayan de Oro,Kauswagan,2013-07-02,7,7.29,26.97,24.59,29.59,31.84,4.17,88.7,Zone 2,Unaccounted,8,1,0,0,0,0,0,1,Medium,93,HIGH
Cagayan de Oro,Kauswagan,2020-12-26,12,7.33,25.41,22.8,27.25,29.27,3.78,78.6,Zone 2,Safe,4,0,0,0,0,0,0,1,Medium,62,MEDIUM
Cagayan de Oro,Kauswagan,2017-08-11,8,13.02,26.84,24.8,29.23,31.75,3.88,89.1,Zone 5,Evacuated,3,1,0,1,0,1,0,1,Medium,100,HIGH
Cagayan de Oro,Kauswagan,2017-01-13,1,3.94,26.93,24.45,29.64,30.0,2.93,70.7,Zone 5,Safe,3,0,0,1,0,0,0,0,,96,HIGH
Cagayan de Oro,Kauswagan,2013-07-11,7,7.1,27.26,24.26,29.92,31.62,2.24,83.6,Zone 5,Safe,7,1,0,0,1,1,0,1,Medium,100,HIGH
Cagayan de Oro,Kauswagan,2006-12-12,12,5.34,27.19,24.3,29.46,30.71,2.35,75.2,Zone 2,Safe,6,1,0,0,0,0,0,1,,65,MEDIUM
Cagayan de Oro,Kauswagan,2012-12-10,12,7.32,25.61,22.75,29.48,29.52,2.87,79.1,Zone 5,Safe,3,3,0,0,0,0,0,1,Medium,100,HIGH
Cagayan de Oro,Kauswagan,2022-12-14,12,7.38,26.21,23.56,27.83,30.35,3.16,81.4,Zone 2,Safe,9,0,0,0,0,0,0,1,Medium,69,MEDIUM
Cagayan de Oro,Kauswagan,2006-02-27,2,5.5,25.55,23.42,28.13,29.25,0.8,77.0,Zone 2,Unaccounted,4,0,0,0,0,0,0,1,,73,HIGH
Cagayan de Oro,Kauswagan,2016-06-15,6,10.14,28.63,26.56,31.18,32.93,3.55,83.0,Zone 3,Unaccounted,6,1,0,0,0,0,0,1,Medium,100,HIGH
Cagayan de Oro,Kauswagan,2022-09-01,9,6.55,28.56,25.97,31.32,32.69,3.37,81.3,Zone 5,Safe,2,3,0,0,0,0,0,1,Medium,100,HIGH
Cagayan de Oro,Kauswagan,2004-07-11,7,13.05,27.51,25.66,30.22,31.88,0.22,83.7,Zone 5,Safe,7,1,0,1,1,0,1,1,Medium,100,HIGH
Cagayan de Oro,Kauswagan,2010-04-23,4,4.62,28.77,25.56,32.21,31.66,2.72,68.9,Zone 5,Safe,4,0,0,1,1,1,0,0,,100,HIGH
Cagayan de Oro,Kauswagan,2004-06-15,6,8.84,29.59,27.41,31.88,33.21,3.37,76.2,Zone 3,Unaccounted,6,2,0,1,0,1,0,1,Medium,100,HIGH
Cagayan de Oro,Kauswagan,2020-04-18,4,9.96,29.13,27.61,32.23,32.98,0.98,78.5,Zone 5,Unaccounted,5,3,0,1,0,0,0,1,Medium,100,HIGH
Cagayan de Oro,Kauswagan,2015-08-03,8,8.87,27.96,26.24,30.77,32.08,4.63,81.2,Zone 1,Evacuated,3,2,0,0,0,1,0,1,Medium,49,MEDIUM
Cagayan de Oro,Kauswagan,2011-10-15,10,9.66,26.77,24.31,30.08,30.86,0.9,80.9,Zone 3,Safe,4,2,0,0,0,0,0,1,Medium,100,HIGH
Cagayan de Oro,Kauswagan,2014-11-18,11,6.28,27.85,25.05,30.05,32.54,2.95,86.9,Zone 2,Safe,8,2,0,0,0,1,0,1,,82,HIGH
Cagayan de Oro,Kauswagan,2021-09-04,9,10.77,28.96,25.48,30.93,34.02,0.9,90.6,Zone 1,Safe,10,1,0,0,1,0,0,1,Medium,66,MEDIUM
Cagayan de Oro,Kauswagan,2008-02-25,2,4.79,27.52,24.15,30.77,32.09,2.63,85.7,Zone 5,Safe,1,2,0,1,0,1,0,0,,100,HIGH
Cagayan de Oro,Kauswagan,2021-06-08,6,5.85,27.93,25.93,31.26,32.52,2.73,85.9,Zone 4,Unaccounted,6,1,0,0,0,0,0,1,,59,MEDIUM
Cagayan de Oro,Kauswagan,2020-02-27,2,5.8,26.23,23.5,28.53,30.33,1.25,81.0,Zone 3,Unaccounted,4,0,1,1,0,0,0,1,,100,HIGH
Cagayan de Oro,Kauswagan,2010-06-13,6,8.43,28.21,26.65,31.97,32.07,3.96,78.6,Zone 6,Safe,3,1,0,0,0,0,0,1,Medium,73,HIGH
Cagayan de Oro,Kauswagan,2022-11-10,11,7.78,28.93,27.41,32.89,33.77,3.77,88.4,Zone 5,Safe,9,3,0,0,0,0,0,1,Medium,100,HIGH
Cagayan de Oro,Kauswagan,2019-02-14,2,5.71,28.98,26.31,31.57,32.75,1.91,77.7,Zone 5,Safe,4,0,0,0,1,0,0,1,,100,HIGH
Cagayan de Oro,Kauswagan,2016-01-17,1,4.53,27.29,25.44,30.14,30.74,2.31,74.5,Zone 5,Unaccounted,6,0,0,1,1,0,1,0,,100,HIGH
Cagayan de Oro,Kauswagan,2019-07-02,7,14.81,26.7,23.55,30.56,31.05,1.94,83.5,Zone 3,Safe,1,1,0,0,0,1,1,1,Medium,100,HIGH
Cagayan de Oro,Kauswagan,2022-03-17,3,3.38,28.38,25.3,31.48,32.04,3.55,76.6,Zone 5,Safe,4,0,0,0,0,0,0,0,Medium,94,HIGH
Cagayan de Oro,Kauswagan,2003-04-08,4,11.09,29.34,26.14,31.57,31.8,2.43,64.6,Zone 5,Safe,8,0,0,0,0,0,0,1,Medium,100,HIGH
Cagayan de Oro,Kauswagan,2003-03-17,3,4.71,27.18,25.21,29.2,29.77,0.83,65.9,Zone 1,Unaccounted,5,1,0,0,1,0,0,0,,64,MEDIUM
Cagayan de Oro,Kauswagan,2012-11-16,11,7.34,27.62,24.98,30.7,32.15,2.52,85.3,Zone 6,Safe,4,1,0,1,0,0,0,1,Medium,84,HIGH
Cagayan de Oro,Kauswagan,2010-11-02,11,6.94,27.7,24.31,29.35,31.97,2.49,82.7,Zone 3,Unaccounted,2,1,0,0,0,0,0,1,,100,HIGH
Cagayan de Oro,Kauswagan,2008-07-14,7,7.83,29.09,25.62,33.02,32.81,3.19,77.2,Zone 5,Safe,6,3,0,0,0,0,0,1,Medium,100,HIGH
Cagayan de Oro,Kauswagan,2003-05-25,5,5.73,28.18,25.61,30.51,31.71,2.83,75.3,Zone 4,Evacuated,7,0,1,0,1,0,0,1,,42,MEDIUM
Cagayan de Oro,Kauswagan,2003-02-21,2,4.85,27.26,24.74,30.08,31.04,3.17,77.8,Zone 2,Safe,7,1,1,0,0,0,1,0,Medium,85,HIGH
Cagayan de Oro,Kauswagan,2015-03-28,3,5.12,26.87,23.59,29.11,29.56,0.62,66.9,Zone 5,Safe,2,0,0,0,1,0,0,1,,100,HIGH
Cagayan de Oro,Kauswagan,2022-04-17,4,7.74,28.62,26.91,32.18,31.9,2.18,72.8,Zone 5,Safe,3,2,0,0,0,0,0,1,Medium,100,HIGH
Cagayan de Oro,Kauswagan,2015-01-14,1,6.03,26.28,23.53,29.14,29.62,2.92,73.4,Zone 6,Safe,8,2,0,0,0,0,0,1,,80,HIGH
Cagayan de Oro,Kauswagan,2016-03-03,3,8.33,27.25,25.05,30.94,30.72,1.3,74.7,Zone 2,Unaccounted,5,0,0,0,0,0,0,1,Medium,82,HIGH
Cagayan de Oro,Kauswagan,2009-09-19,9,7.0,27.06,24.87,30.42,32.14,3.83,90.8,Zone 2,Unaccounted,1,1,1,0,0,1,0,1,Medium,100,HIGH
Cagayan de Oro,Kauswagan,2019-03-20,3,3.5,26.38,24.13,28.3,30.04,2.94,76.6,Zone 5,Evacuated,1,3,1,0,0,0,0,0,,97,HIGH
Cagayan de Oro,Kauswagan,2017-07-14,7,7.1,28.46,26.77,31.31,32.96,0.75,85.0,Zone 5,Safe,4,2,1,0,0,1,0,1,Medium,100,HIGH
Cagayan de Oro,Kauswagan,2021-05-15,5,4.96,30.03,27.01,32.42,34.09,2.21,80.6,Zone 5,Evacuated,2,0,0,1,0,1,1,0,,94,HIGH
Cagayan de Oro,Kauswagan,2008-10-06,10,8.68,27.01,25.5,30.47,30.75,1.74,77.4,Zone 3,Safe,9,1,1,1,0,0,0,1,Medium,100,HIGH
Cagayan de Oro,Kauswagan,2014-09-19,9,10.41,27.02,25.24,30.63,31.49,1.1,84.7,Zone 5,Unaccounted,9,1,0,1,1,1,0,1,Medium,100,HIGH
Cagayan de Oro,Kauswagan,2013-07-06,7,8.79,26.03,22.6,29.66,30.92,3.15,88.9,Zone 1,Evacuated,8,2,0,1,1,1,0,1,Medium,75,HIGH
Cagayan de Oro,Kauswagan,2010-10-03,10,13.56,27.95,24.68,30.19,32.38,4.47,84.3,Zone 3,Safe,3,1,0,1,0,0,0,1,Medium,100,HIGH
Cagayan de Oro,Kauswagan,2022-08-09,8,14.73,29.06,26.77,30.94,33.92,2.99,88.6,Zone 5,Unaccounted,9,1,1,0,1,0,1,1,Medium,100,HIGH
Cagayan de Oro,Kauswagan,2015-04-16,4,3.9,28.78,26.57,30.81,32.36,2.6,75.8,Zone 5,Safe,5,0,0,0,1,0,0,0,,97,HIGH
Cagayan de Oro,Kauswagan,2003-12-17,12,7.16,26.48,24.6,30.44,30.22,4.83,77.4,Zone 5,Safe,5,2,0,0,0,0,0,1,Medium,100,HIGH
Cagayan de Oro,Kauswagan,2010-07-21,7,12.62,26.96,23.8,29.94,30.54,2.42,75.8,Zone 3,Safe,6,3,0,0,0,0,0,1,Medium,100,HIGH
Cagayan de Oro,Kauswagan,2011-01-25,1,9.6,26.48,23.11,29.26,29.81,1.77,73.3,Zone 4,Safe,2,0,0,0,0,0,0,1,Medium,35,LOW
Cagayan de Oro,Kauswagan,2020-06-04,6,6.73,29.01,27.26,31.04,32.82,2.81,78.1,Zone 6,Safe,2,1,0,0,0,0,0,1,,64,MEDIUM
Cagayan de Oro,Kauswagan,2011-05-10,5,6.86,29.71,27.27,32.94,33.64,3.15,79.3,Zone 2,Safe,2,0,0,0,0,0,0,1,Medium,59,MEDIUM
Cagayan de Oro,Kauswagan,2003-05-28,5,8.75,28.64,27.08,31.92,32.12,1.47,74.8,Zone 3,Safe,9,1,0,0,1,0,0,1,Medium,100,HIGH
Cagayan de Oro,Kauswagan,2013-09-13,9,7.96,26.75,23.9,29.47,31.26,2.69,85.1,Zone 5,Safe,5,2,0,0,0,1,0,1,Medium,100,HIGH
Cagayan de Oro,Kauswagan,2017-07-01,7,9.44,27.89,26.12,30.37,32.02,2.67,81.3,Zone 3,Evacuated,5,3,1,0,1,0,0,1,Medium,100,HIGH
Cagayan de Oro,Kauswagan,2020-03-01,3,19.7,26.74,25.03,28.24,30.09,3.36,73.5,Zone 3,Safe,10,0,0,0,1,0,0,1,High,100,HIGH
Cagayan de Oro,Kauswagan,2020-03-26,3,4.45,28.94,26.08,31.9,32.09,2.07,71.5,Zone 2,Safe,5,0,0,0,0,0,0,0,,49,MEDIUM
Cagayan de Oro,Kauswagan,2015-06-04,6,10.63,27.98,26.44,30.47,31.95,1.1,79.7,Zone 1,Evacuated,6,1,0,0,0,0,0,1,Medium,40,MEDIUM
Cagayan de Oro,Kauswagan,2016-03-23,3,9.07,28.95,26.61,31.17,33.08,4.0,81.3,Zone 5,Safe,1,0,0,0,0,1,0,1,Medium,100,HIGH
Cagayan de Oro,Kauswagan,2018-04-13,4,7.31,28.95,26.4,31.6,31.85,4.07,69.0,Zone 3,Safe,9,0,0,0,0,0,0,1,Medium,100,HIGH
Cagayan de Oro,Kauswagan,2011-08-13,8,6.36,28.18,26.37,31.75,31.75,3.69,75.7,Zone 6,Unaccounted,4,2,0,0,0,0,0,1,Medium,98,HIGH
Cagayan de Oro,Kauswagan,2014-04-20,4,4.84,30.18,28.2,32.6,32.97,0.26,67.9,Zone 5,Evacuated,7,0,0,0,1,0,0,0,,86,HIGH
Cagayan de Oro,Kauswagan,2022-04-06,4,4.99,29.33,26.22,32.92,32.84,5.33,75.1,Zone 6,Unaccounted,5,1,0,0,0,0,0,0,High,94,HIGH
Cagayan de Oro,Kauswagan,2022-02-09,2,4.32,26.88,23.76,29.6,30.1,3.02,72.2,Zone 6,Evacuated,8,3,0,0,0,0,0,0,Medium,70,HIGH
Cagayan de Oro,Kauswagan,2017-08-07,8,8.64,28.1,24.89,29.69,32.45,2.3,83.5,Zone 3,Evacuated,10,1,1,0,1,1,0,1,Medium,100,HIGH
Cagayan de Oro,Kauswagan,2015-05-12,5,6.38,29.65,26.2,31.99,32.85,4.79,72.0,Zone 1,Safe,8,0,0,0,0,0,0,1,Medium,52,MEDIUM
Cagayan de Oro,Kauswagan,2009-01-22,1,5.64,28.3,25.25,30.43,31.77,2.86,74.7,Zone 5,Safe,4,2,0,0,0,0,0,1,,100,HIGH
Cagayan de Oro,Kauswagan,2006-12-19,12,9.83,27.97,24.62,30.77,32.13,0.44,81.6,Zone 6,Evacuated,5,2,0,0,0,1,0,1,Medium,75,HIGH
Cagayan de Oro,Kauswagan,2022-06-14,6,15.62,28.01,25.23,31.74,32.14,2.87,81.3,Zone 5,Safe,3,3,0,0,0,1,1,1,High,100,HIGH
Cagayan de Oro,Kauswagan,2005-11-15,11,6.33,27.14,24.29,29.7,31.93,2.53,87.9,Zone 4,Unaccounted,10,1,0,0,0,0,0,1,,62,MEDIUM
Cagayan de Oro,Kauswagan,2010-08-06,8,8.3,26.33,24.01,28.6,31.49,4.65,91.6,Zone 1,Safe,1,1,0,0,0,1,1,1,Medium,61,MEDIUM
Cagayan de Oro,Kauswagan,2007-08-04,8,11.73,28.31,26.04,31.83,32.99,2.79,86.8,Zone 5,Evacuated,9,3,0,1,0,0,0,1,Medium,100,HIGH
Cagayan de Oro,Kauswagan,2006-10-27,10,9.51,28.21,26.38,30.94,33.07,2.83,88.6,Zone 3,Safe,9,1,0,1,1,1,0,1,Medium,100,HIGH
Cagayan de Oro,Kauswagan,2005-11-19,11,12.12,29.11,26.36,31.62,32.87,4.52,77.6,Zone 6,Evacuated,5,1,0,0,0,0,1,1,Medium,68,MEDIUM
Cagayan de Oro,Kauswagan,2009-06-12,6,8.8,29.25,26.82,31.32,33.63,1.7,83.8,Zone 2,Evacuated,5,1,1,1,0,0,0,1,Medium,77,HIGH
Cagayan de Oro,Kauswagan,2014-09-11,9,13.92,27.51,24.88,31.44,32.12,1.27,86.1,Zone 4,Safe,2,1,0,0,1,0,0,1,Medium,49,MEDIUM
Cagayan de Oro,Kauswagan,2006-05-18,5,5.24,28.36,26.32,30.62,32.19,3.24,78.3,Zone 1,Safe,5,0,0,0,0,0,0,1,Medium,47,MEDIUM
Cagayan de Oro,Kauswagan,2007-07-02,7,7.5,27.81,25.83,31.46,31.7,0.96,78.9,Zone 2,Safe,7,1,0,0,0,1,1,1,Medium,89,HIGH
Cagayan de Oro,Kauswagan,2016-03-19,3,6.11,28.32,25.77,30.22,32.64,2.02,83.2,Zone 3,Evacuated,9,1,0,0,0,0,0,1,,89,HIGH
Cagayan de Oro,Kauswagan,2017-05-05,5,8.43,29.97,26.62,33.33,33.98,2.91,80.1,Zone 6,Safe,10,1,0,0,0,0,1,1,Medium,88,HIGH
Cagayan de Oro,Kauswagan,2014-03-28,3,5.4,27.75,26.02,31.38,31.81,3.05,80.6,Zone 3,Unaccounted,8,1,0,0,1,1,0,1,Medium,100,HIGH
Cagayan de Oro,Kauswagan,2014-05-15,5,18.13,28.51,25.99,32.1,32.89,1.91,83.8,Zone 5,Unaccounted,4,3,0,0,0,0,0,1,High,100,HIGH
Cagayan de Oro,Kauswagan,2013-02-02,2,10.75,29.03,27.15,32.0,33.13,3.5,81.0,Zone 2,Evacuated,6,1,0,0,0,1,0,1,Medium,65,MEDIUM
Cagayan de Oro,Kauswagan,2018-12-26,12,5.35,26.77,24.35,29.67,31.84,2.45,90.7,Zone 6,Safe,7,0,0,0,0,1,0,1,,75,HIGH
Cagayan de Oro,Kauswagan,2003-05-08,5,5.9,30.47,28.46,34.38,34.29,0.93,78.2,Zone 6,Safe,7,3,0,0,0,0,0,1,,85,HIGH
Cagayan de Oro,Kauswagan,2009-05-04,5,4.24,29.21,25.91,31.73,33.22,0.68,80.1,Zone 6,Safe,8,0,0,0,0,0,0,0,,60,MEDIUM
Cagayan de Oro,Kauswagan,2006-01-15,1,9.01,27.14,23.66,30.84,31.36,1.52,82.2,Zone 3,Safe,8,0,0,0,0,0,0,1,Medium,100,HIGH
Cagayan de Oro,Kauswagan,2003-12-11,12,12.11,27.33,25.01,30.82,31.69,1.17,83.6,Zone 5,Safe,8,0,1,0,0,0,0,1,Medium,100,HIGH
Cagayan de Oro,Kauswagan,2009-12-10,12,8.97,27.3,24.78,30.37,31.06,1.11,77.6,Zone 6,Safe,7,0,0,0,0,0,0,1,Medium,74,HIGH
Cagayan de Oro,Kauswagan,2017-03-28,3,8.68,27.1,25.53,30.45,30.78,2.07,76.8,Zone 5,Safe,2,0,1,1,0,0,1,1,Medium,100,HIGH
Cagayan de Oro,Kauswagan,2016-09-10,9,8.13,27.85,25.8,30.56,31.75,0.78,79.0,Zone 3,Safe,1,3,0,0,0,0,0,1,Medium,100,HIGH
Cagayan de Oro,Kauswagan,2008-08-17,8,12.6,28.36,24.9,29.97,33.01,0.0,86.5,Zone 3,Safe,10,1,1,0,0,0,0,1,Medium,100,HIGH
Cagayan de Oro,Kauswagan,2014-06-23,6,8.71,27.84,26.27,31.37,32.02,2.59,81.8,Zone 3,Safe,2,1,0,0,0,0,0,1,Medium,100,HIGH
Cagayan de Oro,Kauswagan,2018-10-28,10,7.78,26.94,24.99,30.6,31.64,2.0,87.0,Zone 5,Safe,1,3,0,0,0,1,0,1,Medium,100,HIGH
Cagayan de Oro,Kauswagan,2015-08-14,8,11.48,25.14,21.7,27.36,29.52,2.3,83.8,Zone 3,Safe,4,2,0,0,0,0,0,1,Medium,100,HIGH
Cagayan de Oro,Kauswagan,2006-03-21,3,4.79,27.01,24.13,29.54,30.14,2.19,71.3,Zone 2,Safe,4,0,0,0,0,0,1,0,,54,MEDIUM
Cagayan de Oro,Kauswagan,2005-12-14,12,5.91,26.91,24.48,30.07,31.09,2.0,81.8,Zone 3,Safe,2,0,1,1,1,0,0,1,,100,HIGH
Cagayan de Oro,Kauswagan,2006-04-06,4,3.66,28.44,26.49,31.88,31.17,3.31,67.3,Zone 2,Safe,9,1,0,1,0,1,1,0,Medium,92,HIGH
Cagayan de Oro,Kauswagan,2014-06-11,6,10.3,27.64,25.87,29.42,32.18,4.98,85.4,Zone 6,Safe,8,1,0,0,1,0,0,1,Medium,89,HIGH
Cagayan de Oro,Kauswagan,2014-08-01,8,11.48,28.58,25.15,30.47,32.74,1.86,81.6,Zone 3,Unaccounted,1,1,0,0,1,0,0,1,Medium,100,HIGH
Cagayan de Oro,Kauswagan,2007-05-03,5,9.97,28.98,25.94,31.34,31.86,5.3,68.8,Zone 5,Evacuated,10,2,0,0,1,1,1,1,High,100,HIGH
Cagayan de Oro,Kauswagan,2020-03-11,3,3.09,28.72,26.43,30.6,32.5,0.63,77.8,Zone 6,Safe,6,0,0,0,0,0,0,0,,57,MEDIUM
Cagayan de Oro,Kauswagan,2013-11-06,11,10.29,28.12,25.29,29.78,32.71,1.85,85.9,Zone 3,Safe,10,3,0,0,0,0,0,1,Medium,100,HIGH
Cagayan de Oro,Kauswagan,2021-06-03,6,6.13,27.91,26.01,31.6,31.81,1.37,79.0,Zone 2,Safe,6,1,0,1,0,1,0,1,,83,HIGH
Cagayan de Oro,Kauswagan,2011-04-09,4,7.94,29.59,26.48,31.93,33.37,1.67,77.8,Zone 2,Evacuated,2,1,0,0,0,0,0,1,Medium,50,MEDIUM
Cagayan de Oro,Kauswagan,2006-12-06,12,7.96,25.89,24.0,28.06,30.41,1.73,85.2,Zone 6,Evacuated,7,0,0,0,0,0,0,1,Medium,59,MEDIUM
Cagayan de Oro,Kauswagan,2016-06-05,6,10.32,27.86,24.82,29.98,32.01,3.46,81.5,Zone 6,Unaccounted,3,3,1,0,0,1,0,1,Medium,100,HIGH
Cagayan de Oro,Kauswagan,2019-12-22,12,7.49,27.15,25.46,31.12,31.2,2.67,80.5,Zone 3,Safe,9,1,0,0,0,0,0,1,Medium,100,HIGH
Cagayan de Oro,Kauswagan,2005-12-15,12,11.75,27.5,24.77,30.34,31.31,2.45,78.1,Zone 3,Safe,9,1,0,1,1,1,0,1,Medium,100,HIGH
Cagayan de Oro,Kauswagan,2006-05-18,5,6.41,29.84,26.72,33.58,33.43,2.56,75.9,Zone 5,Safe,8,1,1,0,0,0,0,1,,100,HIGH
Cagayan de Oro,Kauswagan,2019-12-01,12,7.37,28.11,24.91,30.42,32.18,2.3,80.7,Zone 6,Safe,10,1,0,0,0,0,0,1,Medium,81,HIGH
Cagayan de Oro,Kauswagan,2004-11-17,11,6.44,26.47,23.88,28.64,30.58,3.31,81.1,Zone 6,Safe,5,2,0,0,0,0,0,1,Medium,82,HIGH
Cagayan de Oro,Kauswagan,2006-01-18,1,4.58,26.98,24.09,30.71,30.33,3.44,73.5,Zone 5,Safe,4,0,0,0,0,1,0,0,Medium,100,HIGH
Cagayan de Oro,Kauswagan,2004-10-19,10,8.89,27.24,24.47,31.14,31.37,3.07,81.3,Zone 5,Evacuated,2,1,0,0,0,0,1,1,Medium,97,HIGH
Cagayan de Oro,Kauswagan,2003-05-14,5,7.4,28.49,25.21,32.39,32.0,0.47,75.1,Zone 5,Safe,5,2,1,0,1,1,0,1,Medium,100,HIGH
Cagayan de Oro,Kauswagan,2007-09-04,9,7.95,26.92,24.01,30.23,31.4,2.18,84.8,Zone 3,Safe,9,3,0,0,0,0,0,1,Medium,100,HIGH
Cagayan de Oro,Kauswagan,2017-03-02,3,7.08,28.06,24.92,30.23,31.73,0.83,76.7,Zone 5,Safe,9,1,0,0,0,0,0,1,Medium,100,HIGH
Cagayan de Oro,Kauswagan,2013-12-24,12,12.11,26.63,23.93,30.25,30.5,0.36,78.7,Zone 6,Safe,10,0,0,0,0,0,0,1,Medium,75,HIGH
Cagayan de Oro,Kauswagan,2011-02-24,2,11.96,28.65,25.66,31.07,32.47,1.63,78.2,Zone 3,Unaccounted,6,0,1,1,0,1,0,1,Medium,100,HIGH
Cagayan de Oro,Kauswagan,2019-06-16,6,13.96,27.12,24.36,29.15,31.76,3.38,86.4,Zone 3,Safe,10,2,0,1,1,0,0,1,Medium,100,HIGH
Cagayan de Oro,Kauswagan,2015-09-19,9,7.81,28.27,26.19,30.02,32.95,1.17,86.8,Zone 2,Safe,1,1,0,0,0,0,0,1,Medium,63,MEDIUM
Cagayan de Oro,Kauswagan,2021-12-23,12,15.98,27.27,24.01,29.25,31.35,1.89,80.8,Zone 1,Unaccounted,3,2,0,0,0,0,0,1,High,82,HIGH
Cagayan de Oro,Kauswagan,2020-03-09,3,4.47,27.1,23.77,29.56,30.18,3.01,70.8,Zone 5,Safe,3,0,0,0,1,0,1,0,Medium,100,HIGH
Cagayan de Oro,Kauswagan,2011-06-16,6,9.19,29.06,26.92,31.55,33.28,2.86,82.2,Zone 6,Safe,1,2,0,1,0,0,1,1,Medium,92,HIGH
Cagayan de Oro,Kauswagan,2019-05-02,5,5.39,29.67,27.73,31.85,33.31,1.76,76.4,Zone 5,Unaccounted,5,2,0,0,0,1,0,1,,100,HIGH
Cagayan de Oro,Kauswagan,2014-09-17,9,10.45,27.08,24.45,30.9,31.91,0.84,88.3,Zone 6,Safe,3,1,0,0,1,0,0,1,Medium,81,HIGH
Cagayan de Oro,Kauswagan,2009-07-20,7,7.22,27.02,25.16,30.18,31.37,4.0,83.5,Zone 3,Safe,3,3,0,0,0,0,0,1,Medium,100,HIGH
Cagayan de Oro,Kauswagan,2010-03-05,3,5.35,26.9,24.57,28.99,30.82,1.8,79.2,Zone 6,Unaccounted,8,0,1,1,1,0,0,1,,100,HIGH
Cagayan de Oro,Kauswagan,2014-12-20,12,9.68,24.99,21.56,28.08,29.23,1.84,82.4,Zone 5,Safe,9,2,1,1,0,0,0,1,Medium,100,HIGH
Cagayan de Oro,Kauswagan,2003-03-17,3,11.11,27.52,25.84,30.16,30.57,3.57,70.5,Zone 5,Safe,1,0,0,0,1,0,0,1,Medium,100,HIGH
Cagayan de Oro,Kauswagan,2015-01-05,1,12.17,27.54,24.72,30.47,30.82,3.79,72.8,Zone 2,Safe,4,1,0,0,1,0,0,1,Medium,76,HIGH
Cagayan de Oro,Kauswagan,2012-02-27,2,3.75,25.52,22.63,28.57,29.45,1.3,79.3,Zone 1,Safe,4,0,0,0,0,0,0,0,,30,LOW
Cagayan de Oro,Kauswagan,2019-12-04,12,7.29,26.98,24.62,30.14,30.74,2.23,77.6,Zone 2,Safe,8,2,0,0,0,1,0,1,Medium,89,HIGH
Cagayan de Oro,Kauswagan,2018-07-21,7,9.66,27.16,23.74,29.3,31.78,3.3,86.2,Zone 3,Safe,3,2,1,0,0,0,0,1,Medium,100,HIGH
Cagayan de Oro,Kauswagan,2004-02-22,2,8.79,27.37,25.28,30.25,31.28,2.21,79.1,Zone 3,Safe,4,1,0,1,0,1,0,1,Medium,100,HIGH
Cagayan de Oro,Kauswagan,2005-01-26,1,12.46,27.19,24.41,29.81,30.94,2.91,77.5,Zone 3,Evacuated,10,1,0,1,0,0,0,1,Medium,100,HIGH
Cagayan de Oro,Kauswagan,2007-12-10,12,10.05,26.65,24.88,28.68,30.77,1.55,81.2,Zone 2,Safe,10,0,0,0,0,0,0,1,Medium,69,MEDIUM
Cagayan de Oro,Kauswagan,2018-06-25,6,8.54,28.1,25.65,31.52,32.51,1.87,84.1,Zone 5,Safe,5,1,1,0,0,0,0,1,Medium,100,HIGH
Cagayan de Oro,Kauswagan,2019-03-04,3,4.83,27.52,24.97,29.88,30.92,2.48,74.0,Zone 4,Safe,5,0,0,0,0,0,0,0,,25,LOW
Cagayan de Oro,Kauswagan,2015-01-08,1,13.6,26.28,24.4,28.36,30.2,2.89,79.2,Zone 3,Unaccounted,9,0,0,1,1,0,0,1,Medium,100,HIGH
Cagayan de Oro,Kauswagan,2012-01-25,1,10.83,27.77,25.35,31.52,31.15,0.35,73.8,Zone 3,Evacuated,10,1,0,0,0,0,0,1,Medium,96,HIGH
Cagayan de Oro,Kauswagan,2022-11-17,11,8.29,29.22,27.1,32.6,33.16,2.4,79.4,Zone 5,Safe,7,1,0,1,1,0,1,1,Medium,100,HIGH
Cagayan de Oro,Kauswagan,2007-06-08,6,7.66,27.8,25.01,29.44,31.75,2.33,79.5,Zone 3,Unaccounted,6,1,0,0,0,0,0,1,Medium,100,HIGH
Cagayan de Oro,Kauswagan,2018-07-23,7,10.08,28.84,26.16,31.06,33.44,1.1,86.0,Zone 6,Evacuated,8,2,1,0,0,0,0,1,Medium,84,HIGH
Cagayan de Oro,Kauswagan,2021-09-25,9,11.01,28.49,25.96,31.08,33.21,2.87,87.2,Zone 5,Evacuated,2,3,0,0,1,0,1,1,Medium,100,HIGH
Cagayan de Oro,Kauswagan,2021-11-11,11,14.6,27.48,25.71,31.41,32.16,2.87,86.8,Zone 1,Safe,9,1,0,0,0,0,0,1,Medium,58,MEDIUM
Cagayan de Oro,Kauswagan,2013-04-21,4,5.72,29.06,25.64,30.69,32.77,3.11,77.1,Zone 3,Evacuated,8,0,0,0,0,0,0,1,Medium,90,HIGH
Cagayan de Oro,Kauswagan,2015-07-05,7,9.5,29.95,27.1,32.71,34.24,1.94,82.9,Zone 3,Evacuated,7,3,0,0,0,0,0,1,Medium,100,HIGH
Cagayan de Oro,Kauswagan,2018-10-20,10,12.66,27.83,24.97,30.76,32.22,1.57,83.9,Zone 3,Evacuated,9,2,0,0,0,0,0,1,Medium,100,HIGH
Cagayan de Oro,Kauswagan,2004-03-01,3,9.9,28.42,25.82,31.53,32.44,2.69,80.2,Zone 4,Safe,1,0,0,0,0,0,0,1,Medium,33,LOW
Cagayan de Oro,Kauswagan,2016-09-27,9,10.28,27.09,24.25,30.08,31.94,2.06,88.5,Zone 6,Safe,6,1,0,0,0,0,0,1,Medium,78,HIGH
Cagayan de Oro,Kauswagan,2006-10-11,10,14.93,27.13,25.12,30.09,31.45,5.2,83.2,Zone 2,Evacuated,1,1,0,0,0,0,0,1,High,56,MEDIUM
Cagayan de Oro,Kauswagan,2003-02-21,2,8.28,27.65,24.82,29.17,31.87,4.79,82.2,Zone 3,Evacuated,6,0,0,0,0,0,0,1,Medium,87,HIGH
Cagayan de Oro,Kauswagan,2008-03-09,3,7.36,27.55,24.73,30.26,30.37,1.87,68.2,Zone 3,Evacuated,5,2,0,0,0,0,1,1,Medium,100,HIGH
Cagayan de Oro,Kauswagan,2014-07-14,7,8.85,27.51,24.6,29.33,31.26,2.54,77.5,Zone 3,Safe,9,1,0,0,0,0,0,1,Medium,100,HIGH
Cagayan de Oro,Kauswagan,2017-06-04,6,6.94,29.18,27.43,31.84,33.18,3.34,80.0,Zone 1,Evacuated,2,1,0,0,0,0,0,1,Medium,33,LOW
Cagayan de Oro,Kauswagan,2010-05-07,5,3.0,29.92,27.76,33.78,34.04,2.22,81.2,Zone 3,Safe,8,1,0,0,0,0,0,0,,96,HIGH
Cagayan de Oro,Kauswagan,2007-04-09,4,3.88,29.77,27.49,33.35,32.9,3.83,71.3,Zone 3,Safe,8,0,0,0,0,0,0,0,Medium,97,HIGH
Cagayan de Oro,Kauswagan,2012-02-01,2,4.31,27.67,24.75,30.65,31.24,4.0,75.7,Zone 3,Safe,5,0,1,1,1,0,0,0,Medium,100,HIGH
Cagayan de Oro,Kauswagan,2016-01-26,1,9.0,26.72,25.05,29.87,30.93,1.7,82.1,Zone 3,Safe,1,0,0,0,0,0,0,1,Medium,93,HIGH
Cagayan de Oro,Kauswagan,2016-07-13,7,9.2,26.71,24.0,29.45,30.95,2.62,82.4,Zone 4,Evacuated,8,1,1,0,0,1,0,1,Medium,56,MEDIUM
Cagayan de Oro,Kauswagan,2008-02-25,2,4.37,25.97,23.89,28.05,29.75,2.97,77.8,Zone 6,Safe,9,1,0,0,0,0,0,0,,66,MEDIUM
Cagayan de Oro,Kauswagan,2009-12-02,12,8.69,27.88,26.07,31.27,31.6,0.82,77.2,Zone 3,Safe,10,0,0,0,0,0,0,1,Medium,100,HIGH
Cagayan de Oro,Kauswagan,2020-06-11,6,9.69,27.86,25.47,31.2,31.85,2.22,79.9,Zone 5,Safe,4,1,0,0,0,0,0,1,Medium,100,HIGH
Cagayan de Oro,Kauswagan,2005-09-25,9,7.92,29.15,26.16,32.3,33.71,3.65,85.6,Zone 6,Safe,4,2,0,0,0,0,0,1,Medium,80,HIGH
Cagayan de Oro,Kauswagan,2015-08-27,8,8.7,26.52,24.48,29.84,32.06,4.8,95.4,Zone 5,Evacuated,2,1,0,0,0,0,0,1,Medium,90,HIGH
Cagayan de Oro,Kauswagan,2022-05-20,5,6.42,29.73,27.82,32.24,33.25,4.93,75.2,Zone 6,Unaccounted,2,1,0,0,0,0,0,1,Medium,89,HIGH
Cagayan de Oro,Kauswagan,2015-08-11,8,9.74,26.86,23.96,29.0,31.21,1.22,83.5,Zone 2,Safe,1,1,0,0,0,0,0,1,Medium,63,MEDIUM
Cagayan de Oro,Kauswagan,2013-10-27,10,8.52,28.09,25.8,32.07,32.65,2.93,85.6,Zone 3,Safe,1,1,0,0,0,0,0,1,Medium,99,HIGH
Cagayan de Oro,Kauswagan,2006-07-05,7,10.87,29.49,26.4,31.12,33.53,3.33,80.4,Zone 5,Evacuated,7,1,0,0,0,0,0,1,Medium,99,HIGH
Cagayan de Oro,Kauswagan,2004-08-28,8,8.22,27.03,23.79,30.63,31.33,3.17,83.0,Zone 6,Safe,2,1,0,1,0,0,0,1,Medium,81,HIGH
Cagayan de Oro,Kauswagan,2018-12-24,12,8.63,28.05,25.05,32.03,32.53,4.32,84.8,Zone 5,Evacuated,10,0,0,1,1,1,0,1,Medium,100,HIGH
Cagayan de Oro,Kauswagan,2020-06-19,6,13.99,29.46,27.17,32.11,33.87,0.83,84.1,Zone 5,Evacuated,6,1,0,0,0,0,1,1,Medium,100,HIGH
Cagayan de Oro,Kauswagan,2004-12-25,12,6.88,26.72,24.27,30.68,30.96,1.4,82.4,Zone 5,Evacuated,10,0,1,0,1,0,0,1,,100,HIGH
Cagayan de Oro,Kauswagan,2020-05-23,5,9.79,29.47,27.6,33.03,32.95,2.25,74.8,Zone 5,Safe,1,1,0,1,0,0,0,1,Medium,100,HIGH
Cagayan de Oro,Kauswagan,2006-12-27,12,10.87,27.37,25.45,29.19,31.73,3.65,83.6,Zone 1,Safe,4,0,0,0,0,0,0,1,Medium,45,MEDIUM
Cagayan de Oro,Kauswagan,2005-01-06,1,3.91,27.67,25.67,31.06,31.38,2.88,77.1,Zone 5,Unaccounted,5,0,0,0,0,0,0,0,,100,HIGH
Cagayan de Oro,Kauswagan,2007-02-23,2,4.78,26.34,23.36,30.32,29.61,1.71,72.7,Zone 6,Safe,3,1,1,0,0,0,0,0,,70,HIGH
Cagayan de Oro,Kauswagan,2014-12-19,12,7.8,27.17,24.08,30.55,31.95,3.91,87.8,Zone 5,Safe,6,0,0,1,0,0,0,1,Medium,100,HIGH
Cagayan de Oro,Kauswagan,2014-04-23,4,3.78,29.07,26.85,30.89,31.98,0.92,69.1,Zone 4,Safe,9,0,0,0,0,0,0,0,,30,LOW
Cagayan de Oro,Kauswagan,2003-07-07,7,16.0,29.07,26.0,30.95,33.37,2.22,83.0,Zone 4,Safe,3,2,0,0,0,0,0,1,High,57,MEDIUM
Cagayan de Oro,Kauswagan,2007-04-12,4,5.91,29.39,26.8,31.99,32.59,1.51,72.0,Zone 6,Evacuated,2,0,0,0,1,1,0,1,,59,MEDIUM
Cagayan de Oro,Kauswagan,2008-05-16,5,5.71,28.25,25.93,31.41,31.82,1.18,75.7,Zone 5,Unaccounted,8,0,0,0,0,0,0,1,,100,HIGH
Cagayan de Oro,Kauswagan,2004-06-11,6,15.9,28.5,26.09,30.38,33.14,3.45,86.4,Zone 1,Safe,2,2,1,0,1,1,0,1,High,90,HIGH
Cagayan de Oro,Kauswagan,2019-11-02,11,12.09,28.63,26.04,32.47,33.62,3.09,89.9,Zone 5,Safe,7,2,1,0,1,0,0,1,Medium,100,HIGH
Cagayan de Oro,Kauswagan,2013-12-22,12,4.88,28.55,25.96,31.68,33.26,2.8,87.1,Zone 3,Safe,1,0,0,0,0,0,1,0,,85,HIGH
Cagayan de Oro,Kauswagan,2016-11-27,11,8.58,26.82,24.35,29.55,31.2,2.41,83.8,Zone 5,Unaccounted,5,1,0,0,0,0,0,1,Medium,100,HIGH
Cagayan de Oro,Kauswagan,2020-04-15,4,3.82,27.61,24.49,30.93,30.32,3.41,67.1,Zone 3,Unaccounted,7,0,0,0,0,0,0,0,Medium,100,HIGH
Cagayan de Oro,Kauswagan,2015-11-10,11,7.24,27.08,24.05,29.19,31.61,0.03,85.3,Zone 6,Safe,5,3,0,0,0,0,0,1,Medium,88,HIGH
Cagayan de Oro,Kauswagan,2016-12-19,12,7.5,27.04,23.59,29.04,31.07,5.73,80.3,Zone 3,Safe,3,0,0,1,0,1,0,1,High,100,HIGH
Cagayan de Oro,Kauswagan,2022-09-04,9,10.32,26.15,22.8,28.51,30.85,1.77,87.0,Zone 5,Safe,8,1,0,0,0,1,0,1,Medium,100,HIGH
Cagayan de Oro,Kauswagan,2013-04-10,4,4.3,28.8,27.2,32.71,32.93,1.57,81.3,Zone 2,Safe,5,0,1,1,1,0,0,0,,79,HIGH
Cagayan de Oro,Kauswagan,2016-03-25,3,12.41,28.36,26.81,31.06,32.25,1.9,78.9,Zone 3,Unaccounted,10,0,0,0,1,0,0,1,Medium,100,HIGH
Cagayan de Oro,Kauswagan,2018-06-19,6,7.61,29.04,26.64,32.98,33.25,2.76,82.1,Zone 5,Safe,1,1,1,0,1,0,0,1,Medium,100,HIGH
Cagayan de Oro,Kauswagan,2005-10-18,10,8.85,27.48,25.1,29.73,31.67,3.03,81.9,Zone 3,Unaccounted,4,1,0,0,0,0,0,1,Medium,100,HIGH
Cagayan de Oro,Kauswagan,2019-10-15,10,8.6,26.75,24.2,29.56,30.91,3.62,81.6,Zone 3,Unaccounted,9,2,0,0,1,0,0,1,Medium,100,HIGH
Cagayan de Oro,Kauswagan,2014-11-28,11,16.31,27.26,24.85,29.37,31.9,3.45,86.4,Zone 5,Evacuated,10,1,1,0,1,1,0,1,High,100,HIGH
Cagayan de Oro,Kauswagan,2021-07-08,7,11.14,27.24,25.1,29.59,31.57,2.64,83.3,Zone 1,Safe,8,1,0,0,0,0,0,1,Medium,58,MEDIUM
Cagayan de Oro,Kauswagan,2005-11-06,11,10.88,28.9,27.12,31.67,33.85,2.36,89.5,Zone 5,Safe,8,1,1,0,1,0,1,1,Medium,100,HIGH
Cagayan de Oro,Kauswagan,2019-10-27,10,11.61,27.83,25.39,30.26,31.92,1.44,80.9,Zone 5,Safe,9,3,0,0,0,0,0,1,Medium,100,HIGH
Cagayan de Oro,Kauswagan,2022-12-06,12,12.89,27.18,25.6,30.63,31.07,3.61,78.9,Zone 1,Unaccounted,6,0,0,0,0,0,0,1,Medium,67,MEDIUM
Cagayan de Oro,Kauswagan,2006-06-24,6,8.19,28.36,25.98,30.81,32.98,3.02,86.2,Zone 5,Safe,5,1,1,0,0,0,0,1,Medium,100,HIGH
Cagayan de Oro,Kauswagan,2011-10-08,10,7.85,26.91,24.8,28.87,31.78,4.3,88.7,Zone 3,Safe,8,1,0,0,0,0,0,1,Medium,100,HIGH
Cagayan de Oro,Kauswagan,2010-10-08,10,7.52,26.47,23.09,30.25,30.91,0.86,84.4,Zone 4,Evacuated,7,1,0,0,0,0,0,1,Medium,35,LOW
Cagayan de Oro,Kauswagan,2014-04-23,4,6.38,28.5,25.77,31.18,32.52,1.9,80.2,Zone 5,Unaccounted,10,1,0,0,0,0,0,1,,100,HIGH
Cagayan de Oro,Kauswagan,2008-07-26,7,8.45,29.5,26.99,32.83,34.55,3.93,90.5,Zone 2,Safe,7,3,0,0,0,0,1,1,Medium,93,HIGH
Cagayan de Oro,Kauswagan,2013-08-25,8,7.39,27.48,24.71,30.24,31.21,4.14,77.3,Zone 3,Unaccounted,3,2,0,1,0,1,0,1,Medium,100,HIGH
Cagayan de Oro,Kauswagan,2004-07-08,7,7.93,26.73,24.05,29.4,31.39,1.34,86.6,Zone 2,Safe,9,2,0,0,0,1,1,1,Medium,96,HIGH
Cagayan de Oro,Kauswagan,2018-01-19,1,13.59,27.94,25.13,31.93,31.52,1.64,75.8,Zone 3,Safe,6,3,1,1,1,0,0,1,Medium,100,HIGH
Cagayan de Oro,Kauswagan,2004-06-22,6,7.5,28.55,26.16,30.4,32.2,1.73,76.5,Zone 5,Safe,10,3,1,0,0,0,0,1,Medium,100,HIGH
Cagayan de Oro,Kauswagan,2003-11-03,11,16.47,28.11,24.75,31.14,32.91,1.81,88.0,Zone 1,Evacuated,3,1,0,0,0,0,0,1,High,43,MEDIUM
Cagayan de Oro,Kauswagan,2014-09-06,9,15.7,26.79,24.71,28.88,30.97,3.94,81.8,Zone 3,Safe,5,2,0,0,0,1,0,1,High,100,HIGH
Cagayan de Oro,Kauswagan,2005-08-04,8,9.7,27.73,25.31,30.03,32.31,2.38,85.8,Zone 2,Safe,8,1,1,0,1,0,0,1,Medium,95,HIGH
Cagayan de Oro,Kauswagan,2020-12-19,12,6.38,27.62,25.2,29.21,32.46,4.86,88.4,Zone 3,Safe,9,0,0,0,0,0,0,1,Medium,100,HIGH
Cagayan de Oro,Kauswagan,2009-12-11,12,17.82,26.85,23.97,30.37,31.0,0.77,81.5,Zone 5,Safe,7,0,0,1,0,0,0,1,High,100,HIGH
Cagayan de Oro,Kauswagan,2009-07-17,7,8.59,27.7,24.46,31.56,32.27,4.31,85.7,Zone 2,Safe,8,2,1,0,1,1,0,1,Medium,100,HIGH
Cagayan de Oro,Kauswagan,2022-01-14,1,6.49,27.63,25.3,29.58,31.73,1.06,81.0,Zone 2,Evacuated,9,0,0,0,0,0,0,1,,47,MEDIUM
Cagayan de Oro,Kauswagan,2017-04-18,4,1.37,29.01,25.95,32.58,32.39,2.07,73.8,Zone 4,Safe,9,3,0,0,0,0,0,0,,48,MEDIUM
Cagayan de Oro,Kauswagan,2020-10-27,10,13.1,28.2,25.16,29.98,32.16,1.44,79.6,Zone 5,Unaccounted,10,1,0,0,0,0,0,1,Medium,100,HIGH
Cagayan de Oro,Kauswagan,2018-08-04,8,8.27,28.68,26.7,32.36,33.42,0.94,87.4,Zone 6,Safe,4,1,0,0,1,0,1,1,Medium,89,HIGH
Cagayan de Oro,Kauswagan,2004-09-07,9,7.59,25.71,23.39,27.86,30.33,5.85,86.2,Zone 6,Unaccounted,4,3,0,0,0,0,0,1,High,100,HIGH
Cagayan de Oro,Kauswagan,2016-09-04,9,12.17,27.68,25.29,29.68,32.12,3.24,84.4,Zone 3,Safe,6,2,0,0,0,0,0,1,Medium,100,HIGH
Cagayan de Oro,Kauswagan,2018-07-16,7,6.68,27.77,25.53,31.61,31.73,4.24,79.6,Zone 3,Safe,8,2,0,0,1,0,0,1,Medium,100,HIGH
Cagayan de Oro,Kauswagan,2003-05-04,5,5.22,29.31,27.17,32.67,33.17,2.92,78.6,Zone 3,Evacuated,8,0,0,0,1,0,0,1,,91,HIGH
Cagayan de Oro,Kauswagan,2004-01-10,1,4.11,27.65,25.79,30.87,31.5,1.96,78.5,Zone 3,Unaccounted,9,1,0,0,0,0,1,0,,100,HIGH
Cagayan de Oro,Kauswagan,2020-02-01,2,4.37,28.57,25.25,32.08,32.34,2.1,77.7,Zone 6,Safe,3,0,0,0,0,0,0,0,,52,MEDIUM
Cagayan de Oro,Kauswagan,2014-05-25,5,4.62,30.56,27.49,33.63,34.49,3.67,79.3,Zone 1,Safe,1,0,1,0,1,0,1,0,Medium,59,MEDIUM
Cagayan de Oro,Kauswagan,2017-06-02,6,8.14,28.46,25.49,32.3,33.14,0.74,86.8,Zone 1,Safe,4,1,0,0,0,0,0,1,Medium,51,MEDIUM
Cagayan de Oro,Kauswagan,2006-09-22,9,13.08,27.99,25.63,31.19,32.68,1.59,86.9,Zone 5,Safe,6,2,0,0,0,1,0,1,Medium,100,HIGH
Cagayan de Oro,Kauswagan,2012-02-08,2,6.54,26.96,25.43,29.15,30.25,3.16,72.9,Zone 5,Evacuated,6,0,0,0,0,0,0,1,Medium,91,HIGH
Cagayan de Oro,Kauswagan,2020-05-11,5,5.0,28.5,26.4,32.37,32.1,3.3,76.0,Zone 5,Safe,3,0,0,0,0,0,0,1,Medium,100,HIGH
Cagayan de Oro,Kauswagan,2021-07-28,7,16.5,27.89,25.14,29.48,32.71,1.83,88.2,Zone 6,Evacuated,5,2,0,0,0,0,0,1,High,75,HIGH
Cagayan de Oro,Kauswagan,2016-04-11,4,5.32,28.29,25.49,31.64,31.69,2.05,74.0,Zone 2,Unaccounted,9,3,1,1,0,1,0,1,,100,HIGH
Cagayan de Oro,Kauswagan,2015-09-07,9,15.73,26.09,24.0,27.94,30.45,1.81,83.6,Zone 3,Safe,6,1,1,0,0,0,0,1,High,100,HIGH
Cagayan de Oro,Kauswagan,2019-08-02,8,11.53,25.6,22.64,27.69,30.29,0.95,86.9,Zone 4,Safe,5,3,0,0,1,0,0,1,Medium,66,MEDIUM
Cagayan de Oro,Kauswagan,2022-05-21,5,5.73,28.34,25.58,31.62,31.5,0.95,71.6,Zone 2,Safe,4,1,0,0,0,0,0,1,,61,MEDIUM
Cagayan de Oro,Kauswagan,2004-01-24,1,8.06,26.28,24.26,28.31,30.3,4.35,80.2,Zone 3,Unaccounted,9,0,0,0,0,0,1,1,Medium,100,HIGH
Cagayan de Oro,Kauswagan,2016-09-26,9,10.33,27.2,24.71,29.11,31.68,4.4,84.8,Zone 6,Safe,5,1,1,0,0,0,0,1,Medium,88,HIGH
Cagayan de Oro,Kauswagan,2004-12-15,12,6.91,27.08,24.45,29.83,31.63,2.66,85.5,Zone 6,Safe,2,0,0,0,0,0,0,1,,58,MEDIUM
Cagayan de Oro,Kauswagan,2006-10-17,10,11.51,26.58,23.3,30.5,30.78,4.25,82.0,Zone 3,Unaccounted,9,1,0,1,1,0,0,1,Medium,100,HIGH
Cagayan de Oro,Kauswagan,2006-07-20,7,10.9,28.08,25.22,30.95,32.57,2.8,84.9,Zone 3,Safe,2,1,0,0,0,0,0,1,Medium,100,HIGH
Cagayan de Oro,Kauswagan,2007-07-13,7,9.18,28.31,26.07,30.39,32.51,2.84,82.0,Zone 6,Safe,6,1,0,0,0,0,0,1,Medium,78,HIGH
Cagayan de Oro,Kauswagan,2021-08-13,8,9.07,28.88,26.38,31.37,33.49,4.29,86.1,Zone 1,Evacuated,3,2,0,1,1,0,1,1,Medium,66,MEDIUM
Cagayan de Oro,Kauswagan,2021-12-21,12,7.33,26.5,23.12,29.22,30.6,2.53,81.0,Zone 5,Safe,9,0,0,0,0,0,1,1,Medium,100,HIGH
Cagayan de Oro,Kauswagan,2017-10-26,10,10.09,28.14,26.4,31.9,33.27,2.07,91.3,Zone 5,Evacuated,2,2,1,0,0,1,0,1,Medium,100,HIGH
Cagayan de Oro,Kauswagan,2008-01-09,1,6.1,27.16,24.89,31.02,30.94,2.29,77.8,Zone 3,Safe,5,0,1,0,1,0,0,1,,100,HIGH
Cagayan de Oro,Kauswagan,2006-05-09,5,4.21,29.64,27.4,32.22,33.54,1.82,79.0,Zone 3,Safe,6,1,0,1,0,0,0,0,,100,HIGH
Cagayan de Oro,Kauswagan,2016-10-26,10,10.82,27.94,24.96,30.15,32.31,2.57,83.7,Zone 1,Unaccounted,5,1,0,0,0,0,1,1,Medium,78,HIGH
Cagayan de Oro,Kauswagan,2010-02-27,2,4.9,27.06,23.7,30.6,31.22,0.0,81.6,Zone 3,Safe,5,0,0,0,0,0,0,0,,85,HIGH
Cagayan de Oro,Kauswagan,2003-07-05,7,8.13,27.34,24.63,30.87,32.28,3.88,89.4,Zone 5,Unaccounted,8,1,0,0,0,0,0,1,Medium,100,HIGH
Cagayan de Oro,Kauswagan,2008-06-24,6,14.07,29.41,27.29,31.34,33.38,3.31,79.7,Zone 3,Safe,7,1,1,0,1,0,0,1,Medium,100,HIGH
Cagayan de Oro,Kauswagan,2011-05-14,5,5.57,28.67,25.48,32.4,32.13,0.51,74.6,Zone 2,Safe,3,0,0,0,0,0,0,1,,54,MEDIUM
Cagayan de Oro,Kauswagan,2012-06-07,6,9.38,29.58,27.77,31.96,33.51,3.4,79.3,Zone 5,Safe,9,1,0,1,0,1,0,1,Medium,100,HIGH
Cagayan de Oro,Kauswagan,2020-02-07,2,7.48,27.16,25.15,28.97,30.49,0.39,73.3,Zone 6,Evacuated,6,0,0,0,0,0,0,1,Medium,57,MEDIUM
Cagayan de Oro,Kauswagan,2011-11-12,11,7.93,28.14,24.78,31.82,32.63,0.0,84.9,Zone 6,Evacuated,3,3,0,0,0,0,0,1,Medium,70,HIGH
Cagayan de Oro,Kauswagan,2020-06-13,6,9.51,28.74,26.23,30.39,33.02,1.69,82.8,Zone 3,Unaccounted,9,3,0,0,0,1,0,1,Medium,100,HIGH
Cagayan de Oro,Kauswagan,2005-03-16,3,9.78,27.17,25.37,29.14,30.29,2.89,71.2,Zone 3,Safe,3,1,0,0,0,0,0,1,Medium,100,HIGH
Cagayan de Oro,Kauswagan,2010-09-04,9,9.79,26.25,24.45,28.92,30.93,3.16,86.8,Zone 6,Safe,4,1,0,0,0,0,0,1,Medium,74,HIGH
Cagayan de Oro,Kauswagan,2016-08-15,8,8.43,28.24,25.86,30.83,32.31,4.77,80.7,Zone 3,Evacuated,9,2,0,0,1,0,1,1,Medium,100,HIGH
Cagayan de Oro,Kauswagan,2017-07-18,7,10.75,27.34,24.56,29.98,32.31,3.71,89.7,Zone 3,Safe,3,3,0,0,0,0,0,1,Medium,100,HIGH
Cagayan de Oro,Kauswagan,2009-10-20,10,16.49,27.96,24.89,29.96,32.08,3.15,81.2,Zone 1,Safe,8,1,0,0,0,1,1,1,High,81,HIGH
Cagayan de Oro,Kauswagan,2022-09-09,9,8.71,27.58,24.15,29.09,32.27,2.31,86.9,Zone 3,Evacuated,4,1,0,0,0,0,0,1,Medium,89,HIGH
Cagayan de Oro,Kauswagan,2019-08-21,8,6.91,28.19,26.27,30.16,31.83,3.64,76.4,Zone 6,Safe,7,1,0,1,0,0,0,1,Medium,90,HIGH
Cagayan de Oro,Kauswagan,2017-02-16,2,6.12,27.59,24.9,29.94,31.13,3.83,75.4,Zone 5,Safe,4,0,0,1,0,0,0,1,Medium,100,HIGH
Cagayan de Oro,Kauswagan,2013-04-04,4,3.09,28.54,25.45,31.7,32.41,5.18,78.7,Zone 2,Unaccounted,2,0,0,0,0,0,0,0,High,77,HIGH
Cagayan de Oro,Kauswagan,2020-07-09,7,10.39,27.77,24.63,29.66,31.75,2.76,79.8,Zone 4,Safe,9,1,0,0,0,0,0,1,Medium,51,MEDIUM
Cagayan de Oro,Kauswagan,2019-10-08,10,6.78,25.93,23.37,29.16,29.67,1.77,77.4,Zone 5,Unaccounted,6,3,0,0,0,0,0,1,,100,HIGH
Cagayan de Oro,Kauswagan,2010-06-09,6,11.11,27.29,24.66,30.15,31.4,1.77,81.1,Zone 5,Safe,8,1,1,0,1,0,0,1,Medium,100,HIGH
Cagayan de Oro,Kauswagan,2015-01-22,1,6.31,27.89,24.84,29.42,32.57,0.62,86.8,Zone 5,Safe,3,0,0,0,0,0,0,1,,94,HIGH
Cagayan de Oro,Kauswagan,2015-01-10,1,5.22,28.04,26.46,29.89,31.69,2.75,76.5,Zone 5,Unaccounted,3,2,0,0,0,0,0,1,,100,HIGH
Cagayan de Oro,Kauswagan,2022-08-18,8,8.66,28.72,26.96,32.55,33.78,0.96,90.6,Zone 5,Unaccounted,2,2,0,1,0,0,0,1,Medium,100,HIGH
Cagayan de Oro,Kauswagan,2006-07-21,7,10.53,28.47,25.08,31.91,32.67,4.13,82.0,Zone 6,Safe,7,1,0,0,0,0,0,1,Medium,80,HIGH
Cagayan de Oro,Kauswagan,2005-05-02,5,6.23,29.43,27.28,32.13,33.38,2.87,79.5,Zone 2,Evacuated,10,0,0,0,0,1,0,1,,55,MEDIUM
Cagayan de Oro,Kauswagan,2022-03-23,3,7.82,27.5,24.23,29.16,30.99,1.91,74.9,Zone 3,Safe,10,0,0,0,0,0,0,1,Medium,100,HIGH
Cagayan de Oro,Kauswagan,2015-07-17,7,9.15,27.71,25.37,30.15,31.5,2.91,77.9,Zone 5,Unaccounted,4,1,0,0,0,0,0,1,Medium,100,HIGH
Cagayan de Oro,Kauswagan,2008-07-18,7,14.45,27.38,25.65,28.98,31.69,2.59,83.1,Zone 3,Unaccounted,8,3,0,0,0,0,0,1,Medium,100,HIGH
Cagayan de Oro,Kauswagan,2005-11-15,11,7.71,28.4,25.05,31.79,32.39,2.2,79.9,Zone 2,Safe,4,2,0,1,0,0,0,1,Medium,84,HIGH
Cagayan de Oro,Kauswagan,2013-01-02,1,7.79,27.17,23.98,30.52,30.63,3.28,74.6,Zone 5,Safe,7,1,0,0,0,0,0,1,Medium,100,HIGH
Cagayan de Oro,Kauswagan,2012-11-06,11,7.97,27.17,24.69,29.95,31.93,2.09,87.6,Zone 6,Safe,8,2,0,0,0,0,1,1,Medium,94,HIGH
Cagayan de Oro,Kauswagan,2005-10-06,10,9.56,26.69,24.73,29.34,31.27,3.85,85.8,Zone 5,Safe,6,3,0,0,0,0,0,1,Medium,100,HIGH
Cagayan de Oro,Kauswagan,2007-04-06,4,7.17,29.35,26.7,32.53,32.79,3.54,74.4,Zone 3,Safe,6,0,0,0,0,0,0,1,Medium,100,HIGH
Cagayan de Oro,Kauswagan,2010-10-22,10,20.3,27.98,25.38,31.86,32.19,3.33,82.1,Zone 3,Unaccounted,8,2,0,0,0,0,0,1,High,100,HIGH
Cagayan de Oro,Kauswagan,2005-04-21,4,2.71,31.6,29.09,34.1,35.16,1.2,75.6,Zone 2,Safe,10,0,1,0,0,0,0,0,,66,MEDIUM
Cagayan de Oro,Kauswagan,2021-08-27,8,6.32,26.2,24.35,30.16,30.24,1.48,80.4,Zone 3,Evacuated,4,1,0,1,0,1,1,1,,100,HIGH
Cagayan de Oro,Kauswagan,2014-06-12,6,8.17,28.34,25.54,30.54,32.83,1.22,84.9,Zone 2,Unaccounted,9,1,0,0,0,0,0,1,Medium,93,HIGH
Cagayan de Oro,Kauswagan,2018-01-01,1,5.95,27.06,24.06,30.98,31.57,1.7,85.1,Zone 5,Evacuated,1,1,0,0,0,0,0,1,,81,HIGH
Cagayan de Oro,Kauswagan,2005-03-04,3,3.78,28.5,25.41,31.91,31.98,2.33,74.8,Zone 3,Unaccounted,9,0,0,0,0,0,0,0,,100,HIGH
Cagayan de Oro,Kauswagan,2014-04-04,4,1.56,29.76,26.91,32.71,33.57,3.63,78.1,Zone 2,Safe,2,0,0,0,0,0,0,0,Medium,51,MEDIUM
Cagayan de Oro,Kauswagan,2022-01-03,1,4.1,26.7,23.85,30.67,30.7,1.36,80.0,Zone 3,Unaccounted,6,0,0,1,0,1,0,0,,100,HIGH
Cagayan de Oro,Kauswagan,2015-03-26,3,5.36,27.25,25.64,30.17,31.25,3.79,80.0,Zone 5,Safe,7,1,0,0,0,0,0,1,Medium,100,HIGH
Cagayan de Oro,Kauswagan,2010-07-13,7,9.62,28.31,26.35,30.76,32.07,2.12,77.6,Zone 2,Safe,9,3,0,0,0,0,0,1,Medium,87,HIGH
Cagayan de Oro,Kauswagan,2018-01-03,1,6.84,25.63,23.96,28.25,29.63,1.98,80.0,Zone 6,Evacuated,10,0,0,0,0,0,0,1,,53,MEDIUM
Cagayan de Oro,Kauswagan,2004-12-09,12,5.58,27.89,25.72,29.67,32.58,3.57,86.9,Zone 5,Evacuated,10,0,0,0,0,0,1,1,Medium,100,HIGH
Cagayan de Oro,Kauswagan,2003-12-01,12,5.64,28.2,25.02,31.59,32.39,0.73,81.9,Zone 6,Safe,8,1,0,0,0,0,0,1,,74,HIGH
Cagayan de Oro,Kauswagan,2016-06-06,6,16.8,27.84,24.34,30.25,31.73,2.11,78.9,Zone 6,Safe,8,2,0,0,0,0,0,1,High,95,HIGH
Cagayan de Oro,Kauswagan,2006-03-09,3,5.84,29.07,27.09,32.93,31.89,1.49,68.2,Zone 3,Safe,3,2,1,0,0,1,1,1,,100,HIGH
Cagayan de Oro,Kauswagan,2016-01-13,1,8.28,27.18,25.03,29.74,30.95,3.62,77.7,Zone 3,Safe,10,0,0,0,0,0,0,1,Medium,100,HIGH
Cagayan de Oro,Kauswagan,2017-08-15,8,17.01,28.67,26.59,31.83,33.07,2.67,84.0,Zone 1,Safe,6,1,0,0,0,0,0,1,High,63,MEDIUM
Cagayan de Oro,Kauswagan,2007-04-05,4,3.05,27.91,24.98,31.57,31.28,2.3,73.7,Zone 5,Evacuated,10,2,0,0,0,0,0,0,,91,HIGH
Cagayan de Oro,Kauswagan,2014-11-25,11,8.03,27.04,25.21,31.0,31.47,1.87,84.3,Zone 5,Safe,8,3,0,0,0,0,1,1,Medium,100,HIGH
Cagayan de Oro,Kauswagan,2006-10-26,10,9.85,27.11,24.81,30.43,31.1,1.64,79.9,Zone 3,Unaccounted,2,1,0,0,0,0,0,1,Medium,100,HIGH
Cagayan de Oro,Kauswagan,2005-02-03,2,12.04,27.28,25.26,30.59,30.61,3.22,73.3,Zone 3,Safe,5,1,0,0,1,0,0,1,Medium,100,HIGH
Cagayan de Oro,Kauswagan,2017-05-14,5,3.72,28.45,26.52,32.24,32.41,3.76,79.6,Zone 6,Unaccounted,8,0,0,0,1,0,0,0,Medium,93,HIGH
Cagayan de Oro,Kauswagan,2003-02-19,2,8.76,28.38,25.52,30.89,31.94,3.3,75.6,Zone 3,Safe,6,1,0,0,0,1,0,1,Medium,100,HIGH
Cagayan de Oro,Kauswagan,2003-12-27,12,9.45,27.2,25.32,28.72,30.55,2.89,73.5,Zone 5,Safe,2,3,0,0,0,0,0,1,Medium,100,HIGH
Cagayan de Oro,Kauswagan,2003-02-15,2,4.16,27.76,25.49,29.78,31.5,0.43,77.4,Zone 6,Unaccounted,2,0,0,0,0,0,0,0,,68,MEDIUM
Cagayan de Oro,Kauswagan,2010-04-18,4,4.44,28.81,25.6,31.97,32.47,3.14,76.6,Zone 5,Safe,2,0,0,0,0,0,0,0,Medium,91,HIGH
Cagayan de Oro,Kauswagan,2018-04-11,4,7.14,28.01,25.34,30.4,31.94,3.42,79.3,Zone 6,Unaccounted,5,0,0,0,0,0,0,1,Medium,88,HIGH
Cagayan de Oro,Kauswagan,2013-02-22,2,5.99,26.82,24.74,28.64,30.38,4.09,75.6,Zone 2,Safe,1,1,0,1,0,0,1,1,Medium,80,HIGH
Cagayan de Oro,Kauswagan,2006-05-03,5,5.05,29.5,27.16,31.7,33.6,2.49,81.0,Zone 4,Safe,3,0,1,0,0,0,0,1,,42,MEDIUM
Cagayan de Oro,Kauswagan,2018-02-09,2,3.56,26.39,24.26,28.62,30.41,2.19,80.2,Zone 4,Safe,7,0,1,1,0,0,1,0,,58,MEDIUM
Cagayan de Oro,Kauswagan,2004-04-27,4,4.84,30.36,27.57,34.1,33.66,3.78,73.0,Zone 2,Unaccounted,3,1,0,0,1,1,0,0,Medium,93,HIGH
Cagayan de Oro,Kauswagan,2010-07-02,7,12.45,27.67,25.13,31.54,31.79,1.88,81.2,Zone 3,Safe,6,1,0,0,0,0,1,1,Medium,100,HIGH
Cagayan de Oro,Kauswagan,2011-03-08,3,3.65,27.66,24.32,30.22,31.08,0.25,74.2,Zone 3,Safe,2,2,0,0,0,0,0,0,,92,HIGH
Cagayan de Oro,Kauswagan,2013-07-09,7,9.31,28.31,26.43,32.12,32.32,4.44,80.1,Zone 2,Safe,7,2,0,0,0,0,0,1,Medium,80,HIGH
Cagayan de Oro,Kauswagan,2016-06-01,6,8.8,29.29,27.72,31.6,33.04,1.26,77.5,Zone 6,Unaccounted,2,1,1,0,0,1,0,1,Medium,100,HIGH
Cagayan de Oro,Kauswagan,2012-04-21,4,5.19,29.04,26.26,32.4,32.15,2.37,71.1,Zone 2,Evacuated,2,1,0,0,0,0,0,1,,43,MEDIUM
Cagayan de Oro,Kauswagan,2022-08-18,8,15.81,27.68,24.48,29.29,32.45,2.6,87.7,Zone 6,Safe,7,1,0,0,1,0,0,1,High,96,HIGH
Cagayan de Oro,Kauswagan,2015-08-24,8,10.39,26.29,24.68,29.18,30.78,4.96,84.9,Zone 5,Evacuated,4,3,0,0,0,0,0,1,Medium,100,HIGH
Cagayan de Oro,Kauswagan,2013-12-22,12,7.05,26.41,23.64,30.33,30.36,0.61,79.5,Zone 6,Evacuated,8,0,0,0,0,0,0,1,Medium,60,MEDIUM
Cagayan de Oro,Kauswagan,2010-04-09,4,6.39,30.06,27.82,33.2,33.39,1.12,73.3,Zone 3,Evacuated,10,0,0,0,0,0,0,1,,83,HIGH
Cagayan de Oro,Kauswagan,2004-10-16,10,26.09,26.89,25.2,29.46,31.37,5.32,84.8,Zone 1,Evacuated,3,3,0,0,0,0,0,1,High,55,MEDIUM
Cagayan de Oro,Kauswagan,2018-04-03,4,3.14,29.9,26.81,32.2,33.15,1.11,72.5,Zone 3,Safe,1,1,0,0,0,0,0,0,,84,HIGH
Cagayan de Oro,Kauswagan,2006-01-03,1,4.84,27.52,24.98,30.57,31.06,3.45,75.4,Zone 3,Safe,8,0,0,0,0,0,0,0,Medium,97,HIGH
Cagayan de Oro,Kauswagan,2008-10-12,10,13.97,25.95,23.32,28.27,29.41,3.5,74.6,Zone 5,Evacuated,6,1,0,0,0,0,0,1,Medium,97,HIGH
Cagayan de Oro,Kauswagan,2019-10-05,10,8.93,26.7,25.07,28.87,31.77,3.29,90.7,Zone 3,Evacuated,7,1,0,0,0,0,0,1,Medium,95,HIGH
Cagayan de Oro,Kauswagan,2022-04-24,4,7.15,28.1,25.39,31.83,30.7,3.39,66.0,Zone 2,Safe,7,3,0,0,0,0,0,1,Medium,86,HIGH
Cagayan de Oro,Kauswagan,2011-10-12,10,6.98,27.65,26.08,30.87,32.08,1.92,84.3,Zone 5,Evacuated,7,1,0,0,0,0,0,1,,92,HIGH
Cagayan de Oro,Kauswagan,2003-11-20,11,4.86,28.1,25.58,30.93,32.59,1.02,84.9,Zone 6,Evacuated,1,1,1,0,0,0,1,1,,66,MEDIUM
Cagayan de Oro,Kauswagan,2006-03-22,3,2.93,28.57,26.15,31.53,31.6,4.39,70.3,Zone 4,Evacuated,9,0,0,1,0,0,1,0,Medium,39,LOW
Cagayan de Oro,Kauswagan,2008-04-03,4,5.87,28.62,26.46,31.34,31.24,2.16,66.2,Zone 1,Safe,1,2,0,1,0,0,0,1,,55,MEDIUM
Cagayan de Oro,Kauswagan,2014-09-28,9,7.61,26.89,23.5,30.62,31.55,2.66,86.6,Zone 3,Safe,3,2,0,0,1,0,0,1,Medium,100,HIGH
Cagayan de Oro,Kauswagan,2011-02-07,2,10.2,27.51,24.43,30.25,31.45,2.41,79.4,Zone 3,Evacuated,4,0,0,0,0,0,0,1,Medium,83,HIGH
Cagayan de Oro,Kauswagan,2018-08-08,8,10.39,28.29,25.06,30.24,32.28,4.69,79.9,Zone 5,Evacuated,5,2,0,0,0,0,0,1,Medium,100,HIGH
Cagayan de Oro,Kauswagan,2004-05-06,5,13.41,29.1,26.72,31.2,32.85,3.57,77.5,Zone 5,Safe,2,0,1,0,0,0,0,1,Medium,100,HIGH
Cagayan de Oro,Kauswagan,2022-10-23,10,14.7,28.28,26.21,30.64,32.81,0.64,85.3,Zone 5,Unaccounted,6,3,0,0,0,0,0,1,Medium,100,HIGH
Cagayan de Oro,Kauswagan,2003-06-08,6,7.61,28.02,24.79,30.96,32.4,2.88,83.8,Zone 6,Safe,9,1,0,0,0,0,1,1,Medium,88,HIGH
Cagayan de Oro,Kauswagan,2012-04-13,4,2.96,27.41,24.57,29.37,31.31,1.15,79.0,Zone 3,Safe,10,0,0,0,0,0,0,0,,90,HIGH
Cagayan de Oro,Kauswagan,2006-09-24,9,6.39,27.14,24.8,30.34,31.63,1.93,84.9,Zone 2,Unaccounted,3,1,0,0,0,0,0,1,,78,HIGH
Cagayan de Oro,Kauswagan,2006-06-04,6,9.32,27.28,24.46,30.37,31.49,2.78,82.1,Zone 5,Safe,4,1,0,0,0,0,0,1,Medium,100,HIGH
Cagayan de Oro,Kauswagan,2014-06-07,6,13.26,28.17,24.78,31.36,32.09,0.61,79.2,Zone 5,Safe,5,1,0,0,0,0,1,1,Medium,100,HIGH
Cagayan de Oro,Kauswagan,2006-05-23,5,4.95,28.59,26.75,30.44,32.25,2.37,76.6,Zone 3,Evacuated,3,0,0,0,0,0,0,0,,67,MEDIUM
Cagayan de Oro,Kauswagan,2018-01-18,1,5.05,26.15,23.08,28.96,30.35,4.11,82.0,Zone 5,Safe,8,0,0,0,1,0,1,1,Medium,100,HIGH
Cagayan de Oro,Kauswagan,2006-04-19,4,9.22,27.96,25.96,29.49,31.59,4.15,76.3,Zone 3,Safe,6,0,0,0,0,0,0,1,Medium,100,HIGH
Cagayan de Oro,Kauswagan,2018-09-07,9,7.04,27.14,24.4,28.95,31.14,2.15,80.0,Zone 5,Unaccounted,2,1,1,1,0,0,1,1,Medium,100,HIGH
Cagayan de Oro,Kauswagan,2004-07-21,7,13.61,25.85,23.32,28.89,30.27,3.24,84.2,Zone 6,Unaccounted,4,1,0,0,0,0,0,1,Medium,92,HIGH
Cagayan de Oro,Kauswagan,2005-10-08,10,7.55,28.41,25.06,32.02,32.77,2.98,83.6,Zone 6,Safe,10,1,1,1,0,0,0,1,Medium,100,HIGH
Cagayan de Oro,Kauswagan,2011-04-15,4,2.25,29.27,25.8,31.86,32.88,1.64,76.1,Zone 3,Evacuated,4,0,0,0,0,0,0,0,,68,MEDIUM
Cagayan de Oro,Kauswagan,2004-04-15,4,1.39,28.44,25.6,31.38,31.34,3.22,69.0,Zone 6,Safe,5,2,0,0,0,0,0,0,Medium,74,HIGH
Cagayan de Oro,Kauswagan,2018-01-15,1,3.57,26.54,23.28,28.08,30.03,2.83,74.9,Zone 3,Safe,4,2,0,0,0,0,0,0,,95,HIGH
Cagayan de Oro,Kauswagan,2007-09-17,9,8.66,27.69,24.48,31.48,32.21,1.35,85.2,Zone 6,Safe,2,2,1,1,0,0,0,1,Medium,99,HIGH
Cagayan de Oro,Kauswagan,2010-10-21,10,4.95,26.88,24.35,29.19,30.77,1.05,78.9,Zone 6,Unaccounted,3,2,0,0,0,1,0,1,,98,HIGH
Cagayan de Oro,Kauswagan,2020-08-19,8,6.82,28.25,25.22,32.15,32.24,0.27,79.9,Zone 3,Safe,6,1,0,0,0,0,0,1,,100,HIGH
Cagayan de Oro,Kauswagan,2012-06-14,6,6.75,27.97,26.27,31.68,32.07,2.76,81.0,Zone 5,Unaccounted,4,1,0,0,0,0,0,1,,100,HIGH
Cagayan de Oro,Kauswagan,2016-01-13,1,5.04,27.98,25.65,31.71,31.89,0.99,79.1,Zone 5,Safe,7,0,1,0,1,0,1,1,,100,HIGH
Cagayan de Oro,Kauswagan,2016-02-23,2,4.29,27.42,24.53,31.42,30.88,4.11,74.6,Zone 2,Unaccounted,10,0,1,0,0,0,0,0,Medium,91,HIGH
Cagayan de Oro,Kauswagan,2018-10-08,10,8.82,28.4,26.49,30.19,32.45,0.63,80.5,Zone 5,Safe,1,1,0,0,0,0,0,1,Medium,100,HIGH
Cagayan de Oro,Kauswagan,2003-02-15,2,4.56,26.72,23.67,28.76,29.74,1.37,70.2,Zone 6,Safe,4,0,0,0,0,0,0,0,,53,MEDIUM
Cagayan de Oro,Kauswagan,2007-09-19,9,15.5,27.71,24.45,31.45,32.35,1.21,86.4,Zone 1,Safe,6,1,0,0,0,0,0,1,High,63,MEDIUM
Cagayan de Oro,Kauswagan,2006-03-26,3,8.04,28.65,26.37,32.22,32.32,1.17,76.7,Zone 2,Safe,5,0,0,0,0,0,0,1,Medium,64,MEDIUM
Cagayan de Oro,Kauswagan,2010-05-16,5,12.64,29.43,27.64,33.13,33.25,1.25,78.2,Zone 3,Unaccounted,1,1,1,1,0,0,1,1,Medium,100,HIGH
Cagayan de Oro,Kauswagan,2015-12-08,12,10.12,26.28,23.17,30.13,30.45,0.94,81.7,Zone 6,Evacuated,2,0,1,1,0,0,0,1,Medium,72,HIGH
Cagayan de Oro,Kauswagan,2018-10-12,10,10.56,26.89,24.29,30.04,30.55,2.85,76.6,Zone 2,Evacuated,4,1,1,0,1,0,1,1,Medium,80,HIGH
Cagayan de Oro,Kauswagan,2022-02-19,2,3.43,27.43,24.42,30.9,31.12,3.73,76.9,Zone 3,Unaccounted,9,2,0,1,1,0,1,0,Medium,100,HIGH
Cagayan de Oro,Kauswagan,2017-07-11,7,9.2,26.01,22.51,29.37,30.11,5.31,81.0,Zone 6,Evacuated,2,3,0,0,0,0,0,1,High,76,HIGH
Cagayan de Oro,Kauswagan,2004-05-06,5,3.93,29.74,26.3,31.89,33.18,2.81,74.4,Zone 2,Unaccounted,6,2,0,1,1,0,1,0,,100,HIGH
Cagayan de Oro,Kauswagan,2011-08-26,8,12.8,26.68,25.16,30.15,31.19,3.09,85.1,Zone 2,Safe,7,2,0,1,0,0,1,1,Medium,97,HIGH
Cagayan de Oro,Kauswagan,2005-01-01,1,4.87,28.05,26.1,30.19,32.21,3.38,81.6,Zone 4,Evacuated,5,2,0,0,0,0,0,0,Medium,29,LOW
Cagayan de Oro,Kauswagan,2004-11-18,11,11.26,26.01,23.73,28.71,29.95,3.11,79.4,Zone 3,Safe,5,2,0,0,0,0,0,1,Medium,100,HIGH
Cagayan de Oro,Kauswagan,2012-07-12,7,10.27,29.53,26.99,31.04,33.89,4.23,83.6,Zone 6,Safe,1,3,0,0,0,0,0,1,Medium,81,HIGH
Cagayan de Oro,Kauswagan,2016-05-23,5,7.58,27.91,25.9,30.31,31.8,2.87,78.9,Zone 2,Evacuated,7,0,0,0,0,0,0,1,Medium,53,MEDIUM
Cagayan de Oro,Kauswagan,2017-12-18,12,7.01,26.81,24.61,29.21,30.7,2.77,78.9,Zone 5,Safe,9,0,0,0,0,0,0,1,Medium,100,HIGH
Cagayan de Oro,Kauswagan,2016-05-13,5,11.63,29.29,27.52,31.9,32.82,1.5,75.3,Zone 6,Safe,4,0,0,0,0,0,1,1,Medium,75,HIGH
Cagayan de Oro,Kauswagan,2005-06-24,6,7.53,29.1,27.42,31.87,33.25,1.4,81.5,Zone 3,Safe,2,2,0,0,0,0,0,1,Medium,100,HIGH
Cagayan de Oro,Kauswagan,2014-03-22,3,3.35,30.41,28.79,33.6,33.56,2.45,71.5,Zone 5,Safe,6,1,0,0,0,0,0,0,,97,HIGH
Cagayan de Oro,Kauswagan,2003-02-11,2,6.2,27.84,25.46,31.44,31.61,2.83,77.7,Zone 2,Unaccounted,8,0,0,0,1,0,0,1,,88,HIGH
Cagayan de Oro,Kauswagan,2018-08-26,8,10.21,27.65,24.44,31.58,31.94,2.72,82.9,Zone 3,Evacuated,4,3,1,0,0,0,1,1,Medium,100,HIGH
Cagayan de Oro,Kauswagan,2008-12-08,12,5.31,27.24,24.34,29.04,30.69,4.84,74.5,Zone 6,Safe,8,0,0,0,0,0,0,1,Medium,75,HIGH
Cagayan de Oro,Kauswagan,2016-07-04,7,17.41,28.51,25.99,32.31,32.76,1.92,82.5,Zone 6,Safe,10,1,0,0,0,0,0,1,High,89,HIGH
Cagayan de Oro,Kauswagan,2022-11-17,11,10.4,26.55,23.24,28.5,30.77,3.14,82.2,Zone 2,Evacuated,2,3,0,1,0,0,0,1,Medium,72,HIGH
Cagayan de Oro,Kauswagan,2005-09-25,9,13.98,26.52,23.29,30.16,31.23,2.13,87.1,Zone 6,Evacuated,8,2,0,0,0,0,0,1,Medium,72,HIGH
Cagayan de Oro,Kauswagan,2011-12-22,12,6.69,26.92,23.89,30.75,30.9,2.17,79.8,Zone 3,Safe,3,1,0,0,0,0,0,1,,96,HIGH
Cagayan de Oro,Kauswagan,2021-12-11,12,4.37,27.03,25.35,30.68,30.92,2.78,78.9,Zone 4,Unaccounted,5,3,1,0,1,0,1,0,,88,HIGH
Cagayan de Oro,Kauswagan,2012-01-19,1,8.75,27.39,25.12,31.02,30.84,3.34,74.5,Zone 3,Unaccounted,5,2,0,0,0,0,0,1,Medium,100,HIGH
Cagayan de Oro,Kauswagan,2012-10-05,10,18.72,27.76,25.14,31.37,32.29,3.69,85.3,Zone 5,Safe,9,1,0,1,0,1,1,1,High,100,HIGH
Cagayan de Oro,Kauswagan,2018-11-21,11,6.23,28.13,25.79,30.27,32.5,1.34,83.7,Zone 3,Safe,4,1,0,0,0,0,0,1,,97,HIGH
Cagayan de Oro,Kauswagan,2007-04-09,4,7.05,30.61,28.41,33.52,33.84,1.27,72.3,Zone 5,Unaccounted,8,0,0,0,0,0,0,1,Medium,100,HIGH
Cagayan de Oro,Kauswagan,2017-09-19,9,8.61,25.05,22.94,27.64,29.7,3.57,86.5,Zone 2,Safe,7,2,0,0,0,0,0,1,Medium,80,HIGH
Cagayan de Oro,Kauswagan,2022-01-23,1,10.73,27.74,26.08,29.54,32.18,2.25,84.4,Zone 3,Safe,6,0,0,1,1,0,0,1,Medium,100,HIGH
Cagayan de Oro,Kauswagan,2022-10-22,10,12.23,27.39,25.47,30.01,32.61,3.28,92.2,Zone 2,Unaccounted,8,3,0,0,1,0,1,1,Medium,100,HIGH
Cagayan de Oro,Kauswagan,2017-07-25,7,9.32,27.14,25.0,28.93,31.72,3.29,85.8,Zone 3,Evacuated,7,2,0,0,0,0,0,1,Medium,100,HIGH
Cagayan de Oro,Kauswagan,2016-12-19,12,21.49,27.73,25.26,30.88,31.86,4.09,81.3,Zone 3,Unaccounted,8,0,0,0,0,0,0,1,High,100,HIGH
Cagayan de Oro,Kauswagan,2004-02-09,2,9.0,28.48,26.27,31.11,31.84,0.25,73.6,Zone 5,Unaccounted,1,0,0,0,0,0,0,1,Medium,100,HIGH
Cagayan de Oro,Kauswagan,2005-12-01,12,10.23,27.55,25.33,31.46,32.12,0.06,85.7,Zone 5,Safe,5,0,0,0,1,0,1,1,Medium,100,HIGH
Cagayan de Oro,Kauswagan,2013-08-26,8,18.17,28.26,26.5,30.73,33.09,1.97,88.3,Zone 3,Evacuated,8,1,0,1,1,0,1,1,High,100,HIGH
Cagayan de Oro,Kauswagan,2013-06-24,6,26.75,28.11,25.19,31.25,32.27,3.19,81.6,Zone 6,Safe,7,1,0,1,1,0,0,1,High,100,HIGH
Cagayan de Oro,Kauswagan,2013-01-23,1,8.47,26.91,25.36,29.82,30.29,1.41,73.8,Zone 5,Safe,4,1,0,1,0,0,0,1,Medium,100,HIGH
Cagayan de Oro,Kauswagan,2018-08-24,8,9.64,28.46,26.7,31.52,33.32,2.26,88.6,Zone 3,Evacuated,3,1,0,0,0,0,1,1,Medium,95,HIGH
Cagayan de Oro,Kauswagan,2004-09-16,9,13.53,27.5,24.11,30.39,32.72,1.24,92.2,Zone 3,Unaccounted,3,2,0,0,0,1,0,1,Medium,100,HIGH
Cagayan de Oro,Kauswagan,2010-07-01,7,9.95,28.0,25.68,30.56,33.21,1.92,92.1,Zone 2,Evacuated,1,2,0,0,0,0,0,1,Medium,54,MEDIUM
Cagayan de Oro,Kauswagan,2012-08-14,8,9.01,27.66,25.63,29.59,32.12,2.15,84.6,Zone 5,Unaccounted,10,3,0,1,1,0,0,1,Medium,100,HIGH
Cagayan de Oro,Kauswagan,2004-12-12,12,5.83,26.04,24.43,28.74,29.14,2.12,71.0,Zone 6,Unaccounted,2,0,0,0,0,0,0,1,,76,HIGH
Cagayan de Oro,Kauswagan,2017-08-28,8,8.89,27.78,24.92,29.92,31.76,0.37,79.8,Zone 3,Safe,2,1,0,0,0,0,0,1,Medium,100,HIGH
Cagayan de Oro,Kauswagan,2006-02-19,2,7.34,27.96,25.68,31.82,32.31,1.75,83.5,Zone 6,Safe,6,0,0,1,0,1,0,1,Medium,90,HIGH
Cagayan de Oro,Kauswagan,2008-06-20,6,15.35,29.62,27.43,31.37,33.29,2.66,76.7,Zone 2,Evacuated,6,1,0,0,0,0,0,1,High,65,MEDIUM
Cagayan de Oro,Kauswagan,2022-01-16,1,6.46,26.26,23.74,28.28,30.21,5.11,79.5,Zone 1,Safe,1,0,0,0,0,0,0,1,High,48,MEDIUM
Cagayan de Oro,Kauswagan,2012-04-25,4,2.77,28.72,25.57,31.67,32.59,4.01,78.7,Zone 2,Safe,8,0,0,0,0,0,0,0,Medium,61,MEDIUM
Cagayan de Oro,Kauswagan,2008-07-19,7,14.13,28.35,25.33,30.55,31.57,1.3,72.2,Zone 3,Safe,9,1,0,0,0,0,1,1,Medium,100,HIGH
Cagayan de Oro,Kauswagan,2022-11-12,11,11.4,26.86,24.13,28.65,30.73,0.0,78.7,Zone 6,Evacuated,10,3,0,0,0,0,0,1,Medium,78,HIGH
Cagayan de Oro,Kauswagan,2010-05-02,5,5.49,28.53,26.89,30.3,31.56,2.05,70.3,Zone 3,Safe,8,3,0,1,1,1,0,1,,100,HIGH
Cagayan de Oro,Kauswagan,2006-10-12,10,8.13,26.8,23.35,29.93,31.71,1.25,89.1,Zone 5,Safe,4,3,1,0,0,0,0,1,Medium,100,HIGH
Cagayan de Oro,Kauswagan,2015-06-20,6,8.47,28.91,25.44,32.11,32.85,3.2,79.4,Zone 5,Evacuated,5,1,0,0,1,0,0,1,Medium,100,HIGH
Cagayan de Oro,Kauswagan,2009-04-18,4,8.57,29.26,26.32,31.65,32.53,2.98,72.7,Zone 2,Unaccounted,5,2,0,0,1,0,0,1,Medium,100,HIGH
Cagayan de Oro,Kauswagan,2018-07-08,7,8.78,29.46,26.52,31.56,33.09,4.36,76.3,Zone 4,Evacuated,6,1,0,0,0,0,0,1,Medium,33,LOW
Cagayan de Oro,Kauswagan,2017-12-06,12,12.67,27.3,24.85,29.14,31.1,3.93,78.0,Zone 5,Evacuated,8,0,0,1,0,1,0,1,Medium,100,HIGH
Cagayan de Oro,Kauswagan,2013-06-02,6,6.31,28.28,26.07,30.17,32.58,1.73,83.0,Zone 3,Safe,10,1,0,1,1,0,0,1,,100,HIGH
Cagayan de Oro,Kauswagan,2007-12-15,12,9.47,27.42,25.13,30.32,31.84,4.23,84.2,Zone 5,Safe,8,0,0,0,0,0,0,1,Medium,100,HIGH
Cagayan de Oro,Kauswagan,2019-09-22,9,11.39,26.63,23.99,28.8,30.82,0.0,81.9,Zone 6,Safe,3,3,0,1,1,1,0,1,Medium,100,HIGH
Cagayan de Oro,Kauswagan,2011-08-16,8,7.26,28.64,26.14,31.49,33.1,1.42,84.6,Zone 5,Unaccounted,2,1,0,0,0,0,0,1,Medium,100,HIGH
Cagayan de Oro,Kauswagan,2008-07-23,7,9.95,27.48,24.79,31.15,32.25,2.25,87.7,Zone 2,Unaccounted,7,1,1,0,1,0,0,1,Medium,100,HIGH
Cagayan de Oro,Kauswagan,2018-12-11,12,5.72,26.98,25.04,30.14,31.1,4.43,81.2,Zone 3,Safe,1,0,0,0,0,0,0,1,Medium,93,HIGH
Cagayan de Oro,Kauswagan,2017-12-01,12,8.29,27.47,24.36,30.39,31.78,1.96,83.1,Zone 5,Safe,5,0,0,0,0,1,0,1,Medium,100,HIGH
Cagayan de Oro,Kauswagan,2016-01-06,1,4.79,26.1,23.87,28.92,31.25,2.85,91.5,Zone 3,Safe,10,0,1,0,1,0,0,0,,100,HIGH
Cagayan de Oro,Kauswagan,2009-02-19,2,6.48,26.33,24.09,30.09,30.61,1.17,82.8,Zone 2,Evacuated,1,2,0,0,0,0,1,1,,54,MEDIUM
Cagayan de Oro,Kauswagan,2015-05-12,5,5.0,29.08,26.69,31.14,32.87,0.95,77.9,Zone 5,Unaccounted,4,0,1,0,0,0,0,1,,100,HIGH
Cagayan de Oro,Kauswagan,2017-11-23,11,9.08,27.57,25.52,29.55,32.12,2.81,85.5,Zone 5,Unaccounted,8,1,1,1,0,1,0,1,Medium,100,HIGH
Cagayan de Oro,Kauswagan,2017-03-04,3,5.75,29.31,27.38,31.34,33.04,3.42,77.3,Zone 2,Unaccounted,8,2,1,0,0,0,0,1,Medium,100,HIGH
Cagayan de Oro,Kauswagan,2012-01-04,1,5.41,29.01,26.38,31.54,32.6,3.02,75.9,Zone 2,Safe,9,1,0,0,0,0,0,1,Medium,75,HIGH
Cagayan de Oro,Kauswagan,2011-03-24,3,10.32,29.37,27.84,30.87,33.94,1.54,85.7,Zone 5,Safe,9,0,0,0,0,0,0,1,Medium,100,HIGH
Cagayan de Oro,Kauswagan,2016-12-19,12,14.82,26.77,23.42,28.4,30.94,1.94,81.7,Zone 4,Unaccounted,6,2,0,1,1,1,0,1,Medium,98,HIGH
Cagayan de Oro,Kauswagan,2004-09-24,9,7.05,27.03,23.86,30.6,31.67,2.34,86.4,Zone 5,Safe,9,2,0,0,0,0,0,1,Medium,100,HIGH
Cagayan de Oro,Kauswagan,2013-01-10,1,3.97,28.65,27.04,32.39,33.01,2.6,83.6,Zone 5,Evacuated,2,1,0,0,1,0,0,0,,83,HIGH
Cagayan de Oro,Kauswagan,2016-10-27,10,10.46,28.59,26.97,32.5,32.47,2.26,78.8,Zone 2,Safe,10,2,0,0,1,1,0,1,Medium,97,HIGH
Cagayan de Oro,Kauswagan,2016-08-20,8,9.62,28.49,26.16,32.11,33.7,3.31,92.1,Zone 6,Safe,9,3,0,0,0,0,0,1,Medium,93,HIGH
Cagayan de Oro,Kauswagan,2018-03-11,3,4.05,29.2,27.0,32.79,32.4,2.01,72.0,Zone 3,Safe,5,0,0,0,0,0,0,0,,85,HIGH
Cagayan de Oro,Kauswagan,2021-01-13,1,7.12,26.44,23.19,29.6,30.52,1.96,80.8,Zone 2,Evacuated,7,1,0,0,1,1,0,1,Medium,75,HIGH
Cagayan de Oro,Kauswagan,2019-05-04,5,7.26,30.49,28.67,33.93,34.49,2.82,80.0,Zone 6,Safe,2,0,1,0,0,0,0,1,Medium,77,HIGH
Cagayan de Oro,Kauswagan,2014-07-02,7,9.44,28.85,25.42,30.4,32.86,3.68,80.1,Zone 3,Safe,8,2,0,0,1,1,0,1,Medium,100,HIGH
Cagayan de Oro,Kauswagan,2008-01-18,1,6.84,27.16,24.86,30.51,31.13,1.76,79.7,Zone 3,Safe,6,2,0,0,0,0,0,1,,100,HIGH
Cagayan de Oro,Kauswagan,2005-12-10,12,8.09,27.95,24.65,31.72,32.66,3.19,87.1,Zone 2,Safe,3,1,0,1,0,1,1,1,Medium,92,HIGH
Cagayan de Oro,Kauswagan,2019-11-01,11,7.08,27.53,24.95,30.78,31.49,1.58,79.6,Zone 3,Unaccounted,2,1,0,0,0,0,0,1,Medium,100,HIGH
Cagayan de Oro,Kauswagan,2019-08-22,8,8.55,27.77,24.95,31.72,32.38,3.54,86.1,Zone 5,Unaccounted,7,1,1,0,0,1,0,1,Medium,100,HIGH
Cagayan de Oro,Kauswagan,2011-05-05,5,18.23,29.35,27.72,32.66,32.56,1.54,72.1,Zone 4,Evacuated,2,0,1,0,0,1,0,1,High,48,MEDIUM
Cagayan de Oro,Kauswagan,2020-07-22,7,10.07,26.99,25.33,30.12,32.15,1.98,91.6,Zone 3,Safe,9,1,0,0,0,0,0,1,Medium,100,HIGH
Cagayan de Oro,Kauswagan,2021-07-12,7,18.75,27.45,25.01,30.63,32.37,2.28,89.2,Zone 5,Safe,8,1,1,0,0,0,0,1,High,100,HIGH
Cagayan de Oro,Kauswagan,2006-06-09,6,11.52,27.3,24.07,30.76,31.17,3.35,78.7,Zone 2,Safe,1,2,0,0,0,0,0,1,Medium,69,MEDIUM
Cagayan de Oro,Kauswagan,2017-02-23,2,6.96,27.67,25.47,31.57,31.6,4.68,79.3,Zone 5,Evacuated,9,2,0,0,0,0,0,1,Medium,100,HIGH
Cagayan de Oro,Kauswagan,2020-08-16,8,16.38,28.57,26.57,31.34,33.16,1.26,85.9,Zone 5,Unaccounted,6,1,0,0,0,0,0,1,High,100,HIGH
Cagayan de Oro,Kauswagan,2018-11-14,11,10.53,26.78,24.32,28.39,30.74,0.95,79.6,Zone 6,Safe,3,2,0,1,0,0,0,1,Medium,89,HIGH
Cagayan de Oro,Kauswagan,2010-03-18,3,6.77,28.33,26.23,31.99,32.22,3.03,78.9,Zone 3,Safe,1,3,0,1,0,0,0,1,Medium,100,HIGH
Cagayan de Oro,Kauswagan,2008-02-12,2,8.59,28.54,26.14,30.48,32.03,1.56,74.9,Zone 3,Safe,8,0,0,0,0,0,0,1,Medium,100,HIGH
Cagayan de Oro,Kauswagan,2004-08-09,8,9.53,26.78,23.49,29.97,31.24,1.97,84.6,Zone 5,Safe,1,1,0,0,1,0,0,1,Medium,100,HIGH
Cagayan de Oro,Kauswagan,2017-05-23,5,11.14,28.49,25.73,31.92,31.83,1.07,73.4,Zone 5,Safe,9,3,1,0,0,0,0,1,Medium,100,HIGH
Cagayan de Oro,Kauswagan,2008-03-22,3,7.02,29.21,27.03,31.72,32.37,1.6,71.6,Zone 1,Safe,9,0,0,0,0,0,0,1,Medium,52,MEDIUM
Cagayan de Oro,Kauswagan,2020-01-28,1,9.2,27.66,25.08,29.53,31.47,2.47,78.1,Zone 1,Safe,1,1,1,1,0,0,0,1,Medium,68,MEDIUM
Cagayan de Oro,Kauswagan,2015-12-21,12,4.47,25.17,22.23,27.81,29.49,3.68,83.2,Zone 2,Safe,6,3,0,0,0,0,1,0,Medium,83,HIGH
Cagayan de Oro,Kauswagan,2006-02-11,2,3.91,27.2,24.92,30.95,31.3,1.38,81.0,Zone 3,Evacuated,7,1,0,0,0,0,0,0,,80,HIGH
Cagayan de Oro,Kauswagan,2014-10-13,10,10.52,27.23,24.65,29.72,32.29,1.68,90.6,Zone 4,Unaccounted,4,1,1,1,1,0,0,1,Medium,92,HIGH
Cagayan de Oro,Kauswagan,2018-07-17,7,7.42,29.03,27.15,30.89,33.11,2.51,80.8,Zone 3,Safe,3,1,1,0,1,0,0,1,Medium,100,HIGH
Cagayan de Oro,Kauswagan,2015-09-01,9,12.38,28.19,25.46,29.74,32.48,2.29,82.9,Zone 5,Safe,8,3,0,0,0,1,1,1,Medium,100,HIGH
Cagayan de Oro,Kauswagan,2020-02-27,2,4.94,27.16,23.83,30.25,30.74,2.49,75.8,Zone 2,Safe,2,1,1,1,0,1,0,0,,80,HIGH
Cagayan de Oro,Kauswagan,2012-06-18,6,9.83,28.29,25.76,32.27,32.55,4.43,82.6,Zone 3,Unaccounted,4,3,0,1,0,0,1,1,Medium,100,HIGH
Cagayan de Oro,Kauswagan,2003-01-25,1,7.16,26.5,24.45,28.15,30.89,3.99,83.9,Zone 5,Evacuated,6,2,1,0,0,0,0,1,Medium,100,HIGH
Cagayan de Oro,Kauswagan,2022-12-18,12,6.36,26.22,23.33,30.1,30.43,2.04,82.1,Zone 5,Safe,1,0,0,1,0,0,0,1,,100,HIGH
Cagayan de Oro,Kauswagan,2022-08-12,8,8.61,28.44,25.35,30.65,32.79,2.48,83.5,Zone 3,Safe,10,3,0,0,1,0,0,1,Medium,100,HIGH
Cagayan de Oro,Kauswagan,2010-12-18,12,8.18,26.6,24.98,29.27,31.38,5.39,87.8,Zone 1,Safe,9,0,0,0,0,0,0,1,High,60,MEDIUM
Cagayan de Oro,Kauswagan,2011-08-14,8,17.17,27.99,25.75,31.98,32.45,2.33,84.6,Zone 2,Safe,1,1,1,0,0,0,0,1,High,83,HIGH
Cagayan de Oro,Kauswagan,2020-02-20,2,6.66,26.71,23.35,29.03,30.27,2.54,75.6,Zone 5,Safe,5,0,1,0,1,0,1,1,,100,HIGH
Cagayan de Oro,Kauswagan,2018-05-06,5,4.65,30.05,27.94,32.51,33.3,2.3,72.5,Zone 5,Safe,9,0,0,0,0,0,0,0,,94,HIGH
Cagayan de Oro,Kauswagan,2013-03-12,3,4.19,27.65,25.7,29.18,31.07,2.37,74.2,Zone 6,Evacuated,9,0,0,0,0,0,0,0,,45,MEDIUM
Cagayan de Oro,Kauswagan,2006-06-02,6,7.39,28.93,27.05,30.82,33.07,2.45,81.4,Zone 1,Safe,2,3,0,0,0,1,0,1,Medium,68,MEDIUM
Cagayan de Oro,Kauswagan,2014-11-25,11,4.08,27.24,25.71,29.64,32.11,3.04,88.7,Zone 3,Safe,10,2,0,0,0,0,0,1,Medium,100,HIGH
Cagayan de Oro,Kauswagan,2011-09-21,9,7.73,28.26,26.58,29.82,33.15,1.56,88.9,Zone 6,Evacuated,5,1,0,0,0,0,0,1,Medium,61,MEDIUM
Cagayan de Oro,Kauswagan,2003-12-27,12,12.6,26.39,23.9,29.47,30.24,1.79,78.5,Zone 6,Safe,5,1,0,0,0,0,0,1,Medium,76,HIGH
Cagayan de Oro,Kauswagan,2021-06-14,6,16.41,28.79,26.08,32.38,33.53,2.43,87.4,Zone 5,Safe,3,1,0,1,0,0,0,1,High,100,HIGH
Cagayan de Oro,Kauswagan,2021-07-18,7,7.84,27.65,24.36,30.61,32.79,2.79,91.4,Zone 3,Safe,9,1,1,0,0,0,0,1,Medium,100,HIGH
Cagayan de Oro,Kauswagan,2014-10-05,10,8.42,27.91,26.05,29.92,32.42,2.05,85.1,Zone 6,Safe,1,1,0,0,0,0,0,1,Medium,69,MEDIUM
Cagayan de Oro,Kauswagan,2005-01-15,1,7.04,26.7,24.9,30.27,30.4,3.1,77.0,Zone 5,Unaccounted,4,0,0,0,1,0,0,1,Medium,100,HIGH
Cagayan de Oro,Kauswagan,2007-10-03,10,7.63,27.05,24.26,29.89,32.39,1.02,93.4,Zone 3,Unaccounted,10,1,0,0,0,0,0,1,Medium,100,HIGH
Cagayan de Oro,Kauswagan,2009-10-10,10,10.33,29.65,27.29,31.67,34.47,4.11,88.2,Zone 6,Safe,4,1,0,0,0,0,0,1,Medium,74,HIGH
Cagayan de Oro,Kauswagan,2022-12-11,12,7.29,28.92,25.47,31.12,32.58,3.92,76.6,Zone 2,Unaccounted,9,1,0,0,0,0,0,1,Medium,93,HIGH
Cagayan de Oro,Kauswagan,2013-09-19,9,10.8,26.12,22.64,29.91,29.31,1.06,71.9,Zone 5,Safe,4,2,1,0,1,1,0,1,Medium,100,HIGH
Cagayan de Oro,Kauswagan,2018-09-19,9,6.58,27.15,23.9,30.6,31.74,1.81,85.9,Zone 3,Safe,1,1,0,0,0,0,0,1,,92,HIGH
Cagayan de Oro,Kauswagan,2009-03-26,3,5.62,26.72,24.74,28.78,30.68,4.14,79.6,Zone 6,Safe,4,0,1,0,0,0,0,1,Medium,80,HIGH
Cagayan de Oro,Kauswagan,2003-03-11,3,3.46,28.31,25.59,31.59,32.7,4.03,83.9,Zone 2,Safe,1,0,0,0,0,0,0,0,Medium,49,MEDIUM
Cagayan de Oro,Kauswagan,2020-05-08,5,5.7,29.42,26.09,33.24,33.31,2.37,78.9,Zone 4,Safe,5,0,0,1,0,1,0,1,,51,MEDIUM
Cagayan de Oro,Kauswagan,2008-01-24,1,7.6,27.62,25.19,30.31,31.7,1.58,80.8,Zone 5,Safe,7,3,0,0,0,0,0,1,Medium,100,HIGH
Cagayan de Oro,Kauswagan,2014-09-01,9,7.05,26.09,24.18,30.08,30.47,3.96,83.8,Zone 6,Safe,1,3,0,1,0,0,1,1,Medium,98,HIGH
Cagayan de Oro,Kauswagan,2004-04-28,4,20.52,29.7,27.07,31.27,32.74,2.3,70.4,Zone 5,Evacuated,10,0,0,0,0,0,0,1,High,100,HIGH
Cagayan de Oro,Kauswagan,2017-08-02,8,10.19,26.75,24.53,29.56,31.9,2.22,91.5,Zone 3,Unaccounted,3,1,0,0,0,1,0,1,Medium,100,HIGH
Cagayan de Oro,Kauswagan,2017-04-13,4,3.92,28.76,26.21,32.72,31.83,3.21,70.7,Zone 3,Safe,2,2,0,0,0,0,1,0,Medium,100,HIGH
Cagayan de Oro,Kauswagan,2003-07-01,7,14.73,27.36,25.1,31.07,31.95,0.57,85.9,Zone 3,Safe,9,2,0,1,0,0,0,1,Medium,100,HIGH
Cagayan de Oro,Kauswagan,2004-08-19,8,6.96,27.8,25.68,31.46,32.37,5.48,85.7,Zone 3,Safe,9,2,0,0,0,0,0,1,High,100,HIGH
Cagayan de Oro,Kauswagan,2016-09-01,9,7.05,28.95,26.36,30.64,34.13,0.62,91.8,Zone 5,Safe,3,1,0,0,0,0,0,1,Medium,100,HIGH
Cagayan de Oro,Kauswagan,2022-11-20,11,6.21,27.21,24.14,31.19,31.82,4.65,86.1,Zone 5,Safe,4,1,0,0,0,0,1,1,Medium,100,HIGH
Cagayan de Oro,Kauswagan,2020-04-09,4,6.49,29.61,26.66,32.65,33.32,1.93,77.1,Zone 3,Unaccounted,6,2,0,0,0,0,0,1,,100,HIGH
Cagayan de Oro,Kauswagan,2020-09-15,9,8.3,27.05,24.4,30.91,31.12,3.47,80.7,Zone 6,Evacuated,5,3,0,1,0,0,0,1,Medium,83,HIGH
Cagayan de Oro,Kauswagan,2013-05-14,5,4.65,30.24,27.66,34.03,34.04,2.99,78.0,Zone 2,Safe,3,0,0,0,0,0,0,0,,46,MEDIUM
Cagayan de Oro,Kauswagan,2019-04-03,4,11.48,29.06,26.18,31.62,31.95,3.25,68.9,Zone 5,Safe,7,0,0,0,0,0,0,1,Medium,100,HIGH
Cagayan de Oro,Kauswagan,2021-11-20,11,6.01,28.93,26.48,32.14,33.5,3.71,85.7,Zone 5,Safe,1,1,1,0,0,0,0,1,Medium,100,HIGH
Cagayan de Oro,Kauswagan,2017-12-07,12,5.73,27.39,24.84,31.2,30.72,4.86,73.3,Zone 6,Evacuated,6,1,1,0,0,1,0,1,Medium,83,HIGH
Cagayan de Oro,Kauswagan,2019-03-14,3,4.06,29.27,26.71,30.83,33.32,3.53,80.5,Zone 5,Unaccounted,2,0,1,0,0,1,1,0,Medium,100,HIGH
Cagayan de Oro,Kauswagan,2017-11-24,11,9.65,26.51,24.61,28.2,30.9,3.2,83.9,Zone 6,Unaccounted,2,3,0,0,0,1,0,1,Medium,100,HIGH
Cagayan de Oro,Kauswagan,2018-03-09,3,7.56,27.95,25.26,30.14,31.3,1.2,73.5,Zone 3,Evacuated,4,0,0,0,0,0,0,1,Medium,83,HIGH
Cagayan de Oro,Kauswagan,2017-09-06,9,8.19,27.23,25.28,30.75,31.5,1.21,82.7,Zone 5,Safe,10,1,0,0,0,0,0,1,Medium,100,HIGH
Cagayan de Oro,Kauswagan,2012-01-17,1,4.27,27.05,23.9,30.85,31.69,3.79,86.4,Zone 6,Safe,5,1,0,0,0,0,0,0,Medium,68,MEDIUM
Cagayan de Oro,Kauswagan,2006-01-25,1,8.62,26.86,24.7,29.48,30.55,2.63,76.9,Zone 2,Safe,7,0,0,0,0,1,0,1,Medium,76,HIGH
Cagayan de Oro,Kauswagan,2013-09-22,9,10.39,26.94,23.76,29.3,32.21,4.0,92.7,Zone 3,Safe,6,2,0,0,0,0,0,1,Medium,100,HIGH
Cagayan de Oro,Kauswagan,2020-05-11,5,7.0,29.73,26.65,32.23,33.37,0.0,76.4,Zone 6,Safe,3,0,0,0,0,0,0,1,Medium,67,MEDIUM
Cagayan de Oro,Kauswagan,2007-08-06,8,5.93,28.09,24.62,30.64,32.31,2.86,82.2,Zone 1,Evacuated,1,1,0,0,0,0,0,1,,24,LOW
Cagayan de Oro,Kauswagan,2011-06-25,6,11.46,28.73,27.02,31.52,34.02,4.63,92.9,Zone 5,Safe,4,1,0,0,0,0,1,1,Medium,100,HIGH
Cagayan de Oro,Kauswagan,2022-04-08,4,3.24,27.86,26.09,29.87,30.57,2.07,67.1,Zone 5,Safe,10,0,0,0,0,0,0,0,,94,HIGH
Cagayan de Oro,Kauswagan,2011-06-21,6,13.7,25.92,23.57,28.67,30.03,1.24,81.1,Zone 3,Safe,10,1,0,0,0,0,0,1,Medium,100,HIGH
Cagayan de Oro,Kauswagan,2010-02-02,2,5.17,28.03,25.81,30.46,31.37,3.21,73.4,Zone 5,Safe,9,0,0,1,1,1,0,1,Medium,100,HIGH
Cagayan de Oro,Kauswagan,2012-02-23,2,9.35,27.1,23.94,30.05,30.93,1.64,78.3,Zone 2,Safe,8,0,0,0,0,0,0,1,Medium,69,MEDIUM
Cagayan de Oro,Kauswagan,2004-11-13,11,10.18,28.33,26.73,30.02,32.71,1.31,83.8,Zone 3,Unaccounted,7,3,1,0,0,1,0,1,Medium,100,HIGH
Cagayan de Oro,Kauswagan,2022-02-10,2,5.55,27.34,24.27,30.26,30.8,2.98,74.6,Zone 3,Unaccounted,1,0,0,0,0,0,0,1,,100,HIGH
Cagayan de Oro,Kauswagan,2021-07-12,7,7.24,26.72,23.47,28.99,30.91,5.47,81.9,Zone 2,Unaccounted,4,1,0,0,0,0,0,1,High,94,HIGH
Cagayan de Oro,Kauswagan,2011-09-28,9,12.25,26.35,23.14,28.18,31.46,1.44,91.1,Zone 5,Evacuated,8,2,1,1,0,0,0,1,Medium,100,HIGH
Cagayan de Oro,Kauswagan,2008-11-11,11,8.28,29.07,25.93,30.9,33.34,2.4,82.7,Zone 3,Evacuated,9,1,1,1,0,1,0,1,Medium,100,HIGH
Cagayan de Oro,Kauswagan,2009-08-25,8,6.81,28.73,26.91,31.26,33.03,4.79,83.0,Zone 3,Safe,7,1,0,0,0,0,0,1,Medium,100,HIGH
Cagayan de Oro,Kauswagan,2004-12-15,12,6.7,27.21,24.46,30.41,31.43,0.93,82.2,Zone 6,Safe,2,2,1,1,0,0,0,1,,92,HIGH
Cagayan de Oro,Kauswagan,2003-11-09,11,11.27,27.22,24.44,29.61,31.65,3.95,84.3,Zone 6,Unaccounted,7,1,0,0,0,0,0,1,Medium,98,HIGH
Cagayan de Oro,Kauswagan,2011-08-14,8,12.17,27.62,25.63,31.2,32.65,3.12,90.3,Zone 5,Evacuated,7,1,1,1,1,0,0,1,Medium,100,HIGH
Cagayan de Oro,Kauswagan,2018-04-10,4,3.74,29.36,26.08,32.54,33.09,3.7,77.3,Zone 1,Safe,2,3,0,0,0,0,0,0,Medium,52,MEDIUM
Cagayan de Oro,Kauswagan,2021-09-12,9,9.98,26.24,22.99,28.22,30.99,3.4,87.5,Zone 5,Unaccounted,9,1,0,0,0,0,0,1,Medium,100,HIGH
Cagayan de Oro,Kauswagan,2020-06-20,6,7.77,29.1,26.61,31.39,33.67,3.43,85.7,Zone 3,Unaccounted,3,1,0,0,1,0,0,1,Medium,100,HIGH
Cagayan de Oro,Kauswagan,2019-06-06,6,22.45,29.66,26.68,33.26,33.97,4.07,83.1,Zone 4,Safe,4,1,0,0,1,1,0,1,High,68,MEDIUM
Cagayan de Oro,Kauswagan,2003-12-08,12,6.48,25.97,22.65,28.09,29.46,3.05,74.9,Zone 6,Unaccounted,3,1,0,0,0,0,0,1,Medium,91,HIGH
Cagayan de Oro,Kauswagan,2012-12-09,12,5.05,28.16,25.37,30.38,32.69,0.84,85.3,Zone 5,Safe,3,0,0,0,0,0,0,1,,94,HIGH
Cagayan de Oro,Kauswagan,2019-11-15,11,7.8,27.69,25.33,31.49,32.07,0.34,83.8,Zone 5,Safe,5,3,0,0,0,0,0,1,Medium,100,HIGH
Cagayan de Oro,Kauswagan,2007-08-15,8,8.34,29.06,27.04,32.15,33.71,1.55,86.5,Zone 2,Safe,5,3,0,0,0,0,0,1,Medium,82,HIGH
Cagayan de Oro,Kauswagan,2019-12-26,12,7.76,27.15,25.23,30.58,31.08,0.76,79.3,Zone 6,Safe,1,0,1,0,0,0,0,1,Medium,75,HIGH
Cagayan de Oro,Kauswagan,2022-01-02,1,3.98,28.06,25.42,30.96,31.97,1.48,79.1,Zone 6,Safe,3,1,0,0,0,0,0,0,,58,MEDIUM
Cagayan de Oro,Kauswagan,2005-10-08,10,10.28,28.77,26.51,30.92,33.89,0.9,91.2,Zone 3,Safe,9,1,0,0,0,0,0,1,Medium,100,HIGH
Cagayan de Oro,Kauswagan,2018-06-20,6,9.32,28.36,24.92,29.99,33.07,0.8,87.1,Zone 2,Unaccounted,3,1,1,0,0,0,0,1,Medium,97,HIGH
Cagayan de Oro,Kauswagan,2014-06-21,6,8.91,29.06,26.62,31.99,32.45,1.94,73.9,Zone 6,Safe,9,2,0,0,0,0,0,1,Medium,87,HIGH
Cagayan de Oro,Kauswagan,2015-11-12,11,7.9,28.49,26.29,30.28,32.96,2.72,84.7,Zone 5,Safe,4,1,1,0,1,0,1,1,Medium,100,HIGH
Cagayan de Oro,Kauswagan,2003-08-23,8,7.38,26.31,23.78,27.86,30.89,1.97,85.8,Zone 5,Unaccounted,4,1,0,0,0,0,1,1,Medium,100,HIGH
Cagayan de Oro,Kauswagan,2012-06-20,6,14.08,28.82,26.84,32.65,33.44,1.48,86.2,Zone 3,Safe,5,3,0,0,0,1,0,1,Medium,100,HIGH
Cagayan de Oro,Kauswagan,2006-04-23,4,9.3,28.08,26.27,29.99,32.0,2.49,79.2,Zone 5,Evacuated,2,0,0,0,0,0,0,1,Medium,84,HIGH
Cagayan de Oro,Kauswagan,2019-03-04,3,3.77,27.46,25.8,29.6,32.12,1.05,86.6,Zone 3,Evacuated,9,0,0,0,0,0,0,0,,75,HIGH
Cagayan de Oro,Kauswagan,2017-08-21,8,11.39,27.52,25.92,29.17,32.31,0.84,87.9,Zone 5,Unaccounted,8,1,0,0,0,0,0,1,Medium,100,HIGH
Cagayan de Oro,Kauswagan,2003-11-24,11,5.71,26.67,23.89,30.5,30.93,0.95,82.6,Zone 3,Safe,4,1,0,0,0,0,0,1,,97,HIGH
Cagayan de Oro,Kauswagan,2009-05-23,5,2.9,28.08,26.32,30.42,32.22,3.65,81.4,Zone 6,Safe,8,1,0,0,0,0,0,0,Medium,73,HIGH
Cagayan de Oro,Kauswagan,2004-12-16,12,7.74,27.78,25.32,30.83,32.4,1.99,86.2,Zone 5,Evacuated,4,0,0,0,1,1,1,1,Medium,100,HIGH
Cagayan de Oro,Kauswagan,2009-06-06,6,19.38,28.83,26.09,31.88,32.27,3.15,74.4,Zone 3,Unaccounted,4,1,0,0,1,0,1,1,High,100,HIGH
Cagayan de Oro,Kauswagan,2011-06-09,6,8.29,27.26,25.54,30.46,31.48,3.04,82.2,Zone 4,Safe,4,3,0,1,1,1,0,1,Medium,82,HIGH
Cagayan de Oro,Kauswagan,2007-03-13,3,3.69,28.82,25.84,30.36,32.25,1.0,74.3,Zone 6,Safe,6,0,0,0,0,0,1,0,,64,MEDIUM
Cagayan de Oro,Kauswagan,2018-06-06,6,7.31,28.22,24.86,30.84,32.1,2.73,78.8,Zone 5,Unaccounted,8,3,0,0,0,0,0,1,Medium,100,HIGH
Cagayan de Oro,Kauswagan,2010-06-24,6,13.45,28.6,26.71,30.61,33.32,2.85,87.2,Zone 4,Unaccounted,8,1,1,1,0,0,0,1,Medium,91,HIGH
Cagayan de Oro,Kauswagan,2018-11-10,11,12.03,28.29,26.13,30.75,32.03,1.83,77.4,Zone 6,Safe,7,2,0,0,1,1,0,1,Medium,100,HIGH
Cagayan de Oro,Kauswagan,2007-11-02,11,9.33,28.28,26.55,29.83,32.88,3.54,86.0,Zone 3,Safe,1,1,0,0,1,0,0,1,Medium,100,HIGH
Cagayan de Oro,Kauswagan,2021-11-20,11,12.18,28.49,26.28,32.03,32.72,2.95,82.3,Zone 3,Safe,8,1,0,0,0,0,0,1,Medium,100,HIGH
Cagayan de Oro,Kauswagan,2007-02-21,2,4.08,27.16,23.78,29.23,31.19,2.63,80.3,Zone 3,Unaccounted,1,2,1,1,0,0,0,0,,100,HIGH
Cagayan de Oro,Kauswagan,2003-10-23,10,6.31,28.2,26.04,30.24,32.51,3.41,83.1,Zone 3,Safe,7,3,0,0,0,0,0,1,Medium,100,HIGH
Cagayan de Oro,Kauswagan,2017-12-18,12,7.81,28.45,25.68,32.22,32.35,2.09,79.0,Zone 6,Evacuated,8,0,0,1,0,1,0,1,Medium,78,HIGH
Cagayan de Oro,Kauswagan,2019-03-13,3,8.88,30.13,27.28,32.82,33.88,1.49,77.5,Zone 1,Safe,2,1,0,0,0,0,0,1,Medium,48,MEDIUM
Cagayan de Oro,Kauswagan,2009-11-09,11,10.55,27.21,24.63,29.04,30.78,2.31,75.7,Zone 6,Evacuated,8,1,1,0,0,0,0,1,Medium,78,HIGH
Cagayan de Oro,Kauswagan,2012-05-28,5,5.65,29.48,27.48,32.5,32.69,2.21,72.1,Zone 5,Unaccounted,2,0,0,0,1,0,0,1,,100,HIGH
Cagayan de Oro,Kauswagan,2021-06-22,6,7.32,29.58,26.14,32.98,33.83,3.0,82.5,Zone 2,Evacuated,3,2,0,0,0,0,1,1,Medium,65,MEDIUM
Cagayan de Oro,Kauswagan,2021-05-01,5,7.24,28.86,25.46,32.15,32.59,3.22,77.3,Zone 6,Safe,8,0,0,0,1,0,0,1,Medium,83,HIGH
Cagayan de Oro,Kauswagan,2010-08-28,8,9.69,27.98,25.15,30.52,32.86,3.29,88.8,Zone 6,Safe,8,1,0,0,0,0,1,1,Medium,88,HIGH
Cagayan de Oro,Kauswagan,2005-03-12,3,4.72,27.77,24.98,29.57,30.83,3.28,70.6,Zone 5,Safe,4,0,0,0,0,1,0,0,Medium,100,HIGH
Cagayan de Oro,Kauswagan,2018-03-01,3,4.25,27.87,25.66,29.63,31.02,4.06,71.5,Zone 5,Safe,6,0,1,1,0,1,0,0,Medium,100,HIGH
Cagayan de Oro,Kauswagan,2015-12-15,12,6.11,28.51,25.42,32.43,32.64,3.53,81.3,Zone 3,Evacuated,1,1,0,0,0,0,0,1,Medium,84,HIGH
Cagayan de Oro,Kauswagan,2005-01-25,1,5.75,26.39,24.89,28.35,30.72,2.94,83.3,Zone 2,Evacuated,6,0,0,0,0,1,0,1,,52,MEDIUM
Cagayan de Oro,Kauswagan,2015-06-14,6,7.54,28.05,25.82,30.69,32.45,2.41,84.0,Zone 5,Safe,3,1,0,0,0,0,0,1,Medium,100,HIGH
Cagayan de Oro,Kauswagan,2004-05-03,5,8.21,28.86,26.68,31.44,32.11,1.46,72.5,Zone 5,Safe,1,1,0,1,0,0,1,1,Medium,100,HIGH
Cagayan de Oro,Kauswagan,2022-04-02,4,5.35,28.01,24.94,31.74,30.87,3.17,68.6,Zone 6,Safe,3,0,1,0,0,0,0,1,Medium,79,HIGH
Cagayan de Oro,Kauswagan,2006-07-27,7,7.05,28.82,25.64,32.7,32.93,0.0,81.1,Zone 6,Safe,8,1,1,0,1,0,0,1,Medium,100,HIGH
Cagayan de Oro,Kauswagan,2012-04-25,4,3.12,28.33,26.5,31.32,31.69,2.08,73.6,Zone 5,Unaccounted,9,0,0,1,0,1,0,0,,100,HIGH
Cagayan de Oro,Kauswagan,2004-10-07,10,13.21,27.65,24.28,31.16,32.05,0.82,84.0,Zone 6,Safe,6,3,0,0,0,0,0,1,Medium,90,HIGH
Cagayan de Oro,Kauswagan,2015-01-14,1,8.02,27.79,26.05,30.8,31.73,2.26,79.4,Zone 5,Safe,8,0,0,0,1,0,0,1,Medium,100,HIGH
Cagayan de Oro,Kauswagan,2017-02-04,2,12.07,27.43,24.62,30.37,30.56,2.29,71.3,Zone 2,Unaccounted,8,0,0,0,0,0,0,1,Medium,87,HIGH
Cagayan de Oro,Kauswagan,2022-04-04,4,17.11,28.43,25.78,30.64,31.76,3.69,73.3,Zone 5,Safe,10,3,0,0,0,0,0,1,High,100,HIGH
Cagayan de Oro,Kauswagan,2017-01-18,1,13.12,27.24,25.2,29.79,31.12,2.05,78.8,Zone 5,Safe,3,0,0,1,0,0,1,1,Medium,100,HIGH
Cagayan de Oro,Kauswagan,2018-01-17,1,3.27,26.45,23.87,28.73,30.32,1.48,78.7,Zone 6,Safe,10,0,1,1,1,0,0,0,,90,HIGH
Cagayan de Oro,Kauswagan,2022-08-12,8,9.4,27.64,25.33,30.47,32.16,1.13,85.2,Zone 6,Safe,7,3,0,0,0,0,0,1,Medium,92,HIGH
Cagayan de Oro,Kauswagan,2008-05-17,5,11.32,27.58,24.2,29.67,31.93,3.14,83.5,Zone 5,Unaccounted,1,0,0,0,0,0,0,1,Medium,100,HIGH
Cagayan de Oro,Kauswagan,2018-06-09,6,11.44,27.88,24.75,30.86,32.07,3.5,81.9,Zone 1,Safe,2,3,0,0,0,0,0,1,Medium,60,MEDIUM
Cagayan de Oro,Kauswagan,2017-04-13,4,2.76,28.93,25.71,32.25,31.51,1.53,65.8,Zone 5,Safe,6,0,1,0,0,0,1,0,,100,HIGH
Cagayan de Oro,Kauswagan,2020-05-01,5,3.99,30.54,28.72,33.38,33.61,2.98,70.7,Zone 5,Unaccounted,7,0,1,0,0,0,0,0,,100,HIGH
Cagayan de Oro,Kauswagan,2017-11-08,11,11.38,28.94,27.28,32.42,33.26,3.07,83.2,Zone 6,Safe,5,2,0,0,0,0,0,1,Medium,82,HIGH
Cagayan de Oro,Kauswagan,2006-04-22,4,6.6,30.17,27.92,33.1,33.59,1.36,74.2,Zone 5,Evacuated,8,3,0,0,0,0,0,1,,100,HIGH
Cagayan de Oro,Kauswagan,2022-04-04,4,6.17,28.11,26.48,29.88,31.79,1.86,76.8,Zone 2,Evacuated,4,0,1,0,0,0,0,1,,52,MEDIUM
Cagayan de Oro,Kauswagan,2017-01-09,1,5.1,28.08,25.39,30.34,32.15,1.95,80.7,Zone 5,Evacuated,5,0,0,0,0,0,0,1,,82,HIGH
Cagayan de Oro,Kauswagan,2020-06-22,6,8.46,29.2,27.57,30.95,33.8,3.65,86.0,Zone 2,Evacuated,10,1,0,0,0,0,0,1,Medium,60,MEDIUM
Cagayan de Oro,Kauswagan,2005-09-19,9,8.6,28.19,24.69,31.45,32.22,0.92,80.3,Zone 3,Unaccounted,10,3,0,0,0,0,0,1,Medium,100,HIGH
Cagayan de Oro,Kauswagan,2004-09-20,9,8.44,27.5,25.96,30.25,31.54,3.29,80.4,Zone 1,Unaccounted,1,2,1,0,0,0,1,1,Medium,89,HIGH
Cagayan de Oro,Kauswagan,2005-05-10,5,4.86,27.57,25.21,30.67,31.16,2.67,75.9,Zone 4,Unaccounted,7,0,0,0,0,0,0,0,,47,MEDIUM
Cagayan de Oro,Kauswagan,2007-08-22,8,9.29,27.78,24.61,29.98,32.35,3.23,85.7,Zone 3,Unaccounted,7,3,0,0,0,0,0,1,Medium,100,HIGH
Cagayan de Oro,Kauswagan,2013-09-01,9,9.75,27.78,24.8,31.14,33.01,3.31,92.3,Zone 6,Safe,3,1,0,0,1,0,0,1,Medium,81,HIGH
Cagayan de Oro,Kauswagan,2018-10-21,10,10.3,26.88,24.41,30.09,30.88,2.57,80.0,Zone 5,Unaccounted,6,2,0,0,0,0,0,1,Medium,100,HIGH
Cagayan de Oro,Kauswagan,2010-01-02,1,6.22,27.52,25.9,29.23,31.94,2.77,84.2,Zone 6,Safe,9,2,0,0,0,0,0,1,,80,HIGH
Cagayan de Oro,Kauswagan,2020-06-19,6,12.88,28.96,26.24,30.91,33.03,2.91,80.7,Zone 2,Safe,5,2,0,0,0,1,0,1,Medium,84,HIGH
Cagayan de Oro,Kauswagan,2006-07-09,7,7.15,27.34,24.62,30.31,32.14,2.73,88.0,Zone 3,Unaccounted,9,3,0,0,0,0,0,1,Medium,100,HIGH
Cagayan de Oro,Kauswagan,2022-06-03,6,8.65,27.91,25.26,29.62,32.01,1.26,81.0,Zone 5,Safe,7,1,0,0,0,0,0,1,Medium,100,HIGH
Cagayan de Oro,Kauswagan,2007-10-27,10,7.51,27.94,24.47,30.55,31.87,0.54,79.3,Zone 6,Evacuated,8,1,0,0,0,0,0,1,Medium,66,MEDIUM
Cagayan de Oro,Kauswagan,2008-05-28,5,7.11,28.39,26.04,30.32,32.49,2.43,81.0,Zone 3,Evacuated,6,1,0,0,0,0,0,1,Medium,93,HIGH
Cagayan de Oro,Kauswagan,2011-12-09,12,5.93,26.98,24.4,28.93,31.39,2.48,84.1,Zone 2,Safe,1,0,0,0,0,0,0,1,,50,MEDIUM
Cagayan de Oro,Kauswagan,2015-06-16,6,9.93,29.28,26.58,32.73,33.84,2.43,85.6,Zone 3,Evacuated,6,3,0,0,0,0,0,1,Medium,100,HIGH
Cagayan de Oro,Kauswagan,2014-10-18,10,9.47,29.04,25.57,32.55,33.21,1.32,81.7,Zone 2,Safe,4,1,0,0,0,0,0,1,Medium,68,MEDIUM
Cagayan de Oro,Kauswagan,2018-04-20,4,3.58,29.01,27.03,31.67,32.64,2.83,76.3,Zone 3,Unaccounted,6,0,0,1,0,1,1,0,,100,HIGH
Cagayan de Oro,Kauswagan,2007-04-09,4,3.87,29.33,27.64,31.34,32.55,1.43,72.2,Zone 5,Safe,8,1,0,0,1,1,0,0,,100,HIGH
Cagayan de Oro,Kauswagan,2003-03-18,3,7.19,29.69,27.21,33.41,32.94,3.74,72.5,Zone 5,Safe,1,0,0,0,0,0,0,1,Medium,97,HIGH
Cagayan de Oro,Kauswagan,2013-12-11,12,20.65,26.91,23.97,28.52,30.68,1.35,77.7,Zone 6,Unaccounted,9,0,1,0,0,1,0,1,High,100,HIGH
Cagayan de Oro,Kauswagan,2008-11-18,11,6.49,26.4,23.86,28.37,31.38,0.96,89.8,Zone 2,Evacuated,9,1,0,0,0,0,0,1,,53,MEDIUM
Cagayan de Oro,Kauswagan,2017-04-28,4,3.44,26.99,25.44,29.56,31.11,4.0,81.2,Zone 4,Evacuated,6,2,1,1,0,1,0,0,Medium,61,MEDIUM
Cagayan de Oro,Kauswagan,2014-09-02,9,8.4,27.52,25.32,29.35,32.27,1.54,87.5,Zone 3,Evacuated,7,1,0,0,0,0,0,1,Medium,95,HIGH
Cagayan de Oro,Kauswagan,2005-12-22,12,7.32,25.65,22.21,29.63,30.27,0.74,86.2,Zone 6,Safe,1,0,0,0,0,0,0,1,Medium,63,MEDIUM
Cagayan de Oro,Kauswagan,2017-03-21,3,8.41,29.52,26.53,33.49,33.58,2.48,80.6,Zone 1,Safe,5,1,0,0,1,1,0,1,Medium,69,MEDIUM
Cagayan de Oro,Kauswagan,2015-08-11,8,15.11,27.82,24.62,30.68,32.46,1.76,86.4,Zone 3,Evacuated,7,1,0,0,0,0,0,1,High,100,HIGH
Cagayan de Oro,Kauswagan,2021-04-15,4,5.16,29.13,26.45,31.81,31.71,2.64,65.8,Zone 5,Safe,6,0,0,0,0,0,0,1,,99,HIGH
Cagayan de Oro,Kauswagan,2005-10-18,10,11.15,26.83,23.73,30.09,30.63,3.54,78.0,Zone 6,Evacuated,4,3,0,0,1,1,0,1,Medium,87,HIGH
Cagayan de Oro,Kauswagan,2014-08-23,8,7.51,28.19,25.0,31.59,33.48,4.11,92.9,Zone 2,Safe,7,1,0,0,0,0,0,1,Medium,74,HIGH
Cagayan de Oro,Kauswagan,2013-02-06,2,6.68,27.62,24.27,29.51,31.12,2.0,75.0,Zone 3,Safe,1,0,0,1,1,0,0,1,,100,HIGH
Cagayan de Oro,Kauswagan,2011-07-27,7,9.67,28.25,25.4,31.75,33.52,2.14,92.7,Zone 3,Safe,10,2,0,0,0,0,0,1,Medium,100,HIGH
Cagayan de Oro,Kauswagan,2004-04-17,4,7.14,27.27,24.87,30.17,30.6,0.68,73.3,Zone 3,Unaccounted,7,0,0,0,0,0,1,1,Medium,100,HIGH
Cagayan de Oro,Kauswagan,2009-10-26,10,5.82,28.48,25.77,30.64,33.05,1.99,85.7,Zone 5,Safe,7,2,0,0,0,0,1,1,,100,HIGH
Cagayan de Oro,Kauswagan,2022-12-05,12,6.54,28.97,27.19,31.42,32.89,3.01,79.2,Zone 3,Unaccounted,9,3,0,0,0,0,0,1,Medium,100,HIGH
Cagayan de Oro,Kauswagan,2008-05-23,5,6.18,30.14,27.67,32.57,34.48,3.03,83.4,Zone 5,Safe,2,1,0,0,0,0,0,1,Medium,100,HIGH
Cagayan de Oro,Kauswagan,2003-11-07,11,10.58,26.39,24.17,29.39,30.6,1.13,82.1,Zone 5,Evacuated,7,3,0,0,0,0,0,1,Medium,100,HIGH
Cagayan de Oro,Kauswagan,2021-01-22,1,6.71,28.09,25.82,30.34,31.42,4.23,73.3,Zone 6,Safe,6,0,0,0,0,0,1,1,Medium,79,HIGH
Cagayan de Oro,Kauswagan,2003-10-22,10,9.81,27.98,25.13,31.84,32.33,3.55,83.5,Zone 3,Unaccounted,9,3,1,0,0,0,1,1,Medium,100,HIGH
Cagayan de Oro,Kauswagan,2017-02-01,2,6.63,26.45,24.75,29.44,30.52,2.67,80.7,Zone 2,Safe,4,1,0,0,0,0,0,1,,61,MEDIUM
Cagayan de Oro,Kauswagan,2003-07-17,7,8.79,27.81,25.29,30.14,32.29,1.42,84.8,Zone 2,Safe,9,1,0,1,1,0,0,1,Medium,93,HIGH
Cagayan de Oro,Kauswagan,2006-08-05,8,8.73,28.25,25.07,30.18,32.94,1.97,86.9,Zone 5,Unaccounted,8,3,0,1,0,0,1,1,Medium,100,HIGH
Cagayan de Oro,Kauswagan,2021-02-23,2,6.76,27.67,26.02,31.48,32.14,3.67,84.7,Zone 3,Safe,5,0,1,1,0,0,0,1,Medium,100,HIGH
Cagayan de Oro,Kauswagan,2021-10-16,10,11.65,27.35,23.91,29.67,31.75,1.88,84.0,Zone 6,Evacuated,9,2,0,0,0,0,0,1,Medium,72,HIGH
Cagayan de Oro,Kauswagan,2006-02-18,2,2.84,27.55,24.94,31.45,30.94,3.2,73.9,Zone 3,Safe,9,2,0,0,0,0,0,0,Medium,100,HIGH
Cagayan de Oro,Kauswagan,2022-08-06,8,10.94,27.95,26.27,31.83,32.27,2.1,83.2,Zone 3,Unaccounted,2,1,0,1,1,1,0,1,Medium,100,HIGH
Cagayan de Oro,Kauswagan,2009-07-01,7,8.4,29.2,27.59,32.42,33.56,2.56,83.6,Zone 6,Safe,2,1,0,0,0,0,0,1,Medium,71,HIGH
Cagayan de Oro,Kauswagan,2008-01-10,1,5.39,26.27,23.36,29.94,30.13,1.59,78.6,Zone 6,Safe,6,0,1,0,0,0,0,1,,77,HIGH
Cagayan de Oro,Kauswagan,2022-09-11,9,8.58,28.29,25.17,29.85,32.93,2.67,86.4,Zone 3,Safe,5,1,0,0,0,0,0,1,Medium,100,HIGH
Cagayan de Oro,Kauswagan,2015-08-06,8,10.14,26.78,25.1,30.5,31.49,1.91,87.1,Zone 3,Safe,10,1,0,0,0,0,0,1,Medium,100,HIGH
Cagayan de Oro,Kauswagan,2005-01-01,1,5.37,27.18,24.76,30.33,30.41,0.84,72.3,Zone 5,Safe,6,0,0,0,0,0,0,1,,99,HIGH
Cagayan de Oro,Kauswagan,2007-11-06,11,7.2,26.42,24.53,29.55,30.69,2.55,82.7,Zone 3,Safe,8,3,0,0,0,0,0,1,Medium,100,HIGH
Cagayan de Oro,Kauswagan,2020-10-21,10,9.12,26.52,23.24,28.25,31.23,0.64,87.1,Zone 4,Safe,1,1,0,0,1,1,1,1,Medium,62,MEDIUM
Cagayan de Oro,Kauswagan,2010-07-03,7,7.18,27.37,24.24,28.96,31.83,1.82,84.6,Zone 5,Safe,3,3,0,0,0,0,0,1,Medium,100,HIGH
Cagayan de Oro,Kauswagan,2012-11-24,11,7.23,27.63,25.4,30.87,31.92,1.54,82.9,Zone 5,Safe,9,1,0,1,0,0,0,1,Medium,100,HIGH
Cagayan de Oro,Kauswagan,2014-12-22,12,4.33,27.02,25.06,30.92,30.81,2.49,77.9,Zone 4,Safe,2,3,0,0,0,1,0,0,,46,MEDIUM
Cagayan de Oro,Kauswagan,2005-03-11,3,3.47,29.51,27.94,33.12,32.46,2.28,69.5,Zone 3,Safe,7,3,0,0,0,0,0,0,,100,HIGH
Cagayan de Oro,Kauswagan,2005-01-12,1,3.99,27.71,24.59,31.58,30.92,3.44,72.1,Zone 5,Safe,4,1,0,0,0,0,0,0,Medium,100,HIGH
Cagayan de Oro,Kauswagan,2009-07-15,7,11.34,27.16,25.55,30.82,32.05,2.11,88.9,Zone 5,Safe,3,1,0,0,0,0,0,1,Medium,100,HIGH
Cagayan de Oro,Kauswagan,2009-05-03,5,6.08,29.24,27.06,32.32,32.06,3.57,68.2,Zone 4,Safe,6,0,0,1,0,0,0,1,Medium,52,MEDIUM
Cagayan de Oro,Kauswagan,2019-07-08,7,11.69,28.71,25.3,31.11,32.83,2.89,81.2,Zone 2,Safe,4,2,0,0,0,0,1,1,Medium,81,HIGH
Cagayan de Oro,Kauswagan,2003-01-23,1,8.63,26.8,25.24,29.68,30.51,2.18,77.1,Zone 5,Safe,3,1,0,0,0,0,0,1,Medium,100,HIGH
Cagayan de Oro,Kauswagan,2012-01-03,1,5.68,25.96,23.6,28.06,29.83,1.46,78.7,Zone 6,Safe,7,0,1,1,1,0,0,1,,97,HIGH
Cagayan de Oro,Kauswagan,2014-05-25,5,4.32,28.91,25.68,31.31,32.63,1.57,77.2,Zone 6,Evacuated,5,0,0,1,0,0,0,0,,50,MEDIUM
Cagayan de Oro,Kauswagan,2019-01-04,1,7.56,27.43,25.72,30.54,31.18,2.69,77.5,Zone 2,Safe,3,0,0,0,0,0,0,1,Medium,61,MEDIUM
Cagayan de Oro,Kauswagan,2006-07-12,7,9.37,26.97,24.27,29.84,30.89,3.98,79.2,Zone 5,Evacuated,7,2,1,0,0,1,0,1,Medium,100,HIGH
Cagayan de Oro,Kauswagan,2017-06-02,6,7.18,29.33,25.89,31.13,33.36,2.54,80.3,Zone 5,Unaccounted,10,3,0,0,0,0,0,1,Medium,100,HIGH
Cagayan de Oro,Kauswagan,2014-08-16,8,9.84,27.11,24.01,29.31,31.81,0.6,87.0,Zone 4,Safe,7,2,0,0,0,0,1,1,Medium,63,MEDIUM
Cagayan de Oro,Kauswagan,2009-11-10,11,8.13,27.87,24.9,31.05,32.13,1.85,82.6,Zone 5,Safe,9,3,0,0,0,1,1,1,Medium,100,HIGH
Cagayan de Oro,Kauswagan,2007-03-01,3,6.26,27.55,24.27,29.69,30.65,3.02,71.0,Zone 3,Unaccounted,9,3,0,0,0,0,0,1,Medium,100,HIGH
Cagayan de Oro,Kauswagan,2010-01-27,1,4.92,27.61,25.34,30.79,32.0,2.8,83.9,Zone 5,Safe,8,0,0,0,0,0,0,0,,94,HIGH
Cagayan de Oro,Kauswagan,2007-05-10,5,8.68,28.76,25.81,32.04,32.71,3.74,79.5,Zone 1,Evacuated,2,1,0,0,0,1,0,1,Medium,41,MEDIUM
Cagayan de Oro,Kauswagan,2009-05-11,5,4.94,29.31,27.68,31.55,33.15,3.09,78.4,Zone 4,Safe,6,0,1,0,0,0,0,0,Medium,46,MEDIUM
Cagayan de Oro,Kauswagan,2022-01-05,1,6.47,27.99,24.69,31.94,31.94,2.68,79.5,Zone 3,Evacuated,6,0,0,0,0,0,0,1,,80,HIGH
Cagayan de Oro,Kauswagan,2011-06-14,6,7.65,28.81,27.04,31.43,33.37,1.88,85.6,Zone 3,Safe,5,1,1,0,0,0,0,1,Medium,100,HIGH
Cagayan de Oro,Kauswagan,2021-10-01,10,12.05,27.05,24.51,28.95,31.41,4.94,83.6,Zone 5,Safe,9,1,0,0,1,0,0,1,Medium,100,HIGH
Cagayan de Oro,Kauswagan,2007-08-02,8,16.61,25.55,22.38,28.1,29.99,1.9,84.4,Zone 3,Safe,2,1,1,1,0,0,0,1,High,100,HIGH
Cagayan de Oro,Kauswagan,2008-03-12,3,4.75,28.65,26.48,32.42,32.09,3.46,74.4,Zone 6,Safe,2,0,0,0,0,1,0,0,Medium,65,MEDIUM
Cagayan de Oro,Kauswagan,2008-07-06,7,8.91,26.3,23.71,30.07,30.07,1.9,77.7,Zone 3,Safe,2,1,0,0,0,0,0,1,Medium,100,HIGH
Cagayan de Oro,Kauswagan,2015-01-04,1,5.96,26.0,24.01,29.94,30.4,1.53,84.0,Zone 6,Evacuated,6,1,0,0,0,0,0,1,,56,MEDIUM
Cagayan de Oro,Kauswagan,2006-03-18,3,3.68,27.99,25.6,31.02,32.09,1.65,81.0,Zone 2,Safe,10,1,1,0,0,0,0,0,,72,HIGH
Cagayan de Oro,Kauswagan,2020-01-25,1,5.95,26.84,25.01,29.8,30.82,2.64,79.8,Zone 6,Evacuated,6,0,0,0,0,0,0,1,,50,MEDIUM
Cagayan de Oro,Kauswagan,2015-01-26,1,4.58,26.8,24.73,28.99,31.39,5.85,85.9,Zone 2,Safe,8,0,0,0,0,0,0,0,High,69,MEDIUM
Cagayan de Oro,Kauswagan,2008-06-13,6,6.32,27.64,25.48,29.26,31.86,0.0,82.2,Zone 5,Safe,6,1,0,0,1,0,0,1,,100,HIGH
Cagayan de Oro,Kauswagan,2021-04-26,4,4.31,29.66,27.0,31.55,33.55,1.47,78.9,Zone 6,Safe,1,2,0,1,0,0,0,0,,70,HIGH
Cagayan de Oro,Kauswagan,2006-09-14,9,12.31,28.04,26.52,30.84,32.99,1.56,89.5,Zone 5,Evacuated,2,1,0,1,0,0,0,1,Medium,100,HIGH
Cagayan de Oro,Kauswagan,2013-06-22,6,10.68,28.68,26.9,30.8,32.67,3.74,79.9,Zone 5,Unaccounted,9,2,0,0,0,0,0,1,Medium,100,HIGH
Cagayan de Oro,Kauswagan,2020-10-04,10,12.93,26.74,23.71,28.55,31.48,2.69,87.4,Zone 1,Unaccounted,9,1,0,0,0,0,0,1,Medium,76,HIGH
Cagayan de Oro,Kauswagan,2009-09-28,9,14.2,27.42,24.3,30.85,32.15,3.05,87.3,Zone 2,Unaccounted,6,1,1,1,0,1,0,1,Medium,100,HIGH
Cagayan de Oro,Kauswagan,2020-12-22,12,7.09,26.61,24.66,28.24,30.58,2.06,79.7,Zone 6,Safe,9,0,0,0,0,0,0,1,Medium,75,HIGH
Cagayan de Oro,Kauswagan,2018-07-21,7,9.31,27.22,24.79,29.72,31.31,2.23,80.9,Zone 5,Safe,2,1,1,0,0,0,0,1,Medium,100,HIGH
Cagayan de Oro,Kauswagan,2018-06-01,6,8.31,28.39,25.13,31.34,32.89,3.12,85.0,Zone 3,Safe,6,3,0,0,0,0,0,1,Medium,100,HIGH
Cagayan de Oro,Kauswagan,2011-05-12,5,14.99,29.88,28.33,32.47,33.69,4.57,78.1,Zone 6,Unaccounted,2,2,0,0,0,0,0,1,Medium,95,HIGH
Cagayan de Oro,Kauswagan,2016-08-26,8,10.08,27.86,25.42,30.74,32.51,1.97,86.5,Zone 5,Safe,2,2,0,1,1,0,1,1,Medium,100,HIGH
Cagayan de Oro,Kauswagan,2022-08-14,8,8.67,28.77,26.64,32.56,33.27,1.31,85.0,Zone 6,Evacuated,10,1,0,1,0,0,0,1,Medium,76,HIGH
Cagayan de Oro,Kauswagan,2018-03-23,3,3.5,28.1,26.16,32.01,31.87,2.78,77.7,Zone 2,Unaccounted,8,1,0,0,0,0,0,0,,78,HIGH
Cagayan de Oro,Kauswagan,2005-11-20,11,8.04,26.62,23.98,30.59,31.19,2.57,85.7,Zone 3,Safe,7,2,1,0,0,0,0,1,Medium,100,HIGH
Cagayan de Oro,Kauswagan,2010-05-03,5,6.67,29.79,27.67,31.34,33.85,3.43,80.6,Zone 3,Safe,9,1,0,0,0,0,0,1,Medium,100,HIGH
Cagayan de Oro,Kauswagan,2019-10-25,10,5.4,27.54,25.15,31.07,32.41,2.51,88.7,Zone 2,Safe,7,1,0,0,0,0,0,1,,67,MEDIUM
Cagayan de Oro,Kauswagan,2005-12-21,12,14.19,27.74,25.07,30.42,31.71,0.0,79.7,Zone 5,Safe,5,0,0,0,0,0,0,1,Medium,100,HIGH
Cagayan de Oro,Kauswagan,2017-12-08,12,8.63,27.6,25.6,30.75,31.78,4.07,81.8,Zone 5,Safe,9,0,0,0,0,0,0,1,Medium,100,HIGH
Cagayan de Oro,Kauswagan,2011-02-17,2,9.06,26.88,24.99,28.57,30.85,2.47,79.7,Zone 3,Safe,8,1,0,1,0,0,1,1,Medium,100,HIGH
Cagayan de Oro,Kauswagan,2005-07-04,7,6.76,28.65,26.93,32.65,33.84,3.89,91.9,Zone 3,Safe,3,1,0,0,0,0,0,1,Medium,100,HIGH
Cagayan de Oro,Kauswagan,2018-08-18,8,18.27,26.81,23.54,30.19,32.09,1.26,92.8,Zone 3,Evacuated,5,1,0,0,1,0,1,1,High,100,HIGH
Cagayan de Oro,Kauswagan,2012-07-28,7,7.39,28.28,25.88,32.12,32.41,0.11,81.3,Zone 2,Safe,2,2,0,0,1,0,0,1,Medium,79,HIGH
Cagayan de Oro,Kauswagan,2015-10-06,10,7.17,27.29,24.99,29.97,31.55,0.91,82.6,Zone 5,Evacuated,1,1,0,0,0,0,1,1,Medium,95,HIGH
Cagayan de Oro,Kauswagan,2020-05-08,5,8.87,28.25,26.36,30.06,32.01,1.99,77.6,Zone 2,Safe,6,0,1,0,0,0,0,1,Medium,78,HIGH
Cagayan de Oro,Kauswagan,2016-07-12,7,10.95,27.6,26.08,30.42,31.63,2.67,80.3,Zone 3,Safe,5,3,0,0,0,0,1,1,Medium,100,HIGH
Cagayan de Oro,Kauswagan,2007-01-25,1,12.13,28.0,25.94,31.87,31.42,2.71,74.2,Zone 2,Unaccounted,3,0,1,0,0,1,0,1,Medium,99,HIGH
Cagayan de Oro,Kauswagan,2011-08-07,8,10.13,27.53,24.65,29.11,31.61,2.37,80.8,Zone 3,Unaccounted,9,1,0,1,0,1,0,1,Medium,100,HIGH
Cagayan de Oro,Kauswagan,2021-02-09,2,3.65,27.91,26.02,29.64,32.38,2.29,84.7,Zone 2,Safe,8,2,0,1,0,0,1,0,,83,HIGH
Cagayan de Oro,Kauswagan,2003-09-24,9,7.4,27.47,25.36,28.99,32.57,3.12,91.0,Zone 3,Safe,9,2,0,0,0,0,0,1,Medium,100,HIGH
Cagayan de Oro,Kauswagan,2005-10-04,10,9.06,28.12,25.82,30.85,32.9,4.07,87.8,Zone 6,Safe,3,2,0,0,0,0,0,1,Medium,79,HIGH
Cagayan de Oro,Kauswagan,2020-12-14,12,4.82,26.98,23.86,28.99,31.03,3.35,80.5,Zone 6,Safe,8,1,0,1,0,1,0,0,Medium,91,HIGH
Cagayan de Oro,Kauswagan,2020-12-25,12,5.86,26.74,25.03,28.43,31.28,2.87,85.4,Zone 3,Safe,4,1,0,0,0,0,0,1,,97,HIGH
Cagayan de Oro,Kauswagan,2020-12-17,12,13.39,26.45,24.45,30.28,30.19,3.63,77.4,Zone 1,Safe,7,0,0,0,0,0,0,1,Medium,51,MEDIUM
Cagayan de Oro,Kauswagan,2010-11-08,11,6.94,28.24,25.73,29.92,33.29,3.23,90.5,Zone 5,Evacuated,9,1,0,0,0,0,0,1,Medium,100,HIGH
Cagayan de Oro,Kauswagan,2012-09-16,9,9.74,27.05,24.35,28.59,32.06,2.28,90.1,Zone 3,Safe,5,1,0,0,0,0,0,1,Medium,100,HIGH
Cagayan de Oro,Kauswagan,2003-06-23,6,8.07,27.93,25.93,29.65,31.38,4.26,74.5,Zone 3,Safe,2,1,0,1,0,0,0,1,Medium,100,HIGH
Cagayan de Oro,Kauswagan,2010-08-20,8,9.26,26.52,23.82,29.37,30.69,0.67,81.7,Zone 4,Unaccounted,10,1,1,1,0,0,0,1,Medium,91,HIGH
Cagayan de Oro,Kauswagan,2017-03-26,3,2.49,26.93,24.14,29.72,30.51,1.76,75.8,Zone 2,Safe,10,0,0,1,0,0,0,0,,64,MEDIUM
Cagayan de Oro,Kauswagan,2019-07-19,7,12.5,28.42,25.46,30.53,32.6,3.35,81.8,Zone 2,Unaccounted,3,1,0,0,0,0,0,1,Medium,85,HIGH
Cagayan de Oro,Kauswagan,2019-05-27,5,4.56,27.87,25.54,31.52,30.97,0.37,71.0,Zone 5,Safe,7,1,0,1,0,0,0,0,,100,HIGH
Cagayan de Oro,Kauswagan,2015-04-02,4,3.64,28.49,25.99,30.06,31.51,2.4,70.2,Zone 2,Evacuated,5,0,0,0,0,0,0,0,,34,LOW
Cagayan de Oro,Kauswagan,2005-02-09,2,6.4,27.24,24.04,30.14,31.06,2.46,78.2,Zone 5,Unaccounted,5,0,0,0,0,0,0,1,,100,HIGH
Cagayan de Oro,Kauswagan,2020-03-02,3,4.8,27.81,25.91,30.36,31.54,1.11,77.3,Zone 5,Safe,8,0,0,0,0,0,0,0,,94,HIGH
Cagayan de Oro,Kauswagan,2017-03-07,3,5.57,28.33,25.74,32.27,32.15,0.98,78.2,Zone 2,Safe,2,0,0,0,0,0,0,1,,52,MEDIUM
Cagayan de Oro,Kauswagan,2017-03-26,3,5.56,28.5,26.08,31.02,32.41,1.76,79.1,Zone 5,Evacuated,4,1,0,0,1,0,0,1,,94,HIGH
Cagayan de Oro,Kauswagan,2010-11-03,11,7.81,28.45,26.13,31.37,32.72,5.14,82.7,Zone 3,Safe,7,1,0,0,0,0,0,1,High,100,HIGH
Cagayan de Oro,Kauswagan,2016-02-23,2,9.47,27.52,24.83,29.65,30.77,1.92,72.5,Zone 5,Safe,7,0,0,1,0,0,0,1,Medium,100,HIGH
Cagayan de Oro,Kauswagan,2014-08-24,8,6.93,27.48,25.15,29.19,31.83,2.59,83.5,Zone 5,Unaccounted,5,1,0,0,0,0,0,1,,100,HIGH
Cagayan de Oro,Kauswagan,2018-08-16,8,9.54,27.56,24.28,29.97,31.94,1.72,83.8,Zone 3,Safe,10,1,0,0,0,0,0,1,Medium,100,HIGH
Cagayan de Oro,Kauswagan,2005-04-14,4,5.43,30.2,27.63,33.4,33.89,1.97,76.9,Zone 5,Unaccounted,4,0,0,0,0,0,0,1,,100,HIGH
Cagayan de Oro,Kauswagan,2009-10-06,10,20.13,27.31,24.29,31.03,31.64,1.53,83.3,Zone 3,Safe,5,1,0,0,0,0,0,1,High,100,HIGH
Cagayan de Oro,Kauswagan,2014-01-06,1,4.84,27.54,24.37,30.01,31.4,3.8,78.6,Zone 6,Evacuated,3,0,0,0,0,0,0,0,Medium,44,MEDIUM
Cagayan de Oro,Kauswagan,2022-09-06,9,6.6,28.83,26.66,32.73,34.01,2.54,91.8,Zone 2,Safe,2,3,1,1,0,0,0,1,,92,HIGH
Cagayan de Oro,Kauswagan,2016-08-24,8,8.39,29.11,27.19,31.01,33.57,0.6,84.6,Zone 3,Safe,4,3,1,0,0,0,0,1,Medium,100,HIGH
Cagayan de Oro,Kauswagan,2018-05-07,5,9.48,29.7,27.69,32.76,33.24,3.66,75.4,Zone 3,Safe,9,3,0,0,0,1,0,1,Medium,100,HIGH
Cagayan de Oro,Kauswagan,2006-06-11,6,6.59,28.34,26.81,30.87,32.76,3.15,84.2,Zone 3,Unaccounted,10,3,0,0,0,0,0,1,Medium,100,HIGH
Cagayan de Oro,Kauswagan,2018-01-28,1,4.74,27.67,24.47,31.04,30.91,3.35,72.4,Zone 2,Safe,4,1,0,0,0,0,0,0,Medium,60,MEDIUM
Cagayan de Oro,Kauswagan,2004-10-10,10,6.04,27.7,25.87,30.38,32.55,1.03,88.5,Zone 2,Safe,5,1,1,1,0,1,0,1,,93,HIGH
Cagayan de Oro,Kauswagan,2014-08-12,8,13.08,26.62,24.48,28.87,30.84,1.53,82.2,Zone 1,Safe,3,1,1,1,0,1,0,1,Medium,80,HIGH
Cagayan de Oro,Kauswagan,2013-07-02,7,8.67,28.45,24.97,31.15,32.24,2.2,77.9,Zone 5,Safe,5,1,1,0,0,0,0,1,Medium,100,HIGH
Cagayan de Oro,Kauswagan,2016-01-24,1,13.79,26.33,22.97,29.9,29.5,0.53,71.7,Zone 5,Safe,2,1,0,0,0,0,0,1,Medium,100,HIGH
Cagayan de Oro,Kauswagan,2015-02-15,2,4.65,26.66,24.35,30.17,29.9,2.79,72.4,Zone 6,Safe,5,1,0,0,0,0,0,0,,61,MEDIUM
Cagayan de Oro,Kauswagan,2021-08-23,8,7.59,26.11,24.43,27.82,30.85,0.23,87.4,Zone 3,Safe,7,3,0,1,1,1,0,1,Medium,100,HIGH
Cagayan de Oro,Kauswagan,2015-06-09,6,7.42,28.98,25.91,31.44,32.77,4.08,77.9,Zone 3,Safe,3,1,0,0,0,0,0,1,Medium,100,HIGH
Cagayan de Oro,Kauswagan,2019-04-28,4,4.44,29.51,26.92,33.04,31.63,5.75,61.2,Zone 5,Safe,10,3,0,0,0,1,0,0,High,100,HIGH
Cagayan de Oro,Kauswagan,2020-12-02,12,5.31,29.01,26.1,32.65,33.63,5.03,86.2,Zone 6,Evacuated,2,0,1,0,0,0,1,1,High,77,HIGH
Cagayan de Oro,Kauswagan,2012-05-04,5,6.84,28.99,26.21,30.97,32.96,2.88,79.7,Zone 1,Unaccounted,5,0,0,0,0,0,0,1,,58,MEDIUM
Cagayan de Oro,Kauswagan,2015-02-05,2,7.41,28.42,26.68,31.33,32.54,2.85,81.2,Zone 1,Safe,8,1,0,1,0,0,1,1,Medium,75,HIGH
Cagayan de Oro,Kauswagan,2012-01-20,1,4.54,28.1,26.01,31.96,32.27,1.43,81.7,Zone 6,Safe,3,0,0,0,0,0,0,0,,52,MEDIUM
Cagayan de Oro,Kauswagan,2013-12-11,12,8.04,28.02,24.86,31.04,32.41,2.0,83.9,Zone 5,Safe,1,0,0,0,0,0,0,1,Medium,97,HIGH
Cagayan de Oro,Kauswagan,2020-07-26,7,9.96,28.0,25.53,31.85,32.66,1.1,86.6,Zone 1,Safe,4,3,0,0,0,0,0,1,Medium,63,MEDIUM
Cagayan de Oro,Kauswagan,2017-09-07,9,8.0,27.75,24.85,30.87,32.41,2.15,86.6,Zone 5,Safe,1,1,0,0,0,0,0,1,Medium,100,HIGH
Cagayan de Oro,Kauswagan,2018-08-15,8,8.95,26.69,23.28,30.68,30.73,2.8,80.4,Zone 3,Evacuated,10,2,0,1,0,0,0,1,Medium,100,HIGH
Cagayan de Oro,Kauswagan,2011-12-05,12,5.81,27.25,24.01,29.71,31.33,2.91,80.8,Zone 5,Safe,2,0,0,0,0,0,0,1,,92,HIGH
Cagayan de Oro,Kauswagan,2017-06-25,6,9.65,27.97,25.3,29.77,32.51,0.51,85.4,Zone 5,Safe,10,1,0,0,0,0,0,1,Medium,100,HIGH
Cagayan de Oro,Kauswagan,2020-01-06,1,12.36,27.49,24.58,31.2,31.34,2.71,78.5,Zone 3,Safe,5,0,0,1,0,1,1,1,Medium,100,HIGH
Cagayan de Oro,Kauswagan,2015-10-15,10,9.6,28.04,25.4,31.93,32.86,2.09,88.2,Zone 6,Safe,7,1,0,0,0,0,0,1,Medium,80,HIGH
Cagayan de Oro,Kauswagan,2016-09-17,9,11.53,27.28,24.1,30.29,31.97,3.35,86.9,Zone 3,Safe,10,3,0,0,0,1,0,1,Medium,100,HIGH
Cagayan de Oro,Kauswagan,2010-09-14,9,15.67,26.26,23.63,27.96,30.31,3.08,80.5,Zone 3,Unaccounted,2,1,0,0,0,0,0,1,High,100,HIGH
Cagayan de Oro,Kauswagan,2022-10-02,10,14.09,27.16,25.09,28.79,31.2,2.45,80.4,Zone 6,Safe,5,1,0,0,0,0,0,1,Medium,76,HIGH
Cagayan de Oro,Kauswagan,2017-08-02,8,6.26,28.51,26.73,30.76,33.16,4.05,86.5,Zone 3,Safe,3,1,0,0,0,0,0,1,Medium,100,HIGH
Cagayan de Oro,Kauswagan,2013-01-20,1,16.71,26.64,24.63,30.21,29.94,1.32,73.0,Zone 2,Safe,8,0,0,0,0,0,0,1,High,77,HIGH
Cagayan de Oro,Kauswagan,2022-06-03,6,9.35,27.94,25.95,29.75,32.3,3.2,83.6,Zone 5,Safe,1,1,0,0,0,0,1,1,Medium,100,HIGH
Cagayan de Oro,Kauswagan,2013-01-08,1,8.38,28.56,26.23,32.43,31.86,1.37,73.0,Zone 5,Evacuated,2,1,0,0,0,0,0,1,Medium,90,HIGH
Cagayan de Oro,Kauswagan,2014-11-21,11,16.92,27.73,25.16,30.43,32.18,3.7,84.5,Zone 6,Safe,8,1,0,0,0,0,0,1,High,89,HIGH
Cagayan de Oro,Kauswagan,2022-10-21,10,9.02,26.95,25.02,30.46,31.7,2.65,87.5,Zone 1,Evacuated,6,1,0,0,1,1,1,1,Medium,63,MEDIUM
Cagayan de Oro,Kauswagan,2015-05-25,5,6.87,29.43,26.3,31.16,32.91,1.47,74.8,Zone 3,Unaccounted,8,0,0,0,0,0,0,1,,100,HIGH
Cagayan de Oro,Kauswagan,2017-07-14,7,7.52,27.58,24.61,31.21,32.61,3.61,90.3,Zone 5,Safe,7,3,0,0,0,1,1,1,Medium,100,HIGH
Cagayan de Oro,Kauswagan,2020-04-26,4,4.96,29.18,27.44,30.71,32.61,3.07,74.3,Zone 3,Safe,7,0,0,0,0,0,1,0,Medium,100,HIGH
Cagayan de Oro,Kauswagan,2012-09-14,9,7.33,27.73,26.18,29.86,32.23,0.24,85.0,Zone 5,Safe,5,1,0,0,0,0,0,1,Medium,100,HIGH
Cagayan de Oro,Kauswagan,2015-06-08,6,16.32,29.24,27.15,33.15,33.89,1.15,86.5,Zone 3,Unaccounted,5,3,0,0,1,0,0,1,High,100,HIGH
Cagayan de Oro,Kauswagan,2006-02-05,2,8.94,25.62,22.81,28.07,29.85,2.16,82.3,Zone 6,Safe,9,1,0,1,0,0,1,1,Medium,98,HIGH
Cagayan de Oro,Kauswagan,2008-05-17,5,7.55,29.02,26.45,32.81,32.61,3.66,75.9,Zone 2,Evacuated,10,0,0,0,0,0,0,1,Medium,54,MEDIUM
Cagayan de Oro,Kauswagan,2015-04-28,4,1.99,29.87,27.73,32.09,33.27,3.16,74.0,Zone 6,Safe,9,0,0,0,0,0,0,0,Medium,67,MEDIUM
Cagayan de Oro,Kauswagan,2005-01-02,1,4.5,27.33,24.63,31.02,31.17,3.86,78.4,Zone 5,Safe,6,0,0,0,0,0,0,0,Medium,98,HIGH
Cagayan de Oro,Kauswagan,2013-05-04,5,13.79,28.7,25.93,31.02,32.54,2.06,78.4,Zone 2,Evacuated,3,0,1,0,0,0,0,1,Medium,58,MEDIUM
Cagayan de Oro,Kauswagan,2008-11-26,11,6.28,28.04,25.58,31.58,32.42,1.06,83.8,Zone 5,Evacuated,10,2,0,0,0,0,0,1,,99,HIGH
Cagayan de Oro,Kauswagan,2010-04-08,4,4.13,29.14,25.98,31.73,33.18,3.7,80.4,Zone 1,Unaccounted,5,2,0,0,0,0,0,0,Medium,69,MEDIUM
Cagayan de Oro,Kauswagan,2011-09-09,9,8.49,27.03,23.94,29.65,30.89,1.04,78.6,Zone 5,Unaccounted,2,1,0,1,1,0,0,1,Medium,100,HIGH
Cagayan de Oro,Kauswagan,2016-01-24,1,6.99,26.64,24.58,28.17,29.08,4.54,64.4,Zone 3,Safe,5,0,0,0,0,1,0,1,Medium,100,HIGH
Cagayan de Oro,Kauswagan,2008-04-22,4,3.91,28.77,25.99,31.19,32.07,1.47,73.0,Zone 2,Safe,5,1,0,0,0,0,0,0,,55,MEDIUM
Cagayan de Oro,Kauswagan,2012-12-12,12,9.23,27.08,24.72,28.74,30.91,0.99,78.3,Zone 1,Unaccounted,1,0,0,0,1,1,0,1,Medium,74,HIGH
Cagayan de Oro,Kauswagan,2008-08-22,8,6.77,26.72,24.35,28.98,31.4,2.98,86.8,Zone 2,Safe,10,3,0,1,0,0,1,1,,97,HIGH
Cagayan de Oro,Kauswagan,2022-12-17,12,6.76,27.71,25.98,29.96,32.44,1.81,87.3,Zone 5,Safe,6,3,0,0,0,0,0,1,,100,HIGH
Cagayan de Oro,Kauswagan,2008-11-09,11,5.53,28.4,26.21,31.69,32.69,1.54,82.9,Zone 2,Unaccounted,3,3,0,0,0,1,0,1,,98,HIGH
Cagayan de Oro,Kauswagan,2003-12-21,12,9.9,27.69,25.2,31.66,31.7,0.48,80.1,Zone 5,Safe,4,1,0,1,1,1,0,1,Medium,100,HIGH
Cagayan de Oro,Kauswagan,2011-02-08,2,6.99,29.57,26.52,32.23,33.43,1.19,78.6,Zone 3,Safe,2,0,1,0,0,0,0,1,,100,HIGH
Cagayan de Oro,Kauswagan,2020-06-23,6,11.07,28.77,25.5,30.62,33.73,2.37,89.6,Zone 2,Safe,6,2,0,0,0,0,0,1,Medium,78,HIGH
Cagayan de Oro,Kauswagan,2014-05-14,5,9.23,27.97,26.31,29.62,31.61,3.3,76.4,Zone 3,Evacuated,7,0,0,0,1,0,0,1,Medium,97,HIGH
Cagayan de Oro,Kauswagan,2009-10-15,10,7.35,26.66,23.88,28.55,30.15,2.38,74.9,Zone 6,Safe,1,1,0,0,0,0,0,1,Medium,69,MEDIUM
Cagayan de Oro,Kauswagan,2012-05-13,5,8.11,30.24,28.28,33.65,33.02,5.52,67.8,Zone 3,Evacuated,5,2,1,0,0,0,1,1,High,100,HIGH
Cagayan de Oro,Kauswagan,2011-12-11,12,13.86,25.26,22.41,26.91,29.14,2.74,78.8,Zone 5,Unaccounted,4,0,0,0,0,0,0,1,Medium,100,HIGH
Cagayan de Oro,Kauswagan,2020-01-16,1,7.54,27.75,25.26,29.29,31.44,3.65,76.9,Zone 5,Unaccounted,4,0,0,1,1,0,0,1,Medium,100,HIGH
Cagayan de Oro,Kauswagan,2009-11-24,11,6.67,27.84,24.45,31.21,31.56,3.74,77.2,Zone 5,Safe,7,1,0,0,1,0,1,1,Medium,100,HIGH
Cagayan de Oro,Kauswagan,2015-12-12,12,4.9,26.2,23.06,29.92,29.91,2.13,77.1,Zone 6,Safe,8,0,0,1,0,1,0,0,,78,HIGH
Cagayan de Oro,Kauswagan,2010-04-20,4,2.89,29.38,26.68,32.81,32.57,3.62,71.9,Zone 6,Safe,1,0,0,0,0,0,0,0,Medium,55,MEDIUM
Cagayan de Oro,Kauswagan,2019-09-17,9,9.06,27.19,24.98,29.8,31.27,2.58,80.8,Zone 3,Safe,3,2,1,0,0,0,0,1,Medium,100,HIGH
Cagayan de Oro,Kauswagan,2021-11-28,11,11.08,27.16,24.98,29.11,32.23,2.87,90.7,Zone 1,Unaccounted,9,1,0,0,0,0,0,1,Medium,76,HIGH
Cagayan de Oro,Kauswagan,2005-04-01,4,6.33,28.8,26.18,31.71,32.07,2.41,72.7,Zone 5,Unaccounted,10,2,0,0,1,0,0,1,,100,HIGH
Cagayan de Oro,Kauswagan,2003-07-25,7,9.53,27.81,24.64,31.19,32.17,1.44,83.6,Zone 3,Safe,7,1,0,0,0,0,0,1,Medium,100,HIGH
Cagayan de Oro,Kauswagan,2017-12-13,12,7.39,26.99,25.48,29.01,31.52,2.46,85.3,Zone 3,Safe,2,3,0,0,0,1,1,1,Medium,100,HIGH
Cagayan de Oro,Kauswagan,2017-06-17,6,7.81,27.2,24.05,28.83,31.09,1.96,78.9,Zone 6,Safe,1,2,0,0,0,0,0,1,Medium,75,HIGH
Cagayan de Oro,Kauswagan,2007-06-22,6,14.54,28.73,27.14,31.23,33.0,3.06,82.7,Zone 4,Unaccounted,1,3,1,1,1,0,0,1,Medium,99,HIGH
Cagayan de Oro,Kauswagan,2011-07-27,7,12.58,27.95,24.61,30.08,32.01,0.02,80.6,Zone 6,Unaccounted,4,2,0,0,0,0,0,1,Medium,98,HIGH
Cagayan de Oro,Kauswagan,2011-05-21,5,8.08,29.6,26.45,33.05,33.65,1.34,80.5,Zone 2,Safe,8,0,0,0,0,0,0,1,Medium,69,MEDIUM
Cagayan de Oro,Kauswagan,2020-08-03,8,9.52,28.58,25.77,31.95,32.86,3.37,82.8,Zone 5,Safe,2,1,0,0,0,1,1,1,Medium,100,HIGH
Cagayan de Oro,Kauswagan,2005-03-20,3,1.94,29.32,26.35,32.37,32.38,2.7,70.6,Zone 3,Evacuated,3,2,0,0,0,0,0,0,,79,HIGH
Cagayan de Oro,Kauswagan,2015-11-25,11,11.56,29.28,26.95,31.83,33.86,2.52,85.8,Zone 6,Safe,1,1,0,0,1,0,0,1,Medium,77,HIGH
Cagayan de Oro,Kauswagan,2013-03-15,3,5.59,26.49,24.15,28.33,29.88,1.8,73.9,Zone 3,Evacuated,1,0,0,0,0,0,0,1,,71,HIGH
Cagayan de Oro,Kauswagan,2009-11-25,11,5.96,28.84,27.32,30.35,32.91,2.33,80.7,Zone 2,Evacuated,2,2,0,1,0,0,0,1,,59,MEDIUM
Cagayan de Oro,Kauswagan,2008-02-11,2,5.19,27.25,23.77,31.09,31.19,4.38,79.4,Zone 5,Safe,8,0,0,0,0,1,1,1,Medium,100,HIGH
Cagayan de Oro,Kauswagan,2011-12-23,12,12.91,27.56,25.64,29.15,31.78,1.09,82.2,Zone 3,Safe,5,0,1,1,0,0,0,1,Medium,100,HIGH
Cagayan de Oro,Kauswagan,2007-07-16,7,16.01,28.6,26.68,32.23,33.0,2.24,84.0,Zone 3,Safe,5,3,0,0,0,0,0,1,High,100,HIGH
Cagayan de Oro,Kauswagan,2004-01-13,1,8.14,27.15,24.07,28.8,31.43,4.03,82.8,Zone 6,Safe,4,0,0,0,0,0,0,1,Medium,68,MEDIUM
Cagayan de Oro,Kauswagan,2008-09-20,9,24.36,26.98,25.34,28.79,31.42,1.02,84.4,Zone 2,Safe,1,1,1,0,1,0,0,1,High,91,HIGH
Cagayan de Oro,Kauswagan,2020-08-20,8,12.67,27.16,24.22,30.48,32.07,4.33,89.1,Zone 3,Evacuated,8,1,0,0,0,0,0,1,Medium,96,HIGH
Cagayan de Oro,Kauswagan,2017-07-09,7,12.06,30.16,27.38,33.36,35.35,2.86,91.9,Zone 2,Evacuated,9,2,0,0,0,0,0,1,Medium,66,MEDIUM
Cagayan de Oro,Kauswagan,2021-06-15,6,7.49,29.07,27.53,31.13,34.2,2.36,91.3,Zone 5,Evacuated,7,2,0,0,1,0,1,1,Medium,100,HIGH
Cagayan de Oro,Kauswagan,2005-08-20,8,11.12,28.4,25.23,29.95,33.31,3.6,89.1,Zone 3,Safe,10,2,0,1,0,0,0,1,Medium,100,HIGH
Cagayan de Oro,Kauswagan,2018-12-27,12,15.13,27.87,25.31,30.72,32.45,3.65,85.8,Zone 3,Unaccounted,6,0,1,0,0,0,1,1,High,100,HIGH
Cagayan de Oro,Kauswagan,2009-05-11,5,11.55,30.23,28.34,33.92,33.65,0.84,74.2,Zone 3,Safe,10,2,0,0,0,0,0,1,Medium,100,HIGH
Cagayan de Oro,Kauswagan,2004-08-28,8,10.73,27.77,26.27,29.65,32.16,0.19,83.9,Zone 5,Unaccounted,8,1,0,0,0,0,0,1,Medium,100,HIGH
Cagayan de Oro,Kauswagan,2022-06-07,6,9.85,28.48,26.11,30.71,32.27,1.47,77.9,Zone 5,Evacuated,7,1,0,0,0,0,0,1,Medium,99,HIGH
Cagayan de Oro,Kauswagan,2018-02-04,2,6.41,27.17,23.96,29.02,31.21,3.46,80.4,Zone 6,Unaccounted,4,0,0,1,1,0,0,1,Medium,100,HIGH
Cagayan de Oro,Kauswagan,2008-02-16,2,10.77,26.39,22.93,30.28,30.91,1.89,85.2,Zone 5,Evacuated,1,0,1,0,1,0,1,1,Medium,100,HIGH
Cagayan de Oro,Kauswagan,2016-12-17,12,9.21,26.75,23.49,28.45,31.14,1.37,83.9,Zone 2,Safe,6,0,0,0,0,0,0,1,Medium,66,MEDIUM
Cagayan de Oro,Kauswagan,2004-12-08,12,5.89,26.88,24.58,29.18,30.24,3.91,73.6,Zone 3,Unaccounted,8,3,0,0,0,0,0,1,Medium,100,HIGH
Cagayan de Oro,Kauswagan,2017-02-05,2,3.71,28.36,26.65,30.87,31.57,1.56,72.1,Zone 3,Safe,10,0,0,0,0,0,0,0,,90,HIGH
Cagayan de Oro,Kauswagan,2017-11-28,11,8.88,27.63,24.13,31.38,32.02,3.47,83.9,Zone 1,Unaccounted,6,1,0,0,0,0,0,1,Medium,73,HIGH
Cagayan de Oro,Kauswagan,2009-07-16,7,10.3,27.39,24.23,30.02,32.23,2.07,88.4,Zone 6,Safe,8,2,0,0,1,1,1,1,Medium,100,HIGH
Cagayan de Oro,Kauswagan,2011-11-14,11,10.46,26.78,24.44,30.13,30.59,2.21,78.1,Zone 5,Safe,5,1,0,0,0,0,0,1,Medium,100,HIGH
Cagayan de Oro,Kauswagan,2012-10-27,10,8.04,26.6,24.24,29.52,31.3,4.72,87.0,Zone 5,Safe,8,1,0,0,0,0,0,1,Medium,100,HIGH
Cagayan de Oro,Kauswagan,2017-03-11,3,1.67,27.81,25.42,30.26,31.43,2.33,76.2,Zone 6,Safe,10,1,0,0,0,0,0,0,,66,MEDIUM
Cagayan de Oro,Kauswagan,2010-08-26,8,12.84,26.98,24.12,29.91,31.98,2.01,90.0,Zone 1,Safe,7,1,0,1,0,0,0,1,Medium,67,MEDIUM
Cagayan de Oro,Kauswagan,2003-11-16,11,5.93,27.57,25.87,30.76,32.24,3.17,86.7,Zone 5,Safe,10,1,1,0,0,0,0,1,Medium,100,HIGH
Cagayan de Oro,Kauswagan,2005-11-15,11,8.17,26.23,24.03,30.22,30.77,2.34,85.4,Zone 6,Safe,10,3,0,1,0,0,0,1,Medium,100,HIGH
Cagayan de Oro,Kauswagan,2004-03-08,3,5.12,27.87,25.07,30.59,30.87,1.86,70.0,Zone 1,Safe,6,1,0,0,0,0,0,1,,48,MEDIUM
Cagayan de Oro,Kauswagan,2014-12-03,12,6.89,27.82,25.04,30.93,32.2,3.34,83.8,Zone 3,Unaccounted,6,1,0,1,0,0,0,1,Medium,100,HIGH
Cagayan de Oro,Kauswagan,2019-04-26,4,3.34,29.28,26.23,31.01,32.83,0.8,75.5,Zone 3,Safe,10,1,1,0,0,1,1,0,,100,HIGH
Cagayan de Oro,Kauswagan,2019-09-24,9,9.2,25.05,23.38,28.35,29.83,4.24,87.8,Zone 1,Evacuated,7,1,1,1,0,0,0,1,Medium,64,MEDIUM
Cagayan de Oro,Kauswagan,2004-10-18,10,6.67,26.09,23.89,27.8,30.84,0.94,87.5,Zone 2,Safe,5,3,0,0,0,0,0,1,,75,HIGH
Cagayan de Oro,Kauswagan,2016-10-07,10,10.31,27.76,25.76,30.35,32.29,2.63,85.3,Zone 2,Safe,9,1,0,1,0,0,0,1,Medium,85,HIGH
Cagayan de Oro,Kauswagan,2007-05-16,5,13.17,30.57,28.48,33.82,34.89,2.29,83.2,Zone 5,Safe,7,0,0,0,0,0,0,1,Medium,100,HIGH
Cagayan de Oro,Kauswagan,2012-09-16,9,9.37,27.06,25.08,30.1,31.57,2.48,85.1,Zone 2,Safe,5,1,0,1,0,0,0,1,Medium,80,HIGH
Cagayan de Oro,Kauswagan,2010-07-17,7,9.51,27.49,24.53,30.3,31.95,2.49,84.6,Zone 5,Safe,3,1,0,0,0,0,0,1,Medium,100,HIGH
Cagayan de Oro,Kauswagan,2008-07-22,7,12.65,27.47,24.85,30.44,31.83,1.17,83.6,Zone 5,Safe,6,1,0,1,0,1,0,1,Medium,100,HIGH
Cagayan de Oro,Kauswagan,2009-08-16,8,8.35,26.83,24.88,30.48,31.28,0.62,84.5,Zone 1,Safe,9,1,0,0,0,0,1,1,Medium,65,MEDIUM
Cagayan de Oro,Kauswagan,2015-08-13,8,13.02,28.07,26.12,29.59,32.19,1.34,81.2,Zone 5,Evacuated,10,1,0,0,1,0,1,1,Medium,100,HIGH
Cagayan de Oro,Kauswagan,2013-08-14,8,13.16,28.53,25.6,32.15,33.22,4.21,86.9,Zone 6,Safe,7,3,0,0,0,0,0,1,Medium,92,HIGH
Cagayan de Oro,Kauswagan,2006-06-25,6,7.43,28.52,26.2,30.46,32.23,4.31,77.1,Zone 2,Safe,2,1,0,0,0,0,0,1,Medium,65,MEDIUM
Cagayan de Oro,Kauswagan,2007-12-22,12,11.26,28.28,25.52,30.52,32.77,1.42,84.9,Zone 6,Safe,8,0,0,0,1,0,0,1,Medium,83,HIGH
Cagayan de Oro,Kauswagan,2003-01-21,1,6.73,27.71,25.5,31.42,31.69,3.25,79.8,Zone 4,Safe,6,1,0,1,0,1,1,1,Medium,73,HIGH
Cagayan de Oro,Kauswagan,2017-05-18,5,7.89,29.41,26.87,31.2,33.27,3.02,78.6,Zone 4,Safe,4,0,0,0,0,0,0,1,Medium,38,LOW
Cagayan de Oro,Kauswagan,2020-01-16,1,6.73,27.64,24.59,29.63,32.28,1.34,86.4,Zone 6,Evacuated,9,0,0,1,1,0,1,1,,78,HIGH
Cagayan de Oro,Kauswagan,2020-03-10,3,2.88,27.52,24.95,29.99,30.54,1.36,70.2,Zone 5,Safe,4,2,1,0,1,0,0,0,,100,HIGH
Cagayan de Oro,Kauswagan,2014-08-14,8,12.71,28.15,26.03,29.92,32.79,3.64,86.4,Zone 2,Safe,2,2,1,0,0,0,0,1,Medium,83,HIGH
Cagayan de Oro,Kauswagan,2006-01-21,1,6.23,27.86,25.77,31.3,31.22,2.79,73.6,Zone 5,Unaccounted,10,1,1,0,0,0,0,1,,100,HIGH
Cagayan de Oro,Kauswagan,2021-11-06,11,8.26,28.57,26.06,31.7,32.53,1.67,79.6,Zone 2,Unaccounted,6,1,0,0,0,0,0,1,Medium,90,HIGH
Cagayan de Oro,Kauswagan,2006-12-01,12,6.4,26.44,24.67,29.13,31.15,4.59,87.1,Zone 5,Safe,8,3,0,0,1,0,0,1,Medium,100,HIGH
Cagayan de Oro,Kauswagan,2019-07-21,7,12.14,27.95,24.46,29.94,32.05,2.69,81.0,Zone 2,Unaccounted,1,3,0,0,0,0,0,1,Medium,93,HIGH
Cagayan de Oro,Kauswagan,2011-08-10,8,12.31,27.53,25.06,31.31,31.62,2.25,80.9,Zone 6,Safe,9,1,0,0,0,0,0,1,Medium,81,HIGH
Cagayan de Oro,Kauswagan,2008-09-20,9,7.46,26.73,24.9,29.82,31.86,2.51,91.3,Zone 5,Unaccounted,5,3,0,0,0,1,0,1,Medium,100,HIGH
Cagayan de Oro,Kauswagan,2012-06-18,6,12.8,28.49,26.92,31.73,32.52,4.06,80.3,Zone 3,Safe,7,1,0,0,0,0,0,1,Medium,100,HIGH
Cagayan de Oro,Kauswagan,2013-07-21,7,16.15,29.01,26.4,32.93,33.56,4.36,85.5,Zone 2,Safe,3,1,0,0,1,1,0,1,High,91,HIGH
Cagayan de Oro,Kauswagan,2004-03-14,3,4.31,28.13,24.65,31.02,32.25,2.04,81.2,Zone 2,Safe,9,0,1,0,0,0,1,0,,73,HIGH
Cagayan de Oro,Kauswagan,2010-01-23,1,4.78,28.08,26.58,30.41,32.07,1.91,79.9,Zone 5,Safe,9,0,0,0,1,1,1,0,,100,HIGH
Cagayan de Oro,Kauswagan,2007-03-26,3,3.67,27.8,26.2,31.19,31.31,4.02,75.1,Zone 5,Safe,8,0,1,1,0,0,1,0,Medium,100,HIGH
Cagayan de Oro,Kauswagan,2008-10-24,10,14.76,28.65,25.27,30.66,32.86,2.03,82.1,Zone 2,Evacuated,8,1,0,1,0,0,0,1,Medium,70,HIGH
Cagayan de Oro,Kauswagan,2011-02-12,2,13.74,28.86,27.22,32.49,32.28,0.29,74.2,Zone 2,Evacuated,10,3,0,0,0,0,0,1,Medium,72,HIGH
Cagayan de Oro,Kauswagan,2007-01-27,1,23.73,28.29,25.88,30.13,32.14,5.66,78.5,Zone 3,Evacuated,10,0,0,1,0,1,0,1,High,100,HIGH
Cagayan de Oro,Kauswagan,2020-04-11,4,2.81,28.87,25.83,30.96,32.21,1.58,73.4,Zone 6,Safe,7,0,0,0,0,0,1,0,,66,MEDIUM
Cagayan de Oro,Kauswagan,2011-08-21,8,15.99,27.81,25.08,30.19,31.9,3.24,80.9,Zone 1,Safe,10,1,0,1,0,0,1,1,High,83,HIGH
Cagayan de Oro,Kauswagan,2019-06-12,6,6.53,28.58,26.07,31.22,33.13,3.7,85.5,Zone 1,Unaccounted,9,2,0,0,0,0,0,1,Medium,82,HIGH
Cagayan de Oro,Kauswagan,2019-11-07,11,14.53,27.64,24.51,29.38,31.55,2.12,79.1,Zone 5,Safe,10,1,0,0,0,0,0,1,Medium,100,HIGH
Cagayan de Oro,Kauswagan,2014-09-16,9,9.38,27.56,25.64,30.81,31.57,2.91,80.1,Zone 1,Safe,7,1,0,0,0,0,1,1,Medium,64,MEDIUM
Cagayan de Oro,Kauswagan,2004-11-25,11,8.57,27.05,23.59,30.74,31.91,1.59,88.6,Zone 1,Unaccounted,10,1,0,0,0,0,0,1,Medium,76,HIGH
Cagayan de Oro,Kauswagan,2008-10-11,10,8.51,26.22,23.42,28.19,30.74,3.23,85.2,Zone 5,Safe,9,2,1,0,0,0,0,1,Medium,100,HIGH
Cagayan de Oro,Kauswagan,2011-05-11,5,4.53,29.56,26.22,31.26,33.26,5.16,77.0,Zone 4,Safe,10,3,0,0,0,0,0,0,High,63,MEDIUM
Cagayan de Oro,Kauswagan,2011-03-17,3,3.73,28.2,26.03,30.99,31.65,2.08,74.5,Zone 5,Safe,8,0,0,0,0,0,0,0,,94,HIGH
Cagayan de Oro,Kauswagan,2008-01-19,1,4.72,27.18,24.84,30.06,31.05,1.63,78.7,Zone 2,Evacuated,7,0,1,0,0,0,0,0,,50,MEDIUM
Cagayan de Oro,Kauswagan,2008-08-22,8,11.55,27.92,24.45,31.49,32.37,1.19,84.5,Zone 6,Safe,1,1,1,0,0,1,0,1,Medium,89,HIGH
Cagayan de Oro,Kauswagan,2009-05-28,5,8.94,28.37,24.94,31.51,31.93,3.45,75.6,Zone 6,Unaccounted,8,0,0,0,0,0,0,1,Medium,93,HIGH
Cagayan de Oro,Kauswagan,2013-10-05,10,9.45,28.12,25.93,31.67,32.81,4.19,86.9,Zone 3,Evacuated,6,3,0,0,0,0,0,1,Medium,100,HIGH
Cagayan de Oro,Kauswagan,2020-01-23,1,4.96,27.84,25.8,31.38,31.71,2.49,78.7,Zone 3,Evacuated,1,0,0,0,0,0,1,0,,70,HIGH
Cagayan de Oro,Kauswagan,2009-02-05,2,9.19,27.92,25.66,29.8,32.58,2.48,86.6,Zone 5,Evacuated,5,1,0,0,1,1,1,1,Medium,100,HIGH
Cagayan de Oro,Kauswagan,2007-01-01,1,12.14,26.75,23.3,29.11,30.4,4.09,76.5,Zone 6,Safe,1,0,0,1,0,0,0,1,Medium,73,HIGH
Cagayan de Oro,Kauswagan,2011-05-23,5,4.26,29.44,26.38,31.07,33.0,0.92,75.6,Zone 3,Unaccounted,8,1,0,0,1,1,0,0,,100,HIGH
Cagayan de Oro,Kauswagan,2017-08-10,8,9.67,27.99,25.72,31.87,32.15,1.85,81.6,Zone 3,Unaccounted,9,1,0,0,0,0,0,1,Medium,100,HIGH
Cagayan de Oro,Kauswagan,2022-11-18,11,6.8,28.12,26.56,31.16,32.29,2.75,81.7,Zone 5,Unaccounted,1,1,0,0,0,1,0,1,,100,HIGH
Cagayan de Oro,Kauswagan,2017-04-09,4,6.27,28.41,26.3,31.84,32.33,3.98,79.2,Zone 4,Safe,1,2,1,1,0,0,0,1,Medium,67,MEDIUM
Cagayan de Oro,Kauswagan,2008-11-05,11,12.79,28.81,26.92,31.1,33.46,2.26,86.5,Zone 2,Unaccounted,8,3,0,0,0,0,0,1,Medium,100,HIGH
Cagayan de Oro,Kauswagan,2016-04-25,4,5.22,28.94,25.45,32.38,32.4,3.62,74.6,Zone 2,Evacuated,9,2,0,0,0,0,0,1,Medium,66,MEDIUM
Cagayan de Oro,Kauswagan,2014-08-12,8,11.46,27.93,25.74,30.26,32.63,0.59,87.0,Zone 5,Safe,6,3,1,0,1,0,0,1,Medium,100,HIGH
Cagayan de Oro,Kauswagan,2015-12-14,12,6.54,28.59,26.56,32.51,32.07,3.58,74.8,Zone 2,Safe,3,1,0,0,0,0,0,1,Medium,67,MEDIUM
Cagayan de Oro,Kauswagan,2006-09-16,9,8.96,28.15,26.2,29.78,32.26,0.92,81.1,Zone 3,Safe,6,1,0,0,1,0,0,1,Medium,100,HIGH
Cagayan de Oro,Kauswagan,2012-04-08,4,14.42,29.14,26.75,31.91,33.78,3.37,86.4,Zone 2,Safe,5,1,0,1,1,0,1,1,Medium,95,HIGH
Cagayan de Oro,Kauswagan,2006-01-10,1,9.59,26.8,23.92,29.08,30.24,2.25,74.4,Zone 2,Safe,7,0,0,0,0,0,0,1,Medium,68,MEDIUM
Cagayan de Oro,Kauswagan,2022-01-14,1,8.33,26.48,23.16,29.6,30.36,3.17,78.8,Zone 2,Unaccounted,9,0,0,0,0,0,0,1,Medium,87,HIGH
Cagayan de Oro,Kauswagan,2020-02-07,2,4.91,26.26,23.47,29.9,29.63,3.62,73.7,Zone 6,Safe,10,0,0,1,0,0,0,0,Medium,77,HIGH
Cagayan de Oro,Kauswagan,2019-03-19,3,3.42,28.26,24.88,31.42,32.81,0.0,85.5,Zone 6,Safe,3,0,0,0,0,0,1,0,,59,MEDIUM
